scenario_id,seed_airport_icao,aircraft_lat,aircraft_lon,aircraft_type,aircraft_category,required_runway_m,emergency_type,max_range_km,fuel_state,fuel_multiplier,aircraft_adjusted_range_km,usable_range_km,extended_range_km,binding_side,airport_icao,runway_length_m,runway_width_m,surface_type,approach_type,has_ils,has_medical,medical_level,has_rescue,rescue_category,has_firefighting,has_maintenance,fuel_available,open_24h,is_international,tower_available,weather_reporting,closure_status,restricted_status,unsafe_status,civil_military,slot_restricted,distance_km,runway_margin_m,distance_zone,target_rank,is_top_choice
S00001,OERK,24.603892,46.685704,B737 MAX 8,narrow_body,2348,technical,1076,low,0.9,900.0,900.0,1438.858593,aircraft_fuel,OTHH,4850,60,asphalt,ILS,1,1,advanced,1,major,1,1,1,1,1,1,1,open,none,safe,civil,0,501.822375,2502,preferred,1.0,1
S00001,OERK,24.603892,46.685704,B737 MAX 8,narrow_body,2348,technical,1076,low,0.9,900.0,900.0,1438.858593,aircraft_fuel,OKKK,4580,60,asphalt,ILS,1,1,advanced,1,major,1,1,1,1,1,1,1,open,none,safe,civil,0,529.312384,2232,preferred,2.0,0
S00001,OERK,24.603892,46.685704,B737 MAX 8,narrow_body,2348,technical,1076,low,0.9,900.0,900.0,1438.858593,aircraft_fuel,OMDB,4447,60,asphalt,ILS,1,1,advanced,1,major,1,1,1,1,1,1,1,open,none,safe,civil,1,878.579794,2099,preferred,3.0,0
S00001,OERK,24.603892,46.685704,B737 MAX 8,narrow_body,2348,technical,1076,low,0.9,900.0,900.0,1438.858593,aircraft_fuel,OERK,4205,60,asphalt,ILS,1,1,advanced,1,major,1,1,1,1,1,1,1,open,none,safe,civil,0,39.352747,1857,preferred,4.0,0
S00001,OERK,24.603892,46.685704,B737 MAX 8,narrow_body,2348,technical,1076,low,0.9,900.0,900.0,1438.858593,aircraft_fuel,OMAA,4106,60,asphalt,ILS,1,1,advanced,1,major,1,1,1,1,1,1,1,open,none,safe,civil,0,805.722335,1758,preferred,5.0,0
S00001,OERK,24.603892,46.685704,B737 MAX 8,narrow_body,2348,technical,1076,low,0.9,900.0,900.0,1438.858593,aircraft_fuel,OBBI,3956,60,asphalt,ILS,1,1,advanced,1,major,1,1,1,1,1,1,1,open,none,safe,civil,0,437.7933,1608,preferred,6.0,0
S00001,OERK,24.603892,46.685704,B737 MAX 8,narrow_body,2348,technical,1076,low,0.9,900.0,900.0,1438.858593,aircraft_fuel,OOMS,4080,45,asphalt,ILS,1,1,advanced,1,major,1,1,1,1,1,1,1,open,none,safe,civil,0,1182.284927,1732,extended,7.0,0
S00001,OERK,24.603892,46.685704,B737 MAX 8,narrow_body,2348,technical,1076,low,0.9,900.0,900.0,1438.858593,aircraft_fuel,OJAI,3660,61,asphalt,ILS,1,1,advanced,1,major,1,1,1,1,1,1,1,open,none,safe,civil,0,1312.222517,1312,extended,8.0,0
S00001,OERK,24.603892,46.685704,B737 MAX 8,narrow_body,2348,technical,1076,low,0.9,900.0,900.0,1438.858593,aircraft_fuel,HELX,3000,45,asphalt,RNAV,0,0,none,1,basic,1,0,1,0,0,1,1,open,none,safe,joint,0,1411.519387,652,extended,9.0,0
S00002,LCLK,34.650759,34.074,A320,narrow_body,2201,mechanical,602,low,0.9,855.0,602.0,922.283928,emergency,HECA,4000,60,asphalt,ILS,1,1,basic,1,major,1,1,1,1,1,1,1,open,none,safe,civil,0,563.819667,1799,preferred,1.0,1
S00002,LCLK,34.650759,34.074,A320,narrow_body,2201,mechanical,602,low,0.9,855.0,602.0,922.283928,emergency,LTFM,4100,60,asphalt,ILS,1,1,advanced,1,major,1,1,1,1,1,1,0,open,none,safe,civil,0,872.40589,1899,extended,2.0,0
S00002,LCLK,34.650759,34.074,A320,narrow_body,2201,mechanical,602,low,0.9,855.0,602.0,922.283928,emergency,OJAI,3660,61,asphalt,ILS,1,1,advanced,1,major,1,1,1,1,1,1,1,open,none,safe,civil,0,371.339562,1459,preferred,3.0,0
S00002,LCLK,34.650759,34.074,A320,narrow_body,2201,mechanical,602,low,0.9,855.0,602.0,922.283928,emergency,LTAC,3750,45,asphalt,ILS,1,1,advanced,1,major,1,1,1,1,1,1,1,open,none,safe,joint,0,616.450736,1549,extended,4.0,0
S00002,LCLK,34.650759,34.074,A320,narrow_body,2201,mechanical,602,low,0.9,855.0,602.0,922.283928,emergency,LCLK,2987,45,asphalt,ILS,1,0,none,1,basic,1,0,1,1,1,1,1,open,none,safe,civil,0,48.013392,786,preferred,5.0,0
S00003,DTTA,36.522754,9.851398,B737-800,narrow_body,2337,fuel,461,low,0.9,855.0,461.0,782.837326,emergency,LIRF,3902,60,asphalt,ILS,1,1,basic,1,major,1,1,1,1,1,1,1,open,none,safe,civil,1,622.632536,1565,extended,1.0,1
S00003,DTTA,36.522754,9.851398,B737-800,narrow_body,2337,fuel,461,low,0.9,855.0,461.0,782.837326,emergency,DTTA,3200,45,asphalt,RNAV,0,1,basic,1,basic,1,0,1,1,1,1,1,open,none,safe,civil,0,49.54904,863,preferred,2.0,0
S00003,DTTA,36.522754,9.851398,B737-800,narrow_body,2337,fuel,461,low,0.9,855.0,461.0,782.837326,emergency,DAAG,3500,60,asphalt,RNAV,0,1,basic,1,basic,1,1,1,1,1,1,0,open,none,safe,civil,0,592.591251,1163,extended,3.0,0
S00004,LFPG,49.262755,3.19456,A220-300,narrow_body,2125,technical,696,low,0.9,855.0,696.0,1105.761976,emergency,LFPG,4215,45,asphalt,ILS,1,1,advanced,1,major,1,1,1,1,1,1,1,open,none,safe,civil,1,54.472819,2090,preferred,1.0,1
S00004,LFPG,49.262755,3.19456,A220-300,narrow_body,2125,technical,696,low,0.9,855.0,696.0,1105.761976,emergency,EDDF,4000,60,asphalt,ILS,1,1,advanced,1,major,1,1,1,0,1,1,1,open,none,safe,civil,1,395.338627,1875,preferred,2.0,0
S00004,LFPG,49.262755,3.19456,A220-300,narrow_body,2125,technical,696,low,0.9,855.0,696.0,1105.761976,emergency,EGLL,3901,50,asphalt,ILS,1,1,advanced,1,major,1,1,1,1,1,1,1,open,none,safe,civil,1,356.94195,1776,preferred,3.0,0
S00004,LFPG,49.262755,3.19456,A220-300,narrow_body,2125,technical,696,low,0.9,855.0,696.0,1105.761976,emergency,EHAM,3800,60,asphalt,ILS,1,1,advanced,1,major,1,1,1,1,1,1,1,open,none,safe,civil,1,356.175571,1675,preferred,4.0,0
S00004,LFPG,49.262755,3.19456,A220-300,narrow_body,2125,technical,696,low,0.9,855.0,696.0,1105.761976,emergency,LIRF,3902,60,asphalt,ILS,1,1,basic,1,major,1,1,1,1,1,1,1,open,none,safe,civil,1,1087.227522,1777,extended,5.0,0
S00004,LFPG,49.262755,3.19456,A220-300,narrow_body,2125,technical,696,low,0.9,855.0,696.0,1105.761976,emergency,EGKK,3317,45,asphalt,ILS,1,1,advanced,1,major,1,1,1,1,1,1,1,open,none,safe,civil,1,319.085695,1192,preferred,6.0,0
S00004,LFPG,49.262755,3.19456,A220-300,narrow_body,2125,technical,696,low,0.9,855.0,696.0,1105.761976,emergency,EGCC,3048,46,asphalt,ILS,1,1,advanced,1,major,1,1,1,1,1,1,1,open,none,safe,civil,1,592.50543,923,preferred,7.0,0
S00004,LFPG,49.262755,3.19456,A220-300,narrow_body,2125,technical,696,low,0.9,855.0,696.0,1105.761976,emergency,EIDW,3110,45,concrete,ILS,1,1,advanced,1,major,1,1,1,1,1,1,1,open,none,safe,civil,0,802.686106,985,extended,8.0,0
S00005,LEMD,40.195426,-4.457602,B737-800,narrow_body,2281,medical,993,normal,1.0,950.0,950.0,1686.303214,aircraft_fuel,LEMD,4350,60,asphalt,ILS,1,1,advanced,1,major,1,1,1,1,1,1,1,open,none,safe,civil,1,82.022563,2069,preferred,1.0,1
S00005,LEMD,40.195426,-4.457602,B737-800,narrow_body,2281,medical,993,normal,1.0,950.0,950.0,1686.303214,aircraft_fuel,LFPG,4215,45,asphalt,ILS,1,1,advanced,1,major,1,1,1,1,1,1,1,open,none,safe,civil,1,1125.178676,1934,extended,2.0,0
S00005,LEMD,40.195426,-4.457602,B737-800,narrow_body,2281,medical,993,normal,1.0,950.0,950.0,1686.303214,aircraft_fuel,GMMN,3720,45,asphalt,ILS,1,1,advanced,1,major,1,1,1,1,1,1,1,open,none,safe,civil,0,808.702096,1439,preferred,3.0,0
S00005,LEMD,40.195426,-4.457602,B737-800,narrow_body,2281,medical,993,normal,1.0,950.0,950.0,1686.303214,aircraft_fuel,LPPT,3707,45,asphalt,ILS,1,1,advanced,1,major,1,1,1,1,1,1,1,open,none,safe,civil,0,431.095025,1426,preferred,4.0,0
S00005,LEMD,40.195426,-4.457602,B737-800,narrow_body,2281,medical,993,normal,1.0,950.0,950.0,1686.303214,aircraft_fuel,EDDF,4000,60,asphalt,ILS,1,1,advanced,1,major,1,1,1,0,1,1,1,open,none,safe,civil,1,1491.904907,1719,extended,5.0,0
S00005,LEMD,40.195426,-4.457602,B737-800,narrow_body,2281,medical,993,normal,1.0,950.0,950.0,1686.303214,aircraft_fuel,LIRF,3902,60,asphalt,ILS,1,1,basic,1,major,1,1,1,1,1,1,1,open,none,safe,civil,1,1411.356393,1621,extended,6.0,0
S00005,LEMD,40.195426,-4.457602,B737-800,narrow_body,2281,medical,993,normal,1.0,950.0,950.0,1686.303214,aircraft_fuel,EGLL,3901,50,asphalt,ILS,1,1,advanced,1,major,1,1,1,1,1,1,1,open,none,safe,civil,1,1290.938041,1620,extended,7.0,0
S00005,LEMD,40.195426,-4.457602,B737-800,narrow_body,2281,medical,993,normal,1.0,950.0,950.0,1686.303214,aircraft_fuel,DAAG,3500,60,asphalt,RNAV,0,1,basic,1,basic,1,1,1,1,1,1,0,open,none,safe,civil,0,772.897572,1219,preferred,8.0,0
S00005,LEMD,40.195426,-4.457602,B737-800,narrow_body,2281,medical,993,normal,1.0,950.0,950.0,1686.303214,aircraft_fuel,EHAM,3800,60,asphalt,ILS,1,1,advanced,1,major,1,1,1,1,1,1,1,open,none,safe,civil,1,1519.325012,1519,extended,9.0,0
S00005,LEMD,40.195426,-4.457602,B737-800,narrow_body,2281,medical,993,normal,1.0,950.0,950.0,1686.303214,aircraft_fuel,EGKK,3317,45,asphalt,ILS,1,1,advanced,1,major,1,1,1,1,1,1,1,open,none,safe,civil,1,1261.808646,1036,extended,10.0,0
S00005,LEMD,40.195426,-4.457602,B737-800,narrow_body,2281,medical,993,normal,1.0,950.0,950.0,1686.303214,aircraft_fuel,DTTA,3200,45,asphalt,RNAV,0,1,basic,1,basic,1,0,1,1,1,1,1,open,none,safe,civil,0,1328.704397,919,extended,11.0,0
S00005,LEMD,40.195426,-4.457602,B737-800,narrow_body,2281,medical,993,normal,1.0,950.0,950.0,1686.303214,aircraft_fuel,EIDW,3110,45,concrete,ILS,1,1,advanced,1,major,1,1,1,1,1,1,1,open,none,safe,civil,0,1477.742802,829,extended,12.0,0
S00005,LEMD,40.195426,-4.457602,B737-800,narrow_body,2281,medical,993,normal,1.0,950.0,950.0,1686.303214,aircraft_fuel,EGCC,3048,46,asphalt,ILS,1,1,advanced,1,major,1,1,1,1,1,1,1,open,none,safe,civil,1,1472.366882,767,extended,13.0,0
S00006,ZBAA,40.2389,117.500532,A350-900,wide_body,2866,fuel,766,low,0.9,1350.0,766.0,1399.345386,emergency,ZBAA,3810,60,asphalt,ILS,1,1,advanced,1,major,1,1,1,1,1,1,1,open,none,safe,civil,1,78.882122,944,preferred,1.0,1
S00006,ZBAA,40.2389,117.500532,A350-900,wide_body,2866,fuel,766,low,0.9,1350.0,766.0,1399.345386,emergency,RKSI,4000,60,asphalt,ILS,1,1,advanced,1,major,1,1,1,1,1,1,1,open,none,safe,civil,1,833.501675,1134,extended,2.0,0
S00006,ZBAA,40.2389,117.500532,A350-900,wide_body,2866,fuel,766,low,0.9,1350.0,766.0,1399.345386,emergency,ZSPD,4000,60,concrete,ILS,1,1,advanced,1,major,1,1,1,1,1,1,1,open,none,safe,civil,1,1083.123698,1134,extended,3.0,0
S00007,OPKC,25.284895,67.153765,E175,regional_jet,1803,medical,901,normal,1.0,750.0,750.0,1126.999762,aircraft_fuel,VIDP,4430,60,asphalt,ILS,1,1,advanced,1,major,1,1,1,1,1,1,1,open,none,safe,civil,1,1050.144368,2627,extended,1.0,1
S00007,OPKC,25.284895,67.153765,E175,regional_jet,1803,medical,901,normal,1.0,750.0,750.0,1126.999762,aircraft_fuel,OOMS,4080,45,asphalt,ILS,1,1,advanced,1,major,1,1,1,1,1,1,1,open,none,safe,civil,0,916.885484,2277,extended,2.0,0
S00007,OPKC,25.284895,67.153765,E175,regional_jet,1803,medical,901,normal,1.0,750.0,750.0,1126.999762,aircraft_fuel,VABB,3509,60,asphalt,ILS,1,1,advanced,1,major,1,1,1,1,1,1,1,open,none,safe,civil,1,905.701321,1706,extended,3.0,0
S00007,OPKC,25.284895,67.153765,E175,regional_jet,1803,medical,901,normal,1.0,750.0,750.0,1126.999762,aircraft_fuel,OPKC,3400,46,concrete,RNAV,0,1,basic,1,basic,1,1,1,1,1,1,1,open,none,caution,civil,0,42.081562,1597,preferred,4.0,0
S00008,EGLL,51.464831,0.236459,B777-300ER,wide_body,3354,medical,839,critical,0.75,1125.0,839.0,1470.220314,emergency,LFPG,4215,45,asphalt,ILS,1,1,advanced,1,major,1,1,1,1,1,1,1,open,none,safe,civil,1,318.934994,861,preferred,1.0,1
S00008,EGLL,51.464831,0.236459,B777-300ER,wide_body,3354,medical,839,critical,0.75,1125.0,839.0,1470.220314,emergency,EDDF,4000,60,asphalt,ILS,1,1,advanced,1,major,1,1,1,0,1,1,1,open,none,safe,civil,1,606.592692,646,preferred,2.0,0
S00008,EGLL,51.464831,0.236459,B777-300ER,wide_body,3354,medical,839,critical,0.75,1125.0,839.0,1470.220314,emergency,LEMD,4350,60,asphalt,ILS,1,1,advanced,1,major,1,1,1,1,1,1,1,open,none,safe,civil,1,1254.511917,996,extended,3.0,0
S00008,EGLL,51.464831,0.236459,B777-300ER,wide_body,3354,medical,839,critical,0.75,1125.0,839.0,1470.220314,emergency,EGLL,3901,50,asphalt,ILS,1,1,advanced,1,major,1,1,1,1,1,1,1,open,none,safe,civil,1,48.241285,547,preferred,4.0,0
S00008,EGLL,51.464831,0.236459,B777-300ER,wide_body,3354,medical,839,critical,0.75,1125.0,839.0,1470.220314,emergency,EHAM,3800,60,asphalt,ILS,1,1,advanced,1,major,1,1,1,1,1,1,1,open,none,safe,civil,1,324.516808,446,preferred,5.0,0
S00008,EGLL,51.464831,0.236459,B777-300ER,wide_body,3354,medical,839,critical,0.75,1125.0,839.0,1470.220314,emergency,LIRF,3902,60,asphalt,ILS,1,1,basic,1,major,1,1,1,1,1,1,1,open,none,safe,civil,1,1408.952584,548,extended,6.0,0
S00008,EGLL,51.464831,0.236459,B777-300ER,wide_body,3354,medical,839,critical,0.75,1125.0,839.0,1470.220314,emergency,ENGM,3600,45,asphalt,ILS,1,1,advanced,1,major,1,1,1,1,1,1,1,open,none,safe,civil,0,1181.032273,246,extended,7.0,0
S00009,KLAX,33.865236,-118.925835,B737-800,narrow_body,2396,security,937,normal,1.0,950.0,937.0,1535.090808,emergency,KLAX,3939,46,concrete,ILS,1,1,advanced,1,major,1,1,1,1,1,1,1,open,none,safe,civil,0,48.556793,1543,preferred,1.0,1
S00010,FAOR,-25.754324,28.117997,A321,narrow_body,2376,fuel,797,normal,1.0,1000.0,797.0,1334.088083,emergency,FAOR,4418,61,asphalt,ILS,1,1,advanced,1,major,1,1,1,1,1,1,1,open,none,safe,civil,0,44.785847,2042,preferred,1.0,1
S00010,FAOR,-25.754324,28.117997,A321,narrow_body,2376,fuel,797,normal,1.0,1000.0,797.0,1334.088083,emergency,FACT,3201,61,asphalt,RNAV,0,1,basic,1,basic,1,0,1,1,1,1,1,open,none,safe,civil,0,1293.690114,825,extended,2.0,0
S00011,DAAG,36.645517,2.698656,A320,narrow_body,2412,fuel,606,normal,1.0,950.0,606.0,1003.058521,emergency,LEMD,4350,60,asphalt,ILS,1,1,advanced,1,major,1,1,1,1,1,1,1,open,none,safe,civil,1,692.712449,1938,extended,1.0,1
S00011,DAAG,36.645517,2.698656,A320,narrow_body,2412,fuel,606,normal,1.0,950.0,606.0,1003.058521,emergency,DAAG,3500,60,asphalt,RNAV,0,1,basic,1,basic,1,1,1,1,1,1,0,open,none,safe,civil,0,46.323354,1088,preferred,2.0,0
S00011,DAAG,36.645517,2.698656,A320,narrow_body,2412,fuel,606,normal,1.0,950.0,606.0,1003.058521,emergency,LIRF,3902,60,asphalt,ILS,1,1,basic,1,major,1,1,1,1,1,1,1,open,none,safe,civil,1,1002.13424,1490,extended,3.0,0
S00011,DAAG,36.645517,2.698656,A320,narrow_body,2412,fuel,606,normal,1.0,950.0,606.0,1003.058521,emergency,DTTA,3200,45,asphalt,RNAV,0,1,basic,1,basic,1,0,1,1,1,1,1,open,none,safe,civil,0,670.988815,788,extended,4.0,0
S00012,EGCC,53.376352,-5.049405,A330-300,wide_body,2884,technical,726,low,0.9,1170.0,726.0,1273.433075,emergency,LFPG,4215,45,asphalt,ILS,1,1,advanced,1,major,1,1,1,1,1,1,1,open,none,safe,civil,1,718.03503,1331,preferred,1.0,1
S00012,EGCC,53.376352,-5.049405,A330-300,wide_body,2884,technical,726,low,0.9,1170.0,726.0,1273.433075,emergency,EGLL,3901,50,asphalt,ILS,1,1,advanced,1,major,1,1,1,1,1,1,1,open,none,safe,civil,1,376.381193,1017,preferred,2.0,0
S00012,EGCC,53.376352,-5.049405,A330-300,wide_body,2884,technical,726,low,0.9,1170.0,726.0,1273.433075,emergency,EHAM,3800,60,asphalt,ILS,1,1,advanced,1,major,1,1,1,1,1,1,1,open,none,safe,civil,1,669.133264,916,preferred,3.0,0
S00012,EGCC,53.376352,-5.049405,A330-300,wide_body,2884,technical,726,low,0.9,1170.0,726.0,1273.433075,emergency,EDDF,4000,60,asphalt,ILS,1,1,advanced,1,major,1,1,1,0,1,1,1,open,none,safe,civil,1,1007.039556,1116,extended,4.0,0
S00012,EGCC,53.376352,-5.049405,A330-300,wide_body,2884,technical,726,low,0.9,1170.0,726.0,1273.433075,emergency,EGKK,3317,45,asphalt,ILS,1,1,advanced,1,major,1,1,1,1,1,1,1,open,none,safe,civil,1,413.271479,433,preferred,5.0,0
S00012,EGCC,53.376352,-5.049405,A330-300,wide_body,2884,technical,726,low,0.9,1170.0,726.0,1273.433075,emergency,ENGM,3600,45,asphalt,ILS,1,1,advanced,1,major,1,1,1,1,1,1,1,open,none,safe,civil,0,1236.4173,716,extended,6.0,0
S00012,EGCC,53.376352,-5.049405,A330-300,wide_body,2884,technical,726,low,0.9,1170.0,726.0,1273.433075,emergency,EIDW,3110,45,concrete,ILS,1,1,advanced,1,major,1,1,1,1,1,1,1,open,none,safe,civil,0,80.604436,226,preferred,7.0,0
S00012,EGCC,53.376352,-5.049405,A330-300,wide_body,2884,technical,726,low,0.9,1170.0,726.0,1273.433075,emergency,EGCC,3048,46,asphalt,ILS,1,1,advanced,1,major,1,1,1,1,1,1,1,open,none,safe,civil,1,184.094975,164,preferred,8.0,0
S00013,HAAB,9.013982,39.091184,B747-8,very_large,3582,weather,1108,normal,1.0,1550.0,1108.0,1952.3962,emergency,OERK,4205,60,asphalt,ILS,1,1,advanced,1,major,1,1,1,1,1,1,1,open,none,safe,civil,0,1947.309892,623,extended,1.0,1
S00013,HAAB,9.013982,39.091184,B747-8,very_large,3582,weather,1108,normal,1.0,1550.0,1108.0,1952.3962,emergency,HKJK,4117,45,asphalt,RNAV,0,1,basic,1,basic,1,0,1,1,1,1,1,open,none,safe,civil,0,1173.686807,535,extended,2.0,0
S00014,EGKK,51.631527,-0.519659,CRJ900,regional_jet,1718,operational_constraints,1021,normal,1.0,700.0,700.0,1059.946033,aircraft_fuel,LFPG,4215,45,asphalt,ILS,1,1,advanced,1,major,1,1,1,1,1,1,1,open,none,safe,civil,1,364.160916,2497,preferred,1.0,1
S00014,EGKK,51.631527,-0.519659,CRJ900,regional_jet,1718,operational_constraints,1021,normal,1.0,700.0,700.0,1059.946033,aircraft_fuel,EDDF,4000,60,asphalt,ILS,1,1,advanced,1,major,1,1,1,0,1,1,1,open,none,safe,civil,1,661.594817,2282,preferred,2.0,0
S00014,EGKK,51.631527,-0.519659,CRJ900,regional_jet,1718,operational_constraints,1021,normal,1.0,700.0,700.0,1059.946033,aircraft_fuel,EGLL,3901,50,asphalt,ILS,1,1,advanced,1,major,1,1,1,1,1,1,1,open,none,safe,civil,1,18.348937,2183,preferred,3.0,0
S00014,EGKK,51.631527,-0.519659,CRJ900,regional_jet,1718,operational_constraints,1021,normal,1.0,700.0,700.0,1059.946033,aircraft_fuel,EHAM,3800,60,asphalt,ILS,1,1,advanced,1,major,1,1,1,1,1,1,1,open,none,safe,civil,1,369.602448,2082,preferred,4.0,0
S00014,EGKK,51.631527,-0.519659,CRJ900,regional_jet,1718,operational_constraints,1021,normal,1.0,700.0,700.0,1059.946033,aircraft_fuel,EGKK,3317,45,asphalt,ILS,1,1,advanced,1,major,1,1,1,1,1,1,1,open,none,safe,civil,1,58.469532,1599,preferred,5.0,0
S00014,EGKK,51.631527,-0.519659,CRJ900,regional_jet,1718,operational_constraints,1021,normal,1.0,700.0,700.0,1059.946033,aircraft_fuel,EIDW,3110,45,concrete,ILS,1,1,advanced,1,major,1,1,1,1,1,1,1,open,none,safe,civil,0,436.659715,1392,preferred,6.0,0
S00014,EGKK,51.631527,-0.519659,CRJ900,regional_jet,1718,operational_constraints,1021,normal,1.0,700.0,700.0,1059.946033,aircraft_fuel,EGCC,3048,46,asphalt,ILS,1,1,advanced,1,major,1,1,1,1,1,1,1,open,none,safe,civil,1,225.362359,1330,preferred,7.0,0
S00015,RCTP,24.83794,120.729188,A330-300,wide_body,2910,technical,600,critical,0.75,975.0,600.0,1111.395797,emergency,RCTP,3660,60,concrete,ILS,1,1,advanced,1,major,1,1,1,1,1,1,1,open,none,safe,civil,0,57.361966,750,preferred,1.0,1
S00015,RCTP,24.83794,120.729188,A330-300,wide_body,2910,technical,600,critical,0.75,975.0,600.0,1111.395797,emergency,ZSPD,4000,60,concrete,ILS,1,1,advanced,1,major,1,1,1,1,1,1,1,open,none,safe,civil,1,709.032906,1090,extended,2.0,0
S00016,HAAB,9.13322,38.640923,B737 MAX 8,narrow_body,2349,fuel,517,critical,0.75,750.0,517.0,790.122381,emergency,HAAB,3800,45,asphalt,ILS,1,0,none,1,basic,1,0,1,1,1,1,1,open,restricted,caution,joint,0,24.510753,1451,preferred,1.0,1
S00018,ESSA,59.829893,16.115474,E170,regional_jet,1800,mechanical,905,normal,1.0,700.0,700.0,1072.661984,aircraft_fuel,ENGM,3600,45,asphalt,ILS,1,1,advanced,1,major,1,1,1,1,1,1,1,open,none,safe,civil,0,281.577976,1800,preferred,1.0,1
S00018,ESSA,59.829893,16.115474,E170,regional_jet,1800,mechanical,905,normal,1.0,700.0,700.0,1072.661984,aircraft_fuel,EFHK,3440,60,asphalt,ILS,1,1,advanced,1,major,1,1,1,1,1,1,1,open,none,safe,civil,0,493.433361,1640,preferred,2.0,0
S00018,ESSA,59.829893,16.115474,E170,regional_jet,1800,mechanical,905,normal,1.0,700.0,700.0,1072.661984,aircraft_fuel,ESSA,3301,45,asphalt,ILS,1,1,advanced,1,major,1,1,1,1,1,1,1,open,none,safe,civil,0,103.591003,1501,preferred,3.0,0
S00018,ESSA,59.829893,16.115474,E170,regional_jet,1800,mechanical,905,normal,1.0,700.0,700.0,1072.661984,aircraft_fuel,ULLI,3780,60,concrete,ILS,1,1,advanced,1,major,1,1,1,1,1,1,1,open,none,caution,civil,0,789.435239,1980,extended,4.0,0
S00019,HKJK,-1.186234,36.752034,A320,narrow_body,2458,operational_constraints,547,normal,1.0,950.0,547.0,845.664992,emergency,HKJK,4117,45,asphalt,RNAV,0,1,basic,1,basic,1,0,1,1,1,1,1,open,none,safe,civil,0,24.520383,1659,preferred,1.0,1
S00020,EDDF,51.069717,8.981945,B767-300ER,wide_body,3072,fuel,572,low,0.9,1125.0,572.0,873.093986,emergency,LFPG,4215,45,asphalt,ILS,1,1,advanced,1,major,1,1,1,1,1,1,1,open,none,safe,civil,1,512.821711,1143,preferred,1.0,1
S00020,EDDF,51.069717,8.981945,B767-300ER,wide_body,3072,fuel,572,low,0.9,1125.0,572.0,873.093986,emergency,EDDF,4000,60,asphalt,ILS,1,1,advanced,1,major,1,1,1,0,1,1,1,open,none,safe,civil,1,119.776622,928,preferred,2.0,0
S00020,EDDF,51.069717,8.981945,B767-300ER,wide_body,3072,fuel,572,low,0.9,1125.0,572.0,873.093986,emergency,EHAM,3800,60,asphalt,ILS,1,1,advanced,1,major,1,1,1,1,1,1,1,open,none,safe,civil,1,321.6788,728,preferred,3.0,0
S00020,EDDF,51.069717,8.981945,B767-300ER,wide_body,3072,fuel,572,low,0.9,1125.0,572.0,873.093986,emergency,EGLL,3901,50,asphalt,ILS,1,1,advanced,1,major,1,1,1,1,1,1,1,open,none,safe,civil,1,657.911947,829,extended,4.0,0
S00020,EDDF,51.069717,8.981945,B767-300ER,wide_body,3072,fuel,572,low,0.9,1125.0,572.0,873.093986,emergency,EGKK,3317,45,asphalt,ILS,1,1,advanced,1,major,1,1,1,1,1,1,1,open,none,safe,civil,1,639.663815,245,extended,5.0,0
S00021,HELX,25.872722,32.599388,A321,narrow_body,2420,operational_constraints,971,low,0.9,900.0,900.0,1615.606745,aircraft_fuel,OKKK,4580,60,asphalt,ILS,1,1,advanced,1,major,1,1,1,1,1,1,1,open,none,safe,civil,0,1559.161195,2160,extended,1.0,1
S00021,HELX,25.872722,32.599388,A321,narrow_body,2420,operational_constraints,971,low,0.9,900.0,900.0,1615.606745,aircraft_fuel,HECA,4000,60,asphalt,ILS,1,1,basic,1,major,1,1,1,1,1,1,1,open,none,safe,civil,0,485.889987,1580,preferred,2.0,0
S00021,HELX,25.872722,32.599388,A321,narrow_body,2420,operational_constraints,971,low,0.9,900.0,900.0,1615.606745,aircraft_fuel,OERK,4205,60,asphalt,ILS,1,1,advanced,1,major,1,1,1,1,1,1,1,open,none,safe,civil,0,1419.022287,1785,extended,3.0,0
S00021,HELX,25.872722,32.599388,A321,narrow_body,2420,operational_constraints,971,low,0.9,900.0,900.0,1615.606745,aircraft_fuel,OJAI,3660,61,asphalt,ILS,1,1,advanced,1,major,1,1,1,1,1,1,1,open,none,safe,civil,0,729.586247,1240,preferred,4.0,0
S00021,HELX,25.872722,32.599388,A321,narrow_body,2420,operational_constraints,971,low,0.9,900.0,900.0,1615.606745,aircraft_fuel,LGAV,4000,45,asphalt,ILS,1,1,advanced,1,major,1,1,1,1,1,1,1,open,none,safe,civil,0,1568.815473,1580,extended,5.0,0
S00021,HELX,25.872722,32.599388,A321,narrow_body,2420,operational_constraints,971,low,0.9,900.0,900.0,1615.606745,aircraft_fuel,LTAC,3750,45,asphalt,ILS,1,1,advanced,1,major,1,1,1,1,1,1,1,open,none,safe,joint,0,1585.550274,1330,extended,6.0,0
S00021,HELX,25.872722,32.599388,A321,narrow_body,2420,operational_constraints,971,low,0.9,900.0,900.0,1615.606745,aircraft_fuel,HELX,3000,45,asphalt,RNAV,0,0,none,1,basic,1,0,1,0,0,1,1,open,none,safe,joint,0,24.867234,580,preferred,7.0,0
S00021,HELX,25.872722,32.599388,A321,narrow_body,2420,operational_constraints,971,low,0.9,900.0,900.0,1615.606745,aircraft_fuel,LCLK,2987,45,asphalt,ILS,1,0,none,1,basic,1,0,1,1,1,1,1,open,none,safe,civil,0,1005.821292,567,extended,8.0,0
S00022,HELX,26.445654,34.038511,B747-8,very_large,3535,medical,525,low,0.9,1395.0,525.0,954.150135,emergency,HECA,4000,60,asphalt,ILS,1,1,basic,1,major,1,1,1,1,1,1,1,open,none,safe,civil,0,482.741502,465,preferred,1.0,1
S00022,HELX,26.445654,34.038511,B747-8,very_large,3535,medical,525,low,0.9,1395.0,525.0,954.150135,emergency,OJAI,3660,61,asphalt,ILS,1,1,advanced,1,major,1,1,1,1,1,1,1,open,none,safe,civil,0,616.707159,125,extended,2.0,0
S00023,VNKT,28.24485,86.285609,E170,regional_jet,1666,fuel,692,critical,0.75,525.0,525.0,803.959409,aircraft_fuel,VNKT,3350,45,asphalt,VOR,0,0,none,0,none,0,0,1,1,1,1,1,open,none,caution,civil,0,109.522728,1684,preferred,1.0,1
S00024,DNMM,6.457259,4.032494,E190,regional_jet,1925,weather,777,low,0.9,720.0,720.0,1008.510579,aircraft_fuel,DNMM,3900,60,asphalt,ILS,1,1,advanced,1,major,1,1,1,1,1,1,1,open,none,caution,civil,0,79.712391,1975,preferred,1.0,1
S00024,DNMM,6.457259,4.032494,E190,regional_jet,1925,weather,777,low,0.9,720.0,720.0,1008.510579,aircraft_fuel,DGAA,3403,61,asphalt,RNAV,0,0,none,1,basic,1,0,1,1,1,1,0,open,none,safe,civil,0,473.915862,1478,preferred,2.0,0
S00024,DNMM,6.457259,4.032494,E190,regional_jet,1925,weather,777,low,0.9,720.0,720.0,1008.510579,aircraft_fuel,DNAA,3609,60,asphalt,RNAV,0,0,none,1,basic,1,0,1,1,1,1,1,open,none,safe,joint,0,455.038886,1684,preferred,3.0,0
S00024,DNMM,6.457259,4.032494,E190,regional_jet,1925,weather,777,low,0.9,720.0,720.0,1008.510579,aircraft_fuel,DNKN,3200,46,asphalt,RNAV,0,0,none,1,basic,1,0,1,0,0,1,1,open,none,safe,joint,0,793.252022,1275,extended,4.0,0
S00025,RKSI,38.059707,126.623792,E190,regional_jet,1906,mechanical,778,normal,1.0,800.0,778.0,1205.000007,emergency,RKSI,4000,60,asphalt,ILS,1,1,advanced,1,major,1,1,1,1,1,1,1,open,none,safe,civil,1,67.406042,2094,preferred,1.0,1
S00025,RKSI,38.059707,126.623792,E190,regional_jet,1906,mechanical,778,normal,1.0,800.0,778.0,1205.000007,emergency,ZSPD,4000,60,concrete,ILS,1,1,advanced,1,major,1,1,1,1,1,1,1,open,none,safe,civil,1,886.207543,2094,extended,2.0,0
S00025,RKSI,38.059707,126.623792,E190,regional_jet,1906,mechanical,778,normal,1.0,800.0,778.0,1205.000007,emergency,ZBAA,3810,60,asphalt,ILS,1,1,advanced,1,major,1,1,1,1,1,1,1,open,none,safe,civil,1,893.693888,1904,extended,3.0,0
S00025,RKSI,38.059707,126.623792,E190,regional_jet,1906,mechanical,778,normal,1.0,800.0,778.0,1205.000007,emergency,RJTT,3360,61,asphalt,ILS,1,1,advanced,1,major,1,1,1,1,1,1,1,open,none,safe,civil,1,1203.569586,1454,extended,4.0,0
S00026,LTFM,41.561709,28.389847,A319,narrow_body,2115,technical,793,normal,1.0,900.0,793.0,1268.62357,emergency,LTFM,4100,60,asphalt,ILS,1,1,advanced,1,major,1,1,1,1,1,1,0,open,none,safe,civil,0,42.800612,1985,preferred,1.0,1
S00026,LTFM,41.561709,28.389847,A319,narrow_body,2115,technical,793,normal,1.0,900.0,793.0,1268.62357,emergency,LGAV,4000,45,asphalt,ILS,1,1,advanced,1,major,1,1,1,1,1,1,1,open,none,safe,civil,0,553.857207,1885,preferred,2.0,0
S00026,LTFM,41.561709,28.389847,A319,narrow_body,2115,technical,793,normal,1.0,900.0,793.0,1268.62357,emergency,LTAC,3750,45,asphalt,ILS,1,1,advanced,1,major,1,1,1,1,1,1,1,open,none,safe,joint,0,418.825624,1635,preferred,3.0,0
S00026,LTFM,41.561709,28.389847,A319,narrow_body,2115,technical,793,normal,1.0,900.0,793.0,1268.62357,emergency,LCLK,2987,45,asphalt,ILS,1,0,none,1,basic,1,0,1,1,1,1,1,open,none,safe,civil,0,872.492328,872,extended,4.0,0
S00027,MMMX,19.650076,-99.742301,B787-9,wide_body,2795,technical,998,low,0.9,1260.0,998.0,1907.639929,emergency,MMMX,3952,45,asphalt,ILS,1,1,basic,1,major,1,1,1,1,1,1,1,open,none,safe,civil,0,74.336209,1157,preferred,1.0,1
S00028,WSSS,1.512516,103.439351,E190,regional_jet,1839,security,1070,normal,1.0,800.0,800.0,1216.415278,aircraft_fuel,WMKK,4124,60,asphalt,ILS,1,1,advanced,1,major,1,1,1,1,1,1,1,open,none,safe,civil,0,236.059825,2285,preferred,1.0,1
S00028,WSSS,1.512516,103.439351,E190,regional_jet,1839,security,1070,normal,1.0,800.0,800.0,1216.415278,aircraft_fuel,WSSS,4000,60,asphalt,ILS,1,1,advanced,1,major,1,1,1,1,1,1,1,open,none,safe,civil,1,64.242998,2161,preferred,2.0,0
S00028,WSSS,1.512516,103.439351,E190,regional_jet,1839,security,1070,normal,1.0,800.0,800.0,1216.415278,aircraft_fuel,WIMM,3000,60,asphalt,RNAV,1,1,basic,1,basic,1,0,1,1,0,1,1,open,none,safe,civil,0,558.510426,1161,preferred,3.0,0
S00029,HKJK,-1.589798,37.412972,A320,narrow_body,2397,technical,716,critical,0.75,712.5,712.5,1081.547722,aircraft_fuel,HKJK,4117,45,asphalt,RNAV,0,1,basic,1,basic,1,0,1,1,1,1,1,open,none,safe,civil,0,61.732056,1720,preferred,1.0,1
S00030,RKSI,36.876217,126.397711,E190,regional_jet,1848,operational_constraints,1184,low,0.9,720.0,720.0,1117.468142,aircraft_fuel,RKSI,4000,60,asphalt,ILS,1,1,advanced,1,major,1,1,1,1,1,1,1,open,none,safe,civil,1,66.094522,2152,preferred,1.0,1
S00030,RKSI,36.876217,126.397711,E190,regional_jet,1848,operational_constraints,1184,low,0.9,720.0,720.0,1117.468142,aircraft_fuel,ZSPD,4000,60,concrete,ILS,1,1,advanced,1,major,1,1,1,1,1,1,1,open,none,safe,civil,1,764.969957,2152,extended,2.0,0
S00030,RKSI,36.876217,126.397711,E190,regional_jet,1848,operational_constraints,1184,low,0.9,720.0,720.0,1117.468142,aircraft_fuel,ZBAA,3810,60,asphalt,ILS,1,1,advanced,1,major,1,1,1,1,1,1,1,open,none,safe,civil,1,923.784468,1962,extended,3.0,0
S00031,RJAA,35.684512,140.631726,A220-300,narrow_body,2242,mechanical,625,normal,1.0,950.0,625.0,1059.482063,emergency,RJAA,4000,60,asphalt,ILS,1,1,advanced,1,major,1,1,1,0,1,1,1,open,none,safe,civil,1,23.845263,1758,preferred,1.0,1
S00031,RJAA,35.684512,140.631726,A220-300,narrow_body,2242,mechanical,625,normal,1.0,950.0,625.0,1059.482063,emergency,RJTT,3360,61,asphalt,ILS,1,1,advanced,1,major,1,1,1,1,1,1,1,open,none,safe,civil,1,77.819082,1118,preferred,2.0,0
S00031,RJAA,35.684512,140.631726,A220-300,narrow_body,2242,mechanical,625,normal,1.0,950.0,625.0,1059.482063,emergency,RJCC,3000,61,asphalt,RNAV,0,1,basic,1,basic,1,1,1,1,1,1,1,open,none,safe,joint,0,793.634743,758,extended,3.0,0
S00032,YMML,-37.021894,144.270279,A321,narrow_body,2415,security,1110,low,0.9,900.0,900.0,1553.3561,aircraft_fuel,YSSY,3962,45,asphalt,ILS,1,1,advanced,1,major,1,1,1,0,1,1,1,open,none,safe,civil,1,712.495683,1547,preferred,1.0,1
S00032,YMML,-37.021894,144.270279,A321,narrow_body,2415,security,1110,low,0.9,900.0,900.0,1553.3561,aircraft_fuel,YMML,3657,60,asphalt,ILS,1,1,advanced,1,major,1,1,1,1,1,1,1,open,none,safe,civil,0,87.87978,1242,preferred,2.0,0
S00034,WMKK,3.256183,101.658204,A321,narrow_body,2400,weather,1246,low,0.9,900.0,900.0,1552.53166,aircraft_fuel,WMKK,4124,60,asphalt,ILS,1,1,advanced,1,major,1,1,1,1,1,1,1,open,none,safe,civil,0,57.067028,1724,preferred,1.0,1
S00034,WMKK,3.256183,101.658204,A321,narrow_body,2400,weather,1246,low,0.9,900.0,900.0,1552.53166,aircraft_fuel,WSSS,4000,60,asphalt,ILS,1,1,advanced,1,major,1,1,1,1,1,1,1,open,none,safe,civil,1,335.053928,1600,preferred,2.0,0
S00034,WMKK,3.256183,101.658204,A321,narrow_body,2400,weather,1246,low,0.9,900.0,900.0,1552.53166,aircraft_fuel,VTBS,4000,60,asphalt,ILS,1,1,advanced,1,major,1,1,1,1,1,1,1,open,none,safe,civil,0,1163.509114,1600,extended,3.0,0
S00034,WMKK,3.256183,101.658204,A321,narrow_body,2400,weather,1246,low,0.9,900.0,900.0,1552.53166,aircraft_fuel,WIMM,3000,60,asphalt,RNAV,1,1,basic,1,basic,1,0,1,1,0,1,1,open,none,safe,civil,0,310.750312,600,preferred,4.0,0
S00035,OPKC,25.079841,66.930517,A320,narrow_body,2338,weather,1152,low,0.9,855.0,855.0,1525.542714,aircraft_fuel,OMDB,4447,60,asphalt,ILS,1,1,advanced,1,major,1,1,1,1,1,1,1,open,none,safe,civil,1,1163.159733,2109,extended,1.0,1
S00035,OPKC,25.079841,66.930517,A320,narrow_body,2338,weather,1152,low,0.9,855.0,855.0,1525.542714,aircraft_fuel,VIDP,4430,60,asphalt,ILS,1,1,advanced,1,major,1,1,1,1,1,1,1,open,none,safe,civil,1,1079.69753,2092,extended,2.0,0
S00035,OPKC,25.079841,66.930517,A320,narrow_body,2338,weather,1152,low,0.9,855.0,855.0,1525.542714,aircraft_fuel,OMAA,4106,60,asphalt,ILS,1,1,advanced,1,major,1,1,1,1,1,1,1,open,none,safe,civil,0,1241.676385,1768,extended,3.0,0
S00035,OPKC,25.079841,66.930517,A320,narrow_body,2338,weather,1152,low,0.9,855.0,855.0,1525.542714,aircraft_fuel,OOMS,4080,45,asphalt,ILS,1,1,advanced,1,major,1,1,1,1,1,1,1,open,none,safe,civil,0,891.003715,1742,extended,4.0,0
S00035,OPKC,25.079841,66.930517,A320,narrow_body,2338,weather,1152,low,0.9,855.0,855.0,1525.542714,aircraft_fuel,VABB,3509,60,asphalt,ILS,1,1,advanced,1,major,1,1,1,1,1,1,1,open,none,safe,civil,1,904.160041,1171,extended,5.0,0
S00035,OPKC,25.079841,66.930517,A320,narrow_body,2338,weather,1152,low,0.9,855.0,855.0,1525.542714,aircraft_fuel,OPKC,3400,46,concrete,RNAV,0,1,basic,1,basic,1,1,1,1,1,1,1,open,none,caution,civil,0,30.168368,1062,preferred,6.0,0
S00035,OPKC,25.079841,66.930517,A320,narrow_body,2338,weather,1152,low,0.9,855.0,855.0,1525.542714,aircraft_fuel,OPLA,3360,46,concrete,RNAV,0,0,none,1,basic,1,0,1,1,1,1,1,open,none,caution,civil,0,1023.30379,1022,extended,7.0,0
S00036,VABB,18.734817,72.21415,E190,regional_jet,1841,operational_constraints,1149,normal,1.0,800.0,800.0,1338.062792,aircraft_fuel,VIDP,4430,60,asphalt,ILS,1,1,advanced,1,major,1,1,1,1,1,1,1,open,none,safe,civil,1,1199.470046,2589,extended,1.0,1
S00036,VABB,18.734817,72.21415,E190,regional_jet,1841,operational_constraints,1149,normal,1.0,800.0,800.0,1338.062792,aircraft_fuel,VABB,3509,60,asphalt,ILS,1,1,advanced,1,major,1,1,1,1,1,1,1,open,none,safe,civil,1,79.231316,1668,preferred,2.0,0
S00036,VABB,18.734817,72.21415,E190,regional_jet,1841,operational_constraints,1149,normal,1.0,800.0,800.0,1338.062792,aircraft_fuel,OPKC,3400,46,concrete,RNAV,0,1,basic,1,basic,1,1,1,1,1,1,1,open,none,caution,civil,0,861.774057,1559,extended,3.0,0
S00037,OJAI,31.73126,36.719887,B737 MAX 8,narrow_body,2545,security,947,normal,1.0,1000.0,947.0,1562.298922,emergency,OKKK,4580,60,asphalt,ILS,1,1,advanced,1,major,1,1,1,1,1,1,1,open,none,safe,civil,0,1112.935875,2035,extended,1.0,1
S00037,OJAI,31.73126,36.719887,B737 MAX 8,narrow_body,2545,security,947,normal,1.0,1000.0,947.0,1562.298922,emergency,HECA,4000,60,asphalt,ILS,1,1,basic,1,major,1,1,1,1,1,1,1,open,none,safe,civil,0,538.701478,1455,preferred,2.0,0
S00037,OJAI,31.73126,36.719887,B737 MAX 8,narrow_body,2545,security,947,normal,1.0,1000.0,947.0,1562.298922,emergency,OERK,4205,60,asphalt,ILS,1,1,advanced,1,major,1,1,1,1,1,1,1,open,none,safe,civil,0,1232.222791,1660,extended,3.0,0
S00037,OJAI,31.73126,36.719887,B737 MAX 8,narrow_body,2545,security,947,normal,1.0,1000.0,947.0,1562.298922,emergency,LTFM,4100,60,asphalt,ILS,1,1,advanced,1,major,1,1,1,1,1,1,0,open,none,safe,civil,0,1277.680659,1555,extended,4.0,0
S00037,OJAI,31.73126,36.719887,B737 MAX 8,narrow_body,2545,security,947,normal,1.0,1000.0,947.0,1562.298922,emergency,OJAI,3660,61,asphalt,ILS,1,1,advanced,1,major,1,1,1,1,1,1,1,open,none,safe,civil,0,68.735703,1115,preferred,5.0,0
S00037,OJAI,31.73126,36.719887,B737 MAX 8,narrow_body,2545,security,947,normal,1.0,1000.0,947.0,1562.298922,emergency,LGAV,4000,45,asphalt,ILS,1,1,advanced,1,major,1,1,1,1,1,1,1,open,none,safe,civil,0,1352.977774,1455,extended,6.0,0
S00037,OJAI,31.73126,36.719887,B737 MAX 8,narrow_body,2545,security,947,normal,1.0,1000.0,947.0,1562.298922,emergency,OBBI,3956,60,asphalt,ILS,1,1,advanced,1,major,1,1,1,1,1,1,1,open,none,safe,civil,0,1482.043358,1411,extended,7.0,0
S00037,OJAI,31.73126,36.719887,B737 MAX 8,narrow_body,2545,security,947,normal,1.0,1000.0,947.0,1562.298922,emergency,LTAC,3750,45,asphalt,ILS,1,1,advanced,1,major,1,1,1,1,1,1,1,open,none,safe,joint,0,991.823362,1205,extended,8.0,0
S00037,OJAI,31.73126,36.719887,B737 MAX 8,narrow_body,2545,security,947,normal,1.0,1000.0,947.0,1562.298922,emergency,LCLK,2987,45,asphalt,ILS,1,0,none,1,basic,1,0,1,1,1,1,1,open,none,safe,civil,0,452.639689,442,preferred,9.0,0
S00037,OJAI,31.73126,36.719887,B737 MAX 8,narrow_body,2545,security,947,normal,1.0,1000.0,947.0,1562.298922,emergency,HELX,3000,45,asphalt,RNAV,0,0,none,1,basic,1,0,1,0,0,1,1,open,none,safe,joint,0,779.122175,455,preferred,10.0,0
S00038,UUEE,56.009972,37.92834,A320,narrow_body,2313,technical,914,normal,1.0,950.0,914.0,1593.004348,emergency,EFHK,3440,60,asphalt,ILS,1,1,advanced,1,major,1,1,1,1,1,1,1,open,none,safe,civil,0,896.448337,1127,preferred,1.0,1
S00038,UUEE,56.009972,37.92834,A320,narrow_body,2313,technical,914,normal,1.0,950.0,914.0,1593.004348,emergency,ULLI,3780,60,concrete,ILS,1,1,advanced,1,major,1,1,1,1,1,1,1,open,none,caution,civil,0,617.970353,1467,preferred,2.0,0
S00038,UUEE,56.009972,37.92834,A320,narrow_body,2313,technical,914,normal,1.0,950.0,914.0,1593.004348,emergency,UUEE,3700,60,concrete,ILS,1,1,advanced,1,major,1,1,1,1,1,1,1,open,none,caution,civil,0,32.370341,1387,preferred,3.0,0
S00038,UUEE,56.009972,37.92834,A320,narrow_body,2313,technical,914,normal,1.0,950.0,914.0,1593.004348,emergency,ESSA,3301,45,asphalt,ILS,1,1,advanced,1,major,1,1,1,1,1,1,1,open,none,safe,civil,0,1245.58746,988,extended,4.0,0
S00039,LFPG,49.534477,2.268493,A320,narrow_body,2255,technical,929,normal,1.0,950.0,929.0,1483.816361,emergency,LFPG,4215,45,asphalt,ILS,1,1,advanced,1,major,1,1,1,1,1,1,1,open,none,safe,civil,1,62.000278,1960,preferred,1.0,1
S00039,LFPG,49.534477,2.268493,A320,narrow_body,2255,technical,929,normal,1.0,950.0,929.0,1483.816361,emergency,EDDF,4000,60,asphalt,ILS,1,1,advanced,1,major,1,1,1,0,1,1,1,open,none,safe,civil,1,454.780295,1745,preferred,2.0,0
S00039,LFPG,49.534477,2.268493,A320,narrow_body,2255,technical,929,normal,1.0,950.0,929.0,1483.816361,emergency,LEMD,4350,60,asphalt,ILS,1,1,advanced,1,major,1,1,1,1,1,1,1,open,none,safe,civil,1,1104.365267,2095,extended,3.0,0
S00039,LFPG,49.534477,2.268493,A320,narrow_body,2255,technical,929,normal,1.0,950.0,929.0,1483.816361,emergency,EGLL,3901,50,asphalt,ILS,1,1,advanced,1,major,1,1,1,1,1,1,1,open,none,safe,civil,1,289.081186,1646,preferred,4.0,0
S00039,LFPG,49.534477,2.268493,A320,narrow_body,2255,technical,929,normal,1.0,950.0,929.0,1483.816361,emergency,EHAM,3800,60,asphalt,ILS,1,1,advanced,1,major,1,1,1,1,1,1,1,open,none,safe,civil,1,354.559423,1545,preferred,5.0,0
S00039,LFPG,49.534477,2.268493,A320,narrow_body,2255,technical,929,normal,1.0,950.0,929.0,1483.816361,emergency,LIRF,3902,60,asphalt,ILS,1,1,basic,1,major,1,1,1,1,1,1,1,open,none,safe,civil,1,1155.857458,1647,extended,6.0,0
S00039,LFPG,49.534477,2.268493,A320,narrow_body,2255,technical,929,normal,1.0,950.0,929.0,1483.816361,emergency,EGKK,3317,45,asphalt,ILS,1,1,advanced,1,major,1,1,1,1,1,1,1,open,none,safe,civil,1,250.079843,1062,preferred,7.0,0
S00039,LFPG,49.534477,2.268493,A320,narrow_body,2255,technical,929,normal,1.0,950.0,929.0,1483.816361,emergency,ENGM,3600,45,asphalt,ILS,1,1,advanced,1,major,1,1,1,1,1,1,1,open,none,safe,civil,0,1310.488658,1345,extended,8.0,0
S00039,LFPG,49.534477,2.268493,A320,narrow_body,2255,technical,929,normal,1.0,950.0,929.0,1483.816361,emergency,DAAG,3500,60,asphalt,RNAV,0,1,basic,1,basic,1,1,1,1,1,1,0,open,none,safe,civil,0,1429.840654,1245,extended,9.0,0
S00039,LFPG,49.534477,2.268493,A320,narrow_body,2255,technical,929,normal,1.0,950.0,929.0,1483.816361,emergency,EIDW,3110,45,concrete,ILS,1,1,advanced,1,major,1,1,1,1,1,1,1,open,none,safe,civil,0,731.644968,855,preferred,10.0,0
S00039,LFPG,49.534477,2.268493,A320,narrow_body,2255,technical,929,normal,1.0,950.0,929.0,1483.816361,emergency,EGCC,3048,46,asphalt,ILS,1,1,advanced,1,major,1,1,1,1,1,1,1,open,none,safe,civil,1,528.456614,793,preferred,11.0,0
S00040,WIMM,2.907597,98.666047,A319,narrow_body,2131,medical,981,normal,1.0,900.0,900.0,1550.972303,aircraft_fuel,WMKK,4124,60,asphalt,ILS,1,1,advanced,1,major,1,1,1,1,1,1,1,open,none,safe,civil,0,338.539699,1993,preferred,1.0,1
S00040,WIMM,2.907597,98.666047,A319,narrow_body,2131,medical,981,normal,1.0,900.0,900.0,1550.972303,aircraft_fuel,WSSS,4000,60,asphalt,ILS,1,1,advanced,1,major,1,1,1,1,1,1,1,open,none,safe,civil,1,616.823002,1869,preferred,2.0,0
S00040,WIMM,2.907597,98.666047,A319,narrow_body,2131,medical,981,normal,1.0,900.0,900.0,1550.972303,aircraft_fuel,VTBS,4000,60,asphalt,ILS,1,1,advanced,1,major,1,1,1,1,1,1,1,open,none,safe,civil,0,1219.577285,1869,extended,3.0,0
S00040,WIMM,2.907597,98.666047,A319,narrow_body,2131,medical,981,normal,1.0,900.0,900.0,1550.972303,aircraft_fuel,WIMM,3000,60,asphalt,RNAV,1,1,basic,1,basic,1,0,1,1,0,1,1,open,none,safe,civil,0,85.165481,869,preferred,4.0,0
S00041,VABB,17.554559,72.517634,CRJ900,regional_jet,1871,mechanical,885,low,0.9,630.0,630.0,996.273037,aircraft_fuel,VABB,3509,60,asphalt,ILS,1,1,advanced,1,major,1,1,1,1,1,1,1,open,none,safe,civil,1,174.549037,1638,preferred,1.0,1
S00041,VABB,17.554559,72.517634,CRJ900,regional_jet,1871,mechanical,885,low,0.9,630.0,630.0,996.273037,aircraft_fuel,OPKC,3400,46,concrete,RNAV,0,1,basic,1,basic,1,1,1,1,1,1,1,open,none,caution,civil,0,987.894784,1529,extended,2.0,0
S00042,OERK,25.231262,46.413135,A319,narrow_body,2151,mechanical,458,normal,1.0,900.0,458.0,720.02337,emergency,OTHH,4850,60,asphalt,ILS,1,1,advanced,1,major,1,1,1,1,1,1,1,open,none,safe,civil,0,522.436259,2699,extended,1.0,1
S00042,OERK,25.231262,46.413135,A319,narrow_body,2151,mechanical,458,normal,1.0,900.0,458.0,720.02337,emergency,OERK,4205,60,asphalt,ILS,1,1,advanced,1,major,1,1,1,1,1,1,1,open,none,safe,civil,0,41.874368,2054,preferred,2.0,0
S00042,OERK,25.231262,46.413135,A319,narrow_body,2151,mechanical,458,normal,1.0,900.0,458.0,720.02337,emergency,OKKK,4580,60,asphalt,ILS,1,1,advanced,1,major,1,1,1,1,1,1,1,open,none,safe,civil,0,469.927275,2429,extended,3.0,0
S00042,OERK,25.231262,46.413135,A319,narrow_body,2151,mechanical,458,normal,1.0,900.0,458.0,720.02337,emergency,OBBI,3956,60,asphalt,ILS,1,1,advanced,1,major,1,1,1,1,1,1,1,open,none,safe,civil,0,438.476,1805,preferred,4.0,0
S00043,LPPT,39.635397,-9.441057,CRJ900,regional_jet,1891,fuel,723,low,0.9,630.0,630.0,886.121427,aircraft_fuel,LEMD,4350,60,asphalt,ILS,1,1,advanced,1,major,1,1,1,1,1,1,1,open,none,safe,civil,1,508.362568,2459,preferred,1.0,1
S00043,LPPT,39.635397,-9.441057,CRJ900,regional_jet,1891,fuel,723,low,0.9,630.0,630.0,886.121427,aircraft_fuel,LPPT,3707,45,asphalt,ILS,1,1,advanced,1,major,1,1,1,1,1,1,1,open,none,safe,civil,0,98.542835,1816,preferred,2.0,0
S00043,LPPT,39.635397,-9.441057,CRJ900,regional_jet,1891,fuel,723,low,0.9,630.0,630.0,886.121427,aircraft_fuel,GMMN,3720,45,asphalt,ILS,1,1,advanced,1,major,1,1,1,1,1,1,1,open,none,safe,civil,0,716.277576,1829,extended,3.0,0
S00044,RJTT,35.608231,139.08791,E190,regional_jet,1832,medical,903,critical,0.75,600.0,600.0,860.134697,aircraft_fuel,RJAA,4000,60,asphalt,ILS,1,1,advanced,1,major,1,1,1,0,1,1,1,open,none,safe,civil,1,118.823512,2168,preferred,1.0,1
S00044,RJTT,35.608231,139.08791,E190,regional_jet,1832,medical,903,critical,0.75,600.0,600.0,860.134697,aircraft_fuel,RJTT,3360,61,asphalt,ILS,1,1,advanced,1,major,1,1,1,1,1,1,1,open,none,safe,civil,1,63.55366,1528,preferred,2.0,0
S00044,RJTT,35.608231,139.08791,E190,regional_jet,1832,medical,903,critical,0.75,600.0,600.0,860.134697,aircraft_fuel,RJCC,3000,61,asphalt,RNAV,0,1,basic,1,basic,1,1,1,1,1,1,1,open,none,safe,joint,0,827.721414,1168,extended,3.0,0
S00045,KLAX,34.930596,-118.872729,A350-900,wide_body,3098,medical,401,low,0.9,1350.0,401.0,669.675016,emergency,KLAX,3939,46,concrete,ILS,1,1,advanced,1,major,1,1,1,1,1,1,1,open,none,safe,civil,0,117.847383,841,preferred,1.0,1
S00046,RJTT,35.29425,140.269927,A319,narrow_body,2135,fuel,343,normal,1.0,900.0,343.0,581.559359,emergency,RJAA,4000,60,asphalt,ILS,1,1,advanced,1,major,1,1,1,0,1,1,1,open,none,safe,civil,1,53.827259,1865,preferred,1.0,1
S00046,RJTT,35.29425,140.269927,A319,narrow_body,2135,fuel,343,normal,1.0,900.0,343.0,581.559359,emergency,RJTT,3360,61,asphalt,ILS,1,1,advanced,1,major,1,1,1,1,1,1,1,open,none,safe,civil,1,52.172008,1225,preferred,2.0,0
S00047,KJFK,41.007141,-75.076951,A320,narrow_body,2357,mechanical,877,normal,1.0,950.0,877.0,1499.00817,emergency,KJFK,4423,61,asphalt,ILS,1,1,advanced,1,major,1,1,1,1,1,1,1,open,none,safe,civil,1,116.591023,2066,preferred,1.0,1
S00047,KJFK,41.007141,-75.076951,A320,narrow_body,2357,mechanical,877,normal,1.0,950.0,877.0,1499.00817,emergency,KORD,3962,46,concrete,ILS,1,1,advanced,1,major,1,1,1,1,1,1,1,open,none,safe,civil,0,1072.848983,1605,extended,2.0,0
S00047,KJFK,41.007141,-75.076951,A320,narrow_body,2357,mechanical,877,normal,1.0,950.0,877.0,1499.00817,emergency,KATL,3776,46,concrete,ILS,1,1,advanced,1,major,1,1,1,1,1,1,1,open,none,safe,civil,0,1162.873178,1419,extended,3.0,0
S00047,KJFK,41.007141,-75.076951,A320,narrow_body,2357,mechanical,877,normal,1.0,950.0,877.0,1499.00817,emergency,CYYZ,3389,61,asphalt,ILS,1,1,advanced,1,major,1,1,1,1,1,1,1,open,none,safe,civil,1,477.430916,1032,preferred,4.0,0
S00048,LTFM,40.626254,28.331416,B767-300ER,wide_body,3082,weather,552,low,0.9,1125.0,552.0,914.293448,emergency,LTFM,4100,60,asphalt,ILS,1,1,advanced,1,major,1,1,1,1,1,1,0,open,none,safe,civil,0,79.588227,1018,preferred,1.0,1
S00048,LTFM,40.626254,28.331416,B767-300ER,wide_body,3082,weather,552,low,0.9,1125.0,552.0,914.293448,emergency,LGAV,4000,45,asphalt,ILS,1,1,advanced,1,major,1,1,1,1,1,1,1,open,none,safe,civil,0,481.581951,918,preferred,2.0,0
S00048,LTFM,40.626254,28.331416,B767-300ER,wide_body,3082,weather,552,low,0.9,1125.0,552.0,914.293448,emergency,LTAC,3750,45,asphalt,ILS,1,1,advanced,1,major,1,1,1,1,1,1,1,open,none,safe,joint,0,398.865947,668,preferred,3.0,0
S00049,UAAA,43.158433,78.570794,B767-300ER,wide_body,3104,technical,692,low,0.9,1125.0,692.0,1047.821307,emergency,UAAA,4500,45,asphalt,RNAV,0,1,basic,1,basic,1,1,1,1,1,1,1,open,none,safe,civil,0,125.638373,1396,preferred,1.0,1
S00049,UAAA,43.158433,78.570794,B767-300ER,wide_body,3104,technical,692,low,0.9,1125.0,692.0,1047.821307,emergency,UACC,3500,45,asphalt,RNAV,0,1,basic,1,basic,1,1,1,1,1,1,1,open,none,safe,civil,0,1025.914009,396,extended,2.0,0
S00050,EDDF,50.775808,9.345152,CRJ900,regional_jet,1894,mechanical,720,low,0.9,630.0,630.0,904.685931,aircraft_fuel,LFPG,4215,45,asphalt,ILS,1,1,advanced,1,major,1,1,1,1,1,1,1,open,none,safe,civil,1,524.398814,2321,preferred,1.0,1
S00050,EDDF,50.775808,9.345152,CRJ900,regional_jet,1894,mechanical,720,low,0.9,630.0,630.0,904.685931,aircraft_fuel,EDDF,4000,60,asphalt,ILS,1,1,advanced,1,major,1,1,1,0,1,1,1,open,none,safe,civil,1,100.238858,2106,preferred,2.0,0
S00050,EDDF,50.775808,9.345152,CRJ900,regional_jet,1894,mechanical,720,low,0.9,630.0,630.0,904.685931,aircraft_fuel,EHAM,3800,60,asphalt,ILS,1,1,advanced,1,major,1,1,1,1,1,1,1,open,none,safe,civil,1,359.665365,1906,preferred,3.0,0
S00050,EDDF,50.775808,9.345152,CRJ900,regional_jet,1894,mechanical,720,low,0.9,630.0,630.0,904.685931,aircraft_fuel,EGLL,3901,50,asphalt,ILS,1,1,advanced,1,major,1,1,1,1,1,1,1,open,none,safe,civil,1,688.128828,2007,extended,4.0,0
S00050,EDDF,50.775808,9.345152,CRJ900,regional_jet,1894,mechanical,720,low,0.9,630.0,630.0,904.685931,aircraft_fuel,EGKK,3317,45,asphalt,ILS,1,1,advanced,1,major,1,1,1,1,1,1,1,open,none,safe,civil,1,668.304072,1423,extended,5.0,0
S00050,EDDF,50.775808,9.345152,CRJ900,regional_jet,1894,mechanical,720,low,0.9,630.0,630.0,904.685931,aircraft_fuel,EGCC,3048,46,asphalt,ILS,1,1,advanced,1,major,1,1,1,1,1,1,1,open,none,safe,civil,1,843.310415,1154,extended,6.0,0
S00051,NZAA,-37.171374,175.328794,B737-800,narrow_body,2328,mechanical,1068,normal,1.0,950.0,950.0,1560.656406,aircraft_fuel,NZAA,3635,45,concrete,ILS,1,1,advanced,1,major,1,1,1,1,1,1,1,open,none,safe,civil,0,51.27497,1307,preferred,1.0,1
S00052,BIKF,64.616464,-22.823737,E175,regional_jet,1758,weather,969,normal,1.0,750.0,750.0,1184.94553,aircraft_fuel,BIKF,3065,60,asphalt,RNAV,0,1,basic,1,basic,1,0,1,1,1,1,1,open,none,safe,joint,0,70.998843,1307,preferred,1.0,1
S00053,LIRF,41.757626,12.482783,A350-900,wide_body,2954,technical,435,low,0.9,1350.0,435.0,801.717524,emergency,LIRF,3902,60,asphalt,ILS,1,1,basic,1,major,1,1,1,1,1,1,1,open,none,safe,civil,1,19.834195,948,preferred,1.0,1
S00053,LIRF,41.757626,12.482783,A350-900,wide_body,2954,technical,435,low,0.9,1350.0,435.0,801.717524,emergency,DTTA,3200,45,asphalt,RNAV,0,1,basic,1,basic,1,0,1,1,1,1,1,open,none,safe,civil,0,579.019778,246,extended,2.0,0
S00054,RPLL,15.113697,121.566786,E175,regional_jet,1796,medical,979,low,0.9,675.0,675.0,1004.446364,aircraft_fuel,RPLL,3737,60,concrete,ILS,1,1,basic,1,basic,1,1,1,1,1,1,1,open,none,caution,civil,0,89.342856,1941,preferred,1.0,1
S00055,WIMM,3.337756,98.645124,B737 MAX 8,narrow_body,2482,medical,473,critical,0.75,750.0,473.0,795.964409,emergency,WMKK,4124,60,asphalt,ILS,1,1,advanced,1,major,1,1,1,1,1,1,1,open,none,safe,civil,0,346.628539,1642,preferred,1.0,1
S00055,WIMM,3.337756,98.645124,B737 MAX 8,narrow_body,2482,medical,473,critical,0.75,750.0,473.0,795.964409,emergency,WSSS,4000,60,asphalt,ILS,1,1,advanced,1,major,1,1,1,1,1,1,1,open,none,safe,civil,1,634.007637,1518,extended,2.0,0
S00055,WIMM,3.337756,98.645124,B737 MAX 8,narrow_body,2482,medical,473,critical,0.75,750.0,473.0,795.964409,emergency,WIMM,3000,60,asphalt,RNAV,1,1,basic,1,basic,1,0,1,1,0,1,1,open,none,safe,civil,0,43.029627,518,preferred,3.0,0
S00056,UUEE,56.567568,37.044478,A319,narrow_body,2150,operational_constraints,933,low,0.9,810.0,810.0,1261.074572,aircraft_fuel,ULLI,3780,60,concrete,ILS,1,1,advanced,1,major,1,1,1,1,1,1,1,open,none,caution,civil,0,535.511646,1630,preferred,1.0,1
S00056,UUEE,56.567568,37.044478,A319,narrow_body,2150,operational_constraints,933,low,0.9,810.0,810.0,1261.074572,aircraft_fuel,UUEE,3700,60,concrete,ILS,1,1,advanced,1,major,1,1,1,1,1,1,1,open,none,caution,civil,0,69.476756,1550,preferred,2.0,0
S00056,UUEE,56.567568,37.044478,A319,narrow_body,2150,operational_constraints,933,low,0.9,810.0,810.0,1261.074572,aircraft_fuel,EFHK,3440,60,asphalt,ILS,1,1,advanced,1,major,1,1,1,1,1,1,1,open,none,safe,civil,0,815.665299,1290,extended,3.0,0
S00056,UUEE,56.567568,37.044478,A319,narrow_body,2150,operational_constraints,933,low,0.9,810.0,810.0,1261.074572,aircraft_fuel,ESSA,3301,45,asphalt,ILS,1,1,advanced,1,major,1,1,1,1,1,1,1,open,none,safe,civil,0,1169.339723,1151,extended,4.0,0
S00057,EDDF,49.891024,7.812127,E190,regional_jet,1800,medical,813,critical,0.75,600.0,600.0,924.358507,aircraft_fuel,LFPG,4215,45,asphalt,ILS,1,1,advanced,1,major,1,1,1,1,1,1,1,open,none,safe,civil,1,392.454299,2415,preferred,1.0,1
S00057,EDDF,49.891024,7.812127,E190,regional_jet,1800,medical,813,critical,0.75,600.0,600.0,924.358507,aircraft_fuel,EDDF,4000,60,asphalt,ILS,1,1,advanced,1,major,1,1,1,0,1,1,1,open,none,safe,civil,1,55.472494,2200,preferred,2.0,0
S00057,EDDF,49.891024,7.812127,E190,regional_jet,1800,medical,813,critical,0.75,600.0,600.0,924.358507,aircraft_fuel,EHAM,3800,60,asphalt,ILS,1,1,advanced,1,major,1,1,1,1,1,1,1,open,none,safe,civil,1,342.819965,2000,preferred,3.0,0
S00057,EDDF,49.891024,7.812127,E190,regional_jet,1800,medical,813,critical,0.75,600.0,600.0,924.358507,aircraft_fuel,EGLL,3901,50,asphalt,ILS,1,1,advanced,1,major,1,1,1,1,1,1,1,open,none,safe,civil,1,608.334788,2101,extended,4.0,0
S00057,EDDF,49.891024,7.812127,E190,regional_jet,1800,medical,813,critical,0.75,600.0,600.0,924.358507,aircraft_fuel,EGKK,3317,45,asphalt,ILS,1,1,advanced,1,major,1,1,1,1,1,1,1,open,none,safe,civil,1,582.153162,1517,preferred,5.0,0
S00057,EDDF,49.891024,7.812127,E190,regional_jet,1800,medical,813,critical,0.75,600.0,600.0,924.358507,aircraft_fuel,EGCC,3048,46,asphalt,ILS,1,1,advanced,1,major,1,1,1,1,1,1,1,open,none,safe,civil,1,794.695888,1248,extended,6.0,0
S00058,ZBAA,40.28193,116.080588,B777-300ER,wide_body,3169,fuel,405,low,0.9,1350.0,405.0,664.429668,emergency,ZBAA,3810,60,asphalt,ILS,1,1,advanced,1,major,1,1,1,1,1,1,1,open,none,safe,civil,1,49.396585,641,preferred,1.0,1
S00059,NZAA,-37.316091,174.688189,B737-800,narrow_body,2312,fuel,440,normal,1.0,950.0,440.0,706.884602,emergency,NZAA,3635,45,concrete,ILS,1,1,advanced,1,major,1,1,1,1,1,1,1,open,none,safe,civil,0,34.914892,1323,preferred,1.0,1
S00060,LTFM,40.69559,27.315517,A350-900,wide_body,3008,weather,1263,critical,0.75,1125.0,1125.0,1897.342378,aircraft_fuel,LTFM,4100,60,asphalt,ILS,1,1,advanced,1,major,1,1,1,1,1,1,0,open,none,safe,civil,0,135.232275,1092,preferred,1.0,1
S00060,LTFM,40.69559,27.315517,A350-900,wide_body,3008,weather,1263,critical,0.75,1125.0,1125.0,1897.342378,aircraft_fuel,LGAV,4000,45,asphalt,ILS,1,1,advanced,1,major,1,1,1,1,1,1,1,open,none,safe,civil,0,422.104623,992,preferred,2.0,0
S00060,LTFM,40.69559,27.315517,A350-900,wide_body,3008,weather,1263,critical,0.75,1125.0,1125.0,1897.342378,aircraft_fuel,HECA,4000,60,asphalt,ILS,1,1,basic,1,major,1,1,1,1,1,1,1,open,none,safe,civil,0,1233.247401,992,extended,3.0,0
S00060,LTFM,40.69559,27.315517,A350-900,wide_body,3008,weather,1263,critical,0.75,1125.0,1125.0,1897.342378,aircraft_fuel,EDDF,4000,60,asphalt,ILS,1,1,advanced,1,major,1,1,1,0,1,1,1,open,none,safe,civil,1,1787.485187,992,extended,4.0,0
S00060,LTFM,40.69559,27.315517,A350-900,wide_body,3008,weather,1263,critical,0.75,1125.0,1125.0,1897.342378,aircraft_fuel,LIRF,3902,60,asphalt,ILS,1,1,basic,1,major,1,1,1,1,1,1,1,open,none,safe,civil,1,1263.703686,894,extended,5.0,0
S00060,LTFM,40.69559,27.315517,A350-900,wide_body,3008,weather,1263,critical,0.75,1125.0,1125.0,1897.342378,aircraft_fuel,LTAC,3750,45,asphalt,ILS,1,1,advanced,1,major,1,1,1,1,1,1,1,open,none,safe,joint,0,484.892142,742,preferred,6.0,0
S00060,LTFM,40.69559,27.315517,A350-900,wide_body,3008,weather,1263,critical,0.75,1125.0,1125.0,1897.342378,aircraft_fuel,OJAI,3660,61,asphalt,ILS,1,1,advanced,1,major,1,1,1,1,1,1,1,open,none,safe,civil,0,1264.12678,652,extended,7.0,0
S00060,LTFM,40.69559,27.315517,A350-900,wide_body,3008,weather,1263,critical,0.75,1125.0,1125.0,1897.342378,aircraft_fuel,UUEE,3700,60,concrete,ILS,1,1,advanced,1,major,1,1,1,1,1,1,1,open,none,caution,civil,0,1851.34693,692,extended,8.0,0
S00060,LTFM,40.69559,27.315517,A350-900,wide_body,3008,weather,1263,critical,0.75,1125.0,1125.0,1897.342378,aircraft_fuel,DTTA,3200,45,asphalt,RNAV,0,1,basic,1,basic,1,0,1,1,1,1,1,open,none,safe,civil,0,1538.986602,192,extended,9.0,0
S00061,FAOR,-27.283881,29.084131,A320,narrow_body,2246,weather,1119,normal,1.0,950.0,950.0,1502.281154,aircraft_fuel,FAOR,4418,61,asphalt,ILS,1,1,advanced,1,major,1,1,1,1,1,1,1,open,none,safe,civil,0,151.963229,2172,preferred,1.0,1
S00061,FAOR,-27.283881,29.084131,A320,narrow_body,2246,weather,1119,normal,1.0,950.0,950.0,1502.281154,aircraft_fuel,FACT,3201,61,asphalt,RNAV,0,1,basic,1,basic,1,0,1,1,1,1,1,open,none,safe,civil,0,1247.309418,955,extended,2.0,0
S00062,SBGR,-23.408707,-46.641651,A220-300,narrow_body,2102,security,988,low,0.9,855.0,855.0,1452.491687,aircraft_fuel,SBGR,3700,45,asphalt,ILS,1,1,advanced,1,major,1,1,1,1,1,1,1,open,none,safe,civil,0,17.697773,1598,preferred,1.0,1
S00063,OBBI,26.451089,51.327191,B737-800,narrow_body,2288,weather,1162,normal,1.0,950.0,950.0,1626.04987,aircraft_fuel,OTHH,4850,60,asphalt,ILS,1,1,advanced,1,major,1,1,1,1,1,1,1,open,none,safe,civil,0,133.971803,2562,preferred,1.0,1
S00063,OBBI,26.451089,51.327191,B737-800,narrow_body,2288,weather,1162,normal,1.0,950.0,950.0,1626.04987,aircraft_fuel,OKKK,4580,60,asphalt,ILS,1,1,advanced,1,major,1,1,1,1,1,1,1,open,none,safe,civil,0,451.703741,2292,preferred,2.0,0
S00063,OBBI,26.451089,51.327191,B737-800,narrow_body,2288,weather,1162,normal,1.0,950.0,950.0,1626.04987,aircraft_fuel,OMDB,4447,60,asphalt,ILS,1,1,advanced,1,major,1,1,1,1,1,1,1,open,none,safe,civil,1,426.106245,2159,preferred,3.0,0
S00063,OBBI,26.451089,51.327191,B737-800,narrow_body,2288,weather,1162,normal,1.0,950.0,950.0,1626.04987,aircraft_fuel,OERK,4205,60,asphalt,ILS,1,1,advanced,1,major,1,1,1,1,1,1,1,open,none,safe,civil,0,492.521667,1917,preferred,4.0,0
S00063,OBBI,26.451089,51.327191,B737-800,narrow_body,2288,weather,1162,normal,1.0,950.0,950.0,1626.04987,aircraft_fuel,OMAA,4106,60,asphalt,ILS,1,1,advanced,1,major,1,1,1,1,1,1,1,open,none,safe,civil,0,401.492735,1818,preferred,5.0,0
S00063,OBBI,26.451089,51.327191,B737-800,narrow_body,2288,weather,1162,normal,1.0,950.0,950.0,1626.04987,aircraft_fuel,OOMS,4080,45,asphalt,ILS,1,1,advanced,1,major,1,1,1,1,1,1,1,open,none,safe,civil,0,769.226043,1792,preferred,6.0,0
S00063,OBBI,26.451089,51.327191,B737-800,narrow_body,2288,weather,1162,normal,1.0,950.0,950.0,1626.04987,aircraft_fuel,OBBI,3956,60,asphalt,ILS,1,1,advanced,1,major,1,1,1,1,1,1,1,open,none,safe,civil,0,71.677721,1668,preferred,7.0,0
S00063,OBBI,26.451089,51.327191,B737-800,narrow_body,2288,weather,1162,normal,1.0,950.0,950.0,1626.04987,aircraft_fuel,OJAI,3660,61,asphalt,ILS,1,1,advanced,1,major,1,1,1,1,1,1,1,open,none,safe,civil,0,1599.248606,1372,extended,8.0,0
S00063,OBBI,26.451089,51.327191,B737-800,narrow_body,2288,weather,1162,normal,1.0,950.0,950.0,1626.04987,aircraft_fuel,OPKC,3400,46,concrete,RNAV,0,1,basic,1,basic,1,1,1,1,1,1,1,open,none,caution,civil,0,1594.972545,1112,extended,9.0,0
S00064,OJAI,31.128782,36.445209,B777-300ER,wide_body,3322,mechanical,929,critical,0.75,1125.0,929.0,1548.044793,emergency,OKKK,4580,60,asphalt,ILS,1,1,advanced,1,major,1,1,1,1,1,1,1,open,none,safe,civil,0,1127.300966,1258,extended,1.0,1
S00064,OJAI,31.128782,36.445209,B777-300ER,wide_body,3322,mechanical,929,critical,0.75,1125.0,929.0,1548.044793,emergency,HECA,4000,60,asphalt,ILS,1,1,basic,1,major,1,1,1,1,1,1,1,open,none,safe,civil,0,496.106958,678,preferred,2.0,0
S00064,OJAI,31.128782,36.445209,B777-300ER,wide_body,3322,mechanical,929,critical,0.75,1125.0,929.0,1548.044793,emergency,OERK,4205,60,asphalt,ILS,1,1,advanced,1,major,1,1,1,1,1,1,1,open,none,safe,civil,0,1216.994455,883,extended,3.0,0
S00064,OJAI,31.128782,36.445209,B777-300ER,wide_body,3322,mechanical,929,critical,0.75,1125.0,929.0,1548.044793,emergency,LTFM,4100,60,asphalt,ILS,1,1,advanced,1,major,1,1,1,1,1,1,0,open,none,safe,civil,0,1322.221603,778,extended,4.0,0
S00064,OJAI,31.128782,36.445209,B777-300ER,wide_body,3322,mechanical,929,critical,0.75,1125.0,929.0,1548.044793,emergency,OJAI,3660,61,asphalt,ILS,1,1,advanced,1,major,1,1,1,1,1,1,1,open,none,safe,civil,0,78.735838,338,preferred,5.0,0
S00064,OJAI,31.128782,36.445209,B777-300ER,wide_body,3322,mechanical,929,critical,0.75,1125.0,929.0,1548.044793,emergency,LGAV,4000,45,asphalt,ILS,1,1,advanced,1,major,1,1,1,1,1,1,1,open,none,safe,civil,0,1370.710412,678,extended,6.0,0
S00064,OJAI,31.128782,36.445209,B777-300ER,wide_body,3322,mechanical,929,critical,0.75,1125.0,929.0,1548.044793,emergency,OBBI,3956,60,asphalt,ILS,1,1,advanced,1,major,1,1,1,1,1,1,1,open,none,safe,civil,0,1484.579543,634,extended,7.0,0
S00064,OJAI,31.128782,36.445209,B777-300ER,wide_body,3322,mechanical,929,critical,0.75,1125.0,929.0,1548.044793,emergency,LTAC,3750,45,asphalt,ILS,1,1,advanced,1,major,1,1,1,1,1,1,1,open,none,safe,joint,0,1047.889583,428,extended,8.0,0
S00065,KLAX,34.397387,-118.476782,A320,narrow_body,2367,medical,904,normal,1.0,950.0,904.0,1487.663872,emergency,KLAX,3939,46,concrete,ILS,1,1,advanced,1,major,1,1,1,1,1,1,1,open,none,safe,civil,0,50.975336,1572,preferred,1.0,1
S00066,FACT,-34.796816,18.555583,A320,narrow_body,2354,weather,534,normal,1.0,950.0,534.0,902.053458,emergency,FACT,3201,61,asphalt,RNAV,0,1,basic,1,basic,1,0,1,1,1,1,1,open,none,safe,civil,0,91.598929,847,preferred,1.0,1
S00067,YMML,-38.034655,144.971076,A350-900,wide_body,2876,weather,973,normal,1.0,1500.0,973.0,1652.788732,emergency,YSSY,3962,45,asphalt,ILS,1,1,advanced,1,major,1,1,1,0,1,1,1,open,none,safe,civil,1,719.713109,1086,preferred,1.0,1
S00067,YMML,-38.034655,144.971076,A350-900,wide_body,2876,weather,973,normal,1.0,1500.0,973.0,1652.788732,emergency,YMML,3657,60,asphalt,ILS,1,1,advanced,1,major,1,1,1,1,1,1,1,open,none,safe,civil,0,42.121845,781,preferred,2.0,0
S00068,ZSPD,30.43141,122.521094,A321,narrow_body,2311,technical,787,normal,1.0,1000.0,787.0,1302.765792,emergency,ZSPD,4000,60,concrete,ILS,1,1,advanced,1,major,1,1,1,1,1,1,1,open,none,safe,civil,1,104.627317,1689,preferred,1.0,1
S00068,ZSPD,30.43141,122.521094,A321,narrow_body,2311,technical,787,normal,1.0,1000.0,787.0,1302.765792,emergency,RCTP,3660,60,concrete,ILS,1,1,advanced,1,major,1,1,1,1,1,1,1,open,none,safe,civil,0,608.631852,1349,preferred,2.0,0
S00068,ZSPD,30.43141,122.521094,A321,narrow_body,2311,technical,787,normal,1.0,1000.0,787.0,1302.765792,emergency,RKSI,4000,60,asphalt,ILS,1,1,advanced,1,major,1,1,1,1,1,1,1,open,none,safe,civil,1,862.197932,1689,extended,3.0,0
S00068,ZSPD,30.43141,122.521094,A321,narrow_body,2311,technical,787,normal,1.0,1000.0,787.0,1302.765792,emergency,ZBAA,3810,60,asphalt,ILS,1,1,advanced,1,major,1,1,1,1,1,1,1,open,none,safe,civil,1,1199.171894,1499,extended,4.0,0
S00069,MMMX,19.366572,-99.487156,A320,narrow_body,2324,medical,813,normal,1.0,950.0,813.0,1367.104525,emergency,MMMX,3952,45,asphalt,ILS,1,1,basic,1,major,1,1,1,1,1,1,1,open,none,safe,civil,0,44.390006,1628,preferred,1.0,1
S00070,MMMX,18.455691,-98.102691,E175,regional_jet,1814,fuel,860,critical,0.75,562.5,562.5,865.31188,aircraft_fuel,MMMX,3952,45,asphalt,ILS,1,1,basic,1,major,1,1,1,1,1,1,1,open,none,safe,civil,0,149.111191,2138,preferred,1.0,1
S00071,RPLL,14.802177,120.706741,B767-300ER,wide_body,3013,medical,880,critical,0.75,937.5,880.0,1486.174419,emergency,RPLL,3737,60,concrete,ILS,1,1,basic,1,basic,1,1,1,1,1,1,1,open,none,caution,civil,0,46.917819,724,preferred,1.0,1
S00071,RPLL,14.802177,120.706741,B767-300ER,wide_body,3013,medical,880,critical,0.75,937.5,880.0,1486.174419,emergency,RCTP,3660,60,concrete,ILS,1,1,advanced,1,major,1,1,1,1,1,1,1,open,none,safe,civil,0,1143.904515,647,extended,2.0,0
S00072,OERK,25.201428,47.190481,E170,regional_jet,1735,fuel,852,critical,0.75,525.0,525.0,782.666677,aircraft_fuel,OTHH,4850,60,asphalt,ILS,1,1,advanced,1,major,1,1,1,1,1,1,1,open,none,safe,civil,0,444.377119,3115,preferred,1.0,1
S00072,OERK,25.201428,47.190481,E170,regional_jet,1735,fuel,852,critical,0.75,525.0,525.0,782.666677,aircraft_fuel,OKKK,4580,60,asphalt,ILS,1,1,advanced,1,major,1,1,1,1,1,1,1,open,none,safe,civil,0,453.928611,2845,preferred,2.0,0
S00072,OERK,25.201428,47.190481,E170,regional_jet,1735,fuel,852,critical,0.75,525.0,525.0,782.666677,aircraft_fuel,OERK,4205,60,asphalt,ILS,1,1,advanced,1,major,1,1,1,1,1,1,1,open,none,safe,civil,0,56.454509,2470,preferred,3.0,0
S00072,OERK,25.201428,47.190481,E170,regional_jet,1735,fuel,852,critical,0.75,525.0,525.0,782.666677,aircraft_fuel,OBBI,3956,60,asphalt,ILS,1,1,advanced,1,major,1,1,1,1,1,1,1,open,none,safe,civil,0,365.046077,2221,preferred,4.0,0
S00072,OERK,25.201428,47.190481,E170,regional_jet,1735,fuel,852,critical,0.75,525.0,525.0,782.666677,aircraft_fuel,OMAA,4106,60,asphalt,ILS,1,1,advanced,1,major,1,1,1,1,1,1,1,open,none,safe,civil,0,757.392223,2371,extended,5.0,0
S00073,ZSPD,31.332725,121.646441,A321,narrow_body,2405,weather,1122,low,0.9,900.0,900.0,1565.427556,aircraft_fuel,ZSPD,4000,60,concrete,ILS,1,1,advanced,1,major,1,1,1,1,1,1,1,open,none,safe,civil,1,25.89277,1595,preferred,1.0,1
S00073,ZSPD,31.332725,121.646441,A321,narrow_body,2405,weather,1122,low,0.9,900.0,900.0,1565.427556,aircraft_fuel,RKSI,4000,60,asphalt,ILS,1,1,advanced,1,major,1,1,1,1,1,1,1,open,none,safe,civil,1,812.037823,1595,preferred,2.0,0
S00073,ZSPD,31.332725,121.646441,A321,narrow_body,2405,weather,1122,low,0.9,900.0,900.0,1565.427556,aircraft_fuel,RCTP,3660,60,concrete,ILS,1,1,advanced,1,major,1,1,1,1,1,1,1,open,none,safe,civil,0,696.703798,1255,preferred,3.0,0
S00073,ZSPD,31.332725,121.646441,A321,narrow_body,2405,weather,1122,low,0.9,900.0,900.0,1565.427556,aircraft_fuel,ZBAA,3810,60,asphalt,ILS,1,1,advanced,1,major,1,1,1,1,1,1,1,open,none,safe,civil,1,1073.453974,1405,extended,4.0,0
S00074,OJAI,32.279022,36.515727,B787-9,wide_body,2917,operational_constraints,746,low,0.9,1260.0,746.0,1277.507482,emergency,OKKK,4580,60,asphalt,ILS,1,1,advanced,1,major,1,1,1,1,1,1,1,open,none,safe,civil,0,1145.326262,1663,extended,1.0,1
S00074,OJAI,32.279022,36.515727,B787-9,wide_body,2917,operational_constraints,746,low,0.9,1260.0,746.0,1277.507482,emergency,HECA,4000,60,asphalt,ILS,1,1,basic,1,major,1,1,1,1,1,1,1,open,none,safe,civil,0,543.197872,1083,preferred,2.0,0
S00074,OJAI,32.279022,36.515727,B787-9,wide_body,2917,operational_constraints,746,low,0.9,1260.0,746.0,1277.507482,emergency,LTFM,4100,60,asphalt,ILS,1,1,advanced,1,major,1,1,1,1,1,1,0,open,none,safe,civil,0,1215.834756,1183,extended,3.0,0
S00074,OJAI,32.279022,36.515727,B787-9,wide_body,2917,operational_constraints,746,low,0.9,1260.0,746.0,1277.507482,emergency,OJAI,3660,61,asphalt,ILS,1,1,advanced,1,major,1,1,1,1,1,1,1,open,none,safe,civil,0,79.093997,743,preferred,4.0,0
S00074,OJAI,32.279022,36.515727,B787-9,wide_body,2917,operational_constraints,746,low,0.9,1260.0,746.0,1277.507482,emergency,LTAC,3750,45,asphalt,ILS,1,1,advanced,1,major,1,1,1,1,1,1,1,open,none,safe,joint,0,927.960136,833,extended,5.0,0
S00074,OJAI,32.279022,36.515727,B787-9,wide_body,2917,operational_constraints,746,low,0.9,1260.0,746.0,1277.507482,emergency,LCLK,2987,45,asphalt,ILS,1,0,none,1,basic,1,0,1,1,1,1,1,open,none,safe,civil,0,393.725293,70,preferred,6.0,0
S00074,OJAI,32.279022,36.515727,B787-9,wide_body,2917,operational_constraints,746,low,0.9,1260.0,746.0,1277.507482,emergency,HELX,3000,45,asphalt,RNAV,0,0,none,1,basic,1,0,1,0,0,1,1,open,none,safe,joint,0,822.736166,83,extended,7.0,0
S00075,YSSY,-32.847751,150.958204,B747-8,very_large,3602,technical,689,normal,1.0,1550.0,689.0,1264.496299,emergency,YSSY,3962,45,asphalt,ILS,1,1,advanced,1,major,1,1,1,0,1,1,1,open,none,safe,civil,1,123.808044,360,preferred,1.0,1
S00075,YSSY,-32.847751,150.958204,B747-8,very_large,3602,technical,689,normal,1.0,1550.0,689.0,1264.496299,emergency,YMML,3657,60,asphalt,ILS,1,1,advanced,1,major,1,1,1,1,1,1,1,open,none,safe,civil,0,771.917213,55,extended,2.0,0
S00076,WMKK,2.793588,101.273167,A330-300,wide_body,2906,technical,1133,normal,1.0,1300.0,1133.0,2117.529847,emergency,WMKK,4124,60,asphalt,ILS,1,1,advanced,1,major,1,1,1,1,1,1,1,open,none,safe,civil,0,48.80956,1218,preferred,1.0,1
S00076,WMKK,2.793588,101.273167,A330-300,wide_body,2906,technical,1133,normal,1.0,1300.0,1133.0,2117.529847,emergency,WSSS,4000,60,asphalt,ILS,1,1,advanced,1,major,1,1,1,1,1,1,1,open,none,safe,civil,1,342.297572,1094,preferred,2.0,0
S00076,WMKK,2.793588,101.273167,A330-300,wide_body,2906,technical,1133,normal,1.0,1300.0,1133.0,2117.529847,emergency,VTBS,4000,60,asphalt,ILS,1,1,advanced,1,major,1,1,1,1,1,1,1,open,none,safe,civil,0,1212.015602,1094,extended,3.0,0
S00076,WMKK,2.793588,101.273167,A330-300,wide_body,2906,technical,1133,normal,1.0,1300.0,1133.0,2117.529847,emergency,WIMM,3000,60,asphalt,RNAV,1,1,basic,1,basic,1,0,1,1,0,1,1,open,none,safe,civil,0,281.374867,94,preferred,4.0,0
S00077,LIRF,41.792096,11.440358,B777-300ER,wide_body,3225,weather,508,low,0.9,1350.0,508.0,845.692236,emergency,LIRF,3902,60,asphalt,ILS,1,1,basic,1,major,1,1,1,1,1,1,1,open,none,safe,civil,1,67.295124,677,preferred,1.0,1
S00078,LCLK,34.853787,32.645202,B767-300ER,wide_body,2969,mechanical,584,normal,1.0,1250.0,584.0,925.734897,emergency,HECA,4000,60,asphalt,ILS,1,1,basic,1,major,1,1,1,1,1,1,1,open,none,safe,civil,0,540.145807,1031,preferred,1.0,1
S00078,LCLK,34.853787,32.645202,B767-300ER,wide_body,2969,mechanical,584,normal,1.0,1250.0,584.0,925.734897,emergency,LTFM,4100,60,asphalt,ILS,1,1,advanced,1,major,1,1,1,1,1,1,0,open,none,safe,civil,0,791.691048,1131,extended,2.0,0
S00078,LCLK,34.853787,32.645202,B767-300ER,wide_body,2969,mechanical,584,normal,1.0,1250.0,584.0,925.734897,emergency,OJAI,3660,61,asphalt,ILS,1,1,advanced,1,major,1,1,1,1,1,1,1,open,none,safe,civil,0,466.908433,691,preferred,3.0,0
S00078,LCLK,34.853787,32.645202,B767-300ER,wide_body,2969,mechanical,584,normal,1.0,1250.0,584.0,925.734897,emergency,LGAV,4000,45,asphalt,ILS,1,1,advanced,1,major,1,1,1,1,1,1,1,open,none,safe,civil,0,850.392819,1031,extended,4.0,0
S00078,LCLK,34.853787,32.645202,B767-300ER,wide_body,2969,mechanical,584,normal,1.0,1250.0,584.0,925.734897,emergency,LTAC,3750,45,asphalt,ILS,1,1,advanced,1,major,1,1,1,1,1,1,1,open,none,safe,joint,0,587.287277,781,extended,5.0,0
S00078,LCLK,34.853787,32.645202,B767-300ER,wide_body,2969,mechanical,584,normal,1.0,1250.0,584.0,925.734897,emergency,LCLK,2987,45,asphalt,ILS,1,0,none,1,basic,1,0,1,1,1,1,1,open,none,safe,civil,0,89.415058,18,preferred,6.0,0
S00079,LEMD,41.274058,-3.481177,E175,regional_jet,1885,operational_constraints,952,normal,1.0,750.0,750.0,1130.485846,aircraft_fuel,LEMD,4350,60,asphalt,ILS,1,1,advanced,1,major,1,1,1,1,1,1,1,open,none,safe,civil,1,87.141402,2465,preferred,1.0,1
S00079,LEMD,41.274058,-3.481177,E175,regional_jet,1885,operational_constraints,952,normal,1.0,750.0,750.0,1130.485846,aircraft_fuel,LFPG,4215,45,asphalt,ILS,1,1,advanced,1,major,1,1,1,1,1,1,1,open,none,safe,civil,1,980.986791,2330,extended,2.0,0
S00079,LEMD,41.274058,-3.481177,E175,regional_jet,1885,operational_constraints,952,normal,1.0,750.0,750.0,1130.485846,aircraft_fuel,LPPT,3707,45,asphalt,ILS,1,1,advanced,1,major,1,1,1,1,1,1,1,open,none,safe,civil,0,555.39021,1822,preferred,3.0,0
S00079,LEMD,41.274058,-3.481177,E175,regional_jet,1885,operational_constraints,952,normal,1.0,750.0,750.0,1130.485846,aircraft_fuel,GMMN,3720,45,asphalt,ILS,1,1,advanced,1,major,1,1,1,1,1,1,1,open,none,safe,civil,0,950.974794,1835,extended,4.0,0
S00079,LEMD,41.274058,-3.481177,E175,regional_jet,1885,operational_constraints,952,normal,1.0,750.0,750.0,1130.485846,aircraft_fuel,DAAG,3500,60,asphalt,RNAV,0,1,basic,1,basic,1,1,1,1,1,1,0,open,none,safe,civil,0,770.478115,1615,extended,5.0,0
S00079,LEMD,41.274058,-3.481177,E175,regional_jet,1885,operational_constraints,952,normal,1.0,750.0,750.0,1130.485846,aircraft_fuel,EGKK,3317,45,asphalt,ILS,1,1,advanced,1,major,1,1,1,1,1,1,1,open,none,safe,civil,1,1126.608664,1432,extended,6.0,0
S00080,RKSI,37.693742,126.283631,A321,narrow_body,2327,fuel,661,normal,1.0,1000.0,661.0,1031.037923,emergency,RKSI,4000,60,asphalt,ILS,1,1,advanced,1,major,1,1,1,1,1,1,1,open,none,safe,civil,1,29.007912,1673,preferred,1.0,1
S00080,RKSI,37.693742,126.283631,A321,narrow_body,2327,fuel,661,normal,1.0,1000.0,661.0,1031.037923,emergency,ZSPD,4000,60,concrete,ILS,1,1,advanced,1,major,1,1,1,1,1,1,1,open,none,safe,civil,1,835.951351,1673,extended,2.0,0
S00080,RKSI,37.693742,126.283631,A321,narrow_body,2327,fuel,661,normal,1.0,1000.0,661.0,1031.037923,emergency,ZBAA,3810,60,asphalt,ILS,1,1,advanced,1,major,1,1,1,1,1,1,1,open,none,safe,civil,1,878.794295,1483,extended,3.0,0
S00081,OPLA,31.743108,74.180265,B777-300ER,wide_body,3071,technical,481,low,0.9,1350.0,481.0,796.283023,emergency,VIDP,4430,60,asphalt,ILS,1,1,advanced,1,major,1,1,1,1,1,1,1,open,none,safe,civil,1,451.809375,1359,preferred,1.0,1
S00081,OPLA,31.743108,74.180265,B777-300ER,wide_body,3071,technical,481,low,0.9,1350.0,481.0,796.283023,emergency,OPLA,3360,46,concrete,RNAV,0,0,none,1,basic,1,0,1,1,1,1,1,open,none,caution,civil,0,32.461469,289,preferred,2.0,0
S00082,LCLK,35.285327,33.729698,A320,narrow_body,2306,security,750,critical,0.75,712.5,712.5,1134.324561,aircraft_fuel,HECA,4000,60,asphalt,ILS,1,1,basic,1,major,1,1,1,1,1,1,1,open,none,safe,civil,0,615.266731,1694,preferred,1.0,1
S00082,LCLK,35.285327,33.729698,A320,narrow_body,2306,security,750,critical,0.75,712.5,712.5,1134.324561,aircraft_fuel,LTFM,4100,60,asphalt,ILS,1,1,advanced,1,major,1,1,1,1,1,1,0,open,none,safe,civil,0,795.809057,1794,extended,2.0,0
S00082,LCLK,35.285327,33.729698,A320,narrow_body,2306,security,750,critical,0.75,712.5,712.5,1134.324561,aircraft_fuel,OJAI,3660,61,asphalt,ILS,1,1,advanced,1,major,1,1,1,1,1,1,1,open,none,safe,civil,0,448.276248,1354,preferred,3.0,0
S00082,LCLK,35.285327,33.729698,A320,narrow_body,2306,security,750,critical,0.75,712.5,712.5,1134.324561,aircraft_fuel,LGAV,4000,45,asphalt,ILS,1,1,advanced,1,major,1,1,1,1,1,1,1,open,none,safe,civil,0,921.24586,1694,extended,4.0,0
S00082,LCLK,35.285327,33.729698,A320,narrow_body,2306,security,750,critical,0.75,712.5,712.5,1134.324561,aircraft_fuel,LTAC,3750,45,asphalt,ILS,1,1,advanced,1,major,1,1,1,1,1,1,1,open,none,safe,joint,0,542.349385,1444,preferred,5.0,0
S00082,LCLK,35.285327,33.729698,A320,narrow_body,2306,security,750,critical,0.75,712.5,712.5,1134.324561,aircraft_fuel,LCLK,2987,45,asphalt,ILS,1,0,none,1,basic,1,0,1,1,1,1,1,open,none,safe,civil,0,46.601393,681,preferred,6.0,0
S00082,LCLK,35.285327,33.729698,A320,narrow_body,2306,security,750,critical,0.75,712.5,712.5,1134.324561,aircraft_fuel,HELX,3000,45,asphalt,RNAV,0,0,none,1,basic,1,0,1,0,0,1,1,open,none,safe,joint,0,1073.529282,694,extended,7.0,0
S00083,ZSPD,31.299543,121.546406,A350-900,wide_body,2939,medical,704,normal,1.0,1500.0,704.0,1217.564078,emergency,ZSPD,4000,60,concrete,ILS,1,1,advanced,1,major,1,1,1,1,1,1,1,open,none,safe,civil,1,30.101653,1061,preferred,1.0,1
S00083,ZSPD,31.299543,121.546406,A350-900,wide_body,2939,medical,704,normal,1.0,1500.0,704.0,1217.564078,emergency,RCTP,3660,60,concrete,ILS,1,1,advanced,1,major,1,1,1,1,1,1,1,open,none,safe,civil,0,692.517642,721,preferred,2.0,0
S00083,ZSPD,31.299543,121.546406,A350-900,wide_body,2939,medical,704,normal,1.0,1500.0,704.0,1217.564078,emergency,RKSI,4000,60,asphalt,ILS,1,1,advanced,1,major,1,1,1,1,1,1,1,open,none,safe,civil,1,820.17272,1061,extended,3.0,0
S00083,ZSPD,31.299543,121.546406,A350-900,wide_body,2939,medical,704,normal,1.0,1500.0,704.0,1217.564078,emergency,ZBAA,3810,60,asphalt,ILS,1,1,advanced,1,major,1,1,1,1,1,1,1,open,none,safe,civil,1,1073.059603,871,extended,4.0,0
S00084,OMDB,25.304747,55.949527,E170,regional_jet,1692,technical,850,normal,1.0,700.0,700.0,1140.911601,aircraft_fuel,OTHH,4850,60,asphalt,ILS,1,1,advanced,1,major,1,1,1,1,1,1,1,open,none,safe,civil,0,436.48055,3158,preferred,1.0,1
S00084,OMDB,25.304747,55.949527,E170,regional_jet,1692,technical,850,normal,1.0,700.0,700.0,1140.911601,aircraft_fuel,OMDB,4447,60,asphalt,ILS,1,1,advanced,1,major,1,1,1,1,1,1,1,open,none,safe,civil,1,58.490728,2755,preferred,2.0,0
S00084,OMDB,25.304747,55.949527,E170,regional_jet,1692,technical,850,normal,1.0,700.0,700.0,1140.911601,aircraft_fuel,OKKK,4580,60,asphalt,ILS,1,1,advanced,1,major,1,1,1,1,1,1,1,open,none,safe,civil,0,900.782237,2888,extended,3.0,0
S00084,OMDB,25.304747,55.949527,E170,regional_jet,1692,technical,850,normal,1.0,700.0,700.0,1140.911601,aircraft_fuel,OMAA,4106,60,asphalt,ILS,1,1,advanced,1,major,1,1,1,1,1,1,1,open,none,safe,civil,0,162.576999,2414,preferred,4.0,0
S00084,OMDB,25.304747,55.949527,E170,regional_jet,1692,technical,850,normal,1.0,700.0,700.0,1140.911601,aircraft_fuel,OOMS,4080,45,asphalt,ILS,1,1,advanced,1,major,1,1,1,1,1,1,1,open,none,safe,civil,0,303.006743,2388,preferred,5.0,0
S00084,OMDB,25.304747,55.949527,E170,regional_jet,1692,technical,850,normal,1.0,700.0,700.0,1140.911601,aircraft_fuel,OBBI,3956,60,asphalt,ILS,1,1,advanced,1,major,1,1,1,1,1,1,1,open,none,safe,civil,0,542.457406,2264,preferred,6.0,0
S00084,OMDB,25.304747,55.949527,E170,regional_jet,1692,technical,850,normal,1.0,700.0,700.0,1140.911601,aircraft_fuel,OERK,4205,60,asphalt,ILS,1,1,advanced,1,major,1,1,1,1,1,1,1,open,none,safe,civil,0,931.875971,2513,extended,7.0,0
S00084,OMDB,25.304747,55.949527,E170,regional_jet,1692,technical,850,normal,1.0,700.0,700.0,1140.911601,aircraft_fuel,OPKC,3400,46,concrete,RNAV,0,1,basic,1,basic,1,1,1,1,1,1,1,open,none,caution,civil,0,1129.402588,1708,extended,8.0,0
S00085,OBBI,26.028477,50.965715,CRJ900,regional_jet,1878,operational_constraints,1010,normal,1.0,700.0,700.0,1142.880415,aircraft_fuel,OTHH,4850,60,asphalt,ILS,1,1,advanced,1,major,1,1,1,1,1,1,1,open,none,safe,civil,0,105.836127,2972,preferred,1.0,1
S00085,OBBI,26.028477,50.965715,CRJ900,regional_jet,1878,operational_constraints,1010,normal,1.0,700.0,700.0,1142.880415,aircraft_fuel,OKKK,4580,60,asphalt,ILS,1,1,advanced,1,major,1,1,1,1,1,1,1,open,none,safe,civil,0,461.911706,2702,preferred,2.0,0
S00085,OBBI,26.028477,50.965715,CRJ900,regional_jet,1878,operational_constraints,1010,normal,1.0,700.0,700.0,1142.880415,aircraft_fuel,OMDB,4447,60,asphalt,ILS,1,1,advanced,1,major,1,1,1,1,1,1,1,open,none,safe,civil,1,449.995675,2569,preferred,3.0,0
S00085,OBBI,26.028477,50.965715,CRJ900,regional_jet,1878,operational_constraints,1010,normal,1.0,700.0,700.0,1142.880415,aircraft_fuel,OERK,4205,60,asphalt,ILS,1,1,advanced,1,major,1,1,1,1,1,1,1,open,none,safe,civil,0,444.483122,2327,preferred,4.0,0
S00085,OBBI,26.028477,50.965715,CRJ900,regional_jet,1878,operational_constraints,1010,normal,1.0,700.0,700.0,1142.880415,aircraft_fuel,OMAA,4106,60,asphalt,ILS,1,1,advanced,1,major,1,1,1,1,1,1,1,open,none,safe,civil,0,410.376045,2228,preferred,5.0,0
S00085,OBBI,26.028477,50.965715,CRJ900,regional_jet,1878,operational_constraints,1010,normal,1.0,700.0,700.0,1142.880415,aircraft_fuel,OBBI,3956,60,asphalt,ILS,1,1,advanced,1,major,1,1,1,1,1,1,1,open,none,safe,civil,0,42.160892,2078,preferred,6.0,0
S00085,OBBI,26.028477,50.965715,CRJ900,regional_jet,1878,operational_constraints,1010,normal,1.0,700.0,700.0,1142.880415,aircraft_fuel,OOMS,4080,45,asphalt,ILS,1,1,advanced,1,major,1,1,1,1,1,1,1,open,none,safe,civil,0,786.380908,2202,extended,7.0,0
S00086,OMDB,24.511412,55.30334,A320,narrow_body,2454,medical,495,normal,1.0,950.0,495.0,760.100055,emergency,OTHH,4850,60,asphalt,ILS,1,1,advanced,1,major,1,1,1,1,1,1,1,open,none,safe,civil,0,382.210086,2396,preferred,1.0,1
S00086,OMDB,24.511412,55.30334,A320,narrow_body,2454,medical,495,normal,1.0,950.0,495.0,760.100055,emergency,OMDB,4447,60,asphalt,ILS,1,1,advanced,1,major,1,1,1,1,1,1,1,open,none,safe,civil,1,82.387009,1993,preferred,2.0,0
S00086,OMDB,24.511412,55.30334,A320,narrow_body,2454,medical,495,normal,1.0,950.0,495.0,760.100055,emergency,OMAA,4106,60,asphalt,ILS,1,1,advanced,1,major,1,1,1,1,1,1,1,open,none,safe,civil,0,66.658468,1652,preferred,3.0,0
S00086,OMDB,24.511412,55.30334,A320,narrow_body,2454,medical,495,normal,1.0,950.0,495.0,760.100055,emergency,OOMS,4080,45,asphalt,ILS,1,1,advanced,1,major,1,1,1,1,1,1,1,open,none,safe,civil,0,319.270253,1626,preferred,4.0,0
S00086,OMDB,24.511412,55.30334,A320,narrow_body,2454,medical,495,normal,1.0,950.0,495.0,760.100055,emergency,OBBI,3956,60,asphalt,ILS,1,1,advanced,1,major,1,1,1,1,1,1,1,open,none,safe,civil,0,507.684267,1502,extended,5.0,0
S00087,OMAA,24.063196,54.855809,A350-900,wide_body,3027,operational_constraints,996,normal,1.0,1500.0,996.0,1642.450956,emergency,OTHH,4850,60,asphalt,ILS,1,1,advanced,1,major,1,1,1,1,1,1,1,open,none,safe,civil,0,354.664404,1823,preferred,1.0,1
S00087,OMAA,24.063196,54.855809,A350-900,wide_body,3027,operational_constraints,996,normal,1.0,1500.0,996.0,1642.450956,emergency,OKKK,4580,60,asphalt,ILS,1,1,advanced,1,major,1,1,1,1,1,1,1,open,none,safe,civil,0,892.792716,1553,preferred,2.0,0
S00087,OMAA,24.063196,54.855809,A350-900,wide_body,3027,operational_constraints,996,normal,1.0,1500.0,996.0,1642.450956,emergency,OMDB,4447,60,asphalt,ILS,1,1,advanced,1,major,1,1,1,1,1,1,1,open,none,safe,civil,1,141.842809,1420,preferred,3.0,0
S00087,OMAA,24.063196,54.855809,A350-900,wide_body,3027,operational_constraints,996,normal,1.0,1500.0,996.0,1642.450956,emergency,OERK,4205,60,asphalt,ILS,1,1,advanced,1,major,1,1,1,1,1,1,1,open,none,safe,civil,0,831.121145,1178,preferred,4.0,0
S00087,OMAA,24.063196,54.855809,A350-900,wide_body,3027,operational_constraints,996,normal,1.0,1500.0,996.0,1642.450956,emergency,OMAA,4106,60,asphalt,ILS,1,1,advanced,1,major,1,1,1,1,1,1,1,open,none,safe,civil,0,46.937228,1079,preferred,5.0,0
S00087,OMAA,24.063196,54.855809,A350-900,wide_body,3027,operational_constraints,996,normal,1.0,1500.0,996.0,1642.450956,emergency,OOMS,4080,45,asphalt,ILS,1,1,advanced,1,major,1,1,1,1,1,1,1,open,none,safe,civil,0,352.592584,1053,preferred,6.0,0
S00087,OMAA,24.063196,54.855809,A350-900,wide_body,3027,operational_constraints,996,normal,1.0,1500.0,996.0,1642.450956,emergency,OBBI,3956,60,asphalt,ILS,1,1,advanced,1,major,1,1,1,1,1,1,1,open,none,safe,civil,0,490.134907,929,preferred,7.0,0
S00087,OMAA,24.063196,54.855809,A350-900,wide_body,3027,operational_constraints,996,normal,1.0,1500.0,996.0,1642.450956,emergency,OPKC,3400,46,concrete,RNAV,0,1,basic,1,basic,1,1,1,1,1,1,1,open,none,caution,civil,0,1248.302684,373,extended,8.0,0
S00088,OJAI,32.20571,35.973918,E175,regional_jet,1743,medical,798,normal,1.0,750.0,750.0,1185.833526,aircraft_fuel,HECA,4000,60,asphalt,ILS,1,1,basic,1,major,1,1,1,1,1,1,1,open,none,safe,civil,0,493.810049,2257,preferred,1.0,1
S00088,OJAI,32.20571,35.973918,E175,regional_jet,1743,medical,798,normal,1.0,750.0,750.0,1185.833526,aircraft_fuel,OJAI,3660,61,asphalt,ILS,1,1,advanced,1,major,1,1,1,1,1,1,1,open,none,safe,civil,0,53.75005,1917,preferred,2.0,0
S00088,OJAI,32.20571,35.973918,E175,regional_jet,1743,medical,798,normal,1.0,750.0,750.0,1185.833526,aircraft_fuel,LTAC,3750,45,asphalt,ILS,1,1,advanced,1,major,1,1,1,1,1,1,1,open,none,safe,joint,0,920.455605,2007,extended,3.0,0
S00089,LTFM,40.743164,29.153652,E175,regional_jet,1783,security,836,normal,1.0,750.0,750.0,1174.112884,aircraft_fuel,LTFM,4100,60,asphalt,ILS,1,1,advanced,1,major,1,1,1,1,1,1,0,open,none,safe,civil,0,68.894834,2317,preferred,1.0,1
S00089,LTFM,40.743164,29.153652,E175,regional_jet,1783,security,836,normal,1.0,750.0,750.0,1174.112884,aircraft_fuel,LGAV,4000,45,asphalt,ILS,1,1,advanced,1,major,1,1,1,1,1,1,1,open,none,safe,civil,0,545.813491,2217,preferred,2.0,0
S00089,LTFM,40.743164,29.153652,E175,regional_jet,1783,security,836,normal,1.0,750.0,750.0,1174.112884,aircraft_fuel,LTAC,3750,45,asphalt,ILS,1,1,advanced,1,major,1,1,1,1,1,1,1,open,none,safe,joint,0,332.203988,1967,preferred,3.0,0
S00089,LTFM,40.743164,29.153652,E175,regional_jet,1783,security,836,normal,1.0,750.0,750.0,1174.112884,aircraft_fuel,LCLK,2987,45,asphalt,ILS,1,0,none,1,basic,1,0,1,1,1,1,1,open,none,safe,civil,0,761.340515,1204,extended,4.0,0
S00090,LIRF,41.533558,12.41708,A220-300,narrow_body,2122,technical,497,low,0.9,855.0,497.0,831.397115,emergency,LIRF,3902,60,asphalt,ILS,1,1,basic,1,major,1,1,1,1,1,1,1,open,none,safe,civil,1,33.104282,1780,preferred,1.0,1
S00090,LIRF,41.533558,12.41708,A220-300,narrow_body,2122,technical,497,low,0.9,855.0,497.0,831.397115,emergency,DTTA,3200,45,asphalt,RNAV,0,1,basic,1,basic,1,0,1,1,1,1,1,open,none,safe,civil,0,553.768038,1078,extended,2.0,0
S00091,KATL,33.916,-84.795942,A321,narrow_body,2384,weather,1180,normal,1.0,1000.0,1000.0,1667.749107,aircraft_fuel,KJFK,4423,61,asphalt,ILS,1,1,advanced,1,major,1,1,1,1,1,1,1,open,none,safe,civil,1,1226.774212,2039,extended,1.0,1
S00091,KATL,33.916,-84.795942,A321,narrow_body,2384,weather,1180,normal,1.0,1000.0,1000.0,1667.749107,aircraft_fuel,KORD,3962,46,concrete,ILS,1,1,advanced,1,major,1,1,1,1,1,1,1,open,none,safe,civil,0,936.860163,1578,preferred,2.0,0
S00091,KATL,33.916,-84.795942,A321,narrow_body,2384,weather,1180,normal,1.0,1000.0,1000.0,1667.749107,aircraft_fuel,KATL,3776,46,concrete,ILS,1,1,advanced,1,major,1,1,1,1,1,1,1,open,none,safe,civil,0,46.047836,1392,preferred,3.0,0
S00091,KATL,33.916,-84.795942,A321,narrow_body,2384,weather,1180,normal,1.0,1000.0,1000.0,1667.749107,aircraft_fuel,CYYZ,3389,61,asphalt,ILS,1,1,advanced,1,major,1,1,1,1,1,1,1,open,none,safe,civil,1,1173.361254,1005,extended,4.0,0
S00092,NZAA,-36.264313,175.599612,A319,narrow_body,2039,security,953,low,0.9,810.0,810.0,1264.319864,aircraft_fuel,NZAA,3635,45,concrete,ILS,1,1,advanced,1,major,1,1,1,1,1,1,1,open,none,safe,civil,0,110.351098,1596,preferred,1.0,1
S00093,LTAC,39.938014,32.197302,A350-900,wide_body,2813,operational_constraints,1197,normal,1.0,1500.0,1197.0,2029.734284,emergency,OKKK,4580,60,asphalt,ILS,1,1,advanced,1,major,1,1,1,1,1,1,1,open,none,safe,civil,0,1866.858091,1767,extended,1.0,1
S00093,LTAC,39.938014,32.197302,A350-900,wide_body,2813,operational_constraints,1197,normal,1.0,1500.0,1197.0,2029.734284,emergency,LTFM,4100,60,asphalt,ILS,1,1,advanced,1,major,1,1,1,1,1,1,0,open,none,safe,civil,0,328.093381,1287,preferred,2.0,0
S00093,LTAC,39.938014,32.197302,A350-900,wide_body,2813,operational_constraints,1197,normal,1.0,1500.0,1197.0,2029.734284,emergency,LGAV,4000,45,asphalt,ILS,1,1,advanced,1,major,1,1,1,1,1,1,1,open,none,safe,civil,0,747.355266,1187,preferred,3.0,0
S00093,LTAC,39.938014,32.197302,A350-900,wide_body,2813,operational_constraints,1197,normal,1.0,1500.0,1197.0,2029.734284,emergency,HECA,4000,60,asphalt,ILS,1,1,basic,1,major,1,1,1,1,1,1,1,open,none,safe,civil,0,1095.069268,1187,preferred,4.0,0
S00093,LTAC,39.938014,32.197302,A350-900,wide_body,2813,operational_constraints,1197,normal,1.0,1500.0,1197.0,2029.734284,emergency,OJAI,3660,61,asphalt,ILS,1,1,advanced,1,major,1,1,1,1,1,1,1,open,none,safe,civil,0,975.233472,847,preferred,5.0,0
S00093,LTAC,39.938014,32.197302,A350-900,wide_body,2813,operational_constraints,1197,normal,1.0,1500.0,1197.0,2029.734284,emergency,LIRF,3902,60,asphalt,ILS,1,1,basic,1,major,1,1,1,1,1,1,1,open,none,safe,civil,1,1686.005484,1089,extended,6.0,0
S00093,LTAC,39.938014,32.197302,A350-900,wide_body,2813,operational_constraints,1197,normal,1.0,1500.0,1197.0,2029.734284,emergency,LTAC,3750,45,asphalt,ILS,1,1,advanced,1,major,1,1,1,1,1,1,1,open,none,safe,joint,0,71.135968,937,preferred,7.0,0
S00093,LTAC,39.938014,32.197302,A350-900,wide_body,2813,operational_constraints,1197,normal,1.0,1500.0,1197.0,2029.734284,emergency,LCLK,2987,45,asphalt,ILS,1,0,none,1,basic,1,0,1,1,1,1,1,open,none,safe,civil,0,576.894326,174,preferred,8.0,0
S00093,LTAC,39.938014,32.197302,A350-900,wide_body,2813,operational_constraints,1197,normal,1.0,1500.0,1197.0,2029.734284,emergency,UUEE,3700,60,concrete,ILS,1,1,advanced,1,major,1,1,1,1,1,1,1,open,none,caution,civil,0,1823.923113,887,extended,9.0,0
S00093,LTAC,39.938014,32.197302,A350-900,wide_body,2813,operational_constraints,1197,normal,1.0,1500.0,1197.0,2029.734284,emergency,DTTA,3200,45,asphalt,RNAV,0,1,basic,1,basic,1,0,1,1,1,1,1,open,none,safe,civil,0,1940.056024,387,extended,10.0,0
S00093,LTAC,39.938014,32.197302,A350-900,wide_body,2813,operational_constraints,1197,normal,1.0,1500.0,1197.0,2029.734284,emergency,HELX,3000,45,asphalt,RNAV,0,0,none,1,basic,1,0,1,0,0,1,1,open,none,safe,joint,0,1587.125212,187,extended,11.0,0
S00094,OBBI,25.668346,51.290647,E190,regional_jet,1817,medical,528,normal,1.0,800.0,528.0,787.104995,emergency,OTHH,4850,60,asphalt,ILS,1,1,advanced,1,major,1,1,1,1,1,1,1,open,none,safe,civil,0,54.288797,3033,preferred,1.0,1
S00094,OBBI,25.668346,51.290647,E190,regional_jet,1817,medical,528,normal,1.0,800.0,528.0,787.104995,emergency,OKKK,4580,60,asphalt,ILS,1,1,advanced,1,major,1,1,1,1,1,1,1,open,none,safe,civil,0,513.495129,2763,preferred,2.0,0
S00094,OBBI,25.668346,51.290647,E190,regional_jet,1817,medical,528,normal,1.0,800.0,528.0,787.104995,emergency,OMDB,4447,60,asphalt,ILS,1,1,advanced,1,major,1,1,1,1,1,1,1,open,none,safe,civil,1,412.272619,2630,preferred,3.0,0
S00094,OBBI,25.668346,51.290647,E190,regional_jet,1817,medical,528,normal,1.0,800.0,528.0,787.104995,emergency,OERK,4205,60,asphalt,ILS,1,1,advanced,1,major,1,1,1,1,1,1,1,open,none,safe,civil,0,468.256294,2388,preferred,4.0,0
S00094,OBBI,25.668346,51.290647,E190,regional_jet,1817,medical,528,normal,1.0,800.0,528.0,787.104995,emergency,OMAA,4106,60,asphalt,ILS,1,1,advanced,1,major,1,1,1,1,1,1,1,open,none,safe,civil,0,364.79015,2289,preferred,5.0,0
S00094,OBBI,25.668346,51.290647,E190,regional_jet,1817,medical,528,normal,1.0,800.0,528.0,787.104995,emergency,OBBI,3956,60,asphalt,ILS,1,1,advanced,1,major,1,1,1,1,1,1,1,open,none,safe,civil,0,93.257756,2139,preferred,6.0,0
S00094,OBBI,25.668346,51.290647,E190,regional_jet,1817,medical,528,normal,1.0,800.0,528.0,787.104995,emergency,OOMS,4080,45,asphalt,ILS,1,1,advanced,1,major,1,1,1,1,1,1,1,open,none,safe,civil,0,743.308448,2263,extended,7.0,0
S00095,NZAA,-37.54289,175.036517,B737 MAX 8,narrow_body,2321,fuel,349,low,0.9,900.0,349.0,559.65193,emergency,NZAA,3635,45,concrete,ILS,1,1,advanced,1,major,1,1,1,1,1,1,1,open,none,safe,civil,0,63.047157,1314,preferred,1.0,1
S00096,LPPT,39.428253,-8.890108,A320,narrow_body,2430,security,526,critical,0.75,712.5,526.0,840.220246,emergency,LEMD,4350,60,asphalt,ILS,1,1,advanced,1,major,1,1,1,1,1,1,1,open,none,safe,civil,1,468.371548,1920,preferred,1.0,1
S00096,LPPT,39.428253,-8.890108,A320,narrow_body,2430,security,526,critical,0.75,712.5,526.0,840.220246,emergency,LPPT,3707,45,asphalt,ILS,1,1,advanced,1,major,1,1,1,1,1,1,1,open,none,safe,civil,0,74.999477,1277,preferred,2.0,0
S00096,LPPT,39.428253,-8.890108,A320,narrow_body,2430,security,526,critical,0.75,712.5,526.0,840.220246,emergency,GMMN,3720,45,asphalt,ILS,1,1,advanced,1,major,1,1,1,1,1,1,1,open,none,safe,civil,0,683.873099,1290,extended,3.0,0
S00097,OBBI,26.391906,50.914218,A320,narrow_body,2385,operational_constraints,780,normal,1.0,950.0,780.0,1243.41735,emergency,OTHH,4850,60,asphalt,ILS,1,1,advanced,1,major,1,1,1,1,1,1,1,open,none,safe,civil,0,142.477486,2465,preferred,1.0,1
S00097,OBBI,26.391906,50.914218,A320,narrow_body,2385,operational_constraints,780,normal,1.0,950.0,780.0,1243.41735,emergency,OKKK,4580,60,asphalt,ILS,1,1,advanced,1,major,1,1,1,1,1,1,1,open,none,safe,civil,0,427.824399,2195,preferred,2.0,0
S00097,OBBI,26.391906,50.914218,A320,narrow_body,2385,operational_constraints,780,normal,1.0,950.0,780.0,1243.41735,emergency,OMDB,4447,60,asphalt,ILS,1,1,advanced,1,major,1,1,1,1,1,1,1,open,none,safe,civil,1,463.785637,2062,preferred,3.0,0
S00097,OBBI,26.391906,50.914218,A320,narrow_body,2385,operational_constraints,780,normal,1.0,950.0,780.0,1243.41735,emergency,OERK,4205,60,asphalt,ILS,1,1,advanced,1,major,1,1,1,1,1,1,1,open,none,safe,civil,0,451.522946,1820,preferred,4.0,0
S00097,OBBI,26.391906,50.914218,A320,narrow_body,2385,operational_constraints,780,normal,1.0,950.0,780.0,1243.41735,emergency,OMAA,4106,60,asphalt,ILS,1,1,advanced,1,major,1,1,1,1,1,1,1,open,none,safe,civil,0,433.291994,1721,preferred,5.0,0
S00097,OBBI,26.391906,50.914218,A320,narrow_body,2385,operational_constraints,780,normal,1.0,950.0,780.0,1243.41735,emergency,OBBI,3956,60,asphalt,ILS,1,1,advanced,1,major,1,1,1,1,1,1,1,open,none,safe,civil,0,30.8503,1571,preferred,6.0,0
S00097,OBBI,26.391906,50.914218,A320,narrow_body,2385,operational_constraints,780,normal,1.0,950.0,780.0,1243.41735,emergency,OOMS,4080,45,asphalt,ILS,1,1,advanced,1,major,1,1,1,1,1,1,1,open,none,safe,civil,0,804.908902,1695,extended,7.0,0
S00098,UACC,50.676383,71.730298,A321,narrow_body,2441,security,841,normal,1.0,1000.0,841.0,1413.178844,emergency,UAAA,4500,45,asphalt,RNAV,0,1,basic,1,basic,1,1,1,1,1,1,1,open,none,safe,civil,0,907.777976,2059,extended,1.0,1
S00098,UACC,50.676383,71.730298,A321,narrow_body,2441,security,841,normal,1.0,1000.0,841.0,1413.178844,emergency,UACC,3500,45,asphalt,RNAV,0,1,basic,1,basic,1,1,1,1,1,1,1,open,none,safe,civil,0,43.147112,1059,preferred,2.0,0
S00099,YSSY,-33.523274,151.574239,E175,regional_jet,1837,medical,1087,low,0.9,675.0,675.0,1054.441331,aircraft_fuel,YSSY,3962,45,asphalt,ILS,1,1,advanced,1,major,1,1,1,0,1,1,1,open,none,safe,civil,1,59.664095,2125,preferred,1.0,1
S00099,YSSY,-33.523274,151.574239,E175,regional_jet,1837,medical,1087,low,0.9,675.0,675.0,1054.441331,aircraft_fuel,YMML,3657,60,asphalt,ILS,1,1,advanced,1,major,1,1,1,1,1,1,1,open,none,safe,civil,0,763.608505,1820,extended,2.0,0
S00100,EDDF,50.334041,8.234729,A319,narrow_body,2042,technical,820,low,0.9,810.0,810.0,1285.846696,aircraft_fuel,LFPG,4215,45,asphalt,ILS,1,1,advanced,1,major,1,1,1,1,1,1,1,open,none,safe,civil,1,434.395133,2173,preferred,1.0,1
S00100,EDDF,50.334041,8.234729,A319,narrow_body,2042,technical,820,low,0.9,810.0,810.0,1285.846696,aircraft_fuel,EDDF,4000,60,asphalt,ILS,1,1,advanced,1,major,1,1,1,0,1,1,1,open,none,safe,civil,1,41.217459,1958,preferred,2.0,0
S00100,EDDF,50.334041,8.234729,A319,narrow_body,2042,technical,820,low,0.9,810.0,810.0,1285.846696,aircraft_fuel,EGLL,3901,50,asphalt,ILS,1,1,advanced,1,major,1,1,1,1,1,1,1,open,none,safe,civil,1,622.269795,1859,preferred,3.0,0
S00100,EDDF,50.334041,8.234729,A319,narrow_body,2042,technical,820,low,0.9,810.0,810.0,1285.846696,aircraft_fuel,EHAM,3800,60,asphalt,ILS,1,1,advanced,1,major,1,1,1,1,1,1,1,open,none,safe,civil,1,326.095047,1758,preferred,4.0,0
S00100,EDDF,50.334041,8.234729,A319,narrow_body,2042,technical,820,low,0.9,810.0,810.0,1285.846696,aircraft_fuel,LIRF,3902,60,asphalt,ILS,1,1,basic,1,major,1,1,1,1,1,1,1,open,none,safe,civil,1,997.401594,1860,extended,5.0,0
S00100,EDDF,50.334041,8.234729,A319,narrow_body,2042,technical,820,low,0.9,810.0,810.0,1285.846696,aircraft_fuel,EGKK,3317,45,asphalt,ILS,1,1,advanced,1,major,1,1,1,1,1,1,1,open,none,safe,civil,1,599.061263,1275,preferred,6.0,0
S00100,EDDF,50.334041,8.234729,A319,narrow_body,2042,technical,820,low,0.9,810.0,810.0,1285.846696,aircraft_fuel,ENGM,3600,45,asphalt,ILS,1,1,advanced,1,major,1,1,1,1,1,1,1,open,none,safe,civil,0,1111.031086,1558,extended,7.0,0
S00100,EDDF,50.334041,8.234729,A319,narrow_body,2042,technical,820,low,0.9,810.0,810.0,1285.846696,aircraft_fuel,EGCC,3048,46,asphalt,ILS,1,1,advanced,1,major,1,1,1,1,1,1,1,open,none,safe,civil,1,795.231739,1006,preferred,8.0,0
S00100,EDDF,50.334041,8.234729,A319,narrow_body,2042,technical,820,low,0.9,810.0,810.0,1285.846696,aircraft_fuel,ESSA,3301,45,asphalt,ILS,1,1,advanced,1,major,1,1,1,1,1,1,1,open,none,safe,civil,0,1203.552211,1259,extended,9.0,0
S00100,EDDF,50.334041,8.234729,A319,narrow_body,2042,technical,820,low,0.9,810.0,810.0,1285.846696,aircraft_fuel,EIDW,3110,45,concrete,ILS,1,1,advanced,1,major,1,1,1,1,1,1,1,open,none,safe,civil,0,1050.652763,1068,extended,10.0,0
S00101,CYVR,48.55684,-123.590995,CRJ900,regional_jet,1779,medical,1082,low,0.9,630.0,630.0,1002.262979,aircraft_fuel,CYVR,3505,61,asphalt,ILS,1,1,advanced,1,major,1,1,1,1,1,1,1,open,none,safe,civil,0,76.836927,1726,preferred,1.0,1
S00102,HELX,25.277403,32.425084,B737-800,narrow_body,2320,operational_constraints,931,low,0.9,855.0,855.0,1427.01169,aircraft_fuel,HECA,4000,60,asphalt,ILS,1,1,basic,1,major,1,1,1,1,1,1,1,open,none,safe,civil,0,546.973573,1680,preferred,1.0,1
S00102,HELX,25.277403,32.425084,B737-800,narrow_body,2320,operational_constraints,931,low,0.9,855.0,855.0,1427.01169,aircraft_fuel,OJAI,3660,61,asphalt,ILS,1,1,advanced,1,major,1,1,1,1,1,1,1,open,none,safe,civil,0,796.83435,1340,preferred,2.0,0
S00102,HELX,25.277403,32.425084,B737-800,narrow_body,2320,operational_constraints,931,low,0.9,855.0,855.0,1427.01169,aircraft_fuel,HELX,3000,45,asphalt,RNAV,0,0,none,1,basic,1,0,1,0,0,1,1,open,none,safe,joint,0,52.096777,680,preferred,3.0,0
S00102,HELX,25.277403,32.425084,B737-800,narrow_body,2320,operational_constraints,931,low,0.9,855.0,855.0,1427.01169,aircraft_fuel,LCLK,2987,45,asphalt,ILS,1,0,none,1,basic,1,0,1,1,1,1,1,open,none,safe,civil,0,1073.412405,667,extended,4.0,0
S00103,OPLA,30.795438,74.605317,A320,narrow_body,2219,medical,1119,normal,1.0,950.0,950.0,1550.145719,aircraft_fuel,VIDP,4430,60,asphalt,ILS,1,1,advanced,1,major,1,1,1,1,1,1,1,open,none,safe,civil,1,346.230494,2211,preferred,1.0,1
S00103,OPLA,30.795438,74.605317,A320,narrow_body,2219,medical,1119,normal,1.0,950.0,950.0,1550.145719,aircraft_fuel,UAAA,4500,45,asphalt,RNAV,0,1,basic,1,basic,1,1,1,1,1,1,1,open,none,safe,civil,0,1412.940994,2281,extended,2.0,0
S00103,OPLA,30.795438,74.605317,A320,narrow_body,2219,medical,1119,normal,1.0,950.0,950.0,1550.145719,aircraft_fuel,VABB,3509,60,asphalt,ILS,1,1,advanced,1,major,1,1,1,1,1,1,1,open,none,safe,civil,1,1313.396424,1290,extended,3.0,0
S00103,OPLA,30.795438,74.605317,A320,narrow_body,2219,medical,1119,normal,1.0,950.0,950.0,1550.145719,aircraft_fuel,OPKC,3400,46,concrete,RNAV,0,1,basic,1,basic,1,1,1,1,1,1,1,open,none,caution,civil,0,981.551754,1181,extended,4.0,0
S00104,OMAA,24.848899,53.91113,A320,narrow_body,2322,fuel,897,low,0.9,855.0,855.0,1543.441969,aircraft_fuel,OTHH,4850,60,asphalt,ILS,1,1,advanced,1,major,1,1,1,1,1,1,1,open,none,safe,civil,0,236.723494,2528,preferred,1.0,1
S00104,OMAA,24.848899,53.91113,A320,narrow_body,2322,fuel,897,low,0.9,855.0,855.0,1543.441969,aircraft_fuel,OKKK,4580,60,asphalt,ILS,1,1,advanced,1,major,1,1,1,1,1,1,1,open,none,safe,civil,0,763.301454,2258,preferred,2.0,0
S00104,OMAA,24.848899,53.91113,A320,narrow_body,2322,fuel,897,low,0.9,855.0,855.0,1543.441969,aircraft_fuel,OMDB,4447,60,asphalt,ILS,1,1,advanced,1,major,1,1,1,1,1,1,1,open,none,safe,civil,1,153.6676,2125,preferred,3.0,0
S00104,OMAA,24.848899,53.91113,A320,narrow_body,2322,fuel,897,low,0.9,855.0,855.0,1543.441969,aircraft_fuel,OERK,4205,60,asphalt,ILS,1,1,advanced,1,major,1,1,1,1,1,1,1,open,none,safe,civil,0,727.422107,1883,preferred,4.0,0
S00104,OMAA,24.848899,53.91113,A320,narrow_body,2322,fuel,897,low,0.9,855.0,855.0,1543.441969,aircraft_fuel,OMAA,4106,60,asphalt,ILS,1,1,advanced,1,major,1,1,1,1,1,1,1,open,none,safe,civil,0,87.305714,1784,preferred,5.0,0
S00104,OMAA,24.848899,53.91113,A320,narrow_body,2322,fuel,897,low,0.9,855.0,855.0,1543.441969,aircraft_fuel,OOMS,4080,45,asphalt,ILS,1,1,advanced,1,major,1,1,1,1,1,1,1,open,none,safe,civil,0,464.746569,1758,preferred,6.0,0
S00104,OMAA,24.848899,53.91113,A320,narrow_body,2322,fuel,897,low,0.9,855.0,855.0,1543.441969,aircraft_fuel,OBBI,3956,60,asphalt,ILS,1,1,advanced,1,major,1,1,1,1,1,1,1,open,none,safe,civil,0,364.269686,1634,preferred,7.0,0
S00104,OMAA,24.848899,53.91113,A320,narrow_body,2322,fuel,897,low,0.9,855.0,855.0,1543.441969,aircraft_fuel,OPKC,3400,46,concrete,RNAV,0,1,basic,1,basic,1,1,1,1,1,1,1,open,none,caution,civil,0,1336.071359,1078,extended,8.0,0
S00105,FAOR,-26.026879,27.449475,E170,regional_jet,1734,security,1010,normal,1.0,700.0,700.0,1075.045681,aircraft_fuel,FAOR,4418,61,asphalt,ILS,1,1,advanced,1,major,1,1,1,1,1,1,1,open,none,safe,civil,0,80.617725,2684,preferred,1.0,1
S00106,DNAA,8.377786,8.361124,E170,regional_jet,1672,medical,654,normal,1.0,700.0,654.0,991.822329,emergency,DNMM,3900,60,asphalt,ILS,1,1,advanced,1,major,1,1,1,1,1,1,1,open,none,caution,civil,0,590.591697,2228,preferred,1.0,1
S00107,DTTA,36.759527,10.439245,A220-300,narrow_body,2033,weather,1158,normal,1.0,950.0,950.0,1462.62328,aircraft_fuel,LEMD,4350,60,asphalt,ILS,1,1,advanced,1,major,1,1,1,1,1,1,1,open,none,safe,civil,1,1284.3123,2317,extended,1.0,1
S00107,DTTA,36.759527,10.439245,A220-300,narrow_body,2033,weather,1158,normal,1.0,950.0,950.0,1462.62328,aircraft_fuel,LIRF,3902,60,asphalt,ILS,1,1,basic,1,major,1,1,1,1,1,1,1,open,none,safe,civil,1,582.230352,1869,preferred,2.0,0
S00107,DTTA,36.759527,10.439245,A220-300,narrow_body,2033,weather,1158,normal,1.0,950.0,950.0,1462.62328,aircraft_fuel,LGAV,4000,45,asphalt,ILS,1,1,advanced,1,major,1,1,1,1,1,1,1,open,none,safe,civil,0,1199.892141,1967,extended,3.0,0
S00107,DTTA,36.759527,10.439245,A220-300,narrow_body,2033,weather,1158,normal,1.0,950.0,950.0,1462.62328,aircraft_fuel,DAAG,3500,60,asphalt,RNAV,0,1,basic,1,basic,1,1,1,1,1,1,0,open,none,safe,civil,0,643.772443,1467,preferred,4.0,0
S00107,DTTA,36.759527,10.439245,A220-300,narrow_body,2033,weather,1158,normal,1.0,950.0,950.0,1462.62328,aircraft_fuel,DTTA,3200,45,asphalt,RNAV,0,1,basic,1,basic,1,0,1,1,1,1,1,open,none,safe,civil,0,21.444395,1167,preferred,5.0,0
S00108,VNKT,27.968392,86.172966,E175,regional_jet,1737,security,1015,normal,1.0,750.0,750.0,1256.246493,aircraft_fuel,VIDP,4430,60,asphalt,ILS,1,1,advanced,1,major,1,1,1,1,1,1,1,open,none,safe,civil,1,891.252358,2693,extended,1.0,1
S00108,VNKT,27.968392,86.172966,E175,regional_jet,1737,security,1015,normal,1.0,750.0,750.0,1256.246493,aircraft_fuel,OPLA,3360,46,concrete,RNAV,0,0,none,1,basic,1,0,1,1,1,1,1,open,none,caution,civil,0,1202.187886,1623,extended,2.0,0
S00108,VNKT,27.968392,86.172966,E175,regional_jet,1737,security,1015,normal,1.0,750.0,750.0,1256.246493,aircraft_fuel,VNKT,3350,45,asphalt,VOR,0,0,none,0,none,0,0,1,1,1,1,1,open,none,caution,civil,0,85.544741,1613,preferred,3.0,0
S00109,YSSY,-33.498132,151.955244,A350-900,wide_body,3069,medical,405,normal,1.0,1500.0,405.0,674.712287,emergency,YSSY,3962,45,asphalt,ILS,1,1,advanced,1,major,1,1,1,0,1,1,1,open,none,safe,civil,1,87.530771,893,preferred,1.0,1
S00110,SAEZ,-34.661631,-59.422987,B737 MAX 8,narrow_body,2427,medical,898,normal,1.0,1000.0,898.0,1475.903083,emergency,SAEZ,3300,60,asphalt,ILS,1,1,basic,1,major,1,1,1,1,1,1,1,open,none,safe,civil,0,83.006604,873,preferred,1.0,1
S00111,RCTP,25.400284,121.156158,B777-300ER,wide_body,3292,technical,905,normal,1.0,1500.0,905.0,1641.234485,emergency,ZSPD,4000,60,concrete,ILS,1,1,advanced,1,major,1,1,1,1,1,1,1,open,none,safe,civil,1,641.753843,708,preferred,1.0,1
S00111,RCTP,25.400284,121.156158,B777-300ER,wide_body,3292,technical,905,normal,1.0,1500.0,905.0,1641.234485,emergency,RCTP,3660,60,concrete,ILS,1,1,advanced,1,major,1,1,1,1,1,1,1,open,none,safe,civil,0,36.692946,368,preferred,2.0,0
S00111,RCTP,25.400284,121.156158,B777-300ER,wide_body,3292,technical,905,normal,1.0,1500.0,905.0,1641.234485,emergency,RKSI,4000,60,asphalt,ILS,1,1,advanced,1,major,1,1,1,1,1,1,1,open,none,safe,civil,1,1432.223225,708,extended,3.0,0
S00111,RCTP,25.400284,121.156158,B777-300ER,wide_body,3292,technical,905,normal,1.0,1500.0,905.0,1641.234485,emergency,RPLL,3737,60,concrete,ILS,1,1,basic,1,basic,1,1,1,1,1,1,1,open,none,caution,civil,0,1211.183264,445,extended,4.0,0
S00112,CYYZ,44.093674,-79.290561,B767-300ER,wide_body,3035,medical,1082,normal,1.0,1250.0,1082.0,1761.092916,emergency,KJFK,4423,61,asphalt,ILS,1,1,advanced,1,major,1,1,1,1,1,1,1,open,none,safe,civil,1,593.507072,1388,preferred,1.0,1
S00112,CYYZ,44.093674,-79.290561,B767-300ER,wide_body,3035,medical,1082,normal,1.0,1250.0,1082.0,1761.092916,emergency,KORD,3962,46,concrete,ILS,1,1,advanced,1,major,1,1,1,1,1,1,1,open,none,safe,civil,0,738.140548,927,preferred,2.0,0
S00112,CYYZ,44.093674,-79.290561,B767-300ER,wide_body,3035,medical,1082,normal,1.0,1250.0,1082.0,1761.092916,emergency,CYYZ,3389,61,asphalt,ILS,1,1,advanced,1,major,1,1,1,1,1,1,1,open,none,safe,civil,1,53.806423,354,preferred,3.0,0
S00112,CYYZ,44.093674,-79.290561,B767-300ER,wide_body,3035,medical,1082,normal,1.0,1250.0,1082.0,1761.092916,emergency,KATL,3776,46,concrete,ILS,1,1,advanced,1,major,1,1,1,1,1,1,1,open,none,safe,civil,0,1244.263631,741,extended,4.0,0
S00113,ULLI,59.410752,31.033534,E175,regional_jet,1728,mechanical,672,normal,1.0,750.0,672.0,992.700726,emergency,EFHK,3440,60,asphalt,ILS,1,1,advanced,1,major,1,1,1,1,1,1,1,open,none,safe,civil,0,353.429985,1712,preferred,1.0,1
S00113,ULLI,59.410752,31.033534,E175,regional_jet,1728,mechanical,672,normal,1.0,750.0,672.0,992.700726,emergency,ULLI,3780,60,concrete,ILS,1,1,advanced,1,major,1,1,1,1,1,1,1,open,none,caution,civil,0,61.300847,2052,preferred,2.0,0
S00113,ULLI,59.410752,31.033534,E175,regional_jet,1728,mechanical,672,normal,1.0,750.0,672.0,992.700726,emergency,UUEE,3700,60,concrete,ILS,1,1,advanced,1,major,1,1,1,1,1,1,1,open,none,caution,civil,0,537.560801,1972,preferred,3.0,0
S00113,ULLI,59.410752,31.033534,E175,regional_jet,1728,mechanical,672,normal,1.0,750.0,672.0,992.700726,emergency,ESSA,3301,45,asphalt,ILS,1,1,advanced,1,major,1,1,1,1,1,1,1,open,none,safe,civil,0,738.19475,1573,extended,4.0,0
S00114,VABB,19.005863,72.619801,E170,regional_jet,1766,operational_constraints,867,normal,1.0,700.0,700.0,999.430977,aircraft_fuel,VABB,3509,60,asphalt,ILS,1,1,advanced,1,major,1,1,1,1,1,1,1,open,none,safe,civil,1,27.65558,1743,preferred,1.0,1
S00114,VABB,19.005863,72.619801,E170,regional_jet,1766,operational_constraints,867,normal,1.0,700.0,700.0,999.430977,aircraft_fuel,OPKC,3400,46,concrete,RNAV,0,1,basic,1,basic,1,1,1,1,1,1,1,open,none,caution,civil,0,864.290675,1634,extended,2.0,0
S00115,OOMS,23.483432,58.803117,B737-800,narrow_body,2295,operational_constraints,937,critical,0.75,712.5,712.5,1181.359669,aircraft_fuel,OTHH,4850,60,asphalt,ILS,1,1,advanced,1,major,1,1,1,1,1,1,1,open,none,safe,civil,0,755.279077,2555,extended,1.0,1
S00115,OOMS,23.483432,58.803117,B737-800,narrow_body,2295,operational_constraints,937,critical,0.75,712.5,712.5,1181.359669,aircraft_fuel,OMDB,4447,60,asphalt,ILS,1,1,advanced,1,major,1,1,1,1,1,1,1,open,none,safe,civil,1,399.260801,2152,preferred,2.0,0
S00115,OOMS,23.483432,58.803117,B737-800,narrow_body,2295,operational_constraints,937,critical,0.75,712.5,712.5,1181.359669,aircraft_fuel,OMAA,4106,60,asphalt,ILS,1,1,advanced,1,major,1,1,1,1,1,1,1,open,none,safe,civil,0,435.281491,1811,preferred,3.0,0
S00115,OOMS,23.483432,58.803117,B737-800,narrow_body,2295,operational_constraints,937,critical,0.75,712.5,712.5,1181.359669,aircraft_fuel,OOMS,4080,45,asphalt,ILS,1,1,advanced,1,major,1,1,1,1,1,1,1,open,none,safe,civil,0,54.363296,1785,preferred,4.0,0
S00115,OOMS,23.483432,58.803117,B737-800,narrow_body,2295,operational_constraints,937,critical,0.75,712.5,712.5,1181.359669,aircraft_fuel,OBBI,3956,60,asphalt,ILS,1,1,advanced,1,major,1,1,1,1,1,1,1,open,none,safe,civil,0,879.726955,1661,extended,5.0,0
S00115,OOMS,23.483432,58.803117,B737-800,narrow_body,2295,operational_constraints,937,critical,0.75,712.5,712.5,1181.359669,aircraft_fuel,OPKC,3400,46,concrete,RNAV,0,1,basic,1,basic,1,1,1,1,1,1,1,open,none,caution,civil,0,862.179352,1105,extended,6.0,0
S00116,LPPT,38.856023,-9.014371,B737-800,narrow_body,2414,weather,1038,critical,0.75,712.5,712.5,1143.359866,aircraft_fuel,LEMD,4350,60,asphalt,ILS,1,1,advanced,1,major,1,1,1,1,1,1,1,open,none,safe,civil,1,499.97171,1936,preferred,1.0,1
S00116,LPPT,38.856023,-9.014371,B737-800,narrow_body,2414,weather,1038,critical,0.75,712.5,712.5,1143.359866,aircraft_fuel,LPPT,3707,45,asphalt,ILS,1,1,advanced,1,major,1,1,1,1,1,1,1,open,none,safe,civil,0,13.413707,1293,preferred,2.0,0
S00116,LPPT,38.856023,-9.014371,B737-800,narrow_body,2414,weather,1038,critical,0.75,712.5,712.5,1143.359866,aircraft_fuel,GMMN,3720,45,asphalt,ILS,1,1,advanced,1,major,1,1,1,1,1,1,1,open,none,safe,civil,0,623.538956,1306,preferred,3.0,0
S00116,LPPT,38.856023,-9.014371,B737-800,narrow_body,2414,weather,1038,critical,0.75,712.5,712.5,1143.359866,aircraft_fuel,DAAG,3500,60,asphalt,RNAV,0,1,basic,1,basic,1,1,1,1,1,1,0,open,none,safe,civil,0,1100.447796,1086,extended,4.0,0
S00117,ZSPD,30.549421,121.560929,B737 MAX 8,narrow_body,2539,technical,786,normal,1.0,1000.0,786.0,1254.721673,emergency,ZSPD,4000,60,concrete,ILS,1,1,advanced,1,major,1,1,1,1,1,1,1,open,none,safe,civil,1,70.036891,1461,preferred,1.0,1
S00117,ZSPD,30.549421,121.560929,B737 MAX 8,narrow_body,2539,technical,786,normal,1.0,1000.0,786.0,1254.721673,emergency,RCTP,3660,60,concrete,ILS,1,1,advanced,1,major,1,1,1,1,1,1,1,open,none,safe,civil,0,609.2806,1121,preferred,2.0,0
S00117,ZSPD,30.549421,121.560929,B737 MAX 8,narrow_body,2539,technical,786,normal,1.0,1000.0,786.0,1254.721673,emergency,RKSI,4000,60,asphalt,ILS,1,1,advanced,1,major,1,1,1,1,1,1,1,open,none,safe,civil,1,891.387301,1461,extended,3.0,0
S00117,ZSPD,30.549421,121.560929,B737 MAX 8,narrow_body,2539,technical,786,normal,1.0,1000.0,786.0,1254.721673,emergency,ZBAA,3810,60,asphalt,ILS,1,1,advanced,1,major,1,1,1,1,1,1,1,open,none,safe,civil,1,1150.704939,1271,extended,4.0,0
S00118,FACT,-33.95378,18.057627,B787-9,wide_body,2717,technical,587,critical,0.75,1050.0,587.0,971.456252,emergency,FACT,3201,61,asphalt,RNAV,0,1,basic,1,basic,1,0,1,1,1,1,1,open,none,safe,civil,0,50.469568,484,preferred,1.0,1
S00119,DNMM,5.819501,3.528623,A350-900,wide_body,3037,medical,907,normal,1.0,1500.0,907.0,1534.71536,emergency,DNMM,3900,60,asphalt,ILS,1,1,advanced,1,major,1,1,1,1,1,1,1,open,none,caution,civil,0,87.336087,863,preferred,1.0,1
S00120,DGAA,5.6935,-0.271186,B777-300ER,wide_body,3203,technical,1021,low,0.9,1350.0,1021.0,1669.427437,emergency,DNMM,3900,60,asphalt,ILS,1,1,advanced,1,major,1,1,1,1,1,1,1,open,none,caution,civil,0,409.137673,697,preferred,1.0,1
S00120,DGAA,5.6935,-0.271186,B777-300ER,wide_body,3203,technical,1021,low,0.9,1350.0,1021.0,1669.427437,emergency,DGAA,3403,61,asphalt,RNAV,0,0,none,1,basic,1,0,1,1,1,1,0,open,none,safe,civil,0,15.161865,200,preferred,2.0,0
S00120,DGAA,5.6935,-0.271186,B777-300ER,wide_body,3203,technical,1021,low,0.9,1350.0,1021.0,1669.427437,emergency,DNAA,3609,60,asphalt,RNAV,0,0,none,1,basic,1,0,1,1,1,1,1,open,none,safe,joint,0,908.794334,406,preferred,3.0,0
S00121,WSSS,0.629198,104.005224,E175,regional_jet,1830,mechanical,1070,normal,1.0,750.0,750.0,1244.89657,aircraft_fuel,WMKK,4124,60,asphalt,ILS,1,1,advanced,1,major,1,1,1,1,1,1,1,open,none,safe,civil,0,347.062899,2294,preferred,1.0,1
S00121,WSSS,0.629198,104.005224,E175,regional_jet,1830,mechanical,1070,normal,1.0,750.0,750.0,1244.89657,aircraft_fuel,WSSS,4000,60,asphalt,ILS,1,1,advanced,1,major,1,1,1,1,1,1,1,open,none,safe,civil,1,80.180358,2170,preferred,2.0,0
S00121,WSSS,0.629198,104.005224,E175,regional_jet,1830,mechanical,1070,normal,1.0,750.0,750.0,1244.89657,aircraft_fuel,WIMM,3000,60,asphalt,RNAV,1,1,basic,1,basic,1,0,1,1,0,1,1,open,none,safe,civil,0,660.148605,1170,preferred,3.0,0
S00122,EDDF,49.808239,8.677997,A350-900,wide_body,2996,medical,953,normal,1.0,1500.0,953.0,1706.344399,emergency,LFPG,4215,45,asphalt,ILS,1,1,advanced,1,major,1,1,1,1,1,1,1,open,none,safe,civil,1,451.752301,1219,preferred,1.0,1
S00122,EDDF,49.808239,8.677997,A350-900,wide_body,2996,medical,953,normal,1.0,1500.0,953.0,1706.344399,emergency,EDDF,4000,60,asphalt,ILS,1,1,advanced,1,major,1,1,1,0,1,1,1,open,none,safe,civil,1,25.758583,1004,preferred,2.0,0
S00122,EDDF,49.808239,8.677997,A350-900,wide_body,2996,medical,953,normal,1.0,1500.0,953.0,1706.344399,emergency,LEMD,4350,60,asphalt,ILS,1,1,advanced,1,major,1,1,1,1,1,1,1,open,none,safe,civil,1,1409.145065,1354,extended,3.0,0
S00122,EDDF,49.808239,8.677997,A350-900,wide_body,2996,medical,953,normal,1.0,1500.0,953.0,1706.344399,emergency,LIRF,3902,60,asphalt,ILS,1,1,basic,1,major,1,1,1,1,1,1,1,open,none,safe,civil,1,931.804861,906,preferred,4.0,0
S00122,EDDF,49.808239,8.677997,A350-900,wide_body,2996,medical,953,normal,1.0,1500.0,953.0,1706.344399,emergency,EGLL,3901,50,asphalt,ILS,1,1,advanced,1,major,1,1,1,1,1,1,1,open,none,safe,civil,1,669.881823,905,preferred,5.0,0
S00122,EDDF,49.808239,8.677997,A350-900,wide_body,2996,medical,953,normal,1.0,1500.0,953.0,1706.344399,emergency,EHAM,3800,60,asphalt,ILS,1,1,advanced,1,major,1,1,1,1,1,1,1,open,none,safe,civil,1,389.931702,804,preferred,6.0,0
S00122,EDDF,49.808239,8.677997,A350-900,wide_body,2996,medical,953,normal,1.0,1500.0,953.0,1706.344399,emergency,EGKK,3317,45,asphalt,ILS,1,1,advanced,1,major,1,1,1,1,1,1,1,open,none,safe,civil,1,644.236783,321,preferred,7.0,0
S00122,EDDF,49.808239,8.677997,A350-900,wide_body,2996,medical,953,normal,1.0,1500.0,953.0,1706.344399,emergency,ENGM,3600,45,asphalt,ILS,1,1,advanced,1,major,1,1,1,1,1,1,1,open,none,safe,civil,0,1164.920023,604,extended,8.0,0
S00122,EDDF,49.808239,8.677997,A350-900,wide_body,2996,medical,953,normal,1.0,1500.0,953.0,1706.344399,emergency,DAAG,3500,60,asphalt,RNAV,0,1,basic,1,basic,1,1,1,1,1,1,0,open,none,safe,civil,0,1522.852543,504,extended,9.0,0
S00122,EDDF,49.808239,8.677997,A350-900,wide_body,2996,medical,953,normal,1.0,1500.0,953.0,1706.344399,emergency,EFHK,3440,60,asphalt,ILS,1,1,advanced,1,major,1,1,1,1,1,1,1,open,none,safe,civil,0,1553.957806,444,extended,10.0,0
S00122,EDDF,49.808239,8.677997,A350-900,wide_body,2996,medical,953,normal,1.0,1500.0,953.0,1706.344399,emergency,EGCC,3048,46,asphalt,ILS,1,1,advanced,1,major,1,1,1,1,1,1,1,open,none,safe,civil,1,852.1024,52,preferred,11.0,0
S00122,EDDF,49.808239,8.677997,A350-900,wide_body,2996,medical,953,normal,1.0,1500.0,953.0,1706.344399,emergency,ESSA,3301,45,asphalt,ILS,1,1,advanced,1,major,1,1,1,1,1,1,1,open,none,safe,civil,0,1242.370991,305,extended,12.0,0
S00122,EDDF,49.808239,8.677997,A350-900,wide_body,2996,medical,953,normal,1.0,1500.0,953.0,1706.344399,emergency,DTTA,3200,45,asphalt,RNAV,0,1,basic,1,basic,1,0,1,1,1,1,1,open,none,safe,civil,0,1446.132543,204,extended,13.0,0
S00122,EDDF,49.808239,8.677997,A350-900,wide_body,2996,medical,953,normal,1.0,1500.0,953.0,1706.344399,emergency,EIDW,3110,45,concrete,ILS,1,1,advanced,1,major,1,1,1,1,1,1,1,open,none,safe,civil,0,1104.649054,114,extended,14.0,0
S00123,OJAI,32.330545,36.360337,A319,narrow_body,2090,medical,1096,normal,1.0,900.0,900.0,1484.732437,aircraft_fuel,OKKK,4580,60,asphalt,ILS,1,1,advanced,1,major,1,1,1,1,1,1,1,open,none,safe,civil,0,1160.89142,2490,extended,1.0,1
S00123,OJAI,32.330545,36.360337,A319,narrow_body,2090,medical,1096,normal,1.0,900.0,900.0,1484.732437,aircraft_fuel,HECA,4000,60,asphalt,ILS,1,1,basic,1,major,1,1,1,1,1,1,1,open,none,safe,civil,0,532.510964,1910,preferred,2.0,0
S00123,OJAI,32.330545,36.360337,A319,narrow_body,2090,medical,1096,normal,1.0,900.0,900.0,1484.732437,aircraft_fuel,OERK,4205,60,asphalt,ILS,1,1,advanced,1,major,1,1,1,1,1,1,1,open,none,safe,civil,0,1298.726147,2115,extended,3.0,0
S00123,OJAI,32.330545,36.360337,A319,narrow_body,2090,medical,1096,normal,1.0,900.0,900.0,1484.732437,aircraft_fuel,LTFM,4100,60,asphalt,ILS,1,1,advanced,1,major,1,1,1,1,1,1,0,open,none,safe,civil,0,1203.192067,2010,extended,4.0,0
S00123,OJAI,32.330545,36.360337,A319,narrow_body,2090,medical,1096,normal,1.0,900.0,900.0,1484.732437,aircraft_fuel,OJAI,3660,61,asphalt,ILS,1,1,advanced,1,major,1,1,1,1,1,1,1,open,none,safe,civil,0,75.945192,1570,preferred,5.0,0
S00123,OJAI,32.330545,36.360337,A319,narrow_body,2090,medical,1096,normal,1.0,900.0,900.0,1484.732437,aircraft_fuel,LGAV,4000,45,asphalt,ILS,1,1,advanced,1,major,1,1,1,1,1,1,1,open,none,safe,civil,0,1288.074613,1910,extended,6.0,0
S00123,OJAI,32.330545,36.360337,A319,narrow_body,2090,medical,1096,normal,1.0,900.0,900.0,1484.732437,aircraft_fuel,LTAC,3750,45,asphalt,ILS,1,1,advanced,1,major,1,1,1,1,1,1,1,open,none,safe,joint,0,917.88332,1660,extended,7.0,0
S00124,SBGR,-23.166814,-46.564474,B787-9,wide_body,2924,medical,382,normal,1.0,1400.0,382.0,623.238117,emergency,SBGR,3700,45,asphalt,ILS,1,1,advanced,1,major,1,1,1,1,1,1,1,open,none,safe,civil,0,30.950449,776,preferred,1.0,1
S00125,OOMS,24.004968,58.358055,B787-9,wide_body,2770,mechanical,996,normal,1.0,1400.0,996.0,1660.494495,emergency,OTHH,4850,60,asphalt,ILS,1,1,advanced,1,major,1,1,1,1,1,1,1,open,none,safe,civil,0,696.558284,2080,preferred,1.0,1
S00125,OOMS,24.004968,58.358055,B787-9,wide_body,2770,mechanical,996,normal,1.0,1400.0,996.0,1660.494495,emergency,OMDB,4447,60,asphalt,ILS,1,1,advanced,1,major,1,1,1,1,1,1,1,open,none,safe,civil,1,332.135172,1677,preferred,2.0,0
S00125,OOMS,24.004968,58.358055,B787-9,wide_body,2770,mechanical,996,normal,1.0,1400.0,996.0,1660.494495,emergency,OKKK,4580,60,asphalt,ILS,1,1,advanced,1,major,1,1,1,1,1,1,1,open,none,safe,civil,0,1183.840667,1810,extended,3.0,0
S00125,OOMS,24.004968,58.358055,B787-9,wide_body,2770,mechanical,996,normal,1.0,1400.0,996.0,1660.494495,emergency,OOMS,4080,45,asphalt,ILS,1,1,advanced,1,major,1,1,1,1,1,1,1,open,none,safe,civil,0,45.611278,1310,preferred,4.0,0
S00125,OOMS,24.004968,58.358055,B787-9,wide_body,2770,mechanical,996,normal,1.0,1400.0,996.0,1660.494495,emergency,OMAA,4106,60,asphalt,ILS,1,1,advanced,1,major,1,1,1,1,1,1,1,open,none,safe,civil,0,379.191592,1336,preferred,5.0,0
S00125,OOMS,24.004968,58.358055,B787-9,wide_body,2770,mechanical,996,normal,1.0,1400.0,996.0,1660.494495,emergency,OBBI,3956,60,asphalt,ILS,1,1,advanced,1,major,1,1,1,1,1,1,1,open,none,safe,civil,0,816.69282,1186,preferred,6.0,0
S00125,OOMS,24.004968,58.358055,B787-9,wide_body,2770,mechanical,996,normal,1.0,1400.0,996.0,1660.494495,emergency,OERK,4205,60,asphalt,ILS,1,1,advanced,1,major,1,1,1,1,1,1,1,open,none,safe,civil,0,1184.269032,1435,extended,7.0,0
S00125,OOMS,24.004968,58.358055,B787-9,wide_body,2770,mechanical,996,normal,1.0,1400.0,996.0,1660.494495,emergency,VABB,3509,60,asphalt,ILS,1,1,advanced,1,major,1,1,1,1,1,1,1,open,none,safe,civil,1,1595.992648,739,extended,8.0,0
S00125,OOMS,24.004968,58.358055,B787-9,wide_body,2770,mechanical,996,normal,1.0,1400.0,996.0,1660.494495,emergency,OPKC,3400,46,concrete,RNAV,0,1,basic,1,basic,1,1,1,1,1,1,1,open,none,caution,civil,0,896.459057,630,preferred,9.0,0
S00126,DNKN,12.70373,8.862392,A319,narrow_body,2159,fuel,634,low,0.9,810.0,634.0,982.252253,emergency,DNAA,3609,60,asphalt,RNAV,0,0,none,1,basic,1,0,1,1,1,1,1,open,none,safe,joint,0,446.627422,1450,preferred,1.0,1
S00126,DNKN,12.70373,8.862392,A319,narrow_body,2159,fuel,634,low,0.9,810.0,634.0,982.252253,emergency,DNMM,3900,60,asphalt,ILS,1,1,advanced,1,major,1,1,1,1,1,1,1,open,none,caution,civil,0,912.509006,1741,extended,2.0,0
S00126,DNKN,12.70373,8.862392,A319,narrow_body,2159,fuel,634,low,0.9,810.0,634.0,982.252253,emergency,DNKN,3200,46,asphalt,RNAV,0,0,none,1,basic,1,0,1,0,0,1,1,open,none,safe,joint,0,81.662405,1041,preferred,3.0,0
S00127,EHAM,52.545475,5.360659,A350-900,wide_body,3020,operational_constraints,1060,normal,1.0,1500.0,1060.0,1988.155928,emergency,LFPG,4215,45,asphalt,ILS,1,1,advanced,1,major,1,1,1,1,1,1,1,open,none,safe,civil,1,439.895774,1195,preferred,1.0,1
S00127,EHAM,52.545475,5.360659,A350-900,wide_body,3020,operational_constraints,1060,normal,1.0,1500.0,1060.0,1988.155928,emergency,EDDF,4000,60,asphalt,ILS,1,1,advanced,1,major,1,1,1,0,1,1,1,open,none,safe,civil,1,357.551214,980,preferred,2.0,0
S00127,EHAM,52.545475,5.360659,A350-900,wide_body,3020,operational_constraints,1060,normal,1.0,1500.0,1060.0,1988.155928,emergency,LEMD,4350,60,asphalt,ILS,1,1,advanced,1,major,1,1,1,1,1,1,1,open,none,safe,civil,1,1501.706251,1330,extended,3.0,0
S00127,EHAM,52.545475,5.360659,A350-900,wide_body,3020,operational_constraints,1060,normal,1.0,1500.0,1060.0,1988.155928,emergency,EGLL,3901,50,asphalt,ILS,1,1,advanced,1,major,1,1,1,1,1,1,1,open,none,safe,civil,1,415.797191,881,preferred,4.0,0
S00127,EHAM,52.545475,5.360659,A350-900,wide_body,3020,operational_constraints,1060,normal,1.0,1500.0,1060.0,1988.155928,emergency,EHAM,3800,60,asphalt,ILS,1,1,advanced,1,major,1,1,1,1,1,1,1,open,none,safe,civil,1,48.280267,780,preferred,5.0,0
S00127,EHAM,52.545475,5.360659,A350-900,wide_body,3020,operational_constraints,1060,normal,1.0,1500.0,1060.0,1988.155928,emergency,ENGM,3600,45,asphalt,ILS,1,1,advanced,1,major,1,1,1,1,1,1,1,open,none,safe,civil,0,920.172779,580,preferred,6.0,0
S00127,EHAM,52.545475,5.360659,A350-900,wide_body,3020,operational_constraints,1060,normal,1.0,1500.0,1060.0,1988.155928,emergency,LIRF,3902,60,asphalt,ILS,1,1,basic,1,major,1,1,1,1,1,1,1,open,none,safe,civil,1,1301.543577,882,extended,7.0,0
S00127,EHAM,52.545475,5.360659,A350-900,wide_body,3020,operational_constraints,1060,normal,1.0,1500.0,1060.0,1988.155928,emergency,LPPT,3707,45,asphalt,ILS,1,1,advanced,1,major,1,1,1,1,1,1,1,open,none,safe,civil,0,1892.807233,687,extended,8.0,0
S00127,EHAM,52.545475,5.360659,A350-900,wide_body,3020,operational_constraints,1060,normal,1.0,1500.0,1060.0,1988.155928,emergency,EGKK,3317,45,asphalt,ILS,1,1,advanced,1,major,1,1,1,1,1,1,1,open,none,safe,civil,1,411.296242,297,preferred,9.0,0
S00127,EHAM,52.545475,5.360659,A350-900,wide_body,3020,operational_constraints,1060,normal,1.0,1500.0,1060.0,1988.155928,emergency,DAAG,3500,60,asphalt,RNAV,0,1,basic,1,basic,1,1,1,1,1,1,0,open,none,safe,civil,0,1770.576545,480,extended,10.0,0
S00127,EHAM,52.545475,5.360659,A350-900,wide_body,3020,operational_constraints,1060,normal,1.0,1500.0,1060.0,1988.155928,emergency,EIDW,3110,45,concrete,ILS,1,1,advanced,1,major,1,1,1,1,1,1,1,open,none,safe,civil,0,783.296189,90,preferred,11.0,0
S00127,EHAM,52.545475,5.360659,A350-900,wide_body,3020,operational_constraints,1060,normal,1.0,1500.0,1060.0,1988.155928,emergency,EFHK,3440,60,asphalt,ILS,1,1,advanced,1,major,1,1,1,1,1,1,1,open,none,safe,civil,0,1473.903942,420,extended,12.0,0
S00127,EHAM,52.545475,5.360659,A350-900,wide_body,3020,operational_constraints,1060,normal,1.0,1500.0,1060.0,1988.155928,emergency,EGCC,3048,46,asphalt,ILS,1,1,advanced,1,major,1,1,1,1,1,1,1,open,none,safe,civil,1,519.13322,28,preferred,13.0,0
S00127,EHAM,52.545475,5.360659,A350-900,wide_body,3020,operational_constraints,1060,normal,1.0,1500.0,1060.0,1988.155928,emergency,ULLI,3780,60,concrete,ILS,1,1,advanced,1,major,1,1,1,1,1,1,1,open,none,caution,civil,0,1725.319692,760,extended,14.0,0
S00127,EHAM,52.545475,5.360659,A350-900,wide_body,3020,operational_constraints,1060,normal,1.0,1500.0,1060.0,1988.155928,emergency,ESSA,3301,45,asphalt,ILS,1,1,advanced,1,major,1,1,1,1,1,1,1,open,none,safe,civil,0,1106.273487,281,extended,15.0,0
S00127,EHAM,52.545475,5.360659,A350-900,wide_body,3020,operational_constraints,1060,normal,1.0,1500.0,1060.0,1988.155928,emergency,DTTA,3200,45,asphalt,RNAV,0,1,basic,1,basic,1,0,1,1,1,1,1,open,none,safe,civil,0,1785.996822,180,extended,16.0,0
S00128,FAOR,-26.579023,28.348753,A330-300,wide_body,2901,mechanical,858,low,0.9,1170.0,858.0,1663.712428,emergency,FAOR,4418,61,asphalt,ILS,1,1,advanced,1,major,1,1,1,1,1,1,1,open,none,safe,civil,0,49.853923,1517,preferred,1.0,1
S00128,FAOR,-26.579023,28.348753,A330-300,wide_body,2901,mechanical,858,low,0.9,1170.0,858.0,1663.712428,emergency,FACT,3201,61,asphalt,RNAV,0,1,basic,1,basic,1,0,1,1,1,1,1,open,none,safe,civil,0,1244.493707,300,extended,2.0,0
S00129,EHAM,52.159624,5.301569,E170,regional_jet,1722,mechanical,996,normal,1.0,700.0,700.0,990.383103,aircraft_fuel,LFPG,4215,45,asphalt,ILS,1,1,advanced,1,major,1,1,1,1,1,1,1,open,none,safe,civil,1,400.384357,2493,preferred,1.0,1
S00129,EHAM,52.159624,5.301569,E170,regional_jet,1722,mechanical,996,normal,1.0,700.0,700.0,990.383103,aircraft_fuel,EDDF,4000,60,asphalt,ILS,1,1,advanced,1,major,1,1,1,0,1,1,1,open,none,safe,civil,1,328.53868,2278,preferred,2.0,0
S00129,EHAM,52.159624,5.301569,E170,regional_jet,1722,mechanical,996,normal,1.0,700.0,700.0,990.383103,aircraft_fuel,EGLL,3901,50,asphalt,ILS,1,1,advanced,1,major,1,1,1,1,1,1,1,open,none,safe,civil,1,403.272692,2179,preferred,3.0,0
S00129,EHAM,52.159624,5.301569,E170,regional_jet,1722,mechanical,996,normal,1.0,700.0,700.0,990.383103,aircraft_fuel,EHAM,3800,60,asphalt,ILS,1,1,advanced,1,major,1,1,1,1,1,1,1,open,none,safe,civil,1,40.188619,2078,preferred,4.0,0
S00129,EHAM,52.159624,5.301569,E170,regional_jet,1722,mechanical,996,normal,1.0,700.0,700.0,990.383103,aircraft_fuel,EGKK,3317,45,asphalt,ILS,1,1,advanced,1,major,1,1,1,1,1,1,1,open,none,safe,civil,1,394.771115,1595,preferred,5.0,0
S00129,EHAM,52.159624,5.301569,E170,regional_jet,1722,mechanical,996,normal,1.0,700.0,700.0,990.383103,aircraft_fuel,ENGM,3600,45,asphalt,ILS,1,1,advanced,1,major,1,1,1,1,1,1,1,open,none,safe,civil,0,961.890611,1878,extended,6.0,0
S00129,EHAM,52.159624,5.301569,E170,regional_jet,1722,mechanical,996,normal,1.0,700.0,700.0,990.383103,aircraft_fuel,EGCC,3048,46,asphalt,ILS,1,1,advanced,1,major,1,1,1,1,1,1,1,open,none,safe,civil,1,526.586914,1326,preferred,7.0,0
S00129,EHAM,52.159624,5.301569,E170,regional_jet,1722,mechanical,996,normal,1.0,700.0,700.0,990.383103,aircraft_fuel,EIDW,3110,45,concrete,ILS,1,1,advanced,1,major,1,1,1,1,1,1,1,open,none,safe,civil,0,789.29279,1388,extended,8.0,0
S00130,UUEE,56.615824,37.833146,A220-300,narrow_body,2081,fuel,611,normal,1.0,950.0,611.0,940.218288,emergency,ULLI,3780,60,concrete,ILS,1,1,advanced,1,major,1,1,1,1,1,1,1,open,none,caution,civil,0,566.943303,1699,preferred,1.0,1
S00130,UUEE,56.615824,37.833146,A220-300,narrow_body,2081,fuel,611,normal,1.0,950.0,611.0,940.218288,emergency,UUEE,3700,60,concrete,ILS,1,1,advanced,1,major,1,1,1,1,1,1,1,open,none,caution,civil,0,75.668979,1619,preferred,2.0,0
S00130,UUEE,56.615824,37.833146,A220-300,narrow_body,2081,fuel,611,normal,1.0,950.0,611.0,940.218288,emergency,EFHK,3440,60,asphalt,ILS,1,1,advanced,1,major,1,1,1,1,1,1,1,open,none,safe,civil,0,852.164732,1359,extended,3.0,0
S00131,SAEZ,-34.603163,-58.269473,E190,regional_jet,1932,operational_constraints,811,low,0.9,720.0,720.0,1051.606743,aircraft_fuel,SAEZ,3300,60,asphalt,ILS,1,1,basic,1,major,1,1,1,1,1,1,1,open,none,safe,civil,0,34.435518,1368,preferred,1.0,1
S00132,UACC,51.90379,71.843585,B737 MAX 8,narrow_body,2448,weather,1222,normal,1.0,1000.0,1000.0,1698.576737,aircraft_fuel,UAAA,4500,45,asphalt,RNAV,0,1,basic,1,basic,1,1,1,1,1,1,1,open,none,safe,civil,0,1026.745997,2052,extended,1.0,1
S00132,UACC,51.90379,71.843585,B737 MAX 8,narrow_body,2448,weather,1222,normal,1.0,1000.0,1000.0,1698.576737,aircraft_fuel,UACC,3500,45,asphalt,RNAV,0,1,basic,1,basic,1,1,1,1,1,1,1,open,none,safe,civil,0,100.918587,1052,preferred,2.0,0
S00133,WIMM,3.381034,99.653009,CRJ900,regional_jet,1858,technical,1083,normal,1.0,700.0,700.0,1014.282907,aircraft_fuel,WMKK,4124,60,asphalt,ILS,1,1,advanced,1,major,1,1,1,1,1,1,1,open,none,safe,civil,0,239.078955,2266,preferred,1.0,1
S00133,WIMM,3.381034,99.653009,CRJ900,regional_jet,1858,technical,1083,normal,1.0,700.0,700.0,1014.282907,aircraft_fuel,WSSS,4000,60,asphalt,ILS,1,1,advanced,1,major,1,1,1,1,1,1,1,open,none,safe,civil,1,532.511749,2142,preferred,2.0,0
S00133,WIMM,3.381034,99.653009,CRJ900,regional_jet,1858,technical,1083,normal,1.0,700.0,700.0,1014.282907,aircraft_fuel,WIMM,3000,60,asphalt,RNAV,1,1,basic,1,basic,1,0,1,1,0,1,1,open,none,safe,civil,0,90.002905,1142,preferred,3.0,0
S00134,HAAB,8.928296,38.550506,A220-300,narrow_body,2091,medical,973,critical,0.75,712.5,712.5,1248.005842,aircraft_fuel,HKJK,4117,45,asphalt,RNAV,0,1,basic,1,basic,1,0,1,1,1,1,1,open,none,safe,civil,0,1153.525252,2026,extended,1.0,1
S00135,HAAB,8.91273,39.05443,E175,regional_jet,1775,mechanical,929,normal,1.0,750.0,750.0,1163.872475,aircraft_fuel,HKJK,4117,45,asphalt,RNAV,0,1,basic,1,basic,1,0,1,1,1,1,1,open,none,safe,civil,0,1161.839216,2342,extended,1.0,1
S00135,HAAB,8.91273,39.05443,E175,regional_jet,1775,mechanical,929,normal,1.0,750.0,750.0,1163.872475,aircraft_fuel,HAAB,3800,45,asphalt,ILS,1,0,none,1,basic,1,0,1,1,1,1,1,open,restricted,caution,joint,0,28.94549,2025,preferred,2.0,0
S00136,RJTT,35.19195,139.879565,A380-800,very_large,3819,operational_constraints,1140,normal,1.0,1600.0,1140.0,2083.857932,emergency,RJAA,4000,60,asphalt,ILS,1,1,advanced,1,major,1,1,1,0,1,1,1,open,none,safe,civil,1,78.971717,181,preferred,1.0,1
S00136,RJTT,35.19195,139.879565,A380-800,very_large,3819,operational_constraints,1140,normal,1.0,1600.0,1140.0,2083.857932,emergency,RKSI,4000,60,asphalt,ILS,1,1,advanced,1,major,1,1,1,1,1,1,1,open,none,safe,civil,1,1228.139967,181,extended,2.0,0
S00136,RJTT,35.19195,139.879565,A380-800,very_large,3819,operational_constraints,1140,normal,1.0,1600.0,1140.0,2083.857932,emergency,ZSPD,4000,60,concrete,ILS,1,1,advanced,1,major,1,1,1,1,1,1,1,open,none,safe,civil,1,1738.735697,181,extended,3.0,0
S00137,EHAM,52.168677,4.432637,B787-9,wide_body,2905,mechanical,1054,normal,1.0,1400.0,1054.0,1826.767662,emergency,LFPG,4215,45,asphalt,ILS,1,1,advanced,1,major,1,1,1,1,1,1,1,open,none,safe,civil,1,375.505721,1310,preferred,1.0,1
S00137,EHAM,52.168677,4.432637,B787-9,wide_body,2905,mechanical,1054,normal,1.0,1400.0,1054.0,1826.767662,emergency,EDDF,4000,60,asphalt,ILS,1,1,advanced,1,major,1,1,1,0,1,1,1,open,none,safe,civil,1,373.700826,1095,preferred,2.0,0
S00137,EHAM,52.168677,4.432637,B787-9,wide_body,2905,mechanical,1054,normal,1.0,1400.0,1054.0,1826.767662,emergency,LEMD,4350,60,asphalt,ILS,1,1,advanced,1,major,1,1,1,1,1,1,1,open,none,safe,civil,1,1434.293931,1445,extended,3.0,0
S00137,EHAM,52.168677,4.432637,B787-9,wide_body,2905,mechanical,1054,normal,1.0,1400.0,1054.0,1826.767662,emergency,EGLL,3901,50,asphalt,ILS,1,1,advanced,1,major,1,1,1,1,1,1,1,open,none,safe,civil,1,345.048606,996,preferred,4.0,0
S00137,EHAM,52.168677,4.432637,B787-9,wide_body,2905,mechanical,1054,normal,1.0,1400.0,1054.0,1826.767662,emergency,EHAM,3800,60,asphalt,ILS,1,1,advanced,1,major,1,1,1,1,1,1,1,open,none,safe,civil,1,27.401588,895,preferred,5.0,0
S00137,EHAM,52.168677,4.432637,B787-9,wide_body,2905,mechanical,1054,normal,1.0,1400.0,1054.0,1826.767662,emergency,ENGM,3600,45,asphalt,ILS,1,1,advanced,1,major,1,1,1,1,1,1,1,open,none,safe,civil,0,981.998111,695,preferred,6.0,0
S00137,EHAM,52.168677,4.432637,B787-9,wide_body,2905,mechanical,1054,normal,1.0,1400.0,1054.0,1826.767662,emergency,LIRF,3902,60,asphalt,ILS,1,1,basic,1,major,1,1,1,1,1,1,1,open,none,safe,civil,1,1294.354439,997,extended,7.0,0
S00137,EHAM,52.168677,4.432637,B787-9,wide_body,2905,mechanical,1054,normal,1.0,1400.0,1054.0,1826.767662,emergency,LPPT,3707,45,asphalt,ILS,1,1,advanced,1,major,1,1,1,1,1,1,1,open,none,safe,civil,0,1819.791781,802,extended,8.0,0
S00137,EHAM,52.168677,4.432637,B787-9,wide_body,2905,mechanical,1054,normal,1.0,1400.0,1054.0,1826.767662,emergency,EGKK,3317,45,asphalt,ILS,1,1,advanced,1,major,1,1,1,1,1,1,1,open,none,safe,civil,1,338.083869,412,preferred,9.0,0
S00137,EHAM,52.168677,4.432637,B787-9,wide_body,2905,mechanical,1054,normal,1.0,1400.0,1054.0,1826.767662,emergency,DAAG,3500,60,asphalt,RNAV,0,1,basic,1,basic,1,1,1,1,1,1,0,open,none,safe,civil,0,1723.370036,595,extended,10.0,0
S00137,EHAM,52.168677,4.432637,B787-9,wide_body,2905,mechanical,1054,normal,1.0,1400.0,1054.0,1826.767662,emergency,EIDW,3110,45,concrete,ILS,1,1,advanced,1,major,1,1,1,1,1,1,1,open,none,safe,civil,0,731.797604,205,preferred,11.0,0
S00137,EHAM,52.168677,4.432637,B787-9,wide_body,2905,mechanical,1054,normal,1.0,1400.0,1054.0,1826.767662,emergency,EFHK,3440,60,asphalt,ILS,1,1,advanced,1,major,1,1,1,1,1,1,1,open,none,safe,civil,0,1548.416116,535,extended,12.0,0
S00137,EHAM,52.168677,4.432637,B787-9,wide_body,2905,mechanical,1054,normal,1.0,1400.0,1054.0,1826.767662,emergency,EGCC,3048,46,asphalt,ILS,1,1,advanced,1,major,1,1,1,1,1,1,1,open,none,safe,civil,1,469.980526,143,preferred,13.0,0
S00137,EHAM,52.168677,4.432637,B787-9,wide_body,2905,mechanical,1054,normal,1.0,1400.0,1054.0,1826.767662,emergency,ULLI,3780,60,concrete,ILS,1,1,advanced,1,major,1,1,1,1,1,1,1,open,none,caution,civil,0,1800.783785,875,extended,14.0,0
S00137,EHAM,52.168677,4.432637,B787-9,wide_body,2905,mechanical,1054,normal,1.0,1400.0,1054.0,1826.767662,emergency,ESSA,3301,45,asphalt,ILS,1,1,advanced,1,major,1,1,1,1,1,1,1,open,none,safe,civil,0,1178.767816,396,extended,15.0,0
S00137,EHAM,52.168677,4.432637,B787-9,wide_body,2905,mechanical,1054,normal,1.0,1400.0,1054.0,1826.767662,emergency,DTTA,3200,45,asphalt,RNAV,0,1,basic,1,basic,1,0,1,1,1,1,1,open,none,safe,civil,0,1762.716035,295,extended,16.0,0
S00138,KJFK,40.589852,-73.51693,B737-800,narrow_body,2423,fuel,684,low,0.9,855.0,684.0,1091.288721,emergency,KJFK,4423,61,asphalt,ILS,1,1,advanced,1,major,1,1,1,1,1,1,1,open,none,safe,civil,1,22.823961,2000,preferred,1.0,1
S00138,KJFK,40.589852,-73.51693,B737-800,narrow_body,2423,fuel,684,low,0.9,855.0,684.0,1091.288721,emergency,CYYZ,3389,61,asphalt,ILS,1,1,advanced,1,major,1,1,1,1,1,1,1,open,none,safe,civil,1,609.504012,966,preferred,2.0,0
S00140,DGAA,6.024248,-0.501717,B737-800,narrow_body,2249,mechanical,883,critical,0.75,712.5,712.5,1156.524794,aircraft_fuel,DNMM,3900,60,asphalt,ILS,1,1,advanced,1,major,1,1,1,1,1,1,1,open,none,caution,civil,0,426.967174,1651,preferred,1.0,1
S00140,DGAA,6.024248,-0.501717,B737-800,narrow_body,2249,mechanical,883,critical,0.75,712.5,712.5,1156.524794,aircraft_fuel,DGAA,3403,61,asphalt,RNAV,0,0,none,1,basic,1,0,1,1,1,1,0,open,none,safe,civil,0,59.532029,1154,preferred,2.0,0
S00140,DGAA,6.024248,-0.501717,B737-800,narrow_body,2249,mechanical,883,critical,0.75,712.5,712.5,1156.524794,aircraft_fuel,DNAA,3609,60,asphalt,RNAV,0,0,none,1,basic,1,0,1,1,1,1,1,open,none,safe,joint,0,917.893275,1360,extended,3.0,0
S00141,BIKF,63.650645,-20.394663,E190,regional_jet,1876,security,910,normal,1.0,800.0,800.0,1226.047348,aircraft_fuel,BIKF,3065,60,asphalt,RNAV,0,1,basic,1,basic,1,0,1,1,1,1,1,open,none,safe,joint,0,114.660823,1189,preferred,1.0,1
S00142,KLAX,33.616502,-118.61823,A380-800,very_large,3722,weather,501,normal,1.0,1600.0,501.0,840.071804,emergency,KLAX,3939,46,concrete,ILS,1,1,advanced,1,major,1,1,1,1,1,1,1,open,none,safe,civil,0,41.128593,217,preferred,1.0,1
S00143,RJCC,42.89035,142.097242,E190,regional_jet,1897,weather,652,normal,1.0,800.0,652.0,970.311429,emergency,RJAA,4000,60,asphalt,ILS,1,1,advanced,1,major,1,1,1,0,1,1,1,open,none,safe,civil,1,805.371596,2103,extended,1.0,1
S00143,RJCC,42.89035,142.097242,E190,regional_jet,1897,weather,652,normal,1.0,800.0,652.0,970.311429,emergency,RJTT,3360,61,asphalt,ILS,1,1,advanced,1,major,1,1,1,1,1,1,1,open,none,safe,civil,1,840.0601,1463,extended,2.0,0
S00143,RJCC,42.89035,142.097242,E190,regional_jet,1897,weather,652,normal,1.0,800.0,652.0,970.311429,emergency,RJCC,3000,61,asphalt,RNAV,0,1,basic,1,basic,1,1,1,1,1,1,1,open,none,safe,joint,0,35.577509,1103,preferred,3.0,0
S00144,LGAV,38.410991,23.937356,B737-800,narrow_body,2320,mechanical,826,normal,1.0,950.0,826.0,1334.261037,emergency,LTFM,4100,60,asphalt,ILS,1,1,advanced,1,major,1,1,1,1,1,1,0,open,none,safe,civil,0,518.49435,1780,preferred,1.0,1
S00144,LGAV,38.410991,23.937356,B737-800,narrow_body,2320,mechanical,826,normal,1.0,950.0,826.0,1334.261037,emergency,LGAV,4000,45,asphalt,ILS,1,1,advanced,1,major,1,1,1,1,1,1,1,open,none,safe,civil,0,52.775695,1680,preferred,2.0,0
S00144,LGAV,38.410991,23.937356,B737-800,narrow_body,2320,mechanical,826,normal,1.0,950.0,826.0,1334.261037,emergency,HECA,4000,60,asphalt,ILS,1,1,basic,1,major,1,1,1,1,1,1,1,open,none,safe,civil,0,1148.659436,1680,extended,3.0,0
S00144,LGAV,38.410991,23.937356,B737-800,narrow_body,2320,mechanical,826,normal,1.0,950.0,826.0,1334.261037,emergency,LIRF,3902,60,asphalt,ILS,1,1,basic,1,major,1,1,1,1,1,1,1,open,none,safe,civil,1,1061.922275,1582,extended,4.0,0
S00144,LGAV,38.410991,23.937356,B737-800,narrow_body,2320,mechanical,826,normal,1.0,950.0,826.0,1334.261037,emergency,LTAC,3750,45,asphalt,ILS,1,1,advanced,1,major,1,1,1,1,1,1,1,open,none,safe,joint,0,802.366629,1430,preferred,5.0,0
S00144,LGAV,38.410991,23.937356,B737-800,narrow_body,2320,mechanical,826,normal,1.0,950.0,826.0,1334.261037,emergency,OJAI,3660,61,asphalt,ILS,1,1,advanced,1,major,1,1,1,1,1,1,1,open,none,safe,civil,0,1323.681555,1340,extended,6.0,0
S00144,LGAV,38.410991,23.937356,B737-800,narrow_body,2320,mechanical,826,normal,1.0,950.0,826.0,1334.261037,emergency,DTTA,3200,45,asphalt,RNAV,0,1,basic,1,basic,1,0,1,1,1,1,1,open,none,safe,civil,0,1218.570036,880,extended,7.0,0
S00144,LGAV,38.410991,23.937356,B737-800,narrow_body,2320,mechanical,826,normal,1.0,950.0,826.0,1334.261037,emergency,LCLK,2987,45,asphalt,ILS,1,0,none,1,basic,1,0,1,1,1,1,1,open,none,safe,civil,0,948.87468,667,extended,8.0,0
S00145,FAOR,-26.126624,28.864875,A320,narrow_body,2373,weather,1250,normal,1.0,950.0,950.0,1550.919381,aircraft_fuel,FAOR,4418,61,asphalt,ILS,1,1,advanced,1,major,1,1,1,1,1,1,1,open,none,safe,civil,0,61.718938,2045,preferred,1.0,1
S00145,FAOR,-26.126624,28.864875,A320,narrow_body,2373,weather,1250,normal,1.0,950.0,950.0,1550.919381,aircraft_fuel,FACT,3201,61,asphalt,RNAV,0,1,basic,1,basic,1,0,1,1,1,1,1,open,none,safe,civil,0,1316.428866,828,extended,2.0,0
S00146,YMML,-37.915603,146.159058,A330-300,wide_body,3050,security,767,normal,1.0,1300.0,767.0,1347.654756,emergency,YSSY,3962,45,asphalt,ILS,1,1,advanced,1,major,1,1,1,0,1,1,1,open,none,safe,civil,1,631.42252,912,preferred,1.0,1
S00146,YMML,-37.915603,146.159058,A330-300,wide_body,3050,security,767,normal,1.0,1300.0,767.0,1347.654756,emergency,YMML,3657,60,asphalt,ILS,1,1,advanced,1,major,1,1,1,1,1,1,1,open,none,safe,civil,0,119.238716,607,preferred,2.0,0
S00147,FMMI,-18.821771,48.159593,B767-300ER,wide_body,3094,operational_constraints,504,normal,1.0,1250.0,504.0,814.202485,emergency,FMMI,3100,45,asphalt,VOR,0,0,none,0,none,0,0,1,1,1,1,0,open,none,caution,civil,0,71.711153,6,preferred,1.0,1
S00148,EGCC,53.404201,-1.711136,CRJ900,regional_jet,1727,weather,1185,low,0.9,630.0,630.0,911.337407,aircraft_fuel,LFPG,4215,45,asphalt,ILS,1,1,advanced,1,major,1,1,1,1,1,1,1,open,none,safe,civil,1,571.732816,2488,preferred,1.0,1
S00148,EGCC,53.404201,-1.711136,CRJ900,regional_jet,1727,weather,1185,low,0.9,630.0,630.0,911.337407,aircraft_fuel,EGLL,3901,50,asphalt,ILS,1,1,advanced,1,major,1,1,1,1,1,1,1,open,none,safe,civil,1,231.106996,2174,preferred,2.0,0
S00148,EGCC,53.404201,-1.711136,CRJ900,regional_jet,1727,weather,1185,low,0.9,630.0,630.0,911.337407,aircraft_fuel,EHAM,3800,60,asphalt,ILS,1,1,advanced,1,major,1,1,1,1,1,1,1,open,none,safe,civil,1,451.305949,2073,preferred,3.0,0
S00148,EGCC,53.404201,-1.711136,CRJ900,regional_jet,1727,weather,1185,low,0.9,630.0,630.0,911.337407,aircraft_fuel,EDDF,4000,60,asphalt,ILS,1,1,advanced,1,major,1,1,1,0,1,1,1,open,none,safe,civil,1,799.952141,2273,extended,4.0,0
S00148,EGCC,53.404201,-1.711136,CRJ900,regional_jet,1727,weather,1185,low,0.9,630.0,630.0,911.337407,aircraft_fuel,EGKK,3317,45,asphalt,ILS,1,1,advanced,1,major,1,1,1,1,1,1,1,open,none,safe,civil,1,271.403521,1590,preferred,5.0,0
S00148,EGCC,53.404201,-1.711136,CRJ900,regional_jet,1727,weather,1185,low,0.9,630.0,630.0,911.337407,aircraft_fuel,EIDW,3110,45,concrete,ILS,1,1,advanced,1,major,1,1,1,1,1,1,1,open,none,safe,civil,0,301.561947,1383,preferred,6.0,0
S00148,EGCC,53.404201,-1.711136,CRJ900,regional_jet,1727,weather,1185,low,0.9,630.0,630.0,911.337407,aircraft_fuel,EGCC,3048,46,asphalt,ILS,1,1,advanced,1,major,1,1,1,1,1,1,1,open,none,safe,civil,1,37.816359,1321,preferred,7.0,0
S00149,DNAA,8.740129,7.304686,B737 MAX 8,narrow_body,2301,medical,1019,normal,1.0,1000.0,1000.0,1652.516357,aircraft_fuel,DNMM,3900,60,asphalt,ILS,1,1,advanced,1,major,1,1,1,1,1,1,1,open,none,caution,civil,0,500.526559,1599,preferred,1.0,1
S00150,WMKK,3.374301,101.445255,A220-300,narrow_body,2046,weather,1254,normal,1.0,950.0,950.0,1700.74474,aircraft_fuel,WMKK,4124,60,asphalt,ILS,1,1,advanced,1,major,1,1,1,1,1,1,1,open,none,safe,civil,0,75.839428,2078,preferred,1.0,1
S00150,WMKK,3.374301,101.445255,A220-300,narrow_body,2046,weather,1254,normal,1.0,950.0,950.0,1700.74474,aircraft_fuel,WSSS,4000,60,asphalt,ILS,1,1,advanced,1,major,1,1,1,1,1,1,1,open,none,safe,civil,1,361.707131,1954,preferred,2.0,0
S00150,WMKK,3.374301,101.445255,A220-300,narrow_body,2046,weather,1254,normal,1.0,950.0,950.0,1700.74474,aircraft_fuel,VTBS,4000,60,asphalt,ILS,1,1,advanced,1,major,1,1,1,1,1,1,1,open,none,safe,civil,0,1148.62566,1954,extended,3.0,0
S00150,WMKK,3.374301,101.445255,A220-300,narrow_body,2046,weather,1254,normal,1.0,950.0,950.0,1700.74474,aircraft_fuel,WIMM,3000,60,asphalt,RNAV,1,1,basic,1,basic,1,0,1,1,0,1,1,open,none,safe,civil,0,285.677929,954,preferred,4.0,0
S00151,FAOR,-24.421636,28.356799,B787-9,wide_body,2953,medical,588,normal,1.0,1400.0,588.0,1032.391086,emergency,FAOR,4418,61,asphalt,ILS,1,1,advanced,1,major,1,1,1,1,1,1,1,open,none,safe,civil,0,191.402126,1465,preferred,1.0,1
S00152,DNAA,9.213558,7.605228,A220-300,narrow_body,2126,operational_constraints,637,normal,1.0,950.0,637.0,1026.28696,emergency,DNMM,3900,60,asphalt,ILS,1,1,advanced,1,major,1,1,1,1,1,1,1,open,none,caution,civil,0,555.450563,1774,preferred,1.0,1
S00152,DNAA,9.213558,7.605228,A220-300,narrow_body,2126,operational_constraints,637,normal,1.0,950.0,637.0,1026.28696,emergency,DNAA,3609,60,asphalt,RNAV,0,0,none,1,basic,1,0,1,1,1,1,1,open,none,safe,joint,0,44.034219,1483,preferred,2.0,0
S00152,DNAA,9.213558,7.605228,A220-300,narrow_body,2126,operational_constraints,637,normal,1.0,950.0,637.0,1026.28696,emergency,DGAA,3403,61,asphalt,RNAV,0,0,none,1,basic,1,0,1,1,1,1,0,open,none,safe,civil,0,946.123368,1277,extended,3.0,0
S00152,DNAA,9.213558,7.605228,A220-300,narrow_body,2126,operational_constraints,637,normal,1.0,950.0,637.0,1026.28696,emergency,DNKN,3200,46,asphalt,RNAV,0,0,none,1,basic,1,0,1,0,0,1,1,open,none,safe,joint,0,330.758182,1074,preferred,4.0,0
S00153,HECA,28.575307,31.228254,E170,regional_jet,1772,technical,610,low,0.9,630.0,610.0,864.582008,emergency,HECA,4000,60,asphalt,ILS,1,1,basic,1,major,1,1,1,1,1,1,1,open,none,safe,civil,0,171.599013,2228,preferred,1.0,1
S00153,HECA,28.575307,31.228254,E170,regional_jet,1772,technical,610,low,0.9,630.0,610.0,864.582008,emergency,OJAI,3660,61,asphalt,ILS,1,1,advanced,1,major,1,1,1,1,1,1,1,open,none,safe,civil,0,576.411615,1888,preferred,2.0,0
S00153,HECA,28.575307,31.228254,E170,regional_jet,1772,technical,610,low,0.9,630.0,610.0,864.582008,emergency,HELX,3000,45,asphalt,RNAV,0,0,none,1,basic,1,0,1,0,0,1,1,open,none,safe,joint,0,354.528211,1228,preferred,3.0,0
S00153,HECA,28.575307,31.228254,E170,regional_jet,1772,technical,610,low,0.9,630.0,610.0,864.582008,emergency,LCLK,2987,45,asphalt,ILS,1,0,none,1,basic,1,0,1,1,1,1,1,open,none,safe,civil,0,736.189884,1215,extended,4.0,0
S00154,HECA,29.778138,31.177843,A380-800,very_large,3461,mechanical,935,normal,1.0,1600.0,935.0,1724.053554,emergency,OKKK,4580,60,asphalt,ILS,1,1,advanced,1,major,1,1,1,1,1,1,1,open,none,safe,civil,0,1624.826355,1119,extended,1.0,1
S00154,HECA,29.778138,31.177843,A380-800,very_large,3461,mechanical,935,normal,1.0,1600.0,935.0,1724.053554,emergency,HECA,4000,60,asphalt,ILS,1,1,basic,1,major,1,1,1,1,1,1,1,open,none,safe,civil,0,42.649366,539,preferred,2.0,0
S00154,HECA,29.778138,31.177843,A380-800,very_large,3461,mechanical,935,normal,1.0,1600.0,935.0,1724.053554,emergency,OERK,4205,60,asphalt,ILS,1,1,advanced,1,major,1,1,1,1,1,1,1,open,none,safe,civil,0,1621.997963,744,extended,3.0,0
S00154,HECA,29.778138,31.177843,A380-800,very_large,3461,mechanical,935,normal,1.0,1600.0,935.0,1724.053554,emergency,LTFM,4100,60,asphalt,ILS,1,1,advanced,1,major,1,1,1,1,1,1,0,open,none,safe,civil,0,1297.234776,639,extended,4.0,0
S00154,HECA,29.778138,31.177843,A380-800,very_large,3461,mechanical,935,normal,1.0,1600.0,935.0,1724.053554,emergency,OJAI,3660,61,asphalt,ILS,1,1,advanced,1,major,1,1,1,1,1,1,1,open,none,safe,civil,0,508.352928,199,preferred,5.0,0
S00154,HECA,29.778138,31.177843,A380-800,very_large,3461,mechanical,935,normal,1.0,1600.0,935.0,1724.053554,emergency,LGAV,4000,45,asphalt,ILS,1,1,advanced,1,major,1,1,1,1,1,1,1,open,none,safe,civil,0,1125.654083,539,extended,6.0,0
S00154,HECA,29.778138,31.177843,A380-800,very_large,3461,mechanical,935,normal,1.0,1600.0,935.0,1724.053554,emergency,LTAC,3750,45,asphalt,ILS,1,1,advanced,1,major,1,1,1,1,1,1,1,open,none,safe,joint,0,1162.63994,289,extended,7.0,0
S00155,EIDW,53.051587,-4.745344,B737 MAX 8,narrow_body,2378,medical,532,critical,0.75,750.0,532.0,817.876478,emergency,EGLL,3901,50,asphalt,ILS,1,1,advanced,1,major,1,1,1,1,1,1,1,open,none,safe,civil,1,340.451314,1523,preferred,1.0,1
S00155,EIDW,53.051587,-4.745344,B737 MAX 8,narrow_body,2378,medical,532,critical,0.75,750.0,532.0,817.876478,emergency,LFPG,4215,45,asphalt,ILS,1,1,advanced,1,major,1,1,1,1,1,1,1,open,none,safe,civil,1,679.575796,1837,extended,2.0,0
S00155,EIDW,53.051587,-4.745344,B737 MAX 8,narrow_body,2378,medical,532,critical,0.75,750.0,532.0,817.876478,emergency,EHAM,3800,60,asphalt,ILS,1,1,advanced,1,major,1,1,1,1,1,1,1,open,none,safe,civil,1,645.863737,1422,extended,3.0,0
S00155,EIDW,53.051587,-4.745344,B737 MAX 8,narrow_body,2378,medical,532,critical,0.75,750.0,532.0,817.876478,emergency,EGKK,3317,45,asphalt,ILS,1,1,advanced,1,major,1,1,1,1,1,1,1,open,none,safe,civil,1,376.406139,939,preferred,4.0,0
S00155,EIDW,53.051587,-4.745344,B737 MAX 8,narrow_body,2378,medical,532,critical,0.75,750.0,532.0,817.876478,emergency,EIDW,3110,45,concrete,ILS,1,1,advanced,1,major,1,1,1,1,1,1,1,open,none,safe,civil,0,109.297035,732,preferred,5.0,0
S00155,EIDW,53.051587,-4.745344,B737 MAX 8,narrow_body,2378,medical,532,critical,0.75,750.0,532.0,817.876478,emergency,EGCC,3048,46,asphalt,ILS,1,1,advanced,1,major,1,1,1,1,1,1,1,open,none,safe,civil,1,167.924638,670,preferred,6.0,0
S00156,YSSY,-34.770335,150.856154,A319,narrow_body,2034,technical,825,critical,0.75,675.0,675.0,1076.375471,aircraft_fuel,YSSY,3962,45,asphalt,ILS,1,1,advanced,1,major,1,1,1,0,1,1,1,open,none,safe,civil,1,96.266734,1928,preferred,1.0,1
S00156,YSSY,-34.770335,150.856154,A319,narrow_body,2034,technical,825,critical,0.75,675.0,675.0,1076.375471,aircraft_fuel,YMML,3657,60,asphalt,ILS,1,1,advanced,1,major,1,1,1,1,1,1,1,open,none,safe,civil,0,628.666944,1623,preferred,2.0,0
S00157,VIDP,29.17324,77.384461,A350-900,wide_body,2970,security,999,normal,1.0,1500.0,999.0,1749.303571,emergency,VIDP,4430,60,asphalt,ILS,1,1,advanced,1,major,1,1,1,1,1,1,1,open,none,safe,civil,1,74.227808,1460,preferred,1.0,1
S00157,VIDP,29.17324,77.384461,A350-900,wide_body,2970,security,999,normal,1.0,1500.0,999.0,1749.303571,emergency,UAAA,4500,45,asphalt,RNAV,0,1,basic,1,basic,1,1,1,1,1,1,1,open,none,safe,civil,0,1577.151728,1530,extended,2.0,0
S00157,VIDP,29.17324,77.384461,A350-900,wide_body,2970,security,999,normal,1.0,1500.0,999.0,1749.303571,emergency,VABB,3509,60,asphalt,ILS,1,1,advanced,1,major,1,1,1,1,1,1,1,open,none,safe,civil,1,1211.034741,539,extended,3.0,0
S00157,VIDP,29.17324,77.384461,A350-900,wide_body,2970,security,999,normal,1.0,1500.0,999.0,1749.303571,emergency,OPLA,3360,46,concrete,RNAV,0,0,none,1,basic,1,0,1,1,1,1,1,open,none,caution,civil,0,387.269,390,preferred,4.0,0
S00157,VIDP,29.17324,77.384461,A350-900,wide_body,2970,security,999,normal,1.0,1500.0,999.0,1749.303571,emergency,OPKC,3400,46,concrete,RNAV,0,1,basic,1,basic,1,1,1,1,1,1,1,open,none,caution,civil,0,1117.564746,430,extended,5.0,0
S00157,VIDP,29.17324,77.384461,A350-900,wide_body,2970,security,999,normal,1.0,1500.0,999.0,1749.303571,emergency,VNKT,3350,45,asphalt,VOR,0,0,none,0,none,0,0,1,1,1,1,1,open,none,caution,civil,0,796.682105,380,preferred,6.0,0
S00158,WIMM,2.927152,99.140313,B737-800,narrow_body,2433,medical,496,normal,1.0,950.0,496.0,755.912598,emergency,WMKK,4124,60,asphalt,ILS,1,1,advanced,1,major,1,1,1,1,1,1,1,open,none,safe,civil,0,286.099106,1691,preferred,1.0,1
S00158,WIMM,2.927152,99.140313,B737-800,narrow_body,2433,medical,496,normal,1.0,950.0,496.0,755.912598,emergency,WSSS,4000,60,asphalt,ILS,1,1,advanced,1,major,1,1,1,1,1,1,1,open,none,safe,civil,1,567.102806,1567,extended,2.0,0
S00158,WIMM,2.927152,99.140313,B737-800,narrow_body,2433,medical,496,normal,1.0,950.0,496.0,755.912598,emergency,WIMM,3000,60,asphalt,RNAV,1,1,basic,1,basic,1,0,1,1,0,1,1,open,none,safe,civil,0,84.337012,567,preferred,3.0,0
S00159,LPPT,38.762714,-9.914332,A320,narrow_body,2406,medical,718,low,0.9,855.0,718.0,1175.305137,emergency,LEMD,4350,60,asphalt,ILS,1,1,advanced,1,major,1,1,1,1,1,1,1,open,none,safe,civil,1,576.070424,1944,preferred,1.0,1
S00159,LPPT,38.762714,-9.914332,A320,narrow_body,2406,medical,718,low,0.9,855.0,718.0,1175.305137,emergency,LPPT,3707,45,asphalt,ILS,1,1,advanced,1,major,1,1,1,1,1,1,1,open,none,safe,civil,0,67.513885,1301,preferred,2.0,0
S00159,LPPT,38.762714,-9.914332,A320,narrow_body,2406,medical,718,low,0.9,855.0,718.0,1175.305137,emergency,GMMN,3720,45,asphalt,ILS,1,1,advanced,1,major,1,1,1,1,1,1,1,open,none,safe,civil,0,635.191213,1314,preferred,3.0,0
S00160,DTTA,36.910167,9.454235,B737 MAX 8,narrow_body,2317,weather,956,critical,0.75,750.0,750.0,1292.489992,aircraft_fuel,LEMD,4350,60,asphalt,ILS,1,1,advanced,1,major,1,1,1,1,1,1,1,open,none,safe,civil,1,1197.163534,2033,extended,1.0,1
S00160,DTTA,36.910167,9.454235,B737 MAX 8,narrow_body,2317,weather,956,critical,0.75,750.0,750.0,1292.489992,aircraft_fuel,LIRF,3902,60,asphalt,ILS,1,1,basic,1,major,1,1,1,1,1,1,1,open,none,safe,civil,1,594.923816,1585,preferred,2.0,0
S00160,DTTA,36.910167,9.454235,B737 MAX 8,narrow_body,2317,weather,956,critical,0.75,750.0,750.0,1292.489992,aircraft_fuel,LGAV,4000,45,asphalt,ILS,1,1,advanced,1,major,1,1,1,1,1,1,1,open,none,safe,civil,0,1283.369916,1683,extended,3.0,0
S00160,DTTA,36.910167,9.454235,B737 MAX 8,narrow_body,2317,weather,956,critical,0.75,750.0,750.0,1292.489992,aircraft_fuel,DAAG,3500,60,asphalt,RNAV,0,1,basic,1,basic,1,1,1,1,1,1,0,open,none,safe,civil,0,555.972398,1183,preferred,4.0,0
S00160,DTTA,36.910167,9.454235,B737 MAX 8,narrow_body,2317,weather,956,critical,0.75,750.0,750.0,1292.489992,aircraft_fuel,DTTA,3200,45,asphalt,RNAV,0,1,basic,1,basic,1,0,1,1,1,1,1,open,none,safe,civil,0,69.064068,883,preferred,5.0,0
S00161,LPPT,38.464586,-9.716823,A319,narrow_body,2152,fuel,835,low,0.9,810.0,810.0,1351.175819,aircraft_fuel,LEMD,4350,60,asphalt,ILS,1,1,advanced,1,major,1,1,1,1,1,1,1,open,none,safe,civil,1,573.423218,2198,preferred,1.0,1
S00161,LPPT,38.464586,-9.716823,A319,narrow_body,2152,fuel,835,low,0.9,810.0,810.0,1351.175819,aircraft_fuel,LPPT,3707,45,asphalt,ILS,1,1,advanced,1,major,1,1,1,1,1,1,1,open,none,safe,civil,0,61.537978,1555,preferred,2.0,0
S00161,LPPT,38.464586,-9.716823,A319,narrow_body,2152,fuel,835,low,0.9,810.0,810.0,1351.175819,aircraft_fuel,GMMN,3720,45,asphalt,ILS,1,1,advanced,1,major,1,1,1,1,1,1,1,open,none,safe,civil,0,598.204961,1568,preferred,3.0,0
S00161,LPPT,38.464586,-9.716823,A319,narrow_body,2152,fuel,835,low,0.9,810.0,810.0,1351.175819,aircraft_fuel,DAAG,3500,60,asphalt,RNAV,0,1,basic,1,basic,1,1,1,1,1,1,0,open,none,safe,civil,0,1155.423231,1348,extended,4.0,0
S00162,EGCC,52.748854,-1.759828,A319,narrow_body,2000,medical,399,normal,1.0,900.0,399.0,635.975563,emergency,EGLL,3901,50,asphalt,ILS,1,1,advanced,1,major,1,1,1,1,1,1,1,open,none,safe,civil,1,167.559212,1901,preferred,1.0,1
S00162,EGCC,52.748854,-1.759828,A319,narrow_body,2000,medical,399,normal,1.0,900.0,399.0,635.975563,emergency,LFPG,4215,45,asphalt,ILS,1,1,advanced,1,major,1,1,1,1,1,1,1,open,none,safe,civil,1,514.137439,2215,extended,2.0,0
S00162,EGCC,52.748854,-1.759828,A319,narrow_body,2000,medical,399,normal,1.0,900.0,399.0,635.975563,emergency,EHAM,3800,60,asphalt,ILS,1,1,advanced,1,major,1,1,1,1,1,1,1,open,none,safe,civil,1,443.860588,1800,extended,3.0,0
S00162,EGCC,52.748854,-1.759828,A319,narrow_body,2000,medical,399,normal,1.0,900.0,399.0,635.975563,emergency,EGKK,3317,45,asphalt,ILS,1,1,advanced,1,major,1,1,1,1,1,1,1,open,none,safe,civil,1,208.064391,1317,preferred,4.0,0
S00162,EGCC,52.748854,-1.759828,A319,narrow_body,2000,medical,399,normal,1.0,900.0,399.0,635.975563,emergency,EIDW,3110,45,concrete,ILS,1,1,advanced,1,major,1,1,1,1,1,1,1,open,none,safe,civil,0,309.967273,1110,preferred,5.0,0
S00162,EGCC,52.748854,-1.759828,A319,narrow_body,2000,medical,399,normal,1.0,900.0,399.0,635.975563,emergency,EGCC,3048,46,asphalt,ILS,1,1,advanced,1,major,1,1,1,1,1,1,1,open,none,safe,civil,1,75.560511,1048,preferred,6.0,0
S00163,OPKC,25.442065,66.663349,A319,narrow_body,2185,technical,516,normal,1.0,900.0,516.0,807.015702,emergency,OPKC,3400,46,concrete,RNAV,0,1,basic,1,basic,1,1,1,1,1,1,1,open,none,caution,civil,0,77.797259,1215,preferred,1.0,1
S00164,OKKK,29.535259,48.102109,A320,narrow_body,2262,security,457,normal,1.0,950.0,457.0,740.724567,emergency,OKKK,4580,60,asphalt,ILS,1,1,advanced,1,major,1,1,1,1,1,1,1,open,none,safe,civil,0,36.857195,2318,preferred,1.0,1
S00164,OKKK,29.535259,48.102109,A320,narrow_body,2262,security,457,normal,1.0,950.0,457.0,740.724567,emergency,OTHH,4850,60,asphalt,ILS,1,1,advanced,1,major,1,1,1,1,1,1,1,open,none,safe,civil,0,586.761847,2588,extended,2.0,0
S00164,OKKK,29.535259,48.102109,A320,narrow_body,2262,security,457,normal,1.0,950.0,457.0,740.724567,emergency,OBBI,3956,60,asphalt,ILS,1,1,advanced,1,major,1,1,1,1,1,1,1,open,none,safe,civil,0,440.562615,1694,preferred,3.0,0
S00164,OKKK,29.535259,48.102109,A320,narrow_body,2262,security,457,normal,1.0,950.0,457.0,740.724567,emergency,OERK,4205,60,asphalt,ILS,1,1,advanced,1,major,1,1,1,1,1,1,1,open,none,safe,civil,0,527.560822,1943,extended,4.0,0
S00165,WIMM,3.578399,99.077944,A220-300,narrow_body,2082,weather,720,normal,1.0,950.0,720.0,1098.120132,emergency,WMKK,4124,60,asphalt,ILS,1,1,advanced,1,major,1,1,1,1,1,1,1,open,none,safe,civil,0,306.545211,2042,preferred,1.0,1
S00165,WIMM,3.578399,99.077944,A220-300,narrow_body,2082,weather,720,normal,1.0,950.0,720.0,1098.120132,emergency,WSSS,4000,60,asphalt,ILS,1,1,advanced,1,major,1,1,1,1,1,1,1,open,none,safe,civil,1,599.677725,1918,preferred,2.0,0
S00165,WIMM,3.578399,99.077944,A220-300,narrow_body,2082,weather,720,normal,1.0,950.0,720.0,1098.120132,emergency,WIMM,3000,60,asphalt,RNAV,1,1,basic,1,basic,1,0,1,1,0,1,1,open,none,safe,civil,0,22.510454,918,preferred,3.0,0
S00166,FAOR,-26.651383,29.501278,B737-800,narrow_body,2212,mechanical,788,low,0.9,855.0,788.0,1249.031199,emergency,FAOR,4418,61,asphalt,ILS,1,1,advanced,1,major,1,1,1,1,1,1,1,open,none,safe,civil,0,137.274514,2206,preferred,1.0,1
S00167,ESSA,59.48671,18.123422,E190,regional_jet,1857,weather,831,low,0.9,720.0,720.0,1067.977133,aircraft_fuel,ENGM,3600,45,asphalt,ILS,1,1,advanced,1,major,1,1,1,1,1,1,1,open,none,safe,civil,0,399.944199,1743,preferred,1.0,1
S00167,ESSA,59.48671,18.123422,E190,regional_jet,1857,weather,831,low,0.9,720.0,720.0,1067.977133,aircraft_fuel,EFHK,3440,60,asphalt,ILS,1,1,advanced,1,major,1,1,1,1,1,1,1,open,none,safe,civil,0,392.255761,1583,preferred,2.0,0
S00167,ESSA,59.48671,18.123422,E190,regional_jet,1857,weather,831,low,0.9,720.0,720.0,1067.977133,aircraft_fuel,ULLI,3780,60,concrete,ILS,1,1,advanced,1,major,1,1,1,1,1,1,1,open,none,caution,civil,0,682.095089,1923,preferred,3.0,0
S00167,ESSA,59.48671,18.123422,E190,regional_jet,1857,weather,831,low,0.9,720.0,720.0,1067.977133,aircraft_fuel,ESSA,3301,45,asphalt,ILS,1,1,advanced,1,major,1,1,1,1,1,1,1,open,none,safe,civil,0,21.064869,1444,preferred,4.0,0
S00168,FACT,-34.25323,17.950829,A320,narrow_body,2435,technical,798,normal,1.0,950.0,798.0,1310.500467,emergency,FACT,3201,61,asphalt,RNAV,0,1,basic,1,basic,1,0,1,1,1,1,1,open,none,safe,civil,0,67.700201,766,preferred,1.0,1
S00169,HKJK,-1.134091,37.683174,A350-900,wide_body,2905,weather,1129,normal,1.0,1500.0,1129.0,1981.491527,emergency,HKJK,4117,45,asphalt,RNAV,0,1,basic,1,basic,1,0,1,1,1,1,1,open,none,safe,civil,0,86.405219,1212,preferred,1.0,1
S00170,RJCC,42.3886,142.325513,B777-300ER,wide_body,3161,security,960,normal,1.0,1500.0,960.0,1700.815006,emergency,RJAA,4000,60,asphalt,ILS,1,1,advanced,1,major,1,1,1,0,1,1,1,open,none,safe,civil,1,754.796554,839,preferred,1.0,1
S00170,RJCC,42.3886,142.325513,B777-300ER,wide_body,3161,security,960,normal,1.0,1500.0,960.0,1700.815006,emergency,RKSI,4000,60,asphalt,ILS,1,1,advanced,1,major,1,1,1,1,1,1,1,open,none,safe,civil,1,1457.099168,839,extended,2.0,0
S00170,RJCC,42.3886,142.325513,B777-300ER,wide_body,3161,security,960,normal,1.0,1500.0,960.0,1700.815006,emergency,RJTT,3360,61,asphalt,ILS,1,1,advanced,1,major,1,1,1,1,1,1,1,open,none,safe,civil,1,791.379308,199,preferred,3.0,0
S00171,UAAA,43.603512,77.49351,B737-800,narrow_body,2401,fuel,525,low,0.9,855.0,525.0,823.371784,emergency,UAAA,4500,45,asphalt,RNAV,0,1,basic,1,basic,1,1,1,1,1,1,1,open,none,safe,civil,0,45.72115,2099,preferred,1.0,1
S00172,LPPT,38.743118,-8.18135,A220-300,narrow_body,2097,technical,909,low,0.9,855.0,855.0,1416.041925,aircraft_fuel,LEMD,4350,60,asphalt,ILS,1,1,advanced,1,major,1,1,1,1,1,1,1,open,none,safe,civil,1,440.075635,2253,preferred,1.0,1
S00172,LPPT,38.743118,-8.18135,A220-300,narrow_body,2097,technical,909,low,0.9,855.0,855.0,1416.041925,aircraft_fuel,LPPT,3707,45,asphalt,ILS,1,1,advanced,1,major,1,1,1,1,1,1,1,open,none,safe,civil,0,82.87383,1610,preferred,2.0,0
S00172,LPPT,38.743118,-8.18135,A220-300,narrow_body,2097,technical,909,low,0.9,855.0,855.0,1416.041925,aircraft_fuel,GMMN,3720,45,asphalt,ILS,1,1,advanced,1,major,1,1,1,1,1,1,1,open,none,safe,civil,0,600.096406,1623,preferred,3.0,0
S00172,LPPT,38.743118,-8.18135,A220-300,narrow_body,2097,technical,909,low,0.9,855.0,855.0,1416.041925,aircraft_fuel,DAAG,3500,60,asphalt,RNAV,0,1,basic,1,basic,1,1,1,1,1,1,0,open,none,safe,civil,0,1027.183408,1403,extended,4.0,0
S00173,RPLL,15.516513,121.424664,A320,narrow_body,2384,medical,825,critical,0.75,712.5,712.5,1081.529449,aircraft_fuel,RPLL,3737,60,concrete,ILS,1,1,basic,1,basic,1,1,1,1,1,1,1,open,none,caution,civil,0,120.20638,1353,preferred,1.0,1
S00173,RPLL,15.516513,121.424664,A320,narrow_body,2384,medical,825,critical,0.75,712.5,712.5,1081.529449,aircraft_fuel,RCTP,3660,60,concrete,ILS,1,1,advanced,1,major,1,1,1,1,1,1,1,open,none,safe,civil,0,1063.342758,1276,extended,2.0,0
S00174,EGLL,51.360158,-0.621585,A330-300,wide_body,2909,mechanical,842,normal,1.0,1300.0,842.0,1570.908536,emergency,LFPG,4215,45,asphalt,ILS,1,1,advanced,1,major,1,1,1,1,1,1,1,open,none,safe,civil,1,345.588425,1306,preferred,1.0,1
S00174,EGLL,51.360158,-0.621585,A330-300,wide_body,2909,mechanical,842,normal,1.0,1300.0,842.0,1570.908536,emergency,EDDF,4000,60,asphalt,ILS,1,1,advanced,1,major,1,1,1,0,1,1,1,open,none,safe,civil,1,662.921995,1091,preferred,2.0,0
S00174,EGLL,51.360158,-0.621585,A330-300,wide_body,2909,mechanical,842,normal,1.0,1300.0,842.0,1570.908536,emergency,EGLL,3901,50,asphalt,ILS,1,1,advanced,1,major,1,1,1,1,1,1,1,open,none,safe,civil,1,16.64112,992,preferred,3.0,0
S00174,EGLL,51.360158,-0.621585,A330-300,wide_body,2909,mechanical,842,normal,1.0,1300.0,842.0,1570.908536,emergency,LEMD,4350,60,asphalt,ILS,1,1,advanced,1,major,1,1,1,1,1,1,1,open,none,safe,civil,1,1229.420872,1441,extended,4.0,0
S00174,EGLL,51.360158,-0.621585,A330-300,wide_body,2909,mechanical,842,normal,1.0,1300.0,842.0,1570.908536,emergency,EHAM,3800,60,asphalt,ILS,1,1,advanced,1,major,1,1,1,1,1,1,1,open,none,safe,civil,1,384.67381,891,preferred,5.0,0
S00174,EGLL,51.360158,-0.621585,A330-300,wide_body,2909,mechanical,842,normal,1.0,1300.0,842.0,1570.908536,emergency,LIRF,3902,60,asphalt,ILS,1,1,basic,1,major,1,1,1,1,1,1,1,open,none,safe,civil,1,1443.973864,993,extended,6.0,0
S00174,EGLL,51.360158,-0.621585,A330-300,wide_body,2909,mechanical,842,normal,1.0,1300.0,842.0,1570.908536,emergency,EGKK,3317,45,asphalt,ILS,1,1,advanced,1,major,1,1,1,1,1,1,1,open,none,safe,civil,1,38.374982,408,preferred,7.0,0
S00174,EGLL,51.360158,-0.621585,A330-300,wide_body,2909,mechanical,842,normal,1.0,1300.0,842.0,1570.908536,emergency,LPPT,3707,45,asphalt,ILS,1,1,advanced,1,major,1,1,1,1,1,1,1,open,none,safe,civil,0,1547.835421,798,extended,8.0,0
S00174,EGLL,51.360158,-0.621585,A330-300,wide_body,2909,mechanical,842,normal,1.0,1300.0,842.0,1570.908536,emergency,ENGM,3600,45,asphalt,ILS,1,1,advanced,1,major,1,1,1,1,1,1,1,open,none,safe,civil,0,1221.876749,691,extended,9.0,0
S00174,EGLL,51.360158,-0.621585,A330-300,wide_body,2909,mechanical,842,normal,1.0,1300.0,842.0,1570.908536,emergency,EIDW,3110,45,concrete,ILS,1,1,advanced,1,major,1,1,1,1,1,1,1,open,none,safe,civil,0,446.338509,201,preferred,10.0,0
S00174,EGLL,51.360158,-0.621585,A330-300,wide_body,2909,mechanical,842,normal,1.0,1300.0,842.0,1570.908536,emergency,EGCC,3048,46,asphalt,ILS,1,1,advanced,1,major,1,1,1,1,1,1,1,open,none,safe,civil,1,248.474551,139,preferred,11.0,0
S00174,EGLL,51.360158,-0.621585,A330-300,wide_body,2909,mechanical,842,normal,1.0,1300.0,842.0,1570.908536,emergency,ESSA,3301,45,asphalt,ILS,1,1,advanced,1,major,1,1,1,1,1,1,1,open,none,safe,civil,0,1479.363191,392,extended,12.0,0
S00176,FAOR,-26.487022,28.644662,E175,regional_jet,1724,medical,697,critical,0.75,562.5,562.5,833.178084,aircraft_fuel,FAOR,4418,61,asphalt,ILS,1,1,advanced,1,major,1,1,1,1,1,1,1,open,none,safe,civil,0,55.325036,2694,preferred,1.0,1
S00177,VABB,18.955005,72.406815,A321,narrow_body,2428,fuel,403,critical,0.75,750.0,403.0,616.533662,emergency,VABB,3509,60,asphalt,ILS,1,1,advanced,1,major,1,1,1,1,1,1,1,open,none,safe,civil,1,50.698842,1081,preferred,1.0,1
S00178,DNAA,8.915209,7.953601,A321,narrow_body,2475,fuel,639,critical,0.75,750.0,639.0,1145.483159,emergency,DNMM,3900,60,asphalt,ILS,1,1,advanced,1,major,1,1,1,1,1,1,1,open,none,caution,civil,0,572.754707,1425,preferred,1.0,1
S00178,DNAA,8.915209,7.953601,A321,narrow_body,2475,fuel,639,critical,0.75,750.0,639.0,1145.483159,emergency,DNAA,3609,60,asphalt,RNAV,0,0,none,1,basic,1,0,1,1,1,1,1,open,none,safe,joint,0,76.516032,1134,preferred,2.0,0
S00178,DNAA,8.915209,7.953601,A321,narrow_body,2475,fuel,639,critical,0.75,750.0,639.0,1145.483159,emergency,DGAA,3403,61,asphalt,RNAV,0,0,none,1,basic,1,0,1,1,1,1,0,open,none,safe,civil,0,968.246161,928,extended,3.0,0
S00178,DNAA,8.915209,7.953601,A321,narrow_body,2475,fuel,639,critical,0.75,750.0,639.0,1145.483159,emergency,DNKN,3200,46,asphalt,RNAV,0,0,none,1,basic,1,0,1,0,0,1,1,open,none,safe,joint,0,353.856061,725,preferred,4.0,0
S00179,VTBS,13.511416,100.020368,B777-300ER,wide_body,3140,weather,912,critical,0.75,1125.0,912.0,1644.705065,emergency,VTBS,4000,60,asphalt,ILS,1,1,advanced,1,major,1,1,1,1,1,1,1,open,none,safe,civil,0,80.768453,860,preferred,1.0,1
S00179,VTBS,13.511416,100.020368,B777-300ER,wide_body,3140,weather,912,critical,0.75,1125.0,912.0,1644.705065,emergency,WMKK,4124,60,asphalt,ILS,1,1,advanced,1,major,1,1,1,1,1,1,1,open,none,safe,civil,0,1211.423982,984,extended,2.0,0
S00179,VTBS,13.511416,100.020368,B777-300ER,wide_body,3140,weather,912,critical,0.75,1125.0,912.0,1644.705065,emergency,WSSS,4000,60,asphalt,ILS,1,1,advanced,1,major,1,1,1,1,1,1,1,open,none,safe,civil,1,1421.207181,860,extended,3.0,0
S00180,SBGR,-23.557178,-47.324088,A321,narrow_body,2473,weather,1059,normal,1.0,1000.0,1000.0,1620.171256,aircraft_fuel,SBGR,3700,45,asphalt,ILS,1,1,advanced,1,major,1,1,1,1,1,1,1,open,none,safe,civil,0,88.219706,1227,preferred,1.0,1
S00181,EGLL,52.614262,-0.105094,E175,regional_jet,1787,technical,925,normal,1.0,750.0,750.0,1083.311732,aircraft_fuel,LFPG,4215,45,asphalt,ILS,1,1,advanced,1,major,1,1,1,1,1,1,1,open,none,safe,civil,1,442.216318,2428,preferred,1.0,1
S00181,EGLL,52.614262,-0.105094,E175,regional_jet,1787,technical,925,normal,1.0,750.0,750.0,1083.311732,aircraft_fuel,EDDF,4000,60,asphalt,ILS,1,1,advanced,1,major,1,1,1,0,1,1,1,open,none,safe,civil,1,666.688899,2213,preferred,2.0,0
S00181,EGLL,52.614262,-0.105094,E175,regional_jet,1787,technical,925,normal,1.0,750.0,750.0,1083.311732,aircraft_fuel,EGLL,3901,50,asphalt,ILS,1,1,advanced,1,major,1,1,1,1,1,1,1,open,none,safe,civil,1,129.447459,2114,preferred,3.0,0
S00181,EGLL,52.614262,-0.105094,E175,regional_jet,1787,technical,925,normal,1.0,750.0,750.0,1083.311732,aircraft_fuel,EHAM,3800,60,asphalt,ILS,1,1,advanced,1,major,1,1,1,1,1,1,1,open,none,safe,civil,1,331.558191,2013,preferred,4.0,0
S00181,EGLL,52.614262,-0.105094,E175,regional_jet,1787,technical,925,normal,1.0,750.0,750.0,1083.311732,aircraft_fuel,EGKK,3317,45,asphalt,ILS,1,1,advanced,1,major,1,1,1,1,1,1,1,open,none,safe,civil,1,163.052124,1530,preferred,5.0,0
S00181,EGLL,52.614262,-0.105094,E175,regional_jet,1787,technical,925,normal,1.0,750.0,750.0,1083.311732,aircraft_fuel,EIDW,3110,45,concrete,ILS,1,1,advanced,1,major,1,1,1,1,1,1,1,open,none,safe,civil,0,421.511106,1323,preferred,6.0,0
S00181,EGLL,52.614262,-0.105094,E175,regional_jet,1787,technical,925,normal,1.0,750.0,750.0,1083.311732,aircraft_fuel,EGCC,3048,46,asphalt,ILS,1,1,advanced,1,major,1,1,1,1,1,1,1,open,none,safe,civil,1,166.906238,1261,preferred,7.0,0
S00182,RPLL,14.76314,120.169753,CRJ900,regional_jet,1810,security,703,normal,1.0,700.0,700.0,1061.116096,aircraft_fuel,RPLL,3737,60,concrete,ILS,1,1,basic,1,basic,1,1,1,1,1,1,1,open,none,caution,civil,0,95.753556,1927,preferred,1.0,1
S00183,MMMX,19.460903,-99.448637,A319,narrow_body,2099,fuel,650,critical,0.75,675.0,650.0,997.153291,emergency,MMMX,3952,45,asphalt,ILS,1,1,basic,1,major,1,1,1,1,1,1,1,open,none,safe,civil,0,39.763539,1853,preferred,1.0,1
S00184,LTFM,41.141902,28.887214,A320,narrow_body,2206,weather,560,low,0.9,855.0,560.0,882.021856,emergency,LTFM,4100,60,asphalt,ILS,1,1,advanced,1,major,1,1,1,1,1,1,0,open,none,safe,civil,0,19.670179,1894,preferred,1.0,1
S00184,LTFM,41.141902,28.887214,A320,narrow_body,2206,weather,560,low,0.9,855.0,560.0,882.021856,emergency,LGAV,4000,45,asphalt,ILS,1,1,advanced,1,major,1,1,1,1,1,1,1,open,none,safe,civil,0,553.630569,1794,preferred,2.0,0
S00184,LTFM,41.141902,28.887214,A320,narrow_body,2206,weather,560,low,0.9,855.0,560.0,882.021856,emergency,LTAC,3750,45,asphalt,ILS,1,1,advanced,1,major,1,1,1,1,1,1,1,open,none,safe,joint,0,364.461214,1544,preferred,3.0,0
S00184,LTFM,41.141902,28.887214,A320,narrow_body,2206,weather,560,low,0.9,855.0,560.0,882.021856,emergency,LCLK,2987,45,asphalt,ILS,1,0,none,1,basic,1,0,1,1,1,1,1,open,none,safe,civil,0,810.771082,781,extended,4.0,0
S00185,EDDF,49.977007,9.199898,B737 MAX 8,narrow_body,2331,weather,779,normal,1.0,1000.0,779.0,1202.403577,emergency,LFPG,4215,45,asphalt,ILS,1,1,advanced,1,major,1,1,1,1,1,1,1,open,none,safe,civil,1,491.737356,1884,preferred,1.0,1
S00185,EDDF,49.977007,9.199898,B737 MAX 8,narrow_body,2331,weather,779,normal,1.0,1000.0,779.0,1202.403577,emergency,EDDF,4000,60,asphalt,ILS,1,1,advanced,1,major,1,1,1,0,1,1,1,open,none,safe,civil,1,46.184366,1669,preferred,2.0,0
S00185,EDDF,49.977007,9.199898,B737 MAX 8,narrow_body,2331,weather,779,normal,1.0,1000.0,779.0,1202.403577,emergency,EGLL,3901,50,asphalt,ILS,1,1,advanced,1,major,1,1,1,1,1,1,1,open,none,safe,civil,1,699.401679,1570,preferred,3.0,0
S00185,EDDF,49.977007,9.199898,B737 MAX 8,narrow_body,2331,weather,779,normal,1.0,1000.0,779.0,1202.403577,emergency,EHAM,3800,60,asphalt,ILS,1,1,advanced,1,major,1,1,1,1,1,1,1,open,none,safe,civil,1,403.584736,1469,preferred,4.0,0
S00185,EDDF,49.977007,9.199898,B737 MAX 8,narrow_body,2331,weather,779,normal,1.0,1000.0,779.0,1202.403577,emergency,LIRF,3902,60,asphalt,ILS,1,1,basic,1,major,1,1,1,1,1,1,1,open,none,safe,civil,1,938.721855,1571,extended,5.0,0
S00185,EDDF,49.977007,9.199898,B737 MAX 8,narrow_body,2331,weather,779,normal,1.0,1000.0,779.0,1202.403577,emergency,EGKK,3317,45,asphalt,ILS,1,1,advanced,1,major,1,1,1,1,1,1,1,open,none,safe,civil,1,675.135629,986,preferred,6.0,0
S00185,EDDF,49.977007,9.199898,B737 MAX 8,narrow_body,2331,weather,779,normal,1.0,1000.0,779.0,1202.403577,emergency,ENGM,3600,45,asphalt,ILS,1,1,advanced,1,major,1,1,1,1,1,1,1,open,none,safe,civil,0,1142.365277,1269,extended,7.0,0
S00185,EDDF,49.977007,9.199898,B737 MAX 8,narrow_body,2331,weather,779,normal,1.0,1000.0,779.0,1202.403577,emergency,EIDW,3110,45,concrete,ILS,1,1,advanced,1,major,1,1,1,1,1,1,1,open,none,safe,civil,0,1129.777769,779,extended,8.0,0
S00185,EDDF,49.977007,9.199898,B737 MAX 8,narrow_body,2331,weather,779,normal,1.0,1000.0,779.0,1202.403577,emergency,EGCC,3048,46,asphalt,ILS,1,1,advanced,1,major,1,1,1,1,1,1,1,open,none,safe,civil,1,874.626297,717,extended,9.0,0
S00186,VTBS,13.993881,101.115229,A320,narrow_body,2264,mechanical,703,critical,0.75,712.5,703.0,1063.963612,emergency,VTBS,4000,60,asphalt,ILS,1,1,advanced,1,major,1,1,1,1,1,1,1,open,none,safe,civil,0,52.822462,1736,preferred,1.0,1
S00187,ESSA,59.4504,18.828023,A330-300,wide_body,2966,technical,719,low,0.9,1170.0,719.0,1328.554764,emergency,EDDF,4000,60,asphalt,ILS,1,1,advanced,1,major,1,1,1,0,1,1,1,open,none,safe,civil,1,1234.905635,1034,extended,1.0,1
S00187,ESSA,59.4504,18.828023,A330-300,wide_body,2966,technical,719,low,0.9,1170.0,719.0,1328.554764,emergency,ENGM,3600,45,asphalt,ILS,1,1,advanced,1,major,1,1,1,1,1,1,1,open,none,safe,civil,0,439.514953,634,preferred,2.0,0
S00187,ESSA,59.4504,18.828023,A330-300,wide_body,2966,technical,719,low,0.9,1170.0,719.0,1328.554764,emergency,EFHK,3440,60,asphalt,ILS,1,1,advanced,1,major,1,1,1,1,1,1,1,open,none,safe,civil,0,355.496608,474,preferred,3.0,0
S00187,ESSA,59.4504,18.828023,A330-300,wide_body,2966,technical,719,low,0.9,1170.0,719.0,1328.554764,emergency,EHAM,3800,60,asphalt,ILS,1,1,advanced,1,major,1,1,1,1,1,1,1,open,none,safe,civil,1,1178.990299,834,extended,4.0,0
S00187,ESSA,59.4504,18.828023,A330-300,wide_body,2966,technical,719,low,0.9,1170.0,719.0,1328.554764,emergency,ULLI,3780,60,concrete,ILS,1,1,advanced,1,major,1,1,1,1,1,1,1,open,none,caution,civil,0,643.287675,814,preferred,5.0,0
S00187,ESSA,59.4504,18.828023,A330-300,wide_body,2966,technical,719,low,0.9,1170.0,719.0,1328.554764,emergency,ESSA,3301,45,asphalt,ILS,1,1,advanced,1,major,1,1,1,1,1,1,1,open,none,safe,civil,0,55.252025,335,preferred,6.0,0
S00187,ESSA,59.4504,18.828023,A330-300,wide_body,2966,technical,719,low,0.9,1170.0,719.0,1328.554764,emergency,UUEE,3700,60,concrete,ILS,1,1,advanced,1,major,1,1,1,1,1,1,1,open,none,caution,civil,0,1164.747664,734,extended,7.0,0
S00188,YSSY,-34.693312,150.791204,B737 MAX 8,narrow_body,2362,mechanical,753,normal,1.0,1000.0,753.0,1216.799691,emergency,YSSY,3962,45,asphalt,ILS,1,1,advanced,1,major,1,1,1,0,1,1,1,open,none,safe,civil,1,90.325037,1600,preferred,1.0,1
S00188,YSSY,-34.693312,150.791204,B737 MAX 8,narrow_body,2362,mechanical,753,normal,1.0,1000.0,753.0,1216.799691,emergency,YMML,3657,60,asphalt,ILS,1,1,advanced,1,major,1,1,1,1,1,1,1,open,none,safe,civil,0,628.364953,1295,preferred,2.0,0
S00189,UOOO,69.528573,85.046983,A220-300,narrow_body,2158,security,929,normal,1.0,950.0,929.0,1539.690388,emergency,UOOO,2800,45,concrete,VOR,0,0,none,1,basic,1,0,1,0,0,1,0,open,restricted,caution,joint,0,92.531594,642,preferred,1.0,1
S00190,YMML,-38.482134,144.794808,CRJ900,regional_jet,1902,weather,857,normal,1.0,700.0,700.0,1108.854906,aircraft_fuel,YMML,3657,60,asphalt,ILS,1,1,advanced,1,major,1,1,1,1,1,1,1,open,none,safe,civil,0,90.302585,1755,preferred,1.0,1
S00190,YMML,-38.482134,144.794808,CRJ900,regional_jet,1902,weather,857,normal,1.0,700.0,700.0,1108.854906,aircraft_fuel,YSSY,3962,45,asphalt,ILS,1,1,advanced,1,major,1,1,1,0,1,1,1,open,none,safe,civil,1,762.676126,2060,extended,2.0,0
S00191,LCLK,34.711584,33.322353,E170,regional_jet,1777,operational_constraints,1198,normal,1.0,700.0,700.0,1082.201235,aircraft_fuel,HECA,4000,60,asphalt,ILS,1,1,basic,1,major,1,1,1,1,1,1,1,open,none,safe,civil,0,542.468126,2223,preferred,1.0,1
S00191,LCLK,34.711584,33.322353,E170,regional_jet,1777,operational_constraints,1198,normal,1.0,700.0,700.0,1082.201235,aircraft_fuel,LTFM,4100,60,asphalt,ILS,1,1,advanced,1,major,1,1,1,1,1,1,0,open,none,safe,civil,0,832.995542,2323,extended,2.0,0
S00191,LCLK,34.711584,33.322353,E170,regional_jet,1777,operational_constraints,1198,normal,1.0,700.0,700.0,1082.201235,aircraft_fuel,OJAI,3660,61,asphalt,ILS,1,1,advanced,1,major,1,1,1,1,1,1,1,open,none,safe,civil,0,414.920148,1883,preferred,3.0,0
S00191,LCLK,34.711584,33.322353,E170,regional_jet,1777,operational_constraints,1198,normal,1.0,700.0,700.0,1082.201235,aircraft_fuel,LGAV,4000,45,asphalt,ILS,1,1,advanced,1,major,1,1,1,1,1,1,1,open,none,safe,civil,0,912.892727,2223,extended,4.0,0
S00191,LCLK,34.711584,33.322353,E170,regional_jet,1777,operational_constraints,1198,normal,1.0,700.0,700.0,1082.201235,aircraft_fuel,LTAC,3750,45,asphalt,ILS,1,1,advanced,1,major,1,1,1,1,1,1,1,open,none,safe,joint,0,602.98077,1973,preferred,5.0,0
S00191,LCLK,34.711584,33.322353,E170,regional_jet,1777,operational_constraints,1198,normal,1.0,700.0,700.0,1082.201235,aircraft_fuel,LCLK,2987,45,asphalt,ILS,1,0,none,1,basic,1,0,1,1,1,1,1,open,none,safe,civil,0,33.073331,1210,preferred,6.0,0
S00191,LCLK,34.711584,33.322353,E170,regional_jet,1777,operational_constraints,1198,normal,1.0,700.0,700.0,1082.201235,aircraft_fuel,HELX,3000,45,asphalt,RNAV,0,0,none,1,basic,1,0,1,0,0,1,1,open,none,safe,joint,0,1007.000298,1223,extended,7.0,0
S00192,OMAA,24.22819,54.560253,A321,narrow_body,2424,weather,1095,normal,1.0,1000.0,1000.0,1741.535512,aircraft_fuel,OTHH,4850,60,asphalt,ILS,1,1,advanced,1,major,1,1,1,1,1,1,1,open,none,safe,civil,0,319.94247,2426,preferred,1.0,1
S00192,OMAA,24.22819,54.560253,A321,narrow_body,2424,weather,1095,normal,1.0,1000.0,1000.0,1741.535512,aircraft_fuel,OKKK,4580,60,asphalt,ILS,1,1,advanced,1,major,1,1,1,1,1,1,1,open,none,safe,civil,0,858.189089,2156,preferred,2.0,0
S00192,OMAA,24.22819,54.560253,A321,narrow_body,2424,weather,1095,normal,1.0,1000.0,1000.0,1741.535512,aircraft_fuel,OMDB,4447,60,asphalt,ILS,1,1,advanced,1,major,1,1,1,1,1,1,1,open,none,safe,civil,1,140.02734,2023,preferred,3.0,0
S00192,OMAA,24.22819,54.560253,A321,narrow_body,2424,weather,1095,normal,1.0,1000.0,1000.0,1741.535512,aircraft_fuel,OERK,4205,60,asphalt,ILS,1,1,advanced,1,major,1,1,1,1,1,1,1,open,none,safe,civil,0,798.868346,1781,preferred,4.0,0
S00192,OMAA,24.22819,54.560253,A321,narrow_body,2424,weather,1095,normal,1.0,1000.0,1000.0,1741.535512,aircraft_fuel,OMAA,4106,60,asphalt,ILS,1,1,advanced,1,major,1,1,1,1,1,1,1,open,none,safe,civil,0,25.319084,1682,preferred,5.0,0
S00192,OMAA,24.22819,54.560253,A321,narrow_body,2424,weather,1095,normal,1.0,1000.0,1000.0,1741.535512,aircraft_fuel,OOMS,4080,45,asphalt,ILS,1,1,advanced,1,major,1,1,1,1,1,1,1,open,none,safe,civil,0,385.015889,1656,preferred,6.0,0
S00192,OMAA,24.22819,54.560253,A321,narrow_body,2424,weather,1095,normal,1.0,1000.0,1000.0,1741.535512,aircraft_fuel,OBBI,3956,60,asphalt,ILS,1,1,advanced,1,major,1,1,1,1,1,1,1,open,none,safe,civil,0,454.981418,1532,preferred,7.0,0
S00192,OMAA,24.22819,54.560253,A321,narrow_body,2424,weather,1095,normal,1.0,1000.0,1000.0,1741.535512,aircraft_fuel,OPKC,3400,46,concrete,RNAV,0,1,basic,1,basic,1,1,1,1,1,1,1,open,none,caution,civil,0,1276.051281,976,extended,8.0,0
S00193,ENGM,60.324968,11.035474,A319,narrow_body,2128,fuel,465,low,0.9,810.0,465.0,714.738004,emergency,ENGM,3600,45,asphalt,ILS,1,1,advanced,1,major,1,1,1,1,1,1,1,open,none,safe,civil,0,15.007573,1472,preferred,1.0,1
S00193,ENGM,60.324968,11.035474,A319,narrow_body,2128,fuel,465,low,0.9,810.0,465.0,714.738004,emergency,ESSA,3301,45,asphalt,ILS,1,1,advanced,1,major,1,1,1,1,1,1,1,open,none,safe,civil,0,390.523949,1173,preferred,2.0,0
S00194,CYVR,48.883734,-122.177966,A319,narrow_body,2052,medical,811,low,0.9,810.0,810.0,1267.404041,aircraft_fuel,CYVR,3505,61,asphalt,ILS,1,1,advanced,1,major,1,1,1,1,1,1,1,open,none,safe,civil,0,81.037728,1453,preferred,1.0,1
S00195,KLAX,33.498144,-118.278509,E170,regional_jet,1682,technical,933,low,0.9,630.0,630.0,1029.767229,aircraft_fuel,KLAX,3939,46,concrete,ILS,1,1,advanced,1,major,1,1,1,1,1,1,1,open,none,safe,civil,0,50.840876,2257,preferred,1.0,1
S00196,HECA,30.262846,32.016891,B737-800,narrow_body,2290,mechanical,1056,critical,0.75,712.5,712.5,1250.795394,aircraft_fuel,HECA,4000,60,asphalt,ILS,1,1,basic,1,major,1,1,1,1,1,1,1,open,none,safe,civil,0,61.939384,1710,preferred,1.0,1
S00196,HECA,30.262846,32.016891,B737-800,narrow_body,2290,mechanical,1056,critical,0.75,712.5,712.5,1250.795394,aircraft_fuel,OJAI,3660,61,asphalt,ILS,1,1,advanced,1,major,1,1,1,1,1,1,1,open,none,safe,civil,0,412.277318,1370,preferred,2.0,0
S00196,HECA,30.262846,32.016891,B737-800,narrow_body,2290,mechanical,1056,critical,0.75,712.5,712.5,1250.795394,aircraft_fuel,LGAV,4000,45,asphalt,ILS,1,1,advanced,1,major,1,1,1,1,1,1,1,open,none,safe,civil,0,1130.603208,1710,extended,3.0,0
S00196,HECA,30.262846,32.016891,B737-800,narrow_body,2290,mechanical,1056,critical,0.75,712.5,712.5,1250.795394,aircraft_fuel,LTAC,3750,45,asphalt,ILS,1,1,advanced,1,major,1,1,1,1,1,1,1,open,none,safe,joint,0,1100.539508,1460,extended,4.0,0
S00196,HECA,30.262846,32.016891,B737-800,narrow_body,2290,mechanical,1056,critical,0.75,712.5,712.5,1250.795394,aircraft_fuel,LCLK,2987,45,asphalt,ILS,1,0,none,1,basic,1,0,1,1,1,1,1,open,none,safe,civil,0,534.511632,697,preferred,5.0,0
S00196,HECA,30.262846,32.016891,B737-800,narrow_body,2290,mechanical,1056,critical,0.75,712.5,712.5,1250.795394,aircraft_fuel,HELX,3000,45,asphalt,RNAV,0,0,none,1,basic,1,0,1,0,0,1,1,open,none,safe,joint,0,515.058962,710,preferred,6.0,0
S00197,LFPG,49.22062,2.48363,A321,narrow_body,2433,fuel,796,low,0.9,900.0,796.0,1321.913449,emergency,LFPG,4215,45,asphalt,ILS,1,1,advanced,1,major,1,1,1,1,1,1,1,open,none,safe,civil,1,24.088158,1782,preferred,1.0,1
S00197,LFPG,49.22062,2.48363,A321,narrow_body,2433,fuel,796,low,0.9,900.0,796.0,1321.913449,emergency,EDDF,4000,60,asphalt,ILS,1,1,advanced,1,major,1,1,1,0,1,1,1,open,none,safe,civil,1,446.529269,1567,preferred,2.0,0
S00197,LFPG,49.22062,2.48363,A321,narrow_body,2433,fuel,796,low,0.9,900.0,796.0,1321.913449,emergency,LEMD,4350,60,asphalt,ILS,1,1,advanced,1,major,1,1,1,1,1,1,1,open,none,safe,civil,1,1080.608767,1917,extended,3.0,0
S00197,LFPG,49.22062,2.48363,A321,narrow_body,2433,fuel,796,low,0.9,900.0,796.0,1321.913449,emergency,EGLL,3901,50,asphalt,ILS,1,1,advanced,1,major,1,1,1,1,1,1,1,open,none,safe,civil,1,325.872993,1468,preferred,4.0,0
S00197,LFPG,49.22062,2.48363,A321,narrow_body,2433,fuel,796,low,0.9,900.0,796.0,1321.913449,emergency,EHAM,3800,60,asphalt,ILS,1,1,advanced,1,major,1,1,1,1,1,1,1,open,none,safe,civil,1,378.926321,1367,preferred,5.0,0
S00197,LFPG,49.22062,2.48363,A321,narrow_body,2433,fuel,796,low,0.9,900.0,796.0,1321.913449,emergency,LIRF,3902,60,asphalt,ILS,1,1,basic,1,major,1,1,1,1,1,1,1,open,none,safe,civil,1,1120.414538,1469,extended,6.0,0
S00197,LFPG,49.22062,2.48363,A321,narrow_body,2433,fuel,796,low,0.9,900.0,796.0,1321.913449,emergency,EGKK,3317,45,asphalt,ILS,1,1,advanced,1,major,1,1,1,1,1,1,1,open,none,safe,civil,1,286.472667,884,preferred,7.0,0
S00197,LFPG,49.22062,2.48363,A321,narrow_body,2433,fuel,796,low,0.9,900.0,796.0,1321.913449,emergency,EIDW,3110,45,concrete,ILS,1,1,advanced,1,major,1,1,1,1,1,1,1,open,none,safe,civil,0,766.08108,677,preferred,8.0,0
S00197,LFPG,49.22062,2.48363,A321,narrow_body,2433,fuel,796,low,0.9,900.0,796.0,1321.913449,emergency,EGCC,3048,46,asphalt,ILS,1,1,advanced,1,major,1,1,1,1,1,1,1,open,none,safe,civil,1,566.057569,615,preferred,9.0,0
S00198,FMMI,-18.646929,47.655861,A321,narrow_body,2344,technical,790,normal,1.0,1000.0,790.0,1214.591912,emergency,FMMI,3100,45,asphalt,VOR,0,0,none,0,none,0,0,1,1,1,1,0,open,none,caution,civil,0,25.015483,756,preferred,1.0,1
S00199,HECA,30.491841,31.150878,A319,narrow_body,2152,medical,516,low,0.9,810.0,516.0,883.923535,emergency,HECA,4000,60,asphalt,ILS,1,1,basic,1,major,1,1,1,1,1,1,1,open,none,safe,civil,0,48.427378,1848,preferred,1.0,1
S00199,HECA,30.491841,31.150878,A319,narrow_body,2152,medical,516,low,0.9,810.0,516.0,883.923535,emergency,OJAI,3660,61,asphalt,ILS,1,1,advanced,1,major,1,1,1,1,1,1,1,open,none,safe,civil,0,480.845791,1508,preferred,2.0,0
S00200,SAEZ,-34.689614,-58.905475,A320,narrow_body,2315,medical,1012,low,0.9,855.0,855.0,1470.759956,aircraft_fuel,SAEZ,3300,60,asphalt,ILS,1,1,basic,1,major,1,1,1,1,1,1,1,open,none,safe,civil,0,36.849846,985,preferred,1.0,1
S00201,UAAA,43.501427,78.166369,A321,narrow_body,2533,mechanical,933,normal,1.0,1000.0,933.0,1417.284975,emergency,UAAA,4500,45,asphalt,RNAV,0,1,basic,1,basic,1,1,1,1,1,1,1,open,none,safe,civil,0,92.193753,1967,preferred,1.0,1
S00201,UAAA,43.501427,78.166369,A321,narrow_body,2533,mechanical,933,normal,1.0,1000.0,933.0,1417.284975,emergency,UACC,3500,45,asphalt,RNAV,0,1,basic,1,basic,1,1,1,1,1,1,1,open,none,safe,civil,0,976.720633,967,extended,2.0,0
S00201,UAAA,43.501427,78.166369,A321,narrow_body,2533,mechanical,933,normal,1.0,1000.0,933.0,1417.284975,emergency,OPLA,3360,46,concrete,RNAV,0,0,none,1,basic,1,0,1,1,1,1,1,open,none,caution,civil,0,1372.406976,827,extended,3.0,0
S00202,WMKK,3.291885,101.678656,E190,regional_jet,1926,mechanical,1031,normal,1.0,800.0,800.0,1206.726941,aircraft_fuel,WMKK,4124,60,asphalt,ILS,1,1,advanced,1,major,1,1,1,1,1,1,1,open,none,safe,civil,0,60.845962,2198,preferred,1.0,1
S00202,WMKK,3.291885,101.678656,E190,regional_jet,1926,mechanical,1031,normal,1.0,800.0,800.0,1206.726941,aircraft_fuel,WSSS,4000,60,asphalt,ILS,1,1,advanced,1,major,1,1,1,1,1,1,1,open,none,safe,civil,1,335.83266,2074,preferred,2.0,0
S00202,WMKK,3.291885,101.678656,E190,regional_jet,1926,mechanical,1031,normal,1.0,800.0,800.0,1206.726941,aircraft_fuel,VTBS,4000,60,asphalt,ILS,1,1,advanced,1,major,1,1,1,1,1,1,1,open,none,safe,civil,0,1159.749652,2074,extended,3.0,0
S00202,WMKK,3.291885,101.678656,E190,regional_jet,1926,mechanical,1031,normal,1.0,800.0,800.0,1206.726941,aircraft_fuel,WIMM,3000,60,asphalt,RNAV,1,1,basic,1,basic,1,0,1,1,0,1,1,open,none,safe,civil,0,312.474329,1074,preferred,4.0,0
S00203,OJAI,31.887603,36.111455,A321,narrow_body,2403,operational_constraints,1043,low,0.9,900.0,900.0,1601.912467,aircraft_fuel,OKKK,4580,60,asphalt,ILS,1,1,advanced,1,major,1,1,1,1,1,1,1,open,none,safe,civil,0,1172.74733,2177,extended,1.0,1
S00203,OJAI,31.887603,36.111455,A321,narrow_body,2403,operational_constraints,1043,low,0.9,900.0,900.0,1601.912467,aircraft_fuel,HECA,4000,60,asphalt,ILS,1,1,basic,1,major,1,1,1,1,1,1,1,open,none,safe,civil,0,490.794544,1597,preferred,2.0,0
S00203,OJAI,31.887603,36.111455,A321,narrow_body,2403,operational_constraints,1043,low,0.9,900.0,900.0,1601.912467,aircraft_fuel,OERK,4205,60,asphalt,ILS,1,1,advanced,1,major,1,1,1,1,1,1,1,open,none,safe,civil,0,1289.418674,1802,extended,3.0,0
S00203,OJAI,31.887603,36.111455,A321,narrow_body,2403,operational_constraints,1043,low,0.9,900.0,900.0,1601.912467,aircraft_fuel,OJAI,3660,61,asphalt,ILS,1,1,advanced,1,major,1,1,1,1,1,1,1,open,none,safe,civil,0,21.482772,1257,preferred,4.0,0
S00203,OJAI,31.887603,36.111455,A321,narrow_body,2403,operational_constraints,1043,low,0.9,900.0,900.0,1601.912467,aircraft_fuel,LTFM,4100,60,asphalt,ILS,1,1,advanced,1,major,1,1,1,1,1,1,0,open,none,safe,civil,0,1233.254874,1697,extended,5.0,0
S00203,OJAI,31.887603,36.111455,A321,narrow_body,2403,operational_constraints,1043,low,0.9,900.0,900.0,1601.912467,aircraft_fuel,LGAV,4000,45,asphalt,ILS,1,1,advanced,1,major,1,1,1,1,1,1,1,open,none,safe,civil,0,1295.712796,1597,extended,6.0,0
S00203,OJAI,31.887603,36.111455,A321,narrow_body,2403,operational_constraints,1043,low,0.9,900.0,900.0,1601.912467,aircraft_fuel,OBBI,3956,60,asphalt,ILS,1,1,advanced,1,major,1,1,1,1,1,1,1,open,none,safe,civil,0,1541.987858,1553,extended,7.0,0
S00203,OJAI,31.887603,36.111455,A321,narrow_body,2403,operational_constraints,1043,low,0.9,900.0,900.0,1601.912467,aircraft_fuel,LTAC,3750,45,asphalt,ILS,1,1,advanced,1,major,1,1,1,1,1,1,1,open,none,safe,joint,0,958.033383,1347,extended,8.0,0
S00203,OJAI,31.887603,36.111455,A321,narrow_body,2403,operational_constraints,1043,low,0.9,900.0,900.0,1601.912467,aircraft_fuel,LCLK,2987,45,asphalt,ILS,1,0,none,1,basic,1,0,1,1,1,1,1,open,none,safe,civil,0,404.50912,584,preferred,9.0,0
S00203,OJAI,31.887603,36.111455,A321,narrow_body,2403,operational_constraints,1043,low,0.9,900.0,900.0,1601.912467,aircraft_fuel,HELX,3000,45,asphalt,RNAV,0,0,none,1,basic,1,0,1,0,0,1,1,open,none,safe,joint,0,766.639417,597,preferred,10.0,0
S00204,ZSPD,31.200894,122.048328,E190,regional_jet,1981,security,1112,normal,1.0,800.0,800.0,1129.497253,aircraft_fuel,ZSPD,4000,60,concrete,ILS,1,1,advanced,1,major,1,1,1,1,1,1,1,open,none,safe,civil,1,24.016773,2019,preferred,1.0,1
S00204,ZSPD,31.200894,122.048328,E190,regional_jet,1981,security,1112,normal,1.0,800.0,800.0,1129.497253,aircraft_fuel,RCTP,3660,60,concrete,ILS,1,1,advanced,1,major,1,1,1,1,1,1,1,open,none,safe,civil,0,685.53713,1679,preferred,2.0,0
S00204,ZSPD,31.200894,122.048328,E190,regional_jet,1981,security,1112,normal,1.0,800.0,800.0,1129.497253,aircraft_fuel,RKSI,4000,60,asphalt,ILS,1,1,advanced,1,major,1,1,1,1,1,1,1,open,none,safe,civil,1,805.481968,2019,extended,3.0,0
S00204,ZSPD,31.200894,122.048328,E190,regional_jet,1981,security,1112,normal,1.0,800.0,800.0,1129.497253,aircraft_fuel,ZBAA,3810,60,asphalt,ILS,1,1,advanced,1,major,1,1,1,1,1,1,1,open,none,safe,civil,1,1102.548432,1829,extended,4.0,0
S00205,VTBS,14.052223,99.861927,B737-800,narrow_body,2274,medical,687,normal,1.0,950.0,687.0,1058.864309,emergency,VTBS,4000,60,asphalt,ILS,1,1,advanced,1,major,1,1,1,1,1,1,1,open,none,safe,civil,0,104.078172,1726,preferred,1.0,1
S00206,LGAV,37.991676,22.890739,B777-300ER,wide_body,3092,operational_constraints,909,normal,1.0,1500.0,909.0,1697.908753,emergency,LTFM,4100,60,asphalt,ILS,1,1,advanced,1,major,1,1,1,1,1,1,0,open,none,safe,civil,0,619.044349,1008,preferred,1.0,1
S00206,LGAV,37.991676,22.890739,B777-300ER,wide_body,3092,operational_constraints,909,normal,1.0,1500.0,909.0,1697.908753,emergency,LGAV,4000,45,asphalt,ILS,1,1,advanced,1,major,1,1,1,1,1,1,1,open,none,safe,civil,0,92.582487,908,preferred,2.0,0
S00206,LGAV,37.991676,22.890739,B777-300ER,wide_body,3092,operational_constraints,909,normal,1.0,1500.0,909.0,1697.908753,emergency,HECA,4000,60,asphalt,ILS,1,1,basic,1,major,1,1,1,1,1,1,1,open,none,safe,civil,0,1174.404896,908,extended,3.0,0
S00206,LGAV,37.991676,22.890739,B777-300ER,wide_body,3092,operational_constraints,909,normal,1.0,1500.0,909.0,1697.908753,emergency,LIRF,3902,60,asphalt,ILS,1,1,basic,1,major,1,1,1,1,1,1,1,open,none,safe,civil,1,1000.750653,810,extended,4.0,0
S00206,LGAV,37.991676,22.890739,B777-300ER,wide_body,3092,operational_constraints,909,normal,1.0,1500.0,909.0,1697.908753,emergency,LTAC,3750,45,asphalt,ILS,1,1,advanced,1,major,1,1,1,1,1,1,1,open,none,safe,joint,0,903.611595,658,preferred,5.0,0
S00206,LGAV,37.991676,22.890739,B777-300ER,wide_body,3092,operational_constraints,909,normal,1.0,1500.0,909.0,1697.908753,emergency,OJAI,3660,61,asphalt,ILS,1,1,advanced,1,major,1,1,1,1,1,1,1,open,none,safe,civil,0,1381.906894,568,extended,6.0,0
S00206,LGAV,37.991676,22.890739,B777-300ER,wide_body,3092,operational_constraints,909,normal,1.0,1500.0,909.0,1697.908753,emergency,DTTA,3200,45,asphalt,RNAV,0,1,basic,1,basic,1,0,1,1,1,1,1,open,none,safe,civil,0,1124.595172,108,extended,7.0,0
S00207,WIMM,3.382574,98.16951,B737 MAX 8,narrow_body,2424,weather,1211,low,0.9,900.0,900.0,1531.350494,aircraft_fuel,WMKK,4124,60,asphalt,ILS,1,1,advanced,1,major,1,1,1,1,1,1,1,open,none,safe,civil,0,399.449374,1700,preferred,1.0,1
S00207,WIMM,3.382574,98.16951,B737 MAX 8,narrow_body,2424,weather,1211,low,0.9,900.0,900.0,1531.350494,aircraft_fuel,WSSS,4000,60,asphalt,ILS,1,1,advanced,1,major,1,1,1,1,1,1,1,open,none,safe,civil,1,685.396078,1576,preferred,2.0,0
S00207,WIMM,3.382574,98.16951,B737 MAX 8,narrow_body,2424,weather,1211,low,0.9,900.0,900.0,1531.350494,aircraft_fuel,VTBS,4000,60,asphalt,ILS,1,1,advanced,1,major,1,1,1,1,1,1,1,open,none,safe,civil,0,1179.600344,1576,extended,3.0,0
S00207,WIMM,3.382574,98.16951,B737 MAX 8,narrow_body,2424,weather,1211,low,0.9,900.0,900.0,1531.350494,aircraft_fuel,WIMM,3000,60,asphalt,RNAV,1,1,basic,1,basic,1,0,1,1,0,1,1,open,none,safe,civil,0,84.49511,576,preferred,4.0,0
S00208,RPLL,14.809076,121.150654,A220-300,narrow_body,2093,medical,409,normal,1.0,950.0,409.0,665.621195,emergency,RPLL,3737,60,concrete,ILS,1,1,basic,1,basic,1,1,1,1,1,1,1,open,none,caution,civil,0,36.247461,1644,preferred,1.0,1
S00209,LTAC,40.47754,32.634261,A350-900,wide_body,2945,mechanical,795,low,0.9,1350.0,795.0,1431.670132,emergency,LTFM,4100,60,asphalt,ILS,1,1,advanced,1,major,1,1,1,1,1,1,0,open,none,safe,civil,0,339.814082,1155,preferred,1.0,1
S00209,LTAC,40.47754,32.634261,A350-900,wide_body,2945,mechanical,795,low,0.9,1350.0,795.0,1431.670132,emergency,LGAV,4000,45,asphalt,ILS,1,1,advanced,1,major,1,1,1,1,1,1,1,open,none,safe,civil,0,799.82485,1055,extended,2.0,0
S00209,LTAC,40.47754,32.634261,A350-900,wide_body,2945,mechanical,795,low,0.9,1350.0,795.0,1431.670132,emergency,HECA,4000,60,asphalt,ILS,1,1,basic,1,major,1,1,1,1,1,1,1,open,none,safe,civil,0,1158.069272,1055,extended,3.0,0
S00209,LTAC,40.47754,32.634261,A350-900,wide_body,2945,mechanical,795,low,0.9,1350.0,795.0,1431.670132,emergency,LTAC,3750,45,asphalt,ILS,1,1,advanced,1,major,1,1,1,1,1,1,1,open,none,safe,joint,0,49.457987,805,preferred,4.0,0
S00209,LTAC,40.47754,32.634261,A350-900,wide_body,2945,mechanical,795,low,0.9,1350.0,795.0,1431.670132,emergency,OJAI,3660,61,asphalt,ILS,1,1,advanced,1,major,1,1,1,1,1,1,1,open,none,safe,civil,0,1018.976935,715,extended,5.0,0
S00209,LTAC,40.47754,32.634261,A350-900,wide_body,2945,mechanical,795,low,0.9,1350.0,795.0,1431.670132,emergency,LCLK,2987,45,asphalt,ILS,1,0,none,1,basic,1,0,1,1,1,1,1,open,none,safe,civil,0,629.020719,42,preferred,6.0,0
S00210,OPKC,25.578713,66.478082,E170,regional_jet,1716,operational_constraints,488,critical,0.75,525.0,488.0,712.662073,emergency,OPKC,3400,46,concrete,RNAV,0,1,basic,1,basic,1,1,1,1,1,1,1,open,none,caution,civil,0,101.498279,1684,preferred,1.0,1
S00211,VTBS,13.721371,101.165336,E175,regional_jet,1820,mechanical,1139,low,0.9,675.0,675.0,1084.115506,aircraft_fuel,VTBS,4000,60,asphalt,ILS,1,1,advanced,1,major,1,1,1,1,1,1,1,open,none,safe,civil,0,45.414241,2180,preferred,1.0,1
S00212,OBBI,27.084129,50.569234,E190,regional_jet,1901,medical,960,normal,1.0,800.0,800.0,1247.570229,aircraft_fuel,OTHH,4850,60,asphalt,ILS,1,1,advanced,1,major,1,1,1,1,1,1,1,open,none,safe,civil,0,226.493183,2949,preferred,1.0,1
S00212,OBBI,27.084129,50.569234,E190,regional_jet,1901,medical,960,normal,1.0,800.0,800.0,1247.570229,aircraft_fuel,OKKK,4580,60,asphalt,ILS,1,1,advanced,1,major,1,1,1,1,1,1,1,open,none,safe,civil,0,348.670253,2679,preferred,2.0,0
S00212,OBBI,27.084129,50.569234,E190,regional_jet,1901,medical,960,normal,1.0,800.0,800.0,1247.570229,aircraft_fuel,OMDB,4447,60,asphalt,ILS,1,1,advanced,1,major,1,1,1,1,1,1,1,open,none,safe,civil,1,520.75494,2546,preferred,3.0,0
S00212,OBBI,27.084129,50.569234,E190,regional_jet,1901,medical,960,normal,1.0,800.0,800.0,1247.570229,aircraft_fuel,OERK,4205,60,asphalt,ILS,1,1,advanced,1,major,1,1,1,1,1,1,1,open,none,safe,civil,0,453.261924,2304,preferred,4.0,0
S00212,OBBI,27.084129,50.569234,E190,regional_jet,1901,medical,960,normal,1.0,800.0,800.0,1247.570229,aircraft_fuel,OMAA,4106,60,asphalt,ILS,1,1,advanced,1,major,1,1,1,1,1,1,1,open,none,safe,civil,0,503.245736,2205,preferred,5.0,0
S00212,OBBI,27.084129,50.569234,E190,regional_jet,1901,medical,960,normal,1.0,800.0,800.0,1247.570229,aircraft_fuel,OBBI,3956,60,asphalt,ILS,1,1,advanced,1,major,1,1,1,1,1,1,1,open,none,safe,civil,0,91.081741,2055,preferred,6.0,0
S00212,OBBI,27.084129,50.569234,E190,regional_jet,1901,medical,960,normal,1.0,800.0,800.0,1247.570229,aircraft_fuel,OOMS,4080,45,asphalt,ILS,1,1,advanced,1,major,1,1,1,1,1,1,1,open,none,safe,civil,0,866.527535,2179,extended,7.0,0
S00213,LEMD,40.759865,-3.926979,CRJ900,regional_jet,1726,medical,700,normal,1.0,700.0,700.0,1069.820661,aircraft_fuel,LEMD,4350,60,asphalt,ILS,1,1,advanced,1,major,1,1,1,1,1,1,1,open,none,safe,civil,1,42.119779,2624,preferred,1.0,1
S00213,LEMD,40.759865,-3.926979,CRJ900,regional_jet,1726,medical,700,normal,1.0,700.0,700.0,1069.820661,aircraft_fuel,LFPG,4215,45,asphalt,ILS,1,1,advanced,1,major,1,1,1,1,1,1,1,open,none,safe,civil,1,1048.883543,2489,extended,2.0,0
S00213,LEMD,40.759865,-3.926979,CRJ900,regional_jet,1726,medical,700,normal,1.0,700.0,700.0,1069.820661,aircraft_fuel,LPPT,3707,45,asphalt,ILS,1,1,advanced,1,major,1,1,1,1,1,1,1,open,none,safe,civil,0,496.464477,1981,preferred,3.0,0
S00213,LEMD,40.759865,-3.926979,CRJ900,regional_jet,1726,medical,700,normal,1.0,700.0,700.0,1069.820661,aircraft_fuel,GMMN,3720,45,asphalt,ILS,1,1,advanced,1,major,1,1,1,1,1,1,1,open,none,safe,civil,0,883.684416,1994,extended,4.0,0
S00213,LEMD,40.759865,-3.926979,CRJ900,regional_jet,1726,medical,700,normal,1.0,700.0,700.0,1069.820661,aircraft_fuel,DAAG,3500,60,asphalt,RNAV,0,1,basic,1,basic,1,1,1,1,1,1,0,open,none,safe,civil,0,766.505648,1774,extended,5.0,0
S00214,LFPG,48.813915,1.858303,A321,narrow_body,2452,medical,950,normal,1.0,1000.0,950.0,1689.81431,emergency,LFPG,4215,45,asphalt,ILS,1,1,advanced,1,major,1,1,1,1,1,1,1,open,none,safe,civil,1,55.281782,1763,preferred,1.0,1
S00214,LFPG,48.813915,1.858303,A321,narrow_body,2452,medical,950,normal,1.0,1000.0,950.0,1689.81431,emergency,EDDF,4000,60,asphalt,ILS,1,1,advanced,1,major,1,1,1,0,1,1,1,open,none,safe,civil,1,502.848702,1548,preferred,2.0,0
S00214,LFPG,48.813915,1.858303,A321,narrow_body,2452,medical,950,normal,1.0,1000.0,950.0,1689.81431,emergency,LEMD,4350,60,asphalt,ILS,1,1,advanced,1,major,1,1,1,1,1,1,1,open,none,safe,civil,1,1019.396588,1898,extended,3.0,0
S00214,LFPG,48.813915,1.858303,A321,narrow_body,2452,medical,950,normal,1.0,1000.0,950.0,1689.81431,emergency,EGLL,3901,50,asphalt,ILS,1,1,advanced,1,major,1,1,1,1,1,1,1,open,none,safe,civil,1,338.43827,1449,preferred,4.0,0
S00214,LFPG,48.813915,1.858303,A321,narrow_body,2452,medical,950,normal,1.0,1000.0,950.0,1689.81431,emergency,EHAM,3800,60,asphalt,ILS,1,1,advanced,1,major,1,1,1,1,1,1,1,open,none,safe,civil,1,439.375703,1348,preferred,5.0,0
S00214,LFPG,48.813915,1.858303,A321,narrow_body,2452,medical,950,normal,1.0,1000.0,950.0,1689.81431,emergency,LIRF,3902,60,asphalt,ILS,1,1,basic,1,major,1,1,1,1,1,1,1,open,none,safe,civil,1,1124.211169,1450,extended,6.0,0
S00214,LFPG,48.813915,1.858303,A321,narrow_body,2452,medical,950,normal,1.0,1000.0,950.0,1689.81431,emergency,LPPT,3707,45,asphalt,ILS,1,1,advanced,1,major,1,1,1,1,1,1,1,open,none,safe,civil,0,1419.324781,1255,extended,7.0,0
S00214,LFPG,48.813915,1.858303,A321,narrow_body,2452,medical,950,normal,1.0,1000.0,950.0,1689.81431,emergency,EGKK,3317,45,asphalt,ILS,1,1,advanced,1,major,1,1,1,1,1,1,1,open,none,safe,civil,1,297.904818,865,preferred,8.0,0
S00214,LFPG,48.813915,1.858303,A321,narrow_body,2452,medical,950,normal,1.0,1000.0,950.0,1689.81431,emergency,ENGM,3600,45,asphalt,ILS,1,1,advanced,1,major,1,1,1,1,1,1,1,open,none,safe,civil,0,1395.956943,1148,extended,9.0,0
S00214,LFPG,48.813915,1.858303,A321,narrow_body,2452,medical,950,normal,1.0,1000.0,950.0,1689.81431,emergency,DAAG,3500,60,asphalt,RNAV,0,1,basic,1,basic,1,1,1,1,1,1,0,open,none,safe,civil,0,1352.166759,1048,extended,10.0,0
S00214,LFPG,48.813915,1.858303,A321,narrow_body,2452,medical,950,normal,1.0,1000.0,950.0,1689.81431,emergency,EIDW,3110,45,concrete,ILS,1,1,advanced,1,major,1,1,1,1,1,1,1,open,none,safe,civil,0,763.693802,658,preferred,11.0,0
S00214,LFPG,48.813915,1.858303,A321,narrow_body,2452,medical,950,normal,1.0,1000.0,950.0,1689.81431,emergency,EGCC,3048,46,asphalt,ILS,1,1,advanced,1,major,1,1,1,1,1,1,1,open,none,safe,civil,1,581.30609,596,preferred,12.0,0
S00214,LFPG,48.813915,1.858303,A321,narrow_body,2452,medical,950,normal,1.0,1000.0,950.0,1689.81431,emergency,ESSA,3301,45,asphalt,ILS,1,1,advanced,1,major,1,1,1,1,1,1,1,open,none,safe,civil,0,1586.081438,849,extended,13.0,0
S00214,LFPG,48.813915,1.858303,A321,narrow_body,2452,medical,950,normal,1.0,1000.0,950.0,1689.81431,emergency,DTTA,3200,45,asphalt,RNAV,0,1,basic,1,basic,1,0,1,1,1,1,1,open,none,safe,civil,0,1492.895388,748,extended,14.0,0
S00215,LIRF,41.626145,12.1688,E175,regional_jet,1789,medical,826,normal,1.0,750.0,750.0,1140.00118,aircraft_fuel,LIRF,3902,60,asphalt,ILS,1,1,basic,1,major,1,1,1,1,1,1,1,open,none,safe,civil,1,21.003428,2113,preferred,1.0,1
S00215,LIRF,41.626145,12.1688,E175,regional_jet,1789,medical,826,normal,1.0,750.0,750.0,1140.00118,aircraft_fuel,LFPG,4215,45,asphalt,ILS,1,1,advanced,1,major,1,1,1,1,1,1,1,open,none,safe,civil,1,1111.409647,2426,extended,2.0,0
S00215,LIRF,41.626145,12.1688,E175,regional_jet,1789,medical,826,normal,1.0,750.0,750.0,1140.00118,aircraft_fuel,EDDF,4000,60,asphalt,ILS,1,1,advanced,1,major,1,1,1,0,1,1,1,open,none,safe,civil,1,974.784382,2211,extended,3.0,0
S00215,LIRF,41.626145,12.1688,E175,regional_jet,1789,medical,826,normal,1.0,750.0,750.0,1140.00118,aircraft_fuel,LGAV,4000,45,asphalt,ILS,1,1,advanced,1,major,1,1,1,1,1,1,1,open,none,safe,civil,0,1085.520687,2211,extended,4.0,0
S00215,LIRF,41.626145,12.1688,E175,regional_jet,1789,medical,826,normal,1.0,750.0,750.0,1140.00118,aircraft_fuel,DTTA,3200,45,asphalt,RNAV,0,1,basic,1,basic,1,0,1,1,1,1,1,open,none,safe,civil,0,556.634804,1411,preferred,5.0,0
S00215,LIRF,41.626145,12.1688,E175,regional_jet,1789,medical,826,normal,1.0,750.0,750.0,1140.00118,aircraft_fuel,DAAG,3500,60,asphalt,RNAV,0,1,basic,1,basic,1,1,1,1,1,1,0,open,none,safe,civil,0,946.165816,1711,extended,6.0,0
S00216,OERK,25.413074,46.321835,B777-300ER,wide_body,3312,weather,1151,low,0.9,1350.0,1151.0,2124.151843,emergency,OTHH,4850,60,asphalt,ILS,1,1,advanced,1,major,1,1,1,1,1,1,1,open,none,safe,civil,0,531.42498,1538,preferred,1.0,1
S00216,OERK,25.413074,46.321835,B777-300ER,wide_body,3312,weather,1151,low,0.9,1350.0,1151.0,2124.151843,emergency,OKKK,4580,60,asphalt,ILS,1,1,advanced,1,major,1,1,1,1,1,1,1,open,none,safe,civil,0,453.986148,1268,preferred,2.0,0
S00216,OERK,25.413074,46.321835,B777-300ER,wide_body,3312,weather,1151,low,0.9,1350.0,1151.0,2124.151843,emergency,OMDB,4447,60,asphalt,ILS,1,1,advanced,1,major,1,1,1,1,1,1,1,open,none,safe,civil,1,909.477573,1135,preferred,3.0,0
S00216,OERK,25.413074,46.321835,B777-300ER,wide_body,3312,weather,1151,low,0.9,1350.0,1151.0,2124.151843,emergency,OERK,4205,60,asphalt,ILS,1,1,advanced,1,major,1,1,1,1,1,1,1,open,none,safe,civil,0,63.276067,893,preferred,4.0,0
S00216,OERK,25.413074,46.321835,B777-300ER,wide_body,3312,weather,1151,low,0.9,1350.0,1151.0,2124.151843,emergency,OMAA,4106,60,asphalt,ILS,1,1,advanced,1,major,1,1,1,1,1,1,1,open,none,safe,civil,0,846.488751,794,preferred,5.0,0
S00216,OERK,25.413074,46.321835,B777-300ER,wide_body,3312,weather,1151,low,0.9,1350.0,1151.0,2124.151843,emergency,OBBI,3956,60,asphalt,ILS,1,1,advanced,1,major,1,1,1,1,1,1,1,open,none,safe,civil,0,442.207941,644,preferred,6.0,0
S00216,OERK,25.413074,46.321835,B777-300ER,wide_body,3312,weather,1151,low,0.9,1350.0,1151.0,2124.151843,emergency,OOMS,4080,45,asphalt,ILS,1,1,advanced,1,major,1,1,1,1,1,1,1,open,none,safe,civil,0,1226.647877,768,extended,7.0,0
S00216,OERK,25.413074,46.321835,B777-300ER,wide_body,3312,weather,1151,low,0.9,1350.0,1151.0,2124.151843,emergency,HECA,4000,60,asphalt,ILS,1,1,basic,1,major,1,1,1,1,1,1,1,open,none,safe,civil,0,1557.15767,688,extended,8.0,0
S00216,OERK,25.413074,46.321835,B777-300ER,wide_body,3312,weather,1151,low,0.9,1350.0,1151.0,2124.151843,emergency,OJAI,3660,61,asphalt,ILS,1,1,advanced,1,major,1,1,1,1,1,1,1,open,none,safe,civil,0,1227.621036,348,extended,9.0,0
S00216,OERK,25.413074,46.321835,B777-300ER,wide_body,3312,weather,1151,low,0.9,1350.0,1151.0,2124.151843,emergency,LTAC,3750,45,asphalt,ILS,1,1,advanced,1,major,1,1,1,1,1,1,1,open,none,safe,joint,0,2051.474993,438,extended,10.0,0
S00216,OERK,25.413074,46.321835,B777-300ER,wide_body,3312,weather,1151,low,0.9,1350.0,1151.0,2124.151843,emergency,OPKC,3400,46,concrete,RNAV,0,1,basic,1,basic,1,1,1,1,1,1,1,open,none,caution,civil,0,2095.979212,88,extended,11.0,0
S00217,KLAX,33.590938,-117.933018,A320,narrow_body,2323,weather,907,critical,0.75,712.5,712.5,1182.404781,aircraft_fuel,KLAX,3939,46,concrete,ILS,1,1,advanced,1,major,1,1,1,1,1,1,1,open,none,safe,civil,0,58.786737,1616,preferred,1.0,1
S00218,LEMD,40.536291,-4.110309,E170,regional_jet,1650,medical,793,low,0.9,630.0,630.0,982.62048,aircraft_fuel,LEMD,4350,60,asphalt,ILS,1,1,advanced,1,major,1,1,1,1,1,1,1,open,none,safe,civil,1,45.73387,2700,preferred,1.0,1
S00218,LEMD,40.536291,-4.110309,E170,regional_jet,1650,medical,793,low,0.9,630.0,630.0,982.62048,aircraft_fuel,LPPT,3707,45,asphalt,ILS,1,1,advanced,1,major,1,1,1,1,1,1,1,open,none,safe,civil,0,472.306802,2057,preferred,2.0,0
S00218,LEMD,40.536291,-4.110309,E170,regional_jet,1650,medical,793,low,0.9,630.0,630.0,982.62048,aircraft_fuel,GMMN,3720,45,asphalt,ILS,1,1,advanced,1,major,1,1,1,1,1,1,1,open,none,safe,civil,0,854.798815,2070,extended,3.0,0
S00218,LEMD,40.536291,-4.110309,E170,regional_jet,1650,medical,793,low,0.9,630.0,630.0,982.62048,aircraft_fuel,DAAG,3500,60,asphalt,RNAV,0,1,basic,1,basic,1,1,1,1,1,1,0,open,none,safe,civil,0,766.093226,1850,extended,4.0,0
S00219,EGCC,52.876433,-2.751397,A321,narrow_body,2320,medical,653,critical,0.75,750.0,653.0,1094.987237,emergency,LFPG,4215,45,asphalt,ILS,1,1,advanced,1,major,1,1,1,1,1,1,1,open,none,safe,civil,1,568.123764,1895,preferred,1.0,1
S00219,EGCC,52.876433,-2.751397,A321,narrow_body,2320,medical,653,critical,0.75,750.0,653.0,1094.987237,emergency,EGLL,3901,50,asphalt,ILS,1,1,advanced,1,major,1,1,1,1,1,1,1,open,none,safe,civil,1,220.997566,1581,preferred,2.0,0
S00219,EGCC,52.876433,-2.751397,A321,narrow_body,2320,medical,653,critical,0.75,750.0,653.0,1094.987237,emergency,EHAM,3800,60,asphalt,ILS,1,1,advanced,1,major,1,1,1,1,1,1,1,open,none,safe,civil,1,511.318404,1480,preferred,3.0,0
S00219,EGCC,52.876433,-2.751397,A321,narrow_body,2320,medical,653,critical,0.75,750.0,653.0,1094.987237,emergency,EDDF,4000,60,asphalt,ILS,1,1,advanced,1,major,1,1,1,0,1,1,1,open,none,safe,civil,1,844.184147,1680,extended,4.0,0
S00219,EGCC,52.876433,-2.751397,A321,narrow_body,2320,medical,653,critical,0.75,750.0,653.0,1094.987237,emergency,EGKK,3317,45,asphalt,ILS,1,1,advanced,1,major,1,1,1,1,1,1,1,open,none,safe,civil,1,260.233941,997,preferred,5.0,0
S00219,EGCC,52.876433,-2.751397,A321,narrow_body,2320,medical,653,critical,0.75,750.0,653.0,1094.987237,emergency,EIDW,3110,45,concrete,ILS,1,1,advanced,1,major,1,1,1,1,1,1,1,open,none,safe,civil,0,241.994841,790,preferred,6.0,0
S00219,EGCC,52.876433,-2.751397,A321,narrow_body,2320,medical,653,critical,0.75,750.0,653.0,1094.987237,emergency,EGCC,3048,46,asphalt,ILS,1,1,advanced,1,major,1,1,1,1,1,1,1,open,none,safe,civil,1,61.87068,728,preferred,7.0,0
S00220,LFPG,49.679613,2.927802,A220-300,narrow_body,2065,mechanical,812,normal,1.0,950.0,812.0,1410.341029,emergency,LFPG,4215,45,asphalt,ILS,1,1,advanced,1,major,1,1,1,1,1,1,1,open,none,safe,civil,1,79.334665,2150,preferred,1.0,1
S00220,LFPG,49.679613,2.927802,A220-300,narrow_body,2065,mechanical,812,normal,1.0,950.0,812.0,1410.341029,emergency,EDDF,4000,60,asphalt,ILS,1,1,advanced,1,major,1,1,1,0,1,1,1,open,none,safe,civil,1,405.412824,1935,preferred,2.0,0
S00220,LFPG,49.679613,2.927802,A220-300,narrow_body,2065,mechanical,812,normal,1.0,950.0,812.0,1410.341029,emergency,LEMD,4350,60,asphalt,ILS,1,1,advanced,1,major,1,1,1,1,1,1,1,open,none,safe,civil,1,1140.79171,2285,extended,3.0,0
S00220,LFPG,49.679613,2.927802,A220-300,narrow_body,2065,mechanical,812,normal,1.0,950.0,812.0,1410.341029,emergency,EGLL,3901,50,asphalt,ILS,1,1,advanced,1,major,1,1,1,1,1,1,1,open,none,safe,civil,1,311.224775,1836,preferred,4.0,0
S00220,LFPG,49.679613,2.927802,A220-300,narrow_body,2065,mechanical,812,normal,1.0,950.0,812.0,1410.341029,emergency,EHAM,3800,60,asphalt,ILS,1,1,advanced,1,major,1,1,1,1,1,1,1,open,none,safe,civil,1,319.299745,1735,preferred,5.0,0
S00220,LFPG,49.679613,2.927802,A220-300,narrow_body,2065,mechanical,812,normal,1.0,950.0,812.0,1410.341029,emergency,LIRF,3902,60,asphalt,ILS,1,1,basic,1,major,1,1,1,1,1,1,1,open,none,safe,civil,1,1134.165263,1837,extended,6.0,0
S00220,LFPG,49.679613,2.927802,A220-300,narrow_body,2065,mechanical,812,normal,1.0,950.0,812.0,1410.341029,emergency,EGKK,3317,45,asphalt,ILS,1,1,advanced,1,major,1,1,1,1,1,1,1,open,none,safe,civil,1,274.475184,1252,preferred,7.0,0
S00220,LFPG,49.679613,2.927802,A220-300,narrow_body,2065,mechanical,812,normal,1.0,950.0,812.0,1410.341029,emergency,ENGM,3600,45,asphalt,ILS,1,1,advanced,1,major,1,1,1,1,1,1,1,open,none,safe,civil,0,1278.155559,1535,extended,8.0,0
S00220,LFPG,49.679613,2.927802,A220-300,narrow_body,2065,mechanical,812,normal,1.0,950.0,812.0,1410.341029,emergency,EIDW,3110,45,concrete,ILS,1,1,advanced,1,major,1,1,1,1,1,1,1,open,none,safe,civil,0,759.032209,1045,preferred,9.0,0
S00220,LFPG,49.679613,2.927802,A220-300,narrow_body,2065,mechanical,812,normal,1.0,950.0,812.0,1410.341029,emergency,EGCC,3048,46,asphalt,ILS,1,1,advanced,1,major,1,1,1,1,1,1,1,open,none,safe,civil,1,544.245156,983,preferred,10.0,0
S00221,FAOR,-26.260891,27.510433,E175,regional_jet,1755,security,1136,normal,1.0,750.0,750.0,1131.294443,aircraft_fuel,FAOR,4418,61,asphalt,ILS,1,1,advanced,1,major,1,1,1,1,1,1,1,open,none,safe,civil,0,74.685484,2663,preferred,1.0,1
S00222,WSSS,1.129694,103.878736,B737 MAX 8,narrow_body,2385,medical,822,normal,1.0,1000.0,822.0,1256.547938,emergency,WMKK,4124,60,asphalt,ILS,1,1,advanced,1,major,1,1,1,1,1,1,1,open,none,safe,civil,0,300.613536,1739,preferred,1.0,1
S00222,WSSS,1.129694,103.878736,B737 MAX 8,narrow_body,2385,medical,822,normal,1.0,1000.0,822.0,1256.547938,emergency,WSSS,4000,60,asphalt,ILS,1,1,advanced,1,major,1,1,1,1,1,1,1,open,none,safe,civil,1,27.664692,1615,preferred,2.0,0
S00222,WSSS,1.129694,103.878736,B737 MAX 8,narrow_body,2385,medical,822,normal,1.0,1000.0,822.0,1256.547938,emergency,WIMM,3000,60,asphalt,RNAV,1,1,basic,1,basic,1,0,1,1,0,1,1,open,none,safe,civil,0,621.075368,615,preferred,3.0,0
S00223,EIDW,53.398463,-7.060007,E170,regional_jet,1640,fuel,447,critical,0.75,525.0,447.0,626.029624,emergency,EGLL,3901,50,asphalt,ILS,1,1,advanced,1,major,1,1,1,1,1,1,1,open,none,safe,civil,1,495.872058,2261,extended,1.0,1
S00223,EIDW,53.398463,-7.060007,E170,regional_jet,1640,fuel,447,critical,0.75,525.0,447.0,626.029624,emergency,EIDW,3110,45,concrete,ILS,1,1,advanced,1,major,1,1,1,1,1,1,1,open,none,safe,civil,0,52.98729,1470,preferred,2.0,0
S00223,EIDW,53.398463,-7.060007,E170,regional_jet,1640,fuel,447,critical,0.75,525.0,447.0,626.029624,emergency,EGCC,3048,46,asphalt,ILS,1,1,advanced,1,major,1,1,1,1,1,1,1,open,none,safe,civil,1,317.393195,1408,preferred,3.0,0
S00223,EIDW,53.398463,-7.060007,E170,regional_jet,1640,fuel,447,critical,0.75,525.0,447.0,626.029624,emergency,EGKK,3317,45,asphalt,ILS,1,1,advanced,1,major,1,1,1,1,1,1,1,open,none,safe,civil,1,530.101355,1677,extended,4.0,0
S00224,OTHH,25.227089,50.785541,CRJ900,regional_jet,1778,mechanical,919,normal,1.0,700.0,700.0,1091.211703,aircraft_fuel,OTHH,4850,60,asphalt,ILS,1,1,advanced,1,major,1,1,1,1,1,1,1,open,none,safe,civil,0,82.878591,3072,preferred,1.0,1
S00224,OTHH,25.227089,50.785541,CRJ900,regional_jet,1778,mechanical,919,normal,1.0,700.0,700.0,1091.211703,aircraft_fuel,OKKK,4580,60,asphalt,ILS,1,1,advanced,1,major,1,1,1,1,1,1,1,open,none,safe,civil,0,524.425886,2802,preferred,2.0,0
S00224,OTHH,25.227089,50.785541,CRJ900,regional_jet,1778,mechanical,919,normal,1.0,700.0,700.0,1091.211703,aircraft_fuel,OMDB,4447,60,asphalt,ILS,1,1,advanced,1,major,1,1,1,1,1,1,1,open,none,safe,civil,1,461.190973,2669,preferred,3.0,0
S00224,OTHH,25.227089,50.785541,CRJ900,regional_jet,1778,mechanical,919,normal,1.0,700.0,700.0,1091.211703,aircraft_fuel,OERK,4205,60,asphalt,ILS,1,1,advanced,1,major,1,1,1,1,1,1,1,open,none,safe,civil,0,412.612075,2427,preferred,4.0,0
S00224,OTHH,25.227089,50.785541,CRJ900,regional_jet,1778,mechanical,919,normal,1.0,700.0,700.0,1091.211703,aircraft_fuel,OMAA,4106,60,asphalt,ILS,1,1,advanced,1,major,1,1,1,1,1,1,1,open,none,safe,civil,0,399.556396,2328,preferred,5.0,0
S00224,OTHH,25.227089,50.785541,CRJ900,regional_jet,1778,mechanical,919,normal,1.0,700.0,700.0,1091.211703,aircraft_fuel,OBBI,3956,60,asphalt,ILS,1,1,advanced,1,major,1,1,1,1,1,1,1,open,none,safe,civil,0,116.610271,2178,preferred,6.0,0
S00224,OTHH,25.227089,50.785541,CRJ900,regional_jet,1778,mechanical,919,normal,1.0,700.0,700.0,1091.211703,aircraft_fuel,OOMS,4080,45,asphalt,ILS,1,1,advanced,1,major,1,1,1,1,1,1,1,open,none,safe,civil,0,780.485456,2302,extended,7.0,0
S00225,LPPT,38.234815,-9.205098,B777-300ER,wide_body,3292,technical,802,normal,1.0,1500.0,802.0,1310.993658,emergency,LEMD,4350,60,asphalt,ILS,1,1,advanced,1,major,1,1,1,1,1,1,1,open,none,safe,civil,1,545.343863,1058,preferred,1.0,1
S00225,LPPT,38.234815,-9.205098,B777-300ER,wide_body,3292,technical,802,normal,1.0,1500.0,802.0,1310.993658,emergency,LPPT,3707,45,asphalt,ILS,1,1,advanced,1,major,1,1,1,1,1,1,1,open,none,safe,civil,0,61.063754,415,preferred,2.0,0
S00225,LPPT,38.234815,-9.205098,B777-300ER,wide_body,3292,technical,802,normal,1.0,1500.0,802.0,1310.993658,emergency,GMMN,3720,45,asphalt,ILS,1,1,advanced,1,major,1,1,1,1,1,1,1,open,none,safe,civil,0,560.449447,428,preferred,3.0,0
S00225,LPPT,38.234815,-9.205098,B777-300ER,wide_body,3292,technical,802,normal,1.0,1500.0,802.0,1310.993658,emergency,DAAG,3500,60,asphalt,RNAV,0,1,basic,1,basic,1,1,1,1,1,1,0,open,none,safe,civil,0,1108.577708,208,extended,4.0,0
S00226,OPLA,31.499268,74.014781,A350-900,wide_body,2822,fuel,603,low,0.9,1350.0,603.0,1013.20853,emergency,VIDP,4430,60,asphalt,ILS,1,1,advanced,1,major,1,1,1,1,1,1,1,open,none,safe,civil,1,441.629997,1608,preferred,1.0,1
S00226,OPLA,31.499268,74.014781,A350-900,wide_body,2822,fuel,603,low,0.9,1350.0,603.0,1013.20853,emergency,OPLA,3360,46,concrete,RNAV,0,0,none,1,basic,1,0,1,1,1,1,1,open,none,caution,civil,0,36.94335,538,preferred,2.0,0
S00226,OPLA,31.499268,74.014781,A350-900,wide_body,2822,fuel,603,low,0.9,1350.0,603.0,1013.20853,emergency,OPKC,3400,46,concrete,RNAV,0,1,basic,1,basic,1,1,1,1,1,1,1,open,none,caution,civil,0,993.716618,578,extended,3.0,0
S00227,UAAA,43.564738,76.580371,B747-8,very_large,3525,fuel,450,low,0.9,1395.0,450.0,822.379535,emergency,UAAA,4500,45,asphalt,RNAV,0,1,basic,1,basic,1,1,1,1,1,1,1,open,none,safe,civil,0,44.055919,975,preferred,1.0,1
S00228,OBBI,27.512065,50.393209,A330-300,wide_body,2957,mechanical,627,normal,1.0,1300.0,627.0,1035.075051,emergency,OTHH,4850,60,asphalt,ILS,1,1,advanced,1,major,1,1,1,1,1,1,1,open,none,safe,civil,0,276.80881,1893,preferred,1.0,1
S00228,OBBI,27.512065,50.393209,A330-300,wide_body,2957,mechanical,627,normal,1.0,1300.0,627.0,1035.075051,emergency,OKKK,4580,60,asphalt,ILS,1,1,advanced,1,major,1,1,1,1,1,1,1,open,none,safe,civil,0,304.085564,1623,preferred,2.0,0
S00228,OBBI,27.512065,50.393209,A330-300,wide_body,2957,mechanical,627,normal,1.0,1300.0,627.0,1035.075051,emergency,OMDB,4447,60,asphalt,ILS,1,1,advanced,1,major,1,1,1,1,1,1,1,open,none,safe,civil,1,555.942745,1490,preferred,3.0,0
S00228,OBBI,27.512065,50.393209,A330-300,wide_body,2957,mechanical,627,normal,1.0,1300.0,627.0,1035.075051,emergency,OERK,4205,60,asphalt,ILS,1,1,advanced,1,major,1,1,1,1,1,1,1,open,none,safe,civil,0,465.201512,1248,preferred,4.0,0
S00228,OBBI,27.512065,50.393209,A330-300,wide_body,2957,mechanical,627,normal,1.0,1300.0,627.0,1035.075051,emergency,OMAA,4106,60,asphalt,ILS,1,1,advanced,1,major,1,1,1,1,1,1,1,open,none,safe,civil,0,545.456933,1149,preferred,5.0,0
S00228,OBBI,27.512065,50.393209,A330-300,wide_body,2957,mechanical,627,normal,1.0,1300.0,627.0,1035.075051,emergency,OBBI,3956,60,asphalt,ILS,1,1,advanced,1,major,1,1,1,1,1,1,1,open,none,safe,civil,0,140.518639,999,preferred,6.0,0
S00228,OBBI,27.512065,50.393209,A330-300,wide_body,2957,mechanical,627,normal,1.0,1300.0,627.0,1035.075051,emergency,OOMS,4080,45,asphalt,ILS,1,1,advanced,1,major,1,1,1,1,1,1,1,open,none,safe,civil,0,902.993892,1123,extended,7.0,0
S00229,OMAA,24.508286,54.491722,B777-300ER,wide_body,3190,fuel,853,low,0.9,1350.0,853.0,1400.080654,emergency,OTHH,4850,60,asphalt,ILS,1,1,advanced,1,major,1,1,1,1,1,1,1,open,none,safe,civil,0,303.032393,1660,preferred,1.0,1
S00229,OMAA,24.508286,54.491722,B777-300ER,wide_body,3190,fuel,853,low,0.9,1350.0,853.0,1400.080654,emergency,OKKK,4580,60,asphalt,ILS,1,1,advanced,1,major,1,1,1,1,1,1,1,open,none,safe,civil,0,832.476594,1390,preferred,2.0,0
S00229,OMAA,24.508286,54.491722,B777-300ER,wide_body,3190,fuel,853,low,0.9,1350.0,853.0,1400.080654,emergency,OMDB,4447,60,asphalt,ILS,1,1,advanced,1,major,1,1,1,1,1,1,1,open,none,safe,civil,1,121.100002,1257,preferred,3.0,0
S00229,OMAA,24.508286,54.491722,B777-300ER,wide_body,3190,fuel,853,low,0.9,1350.0,853.0,1400.080654,emergency,OERK,4205,60,asphalt,ILS,1,1,advanced,1,major,1,1,1,1,1,1,1,open,none,safe,civil,0,788.519192,1015,preferred,4.0,0
S00229,OMAA,24.508286,54.491722,B777-300ER,wide_body,3190,fuel,853,low,0.9,1350.0,853.0,1400.080654,emergency,OMAA,4106,60,asphalt,ILS,1,1,advanced,1,major,1,1,1,1,1,1,1,open,none,safe,civil,0,17.611144,916,preferred,5.0,0
S00229,OMAA,24.508286,54.491722,B777-300ER,wide_body,3190,fuel,853,low,0.9,1350.0,853.0,1400.080654,emergency,OOMS,4080,45,asphalt,ILS,1,1,advanced,1,major,1,1,1,1,1,1,1,open,none,safe,civil,0,398.188776,890,preferred,6.0,0
S00229,OMAA,24.508286,54.491722,B777-300ER,wide_body,3190,fuel,853,low,0.9,1350.0,853.0,1400.080654,emergency,OBBI,3956,60,asphalt,ILS,1,1,advanced,1,major,1,1,1,1,1,1,1,open,none,safe,civil,0,433.733882,766,preferred,7.0,0
S00229,OMAA,24.508286,54.491722,B777-300ER,wide_body,3190,fuel,853,low,0.9,1350.0,853.0,1400.080654,emergency,OPKC,3400,46,concrete,RNAV,0,1,basic,1,basic,1,1,1,1,1,1,1,open,none,caution,civil,0,1280.077551,210,extended,8.0,0
S00230,LTFM,41.823937,29.106139,A330-300,wide_body,3030,medical,814,low,0.9,1170.0,814.0,1360.217874,emergency,LTFM,4100,60,asphalt,ILS,1,1,advanced,1,major,1,1,1,1,1,1,0,open,none,safe,civil,0,68.528096,1070,preferred,1.0,1
S00230,LTFM,41.823937,29.106139,A330-300,wide_body,3030,medical,814,low,0.9,1170.0,814.0,1360.217874,emergency,LGAV,4000,45,asphalt,ILS,1,1,advanced,1,major,1,1,1,1,1,1,1,open,none,safe,civil,0,616.899058,970,preferred,2.0,0
S00230,LTFM,41.823937,29.106139,A330-300,wide_body,3030,medical,814,low,0.9,1170.0,814.0,1360.217874,emergency,HECA,4000,60,asphalt,ILS,1,1,basic,1,major,1,1,1,1,1,1,1,open,none,safe,civil,0,1318.42703,970,extended,3.0,0
S00230,LTFM,41.823937,29.106139,A330-300,wide_body,3030,medical,814,low,0.9,1170.0,814.0,1360.217874,emergency,LTAC,3750,45,asphalt,ILS,1,1,advanced,1,major,1,1,1,1,1,1,1,open,none,safe,joint,0,376.966855,720,preferred,4.0,0
S00230,LTFM,41.823937,29.106139,A330-300,wide_body,3030,medical,814,low,0.9,1170.0,814.0,1360.217874,emergency,OJAI,3660,61,asphalt,ILS,1,1,advanced,1,major,1,1,1,1,1,1,1,open,none,safe,civil,0,1278.719862,630,extended,5.0,0
S00231,KJFK,40.574304,-72.917145,E190,regional_jet,1887,medical,807,normal,1.0,800.0,800.0,1199.186169,aircraft_fuel,KJFK,4423,61,asphalt,ILS,1,1,advanced,1,major,1,1,1,1,1,1,1,open,none,safe,civil,1,73.142469,2536,preferred,1.0,1
S00231,KJFK,40.574304,-72.917145,E190,regional_jet,1887,medical,807,normal,1.0,800.0,800.0,1199.186169,aircraft_fuel,CYYZ,3389,61,asphalt,ILS,1,1,advanced,1,major,1,1,1,1,1,1,1,open,none,safe,civil,1,651.896783,1502,preferred,2.0,0
S00232,YMML,-37.804395,144.493019,A350-900,wide_body,2967,security,557,critical,0.75,1125.0,557.0,938.187794,emergency,YMML,3657,60,asphalt,ILS,1,1,advanced,1,major,1,1,1,1,1,1,1,open,none,safe,civil,0,33.77319,690,preferred,1.0,1
S00232,YMML,-37.804395,144.493019,A350-900,wide_body,2967,security,557,critical,0.75,1125.0,557.0,938.187794,emergency,YSSY,3962,45,asphalt,ILS,1,1,advanced,1,major,1,1,1,0,1,1,1,open,none,safe,civil,1,739.087181,995,extended,2.0,0
S00233,OERK,25.327496,45.954814,B787-9,wide_body,2827,mechanical,631,low,0.9,1260.0,631.0,1141.613986,emergency,OTHH,4850,60,asphalt,ILS,1,1,advanced,1,major,1,1,1,1,1,1,1,open,none,safe,civil,0,568.30576,2023,preferred,1.0,1
S00233,OERK,25.327496,45.954814,B787-9,wide_body,2827,mechanical,631,low,0.9,1260.0,631.0,1141.613986,emergency,OKKK,4580,60,asphalt,ILS,1,1,advanced,1,major,1,1,1,1,1,1,1,open,none,safe,civil,0,476.866127,1753,preferred,2.0,0
S00233,OERK,25.327496,45.954814,B787-9,wide_body,2827,mechanical,631,low,0.9,1260.0,631.0,1141.613986,emergency,OERK,4205,60,asphalt,ILS,1,1,advanced,1,major,1,1,1,1,1,1,1,open,none,safe,civil,0,85.440468,1378,preferred,3.0,0
S00233,OERK,25.327496,45.954814,B787-9,wide_body,2827,mechanical,631,low,0.9,1260.0,631.0,1141.613986,emergency,OMDB,4447,60,asphalt,ILS,1,1,advanced,1,major,1,1,1,1,1,1,1,open,none,safe,civil,1,946.53582,1620,extended,4.0,0
S00233,OERK,25.327496,45.954814,B787-9,wide_body,2827,mechanical,631,low,0.9,1260.0,631.0,1141.613986,emergency,OBBI,3956,60,asphalt,ILS,1,1,advanced,1,major,1,1,1,1,1,1,1,open,none,safe,civil,0,480.285003,1129,preferred,5.0,0
S00233,OERK,25.327496,45.954814,B787-9,wide_body,2827,mechanical,631,low,0.9,1260.0,631.0,1141.613986,emergency,OMAA,4106,60,asphalt,ILS,1,1,advanced,1,major,1,1,1,1,1,1,1,open,none,safe,civil,0,882.380193,1279,extended,6.0,0
S00234,HAAB,9.467271,38.450476,A319,narrow_body,2149,weather,1102,normal,1.0,900.0,900.0,1447.003049,aircraft_fuel,HKJK,4117,45,asphalt,RNAV,0,1,basic,1,basic,1,0,1,1,1,1,1,open,none,safe,civil,0,1211.156212,1968,extended,1.0,1
S00235,DNAA,9.210279,7.654736,E175,regional_jet,1846,operational_constraints,982,critical,0.75,562.5,562.5,811.655562,aircraft_fuel,DNMM,3900,60,asphalt,ILS,1,1,advanced,1,major,1,1,1,1,1,1,1,open,none,caution,civil,0,559.900135,2054,preferred,1.0,1
S00235,DNAA,9.210279,7.654736,E175,regional_jet,1846,operational_constraints,982,critical,0.75,562.5,562.5,811.655562,aircraft_fuel,DNAA,3609,60,asphalt,RNAV,0,0,none,1,basic,1,0,1,1,1,1,1,open,none,safe,joint,0,48.582022,1763,preferred,2.0,0
S00235,DNAA,9.210279,7.654736,E175,regional_jet,1846,operational_constraints,982,critical,0.75,562.5,562.5,811.655562,aircraft_fuel,DNKN,3200,46,asphalt,RNAV,0,0,none,1,basic,1,0,1,0,0,1,1,open,none,safe,joint,0,329.504535,1354,preferred,3.0,0
S00236,VTBS,14.4722,101.249552,A320,narrow_body,2357,medical,642,normal,1.0,950.0,642.0,1023.817494,emergency,VTBS,4000,60,asphalt,ILS,1,1,advanced,1,major,1,1,1,1,1,1,1,open,none,safe,civil,0,103.324618,1643,preferred,1.0,1
S00237,VNKT,27.947447,85.185447,CRJ900,regional_jet,1704,operational_constraints,684,normal,1.0,700.0,684.0,1026.327397,emergency,VIDP,4430,60,asphalt,ILS,1,1,advanced,1,major,1,1,1,1,1,1,1,open,none,safe,civil,1,795.160263,2726,extended,1.0,1
S00237,VNKT,27.947447,85.185447,CRJ900,regional_jet,1704,operational_constraints,684,normal,1.0,700.0,684.0,1026.327397,emergency,VNKT,3350,45,asphalt,VOR,0,0,none,0,none,0,0,1,1,1,1,1,open,none,caution,civil,0,32.705423,1646,preferred,2.0,0
S00238,HECA,30.149944,31.81216,E170,regional_jet,1671,weather,502,critical,0.75,525.0,502.0,718.826331,emergency,HECA,4000,60,asphalt,ILS,1,1,basic,1,major,1,1,1,1,1,1,1,open,none,safe,civil,0,40.183179,2329,preferred,1.0,1
S00238,HECA,30.149944,31.81216,E170,regional_jet,1671,weather,502,critical,0.75,525.0,502.0,718.826331,emergency,OJAI,3660,61,asphalt,ILS,1,1,advanced,1,major,1,1,1,1,1,1,1,open,none,safe,civil,0,435.38451,1989,preferred,2.0,0
S00238,HECA,30.149944,31.81216,E170,regional_jet,1671,weather,502,critical,0.75,525.0,502.0,718.826331,emergency,LCLK,2987,45,asphalt,ILS,1,0,none,1,basic,1,0,1,1,1,1,1,open,none,safe,civil,0,552.190312,1316,extended,3.0,0
S00238,HECA,30.149944,31.81216,E170,regional_jet,1671,weather,502,critical,0.75,525.0,502.0,718.826331,emergency,HELX,3000,45,asphalt,RNAV,0,0,none,1,basic,1,0,1,0,0,1,1,open,none,safe,joint,0,505.724022,1329,extended,4.0,0
S00239,ZSPD,32.114195,121.744033,CRJ900,regional_jet,1714,fuel,552,normal,1.0,700.0,552.0,791.977808,emergency,ZSPD,4000,60,concrete,ILS,1,1,advanced,1,major,1,1,1,1,1,1,1,open,none,safe,civil,1,108.10169,2286,preferred,1.0,1
S00239,ZSPD,32.114195,121.744033,CRJ900,regional_jet,1714,fuel,552,normal,1.0,700.0,552.0,791.977808,emergency,RKSI,4000,60,asphalt,ILS,1,1,advanced,1,major,1,1,1,1,1,1,1,open,none,safe,civil,1,734.120738,2286,extended,2.0,0
S00239,ZSPD,32.114195,121.744033,CRJ900,regional_jet,1714,fuel,552,normal,1.0,700.0,552.0,791.977808,emergency,RCTP,3660,60,concrete,ILS,1,1,advanced,1,major,1,1,1,1,1,1,1,open,none,safe,civil,0,784.007891,1946,extended,3.0,0
S00240,BIKF,64.288631,-20.833154,A350-900,wide_body,2814,security,1226,normal,1.0,1500.0,1226.0,2272.044582,emergency,LFPG,4215,45,asphalt,ILS,1,1,advanced,1,major,1,1,1,1,1,1,1,open,none,safe,civil,1,2194.301692,1401,extended,1.0,1
S00240,BIKF,64.288631,-20.833154,A350-900,wide_body,2814,security,1226,normal,1.0,1500.0,1226.0,2272.044582,emergency,EGLL,3901,50,asphalt,ILS,1,1,advanced,1,major,1,1,1,1,1,1,1,open,none,safe,civil,1,1849.124627,1087,extended,2.0,0
S00240,BIKF,64.288631,-20.833154,A350-900,wide_body,2814,security,1226,normal,1.0,1500.0,1226.0,2272.044582,emergency,EHAM,3800,60,asphalt,ILS,1,1,advanced,1,major,1,1,1,1,1,1,1,open,none,safe,civil,1,1978.073011,986,extended,3.0,0
S00240,BIKF,64.288631,-20.833154,A350-900,wide_body,2814,security,1226,normal,1.0,1500.0,1226.0,2272.044582,emergency,ENGM,3600,45,asphalt,ILS,1,1,advanced,1,major,1,1,1,1,1,1,1,open,none,safe,civil,0,1695.127105,786,extended,4.0,0
S00240,BIKF,64.288631,-20.833154,A350-900,wide_body,2814,security,1226,normal,1.0,1500.0,1226.0,2272.044582,emergency,EGKK,3317,45,asphalt,ILS,1,1,advanced,1,major,1,1,1,1,1,1,1,open,none,safe,civil,1,1889.601748,503,extended,5.0,0
S00240,BIKF,64.288631,-20.833154,A350-900,wide_body,2814,security,1226,normal,1.0,1500.0,1226.0,2272.044582,emergency,ESSA,3301,45,asphalt,ILS,1,1,advanced,1,major,1,1,1,1,1,1,1,open,none,safe,civil,0,2054.767731,487,extended,6.0,0
S00240,BIKF,64.288631,-20.833154,A350-900,wide_body,2814,security,1226,normal,1.0,1500.0,1226.0,2272.044582,emergency,BIKF,3065,60,asphalt,RNAV,0,1,basic,1,basic,1,0,1,1,1,1,1,open,none,safe,joint,0,92.361771,251,preferred,7.0,0
S00240,BIKF,64.288631,-20.833154,A350-900,wide_body,2814,security,1226,normal,1.0,1500.0,1226.0,2272.044582,emergency,EIDW,3110,45,concrete,ILS,1,1,advanced,1,major,1,1,1,1,1,1,1,open,none,safe,civil,0,1462.241505,296,extended,8.0,0
S00240,BIKF,64.288631,-20.833154,A350-900,wide_body,2814,security,1226,normal,1.0,1500.0,1226.0,2272.044582,emergency,EGCC,3048,46,asphalt,ILS,1,1,advanced,1,major,1,1,1,1,1,1,1,open,none,safe,civil,1,1606.443728,234,extended,9.0,0
S00241,UAAA,43.238809,76.904727,A321,narrow_body,2354,medical,876,critical,0.75,750.0,750.0,1325.394157,aircraft_fuel,UAAA,4500,45,asphalt,RNAV,0,1,basic,1,basic,1,1,1,1,1,1,1,open,none,safe,civil,0,17.021605,2146,preferred,1.0,1
S00241,UAAA,43.238809,76.904727,A321,narrow_body,2354,medical,876,critical,0.75,750.0,750.0,1325.394157,aircraft_fuel,UACC,3500,45,asphalt,RNAV,0,1,basic,1,basic,1,1,1,1,1,1,1,open,none,safe,civil,0,958.088881,1146,extended,2.0,0
S00242,FAOR,-25.469724,27.182038,B777-300ER,wide_body,3011,fuel,472,low,0.9,1350.0,472.0,860.774749,emergency,FAOR,4418,61,asphalt,ILS,1,1,advanced,1,major,1,1,1,1,1,1,1,open,none,safe,civil,0,130.066872,1407,preferred,1.0,1
S00243,ENGM,58.721365,12.283896,B737 MAX 8,narrow_body,2386,mechanical,738,low,0.9,900.0,738.0,1198.653092,emergency,EDDF,4000,60,asphalt,ILS,1,1,advanced,1,major,1,1,1,0,1,1,1,open,none,safe,civil,1,996.069465,1614,extended,1.0,1
S00243,ENGM,58.721365,12.283896,B737 MAX 8,narrow_body,2386,mechanical,738,low,0.9,900.0,738.0,1198.653092,emergency,ENGM,3600,45,asphalt,ILS,1,1,advanced,1,major,1,1,1,1,1,1,1,open,none,safe,civil,0,176.861866,1214,preferred,2.0,0
S00243,ENGM,58.721365,12.283896,B737 MAX 8,narrow_body,2386,mechanical,738,low,0.9,900.0,738.0,1198.653092,emergency,EGLL,3901,50,asphalt,ILS,1,1,advanced,1,major,1,1,1,1,1,1,1,open,none,safe,civil,1,1139.895185,1515,extended,3.0,0
S00243,ENGM,58.721365,12.283896,B737 MAX 8,narrow_body,2386,mechanical,738,low,0.9,900.0,738.0,1198.653092,emergency,EFHK,3440,60,asphalt,ILS,1,1,advanced,1,major,1,1,1,1,1,1,1,open,none,safe,civil,0,735.599703,1054,preferred,4.0,0
S00243,ENGM,58.721365,12.283896,B737 MAX 8,narrow_body,2386,mechanical,738,low,0.9,900.0,738.0,1198.653092,emergency,EHAM,3800,60,asphalt,ILS,1,1,advanced,1,major,1,1,1,1,1,1,1,open,none,safe,civil,1,854.792181,1414,extended,5.0,0
S00243,ENGM,58.721365,12.283896,B737 MAX 8,narrow_body,2386,mechanical,738,low,0.9,900.0,738.0,1198.653092,emergency,ESSA,3301,45,asphalt,ILS,1,1,advanced,1,major,1,1,1,1,1,1,1,open,none,safe,civil,0,337.544172,915,preferred,6.0,0
S00243,ENGM,58.721365,12.283896,B737 MAX 8,narrow_body,2386,mechanical,738,low,0.9,900.0,738.0,1198.653092,emergency,ULLI,3780,60,concrete,ILS,1,1,advanced,1,major,1,1,1,1,1,1,1,open,none,caution,civil,0,1025.612399,1394,extended,7.0,0
S00243,ENGM,58.721365,12.283896,B737 MAX 8,narrow_body,2386,mechanical,738,low,0.9,900.0,738.0,1198.653092,emergency,EGKK,3317,45,asphalt,ILS,1,1,advanced,1,major,1,1,1,1,1,1,1,open,none,safe,civil,1,1155.57277,931,extended,8.0,0
S00243,ENGM,58.721365,12.283896,B737 MAX 8,narrow_body,2386,mechanical,738,low,0.9,900.0,738.0,1198.653092,emergency,EGCC,3048,46,asphalt,ILS,1,1,advanced,1,major,1,1,1,1,1,1,1,open,none,safe,civil,1,1080.074811,662,extended,9.0,0
S00244,BIKF,63.779322,-23.725596,A320,narrow_body,2477,operational_constraints,847,normal,1.0,950.0,847.0,1303.962638,emergency,BIKF,3065,60,asphalt,RNAV,0,1,basic,1,basic,1,0,1,1,1,1,1,open,none,safe,joint,0,59.402003,588,preferred,1.0,1
S00245,WIMM,2.513835,98.392187,A319,narrow_body,2039,operational_constraints,959,normal,1.0,900.0,900.0,1615.792107,aircraft_fuel,WMKK,4124,60,asphalt,ILS,1,1,advanced,1,major,1,1,1,1,1,1,1,open,none,safe,civil,0,369.434805,2085,preferred,1.0,1
S00245,WIMM,2.513835,98.392187,A319,narrow_body,2039,operational_constraints,959,normal,1.0,900.0,900.0,1615.792107,aircraft_fuel,WSSS,4000,60,asphalt,ILS,1,1,advanced,1,major,1,1,1,1,1,1,1,open,none,safe,civil,1,635.83312,1961,preferred,2.0,0
S00245,WIMM,2.513835,98.392187,A319,narrow_body,2039,operational_constraints,959,normal,1.0,900.0,900.0,1615.792107,aircraft_fuel,VTBS,4000,60,asphalt,ILS,1,1,advanced,1,major,1,1,1,1,1,1,1,open,none,safe,civil,0,1268.424952,1961,extended,3.0,0
S00245,WIMM,2.513835,98.392187,A319,narrow_body,2039,operational_constraints,959,normal,1.0,900.0,900.0,1615.792107,aircraft_fuel,WIMM,3000,60,asphalt,RNAV,1,1,basic,1,basic,1,0,1,1,0,1,1,open,none,safe,civil,0,136.828565,961,preferred,4.0,0
S00246,LEMD,40.378553,-3.973986,CRJ900,regional_jet,1722,operational_constraints,1211,low,0.9,630.0,630.0,926.160626,aircraft_fuel,LEMD,4350,60,asphalt,ILS,1,1,advanced,1,major,1,1,1,1,1,1,1,open,none,safe,civil,1,36.319956,2628,preferred,1.0,1
S00246,LEMD,40.378553,-3.973986,CRJ900,regional_jet,1722,operational_constraints,1211,low,0.9,630.0,630.0,926.160626,aircraft_fuel,LPPT,3707,45,asphalt,ILS,1,1,advanced,1,major,1,1,1,1,1,1,1,open,none,safe,civil,0,476.611771,1985,preferred,2.0,0
S00246,LEMD,40.378553,-3.973986,CRJ900,regional_jet,1722,operational_constraints,1211,low,0.9,630.0,630.0,926.160626,aircraft_fuel,GMMN,3720,45,asphalt,ILS,1,1,advanced,1,major,1,1,1,1,1,1,1,open,none,safe,civil,0,843.128204,1998,extended,3.0,0
S00246,LEMD,40.378553,-3.973986,CRJ900,regional_jet,1722,operational_constraints,1211,low,0.9,630.0,630.0,926.160626,aircraft_fuel,DAAG,3500,60,asphalt,RNAV,0,1,basic,1,basic,1,1,1,1,1,1,0,open,none,safe,civil,0,747.133255,1778,extended,4.0,0
S00247,OBBI,25.954387,50.682737,E170,regional_jet,1682,mechanical,1028,normal,1.0,700.0,700.0,1153.467101,aircraft_fuel,OTHH,4850,60,asphalt,ILS,1,1,advanced,1,major,1,1,1,1,1,1,1,open,none,safe,civil,0,119.781088,3168,preferred,1.0,1
S00247,OBBI,25.954387,50.682737,E170,regional_jet,1682,mechanical,1028,normal,1.0,700.0,700.0,1153.467101,aircraft_fuel,OKKK,4580,60,asphalt,ILS,1,1,advanced,1,major,1,1,1,1,1,1,1,open,none,safe,civil,0,451.289411,2898,preferred,2.0,0
S00247,OBBI,25.954387,50.682737,E170,regional_jet,1682,mechanical,1028,normal,1.0,700.0,700.0,1153.467101,aircraft_fuel,OMDB,4447,60,asphalt,ILS,1,1,advanced,1,major,1,1,1,1,1,1,1,open,none,safe,civil,1,476.580847,2765,preferred,3.0,0
S00247,OBBI,25.954387,50.682737,E170,regional_jet,1682,mechanical,1028,normal,1.0,700.0,700.0,1153.467101,aircraft_fuel,OERK,4205,60,asphalt,ILS,1,1,advanced,1,major,1,1,1,1,1,1,1,open,none,safe,civil,0,415.036209,2523,preferred,4.0,0
S00247,OBBI,25.954387,50.682737,E170,regional_jet,1682,mechanical,1028,normal,1.0,700.0,700.0,1153.467101,aircraft_fuel,OMAA,4106,60,asphalt,ILS,1,1,advanced,1,major,1,1,1,1,1,1,1,open,none,safe,civil,0,433.08463,2424,preferred,5.0,0
S00247,OBBI,25.954387,50.682737,E170,regional_jet,1682,mechanical,1028,normal,1.0,700.0,700.0,1153.467101,aircraft_fuel,OBBI,3956,60,asphalt,ILS,1,1,advanced,1,major,1,1,1,1,1,1,1,open,none,safe,civil,0,35.083933,2274,preferred,6.0,0
S00247,OBBI,25.954387,50.682737,E170,regional_jet,1682,mechanical,1028,normal,1.0,700.0,700.0,1153.467101,aircraft_fuel,OOMS,4080,45,asphalt,ILS,1,1,advanced,1,major,1,1,1,1,1,1,1,open,none,safe,civil,0,810.775469,2398,extended,7.0,0
S00248,VABB,18.652034,73.32553,E190,regional_jet,1872,medical,740,normal,1.0,800.0,740.0,1199.833793,emergency,VIDP,4430,60,asphalt,ILS,1,1,advanced,1,major,1,1,1,1,1,1,1,open,none,safe,civil,1,1166.040667,2558,extended,1.0,1
S00248,VABB,18.652034,73.32553,E190,regional_jet,1872,medical,740,normal,1.0,800.0,740.0,1199.833793,emergency,VABB,3509,60,asphalt,ILS,1,1,advanced,1,major,1,1,1,1,1,1,1,open,none,safe,civil,1,68.382222,1637,preferred,2.0,0
S00248,VABB,18.652034,73.32553,E190,regional_jet,1872,medical,740,normal,1.0,800.0,740.0,1199.833793,emergency,OPKC,3400,46,concrete,RNAV,0,1,basic,1,basic,1,1,1,1,1,1,1,open,none,caution,civil,0,942.457931,1528,extended,3.0,0
S00249,EHAM,52.724476,5.272439,A321,narrow_body,2427,operational_constraints,990,normal,1.0,1000.0,990.0,1540.834914,emergency,LFPG,4215,45,asphalt,ILS,1,1,advanced,1,major,1,1,1,1,1,1,1,open,none,safe,civil,1,454.980516,1788,preferred,1.0,1
S00249,EHAM,52.724476,5.272439,A321,narrow_body,2427,operational_constraints,990,normal,1.0,1000.0,990.0,1540.834914,emergency,EDDF,4000,60,asphalt,ILS,1,1,advanced,1,major,1,1,1,0,1,1,1,open,none,safe,civil,1,376.750129,1573,preferred,2.0,0
S00249,EHAM,52.724476,5.272439,A321,narrow_body,2427,operational_constraints,990,normal,1.0,1000.0,990.0,1540.834914,emergency,LEMD,4350,60,asphalt,ILS,1,1,advanced,1,major,1,1,1,1,1,1,1,open,none,safe,civil,1,1515.951905,1923,extended,3.0,0
S00249,EHAM,52.724476,5.272439,A321,narrow_body,2427,operational_constraints,990,normal,1.0,1000.0,990.0,1540.834914,emergency,EGLL,3901,50,asphalt,ILS,1,1,advanced,1,major,1,1,1,1,1,1,1,open,none,safe,civil,1,415.507728,1474,preferred,4.0,0
S00249,EHAM,52.724476,5.272439,A321,narrow_body,2427,operational_constraints,990,normal,1.0,1000.0,990.0,1540.834914,emergency,EHAM,3800,60,asphalt,ILS,1,1,advanced,1,major,1,1,1,1,1,1,1,open,none,safe,civil,1,57.641442,1373,preferred,5.0,0
S00249,EHAM,52.724476,5.272439,A321,narrow_body,2427,operational_constraints,990,normal,1.0,1000.0,990.0,1540.834914,emergency,ENGM,3600,45,asphalt,ILS,1,1,advanced,1,major,1,1,1,1,1,1,1,open,none,safe,civil,0,903.627459,1173,preferred,6.0,0
S00249,EHAM,52.724476,5.272439,A321,narrow_body,2427,operational_constraints,990,normal,1.0,1000.0,990.0,1540.834914,emergency,LIRF,3902,60,asphalt,ILS,1,1,basic,1,major,1,1,1,1,1,1,1,open,none,safe,civil,1,1322.03581,1475,extended,7.0,0
S00249,EHAM,52.724476,5.272439,A321,narrow_body,2427,operational_constraints,990,normal,1.0,1000.0,990.0,1540.834914,emergency,EGKK,3317,45,asphalt,ILS,1,1,advanced,1,major,1,1,1,1,1,1,1,open,none,safe,civil,1,413.035309,890,preferred,8.0,0
S00249,EHAM,52.724476,5.272439,A321,narrow_body,2427,operational_constraints,990,normal,1.0,1000.0,990.0,1540.834914,emergency,EIDW,3110,45,concrete,ILS,1,1,advanced,1,major,1,1,1,1,1,1,1,open,none,safe,civil,0,773.618949,683,preferred,9.0,0
S00249,EHAM,52.724476,5.272439,A321,narrow_body,2427,operational_constraints,990,normal,1.0,1000.0,990.0,1540.834914,emergency,EFHK,3440,60,asphalt,ILS,1,1,advanced,1,major,1,1,1,1,1,1,1,open,none,safe,civil,0,1464.602886,1013,extended,10.0,0
S00249,EHAM,52.724476,5.272439,A321,narrow_body,2427,operational_constraints,990,normal,1.0,1000.0,990.0,1540.834914,emergency,EGCC,3048,46,asphalt,ILS,1,1,advanced,1,major,1,1,1,1,1,1,1,open,none,safe,civil,1,509.186185,621,preferred,11.0,0
S00249,EHAM,52.724476,5.272439,A321,narrow_body,2427,operational_constraints,990,normal,1.0,1000.0,990.0,1540.834914,emergency,ESSA,3301,45,asphalt,ILS,1,1,advanced,1,major,1,1,1,1,1,1,1,open,none,safe,civil,0,1094.833514,874,extended,12.0,0
S00250,UOOO,69.411611,87.746912,B737 MAX 8,narrow_body,2372,security,729,low,0.9,900.0,729.0,1159.065565,emergency,UOOO,2800,45,concrete,VOR,0,0,none,1,basic,1,0,1,0,0,1,0,open,restricted,caution,joint,0,19.725813,428,preferred,1.0,1
S00251,YSSY,-33.326774,151.832839,A330-300,wide_body,2824,weather,466,low,0.9,1170.0,466.0,841.638576,emergency,YSSY,3962,45,asphalt,ILS,1,1,advanced,1,major,1,1,1,0,1,1,1,open,none,safe,civil,1,91.808423,1138,preferred,1.0,1
S00251,YSSY,-33.326774,151.832839,A330-300,wide_body,2824,weather,466,low,0.9,1170.0,466.0,841.638576,emergency,YMML,3657,60,asphalt,ILS,1,1,advanced,1,major,1,1,1,1,1,1,1,open,none,safe,civil,0,796.016022,833,extended,2.0,0
S00252,RKSI,37.517974,126.866814,E175,regional_jet,1813,weather,667,low,0.9,675.0,667.0,969.62617,emergency,RKSI,4000,60,asphalt,ILS,1,1,advanced,1,major,1,1,1,1,1,1,1,open,none,safe,civil,1,37.085637,2187,preferred,1.0,1
S00252,RKSI,37.517974,126.866814,E175,regional_jet,1813,weather,667,low,0.9,675.0,667.0,969.62617,emergency,ZSPD,4000,60,concrete,ILS,1,1,advanced,1,major,1,1,1,1,1,1,1,open,none,safe,civil,1,847.280041,2187,extended,2.0,0
S00252,RKSI,37.517974,126.866814,E175,regional_jet,1813,weather,667,low,0.9,675.0,667.0,969.62617,emergency,ZBAA,3810,60,asphalt,ILS,1,1,advanced,1,major,1,1,1,1,1,1,1,open,none,safe,civil,1,933.759798,1997,extended,3.0,0
S00253,LIRF,40.85415,12.955262,E175,regional_jet,1850,technical,670,normal,1.0,750.0,670.0,1009.758931,emergency,LIRF,3902,60,asphalt,ILS,1,1,basic,1,major,1,1,1,1,1,1,1,open,none,safe,civil,1,120.895633,2052,preferred,1.0,1
S00253,LIRF,40.85415,12.955262,E175,regional_jet,1850,technical,670,normal,1.0,750.0,670.0,1009.758931,emergency,LGAV,4000,45,asphalt,ILS,1,1,advanced,1,major,1,1,1,1,1,1,1,open,none,safe,civil,0,997.639482,2150,extended,2.0,0
S00253,LIRF,40.85415,12.955262,E175,regional_jet,1850,technical,670,normal,1.0,750.0,670.0,1009.758931,emergency,DTTA,3200,45,asphalt,RNAV,0,1,basic,1,basic,1,0,1,1,1,1,1,open,none,safe,civil,0,503.861513,1350,preferred,3.0,0
S00253,LIRF,40.85415,12.955262,E175,regional_jet,1850,technical,670,normal,1.0,750.0,670.0,1009.758931,emergency,DAAG,3500,60,asphalt,RNAV,0,1,basic,1,basic,1,1,1,1,1,1,0,open,none,safe,civil,0,962.006479,1650,extended,4.0,0
S00254,RCTP,24.637309,120.250721,A321,narrow_body,2441,technical,812,low,0.9,900.0,812.0,1402.306942,emergency,ZSPD,4000,60,concrete,ILS,1,1,advanced,1,major,1,1,1,1,1,1,1,open,none,safe,civil,1,739.363692,1559,preferred,1.0,1
S00254,RCTP,24.637309,120.250721,A321,narrow_body,2441,technical,812,low,0.9,900.0,812.0,1402.306942,emergency,RCTP,3660,60,concrete,ILS,1,1,advanced,1,major,1,1,1,1,1,1,1,open,none,safe,civil,0,110.543188,1219,preferred,2.0,0
S00254,RCTP,24.637309,120.250721,A321,narrow_body,2441,technical,812,low,0.9,900.0,812.0,1402.306942,emergency,RPLL,3737,60,concrete,ILS,1,1,basic,1,basic,1,1,1,1,1,1,1,open,none,caution,civil,0,1129.130829,1296,extended,3.0,0
S00255,OOMS,23.670056,58.129603,E190,regional_jet,1849,operational_constraints,584,normal,1.0,800.0,584.0,834.87218,emergency,OTHH,4850,60,asphalt,ILS,1,1,advanced,1,major,1,1,1,1,1,1,1,open,none,safe,civil,0,683.571636,3001,extended,1.0,1
S00255,OOMS,23.670056,58.129603,E190,regional_jet,1849,operational_constraints,584,normal,1.0,800.0,584.0,834.87218,emergency,OMDB,4447,60,asphalt,ILS,1,1,advanced,1,major,1,1,1,1,1,1,1,open,none,safe,civil,1,329.856869,2598,preferred,2.0,0
S00255,OOMS,23.670056,58.129603,E190,regional_jet,1849,operational_constraints,584,normal,1.0,800.0,584.0,834.87218,emergency,OOMS,4080,45,asphalt,ILS,1,1,advanced,1,major,1,1,1,1,1,1,1,open,none,safe,civil,0,17.65662,2231,preferred,3.0,0
S00255,OOMS,23.670056,58.129603,E190,regional_jet,1849,operational_constraints,584,normal,1.0,800.0,584.0,834.87218,emergency,OMAA,4106,60,asphalt,ILS,1,1,advanced,1,major,1,1,1,1,1,1,1,open,none,safe,civil,0,363.623722,2257,preferred,4.0,0
S00255,OOMS,23.670056,58.129603,E190,regional_jet,1849,operational_constraints,584,normal,1.0,800.0,584.0,834.87218,emergency,OBBI,3956,60,asphalt,ILS,1,1,advanced,1,major,1,1,1,1,1,1,1,open,none,safe,civil,0,808.355834,2107,extended,5.0,0
S00256,BIKF,64.259256,-23.252736,B787-9,wide_body,2949,operational_constraints,1083,critical,0.75,1050.0,1050.0,1896.803736,aircraft_fuel,ENGM,3600,45,asphalt,ILS,1,1,advanced,1,major,1,1,1,1,1,1,1,open,none,safe,civil,0,1811.921576,651,extended,1.0,1
S00256,BIKF,64.259256,-23.252736,B787-9,wide_body,2949,operational_constraints,1083,critical,0.75,1050.0,1050.0,1896.803736,aircraft_fuel,BIKF,3065,60,asphalt,RNAV,0,1,basic,1,basic,1,0,1,1,1,1,1,open,none,safe,joint,0,43.775845,116,preferred,2.0,0
S00256,BIKF,64.259256,-23.252736,B787-9,wide_body,2949,operational_constraints,1083,critical,0.75,1050.0,1050.0,1896.803736,aircraft_fuel,EIDW,3110,45,concrete,ILS,1,1,advanced,1,major,1,1,1,1,1,1,1,open,none,safe,civil,0,1540.926773,161,extended,3.0,0
S00256,BIKF,64.259256,-23.252736,B787-9,wide_body,2949,operational_constraints,1083,critical,0.75,1050.0,1050.0,1896.803736,aircraft_fuel,EGCC,3048,46,asphalt,ILS,1,1,advanced,1,major,1,1,1,1,1,1,1,open,none,safe,civil,1,1696.405521,99,extended,4.0,0
S00257,UUEE,56.083893,36.345996,A330-300,wide_body,2995,medical,1079,low,0.9,1170.0,1079.0,2042.863132,emergency,LTFM,4100,60,asphalt,ILS,1,1,advanced,1,major,1,1,1,1,1,1,0,open,none,safe,civil,0,1736.454607,1105,extended,1.0,1
S00257,UUEE,56.083893,36.345996,A330-300,wide_body,2995,medical,1079,low,0.9,1170.0,1079.0,2042.863132,emergency,EDDF,4000,60,asphalt,ILS,1,1,advanced,1,major,1,1,1,0,1,1,1,open,none,safe,civil,1,1959.36672,1005,extended,2.0,0
S00257,UUEE,56.083893,36.345996,A330-300,wide_body,2995,medical,1079,low,0.9,1170.0,1079.0,2042.863132,emergency,EFHK,3440,60,asphalt,ILS,1,1,advanced,1,major,1,1,1,1,1,1,1,open,none,safe,civil,0,814.663836,445,preferred,3.0,0
S00257,UUEE,56.083893,36.345996,A330-300,wide_body,2995,medical,1079,low,0.9,1170.0,1079.0,2042.863132,emergency,ULLI,3780,60,concrete,ILS,1,1,advanced,1,major,1,1,1,1,1,1,1,open,none,caution,civil,0,546.998905,785,preferred,4.0,0
S00257,UUEE,56.083893,36.345996,A330-300,wide_body,2995,medical,1079,low,0.9,1170.0,1079.0,2042.863132,emergency,UUEE,3700,60,concrete,ILS,1,1,advanced,1,major,1,1,1,1,1,1,1,open,none,caution,civil,0,67.243244,705,preferred,5.0,0
S00257,UUEE,56.083893,36.345996,A330-300,wide_body,2995,medical,1079,low,0.9,1170.0,1079.0,2042.863132,emergency,ENGM,3600,45,asphalt,ILS,1,1,advanced,1,major,1,1,1,1,1,1,1,open,none,safe,civil,0,1539.729318,605,extended,6.0,0
S00257,UUEE,56.083893,36.345996,A330-300,wide_body,2995,medical,1079,low,0.9,1170.0,1079.0,2042.863132,emergency,LTAC,3750,45,asphalt,ILS,1,1,advanced,1,major,1,1,1,1,1,1,1,open,none,safe,joint,0,1791.030523,755,extended,7.0,0
S00257,UUEE,56.083893,36.345996,A330-300,wide_body,2995,medical,1079,low,0.9,1170.0,1079.0,2042.863132,emergency,ESSA,3301,45,asphalt,ILS,1,1,advanced,1,major,1,1,1,1,1,1,1,open,none,safe,civil,0,1154.560349,306,extended,8.0,0
S00258,DTTA,36.516454,10.522491,B767-300ER,wide_body,3061,technical,798,normal,1.0,1250.0,798.0,1339.436004,emergency,LEMD,4350,60,asphalt,ILS,1,1,advanced,1,major,1,1,1,1,1,1,1,open,none,safe,civil,1,1301.953228,1289,extended,1.0,1
S00258,DTTA,36.516454,10.522491,B767-300ER,wide_body,3061,technical,798,normal,1.0,1250.0,798.0,1339.436004,emergency,LIRF,3902,60,asphalt,ILS,1,1,basic,1,major,1,1,1,1,1,1,1,open,none,safe,civil,1,606.580755,841,preferred,2.0,0
S00258,DTTA,36.516454,10.522491,B767-300ER,wide_body,3061,technical,798,normal,1.0,1250.0,798.0,1339.436004,emergency,LGAV,4000,45,asphalt,ILS,1,1,advanced,1,major,1,1,1,1,1,1,1,open,none,safe,civil,0,1197.743768,939,extended,3.0,0
S00258,DTTA,36.516454,10.522491,B767-300ER,wide_body,3061,technical,798,normal,1.0,1250.0,798.0,1339.436004,emergency,DAAG,3500,60,asphalt,RNAV,0,1,basic,1,basic,1,1,1,1,1,1,0,open,none,safe,civil,0,652.47253,439,preferred,4.0,0
S00258,DTTA,36.516454,10.522491,B767-300ER,wide_body,3061,technical,798,normal,1.0,1250.0,798.0,1339.436004,emergency,DTTA,3200,45,asphalt,RNAV,0,1,basic,1,basic,1,0,1,1,1,1,1,open,none,safe,civil,0,45.576298,139,preferred,5.0,0
S00259,ZSPD,31.573795,121.178167,E170,regional_jet,1735,mechanical,796,low,0.9,630.0,630.0,1015.541355,aircraft_fuel,ZSPD,4000,60,concrete,ILS,1,1,advanced,1,major,1,1,1,1,1,1,1,open,none,safe,civil,1,76.373177,2265,preferred,1.0,1
S00259,ZSPD,31.573795,121.178167,E170,regional_jet,1735,mechanical,796,low,0.9,630.0,630.0,1015.541355,aircraft_fuel,RKSI,4000,60,asphalt,ILS,1,1,advanced,1,major,1,1,1,1,1,1,1,open,none,safe,civil,1,813.955134,2265,extended,2.0,0
S00259,ZSPD,31.573795,121.178167,E170,regional_jet,1735,mechanical,796,low,0.9,630.0,630.0,1015.541355,aircraft_fuel,RCTP,3660,60,concrete,ILS,1,1,advanced,1,major,1,1,1,1,1,1,1,open,none,safe,civil,0,722.352708,1925,extended,3.0,0
S00260,ZBAA,40.730003,116.074921,E175,regional_jet,1782,mechanical,736,normal,1.0,750.0,736.0,1079.097575,emergency,ZBAA,3810,60,asphalt,ILS,1,1,advanced,1,major,1,1,1,1,1,1,1,open,none,safe,civil,1,84.96239,2028,preferred,1.0,1
S00260,ZBAA,40.730003,116.074921,E175,regional_jet,1782,mechanical,736,normal,1.0,750.0,736.0,1079.097575,emergency,RKSI,4000,60,asphalt,ILS,1,1,advanced,1,major,1,1,1,1,1,1,1,open,none,safe,civil,1,965.229008,2218,extended,2.0,0
S00261,UUEE,56.401838,36.68026,B777-300ER,wide_body,3220,fuel,369,low,0.9,1350.0,369.0,601.734194,emergency,UUEE,3700,60,concrete,ILS,1,1,advanced,1,major,1,1,1,1,1,1,1,open,none,caution,civil,0,65.410199,480,preferred,1.0,1
S00261,UUEE,56.401838,36.68026,B777-300ER,wide_body,3220,fuel,369,low,0.9,1350.0,369.0,601.734194,emergency,ULLI,3780,60,concrete,ILS,1,1,advanced,1,major,1,1,1,1,1,1,1,open,none,caution,civil,0,533.414043,560,extended,2.0,0
S00262,DGAA,6.144329,0.368082,A350-900,wide_body,2984,technical,622,low,0.9,1350.0,622.0,1014.538391,emergency,DNMM,3900,60,asphalt,ILS,1,1,advanced,1,major,1,1,1,1,1,1,1,open,none,caution,civil,0,329.877836,916,preferred,1.0,1
S00262,DGAA,6.144329,0.368082,A350-900,wide_body,2984,technical,622,low,0.9,1350.0,622.0,1014.538391,emergency,DGAA,3403,61,asphalt,RNAV,0,0,none,1,basic,1,0,1,1,1,1,0,open,none,safe,civil,0,84.22642,419,preferred,2.0,0
S00262,DGAA,6.144329,0.368082,A350-900,wide_body,2984,technical,622,low,0.9,1350.0,622.0,1014.538391,emergency,DNAA,3609,60,asphalt,RNAV,0,0,none,1,basic,1,0,1,1,1,1,1,open,none,safe,joint,0,823.881748,625,extended,3.0,0
S00263,OOMS,23.166708,57.130451,E190,regional_jet,1889,fuel,668,low,0.9,720.0,668.0,973.285269,emergency,OTHH,4850,60,asphalt,ILS,1,1,advanced,1,major,1,1,1,1,1,1,1,open,none,safe,civil,0,606.936278,2961,preferred,1.0,1
S00263,OOMS,23.166708,57.130451,E190,regional_jet,1889,fuel,668,low,0.9,720.0,668.0,973.285269,emergency,OMDB,4447,60,asphalt,ILS,1,1,advanced,1,major,1,1,1,1,1,1,1,open,none,safe,civil,1,292.379493,2558,preferred,2.0,0
S00263,OOMS,23.166708,57.130451,E190,regional_jet,1889,fuel,668,low,0.9,720.0,668.0,973.285269,emergency,OMAA,4106,60,asphalt,ILS,1,1,advanced,1,major,1,1,1,1,1,1,1,open,none,safe,civil,0,289.466218,2217,preferred,3.0,0
S00263,OOMS,23.166708,57.130451,E190,regional_jet,1889,fuel,668,low,0.9,720.0,668.0,973.285269,emergency,OOMS,4080,45,asphalt,ILS,1,1,advanced,1,major,1,1,1,1,1,1,1,open,none,safe,civil,0,127.33907,2191,preferred,4.0,0
S00263,OOMS,23.166708,57.130451,E190,regional_jet,1889,fuel,668,low,0.9,720.0,668.0,973.285269,emergency,OBBI,3956,60,asphalt,ILS,1,1,advanced,1,major,1,1,1,1,1,1,1,open,none,safe,civil,0,740.755561,2067,extended,5.0,0
S00264,SBGR,-23.284154,-46.652347,A350-900,wide_body,2856,fuel,645,critical,0.75,1125.0,645.0,1192.202584,emergency,SBGR,3700,45,asphalt,ILS,1,1,advanced,1,major,1,1,1,1,1,1,1,open,none,safe,civil,0,24.784808,844,preferred,1.0,1
S00265,RCTP,24.625459,120.611893,B777-300ER,wide_body,3062,weather,988,normal,1.0,1500.0,988.0,1787.6113,emergency,ZSPD,4000,60,concrete,ILS,1,1,advanced,1,major,1,1,1,1,1,1,1,open,none,safe,civil,1,734.168443,938,preferred,1.0,1
S00265,RCTP,24.625459,120.611893,B777-300ER,wide_body,3062,weather,988,normal,1.0,1500.0,988.0,1787.6113,emergency,RCTP,3660,60,concrete,ILS,1,1,advanced,1,major,1,1,1,1,1,1,1,open,none,safe,civil,0,80.349923,598,preferred,2.0,0
S00265,RCTP,24.625459,120.611893,B777-300ER,wide_body,3062,weather,988,normal,1.0,1500.0,988.0,1787.6113,emergency,RKSI,4000,60,asphalt,ILS,1,1,advanced,1,major,1,1,1,1,1,1,1,open,none,safe,civil,1,1531.748367,938,extended,3.0,0
S00265,RCTP,24.625459,120.611893,B777-300ER,wide_body,3062,weather,988,normal,1.0,1500.0,988.0,1787.6113,emergency,ZBAA,3810,60,asphalt,ILS,1,1,advanced,1,major,1,1,1,1,1,1,1,open,none,safe,civil,1,1758.535302,748,extended,4.0,0
S00265,RCTP,24.625459,120.611893,B777-300ER,wide_body,3062,weather,988,normal,1.0,1500.0,988.0,1787.6113,emergency,RPLL,3737,60,concrete,ILS,1,1,basic,1,basic,1,1,1,1,1,1,1,open,none,caution,civil,0,1125.752801,675,extended,5.0,0
S00266,DTTA,36.965702,10.010616,A320,narrow_body,2333,technical,1103,low,0.9,855.0,855.0,1361.872753,aircraft_fuel,LEMD,4350,60,asphalt,ILS,1,1,advanced,1,major,1,1,1,1,1,1,1,open,none,safe,civil,1,1240.267991,2017,extended,1.0,1
S00266,DTTA,36.965702,10.010616,A320,narrow_body,2333,technical,1103,low,0.9,855.0,855.0,1361.872753,aircraft_fuel,LIRF,3902,60,asphalt,ILS,1,1,basic,1,major,1,1,1,1,1,1,1,open,none,safe,civil,1,571.435933,1569,preferred,2.0,0
S00266,DTTA,36.965702,10.010616,A320,narrow_body,2333,technical,1103,low,0.9,855.0,855.0,1361.872753,aircraft_fuel,LGAV,4000,45,asphalt,ILS,1,1,advanced,1,major,1,1,1,1,1,1,1,open,none,safe,civil,0,1233.574866,1667,extended,3.0,0
S00266,DTTA,36.965702,10.010616,A320,narrow_body,2333,technical,1103,low,0.9,855.0,855.0,1361.872753,aircraft_fuel,DAAG,3500,60,asphalt,RNAV,0,1,basic,1,basic,1,1,1,1,1,1,0,open,none,safe,civil,0,605.495143,1167,preferred,4.0,0
S00266,DTTA,36.965702,10.010616,A320,narrow_body,2333,technical,1103,low,0.9,855.0,855.0,1361.872753,aircraft_fuel,DTTA,3200,45,asphalt,RNAV,0,1,basic,1,basic,1,0,1,1,1,1,1,open,none,safe,civil,0,23.097342,867,preferred,5.0,0
S00267,WMKK,2.534547,101.413598,A220-300,narrow_body,2070,medical,1090,critical,0.75,712.5,712.5,1164.001117,aircraft_fuel,WMKK,4124,60,asphalt,ILS,1,1,advanced,1,major,1,1,1,1,1,1,1,open,none,safe,civil,0,40.43002,2054,preferred,1.0,1
S00267,WMKK,2.534547,101.413598,A220-300,narrow_body,2070,medical,1090,critical,0.75,712.5,712.5,1164.001117,aircraft_fuel,WSSS,4000,60,asphalt,ILS,1,1,advanced,1,major,1,1,1,1,1,1,1,open,none,safe,civil,1,315.552769,1930,preferred,2.0,0
S00267,WMKK,2.534547,101.413598,A220-300,narrow_body,2070,medical,1090,critical,0.75,712.5,712.5,1164.001117,aircraft_fuel,WIMM,3000,60,asphalt,RNAV,1,1,basic,1,basic,1,0,1,1,0,1,1,open,none,safe,civil,0,306.531226,930,preferred,3.0,0
S00268,ZSPD,30.612001,120.896994,B787-9,wide_body,3003,fuel,767,normal,1.0,1400.0,767.0,1423.101641,emergency,ZSPD,4000,60,concrete,ILS,1,1,advanced,1,major,1,1,1,1,1,1,1,open,none,safe,civil,1,104.883157,997,preferred,1.0,1
S00268,ZSPD,30.612001,120.896994,B787-9,wide_body,3003,fuel,767,normal,1.0,1400.0,767.0,1423.101641,emergency,RCTP,3660,60,concrete,ILS,1,1,advanced,1,major,1,1,1,1,1,1,1,open,none,safe,civil,0,616.271053,657,preferred,2.0,0
S00268,ZSPD,30.612001,120.896994,B787-9,wide_body,3003,fuel,767,normal,1.0,1400.0,767.0,1423.101641,emergency,RKSI,4000,60,asphalt,ILS,1,1,advanced,1,major,1,1,1,1,1,1,1,open,none,safe,civil,1,917.850827,997,extended,3.0,0
S00268,ZSPD,30.612001,120.896994,B787-9,wide_body,3003,fuel,767,normal,1.0,1400.0,767.0,1423.101641,emergency,ZBAA,3810,60,asphalt,ILS,1,1,advanced,1,major,1,1,1,1,1,1,1,open,none,safe,civil,1,1122.04694,807,extended,4.0,0
S00269,LPPT,38.115142,-9.00584,A320,narrow_body,2346,security,616,normal,1.0,950.0,616.0,1056.553515,emergency,LEMD,4350,60,asphalt,ILS,1,1,advanced,1,major,1,1,1,1,1,1,1,open,none,safe,civil,1,536.978131,2004,preferred,1.0,1
S00269,LPPT,38.115142,-9.00584,A320,narrow_body,2346,security,616,normal,1.0,950.0,616.0,1056.553515,emergency,LPPT,3707,45,asphalt,ILS,1,1,advanced,1,major,1,1,1,1,1,1,1,open,none,safe,civil,0,74.934542,1361,preferred,2.0,0
S00269,LPPT,38.115142,-9.00584,A320,narrow_body,2346,security,616,normal,1.0,950.0,616.0,1056.553515,emergency,GMMN,3720,45,asphalt,ILS,1,1,advanced,1,major,1,1,1,1,1,1,1,open,none,safe,civil,0,543.137209,1374,preferred,3.0,0
S00270,YMML,-37.650962,144.536878,A350-900,wide_body,2892,fuel,609,normal,1.0,1500.0,609.0,1014.881362,emergency,YMML,3657,60,asphalt,ILS,1,1,advanced,1,major,1,1,1,1,1,1,1,open,none,safe,civil,0,26.588755,765,preferred,1.0,1
S00270,YMML,-37.650962,144.536878,A350-900,wide_body,2892,fuel,609,normal,1.0,1500.0,609.0,1014.881362,emergency,YSSY,3962,45,asphalt,ILS,1,1,advanced,1,major,1,1,1,0,1,1,1,open,none,safe,civil,1,726.558177,1070,extended,2.0,0
S00271,DNAA,9.194787,7.005084,B737-800,narrow_body,2318,technical,1052,low,0.9,855.0,855.0,1448.913693,aircraft_fuel,DNMM,3900,60,asphalt,ILS,1,1,advanced,1,major,1,1,1,1,1,1,1,open,none,caution,civil,0,499.315414,1582,preferred,1.0,1
S00271,DNAA,9.194787,7.005084,B737-800,narrow_body,2318,technical,1052,low,0.9,855.0,855.0,1448.913693,aircraft_fuel,DNAA,3609,60,asphalt,RNAV,0,0,none,1,basic,1,0,1,1,1,1,1,open,none,safe,joint,0,35.212953,1291,preferred,2.0,0
S00271,DNAA,9.194787,7.005084,B737-800,narrow_body,2318,technical,1052,low,0.9,855.0,855.0,1448.913693,aircraft_fuel,DGAA,3403,61,asphalt,RNAV,0,0,none,1,basic,1,0,1,1,1,1,0,open,none,safe,civil,0,885.723336,1085,extended,3.0,0
S00271,DNAA,9.194787,7.005084,B737-800,narrow_body,2318,technical,1052,low,0.9,855.0,855.0,1448.913693,aircraft_fuel,DNKN,3200,46,asphalt,RNAV,0,0,none,1,basic,1,0,1,0,0,1,1,open,none,safe,joint,0,358.050716,882,preferred,4.0,0
S00272,LEMD,40.591893,-3.167666,A320,narrow_body,2337,technical,1082,low,0.9,855.0,855.0,1437.58455,aircraft_fuel,LEMD,4350,60,asphalt,ILS,1,1,advanced,1,major,1,1,1,1,1,1,1,open,none,safe,civil,1,35.898188,2013,preferred,1.0,1
S00272,LEMD,40.591893,-3.167666,A320,narrow_body,2337,technical,1082,low,0.9,855.0,855.0,1437.58455,aircraft_fuel,LFPG,4215,45,asphalt,ILS,1,1,advanced,1,major,1,1,1,1,1,1,1,open,none,safe,civil,1,1038.385249,1878,extended,2.0,0
S00272,LEMD,40.591893,-3.167666,A320,narrow_body,2337,technical,1082,low,0.9,855.0,855.0,1437.58455,aircraft_fuel,LPPT,3707,45,asphalt,ILS,1,1,advanced,1,major,1,1,1,1,1,1,1,open,none,safe,civil,0,548.806157,1370,preferred,3.0,0
S00272,LEMD,40.591893,-3.167666,A320,narrow_body,2337,technical,1082,low,0.9,855.0,855.0,1437.58455,aircraft_fuel,EDDF,4000,60,asphalt,ILS,1,1,advanced,1,major,1,1,1,0,1,1,1,open,none,safe,civil,1,1390.058431,1663,extended,4.0,0
S00272,LEMD,40.591893,-3.167666,A320,narrow_body,2337,technical,1082,low,0.9,855.0,855.0,1437.58455,aircraft_fuel,LIRF,3902,60,asphalt,ILS,1,1,basic,1,major,1,1,1,1,1,1,1,open,none,safe,civil,1,1295.379204,1565,extended,5.0,0
S00272,LEMD,40.591893,-3.167666,A320,narrow_body,2337,technical,1082,low,0.9,855.0,855.0,1437.58455,aircraft_fuel,EGLL,3901,50,asphalt,ILS,1,1,advanced,1,major,1,1,1,1,1,1,1,open,none,safe,civil,1,1227.373497,1564,extended,6.0,0
S00272,LEMD,40.591893,-3.167666,A320,narrow_body,2337,technical,1082,low,0.9,855.0,855.0,1437.58455,aircraft_fuel,DAAG,3500,60,asphalt,RNAV,0,1,basic,1,basic,1,1,1,1,1,1,0,open,none,safe,civil,0,703.302827,1163,preferred,7.0,0
S00272,LEMD,40.591893,-3.167666,A320,narrow_body,2337,technical,1082,low,0.9,855.0,855.0,1437.58455,aircraft_fuel,EHAM,3800,60,asphalt,ILS,1,1,advanced,1,major,1,1,1,1,1,1,1,open,none,safe,civil,1,1435.528555,1463,extended,8.0,0
S00272,LEMD,40.591893,-3.167666,A320,narrow_body,2337,technical,1082,low,0.9,855.0,855.0,1437.58455,aircraft_fuel,GMMN,3720,45,asphalt,ILS,1,1,advanced,1,major,1,1,1,1,1,1,1,open,none,safe,civil,0,893.894091,1383,extended,9.0,0
S00272,LEMD,40.591893,-3.167666,A320,narrow_body,2337,technical,1082,low,0.9,855.0,855.0,1437.58455,aircraft_fuel,EGKK,3317,45,asphalt,ILS,1,1,advanced,1,major,1,1,1,1,1,1,1,open,none,safe,civil,1,1196.088987,980,extended,10.0,0
S00272,LEMD,40.591893,-3.167666,A320,narrow_body,2337,technical,1082,low,0.9,855.0,855.0,1437.58455,aircraft_fuel,DTTA,3200,45,asphalt,RNAV,0,1,basic,1,basic,1,0,1,1,1,1,1,open,none,safe,civil,0,1232.715009,863,extended,11.0,0
S00272,LEMD,40.591893,-3.167666,A320,narrow_body,2337,technical,1082,low,0.9,855.0,855.0,1437.58455,aircraft_fuel,EGCC,3048,46,asphalt,ILS,1,1,advanced,1,major,1,1,1,1,1,1,1,open,none,safe,civil,1,1420.638877,711,extended,12.0,0
S00273,OPKC,24.234721,67.389638,A319,narrow_body,2125,fuel,838,critical,0.75,675.0,675.0,1051.127949,aircraft_fuel,OOMS,4080,45,asphalt,ILS,1,1,advanced,1,major,1,1,1,1,1,1,1,open,none,safe,civil,0,927.946973,1955,extended,1.0,1
S00273,OPKC,24.234721,67.389638,A319,narrow_body,2125,fuel,838,critical,0.75,675.0,675.0,1051.127949,aircraft_fuel,VABB,3509,60,asphalt,ILS,1,1,advanced,1,major,1,1,1,1,1,1,1,open,none,safe,civil,1,804.726596,1384,extended,2.0,0
S00273,OPKC,24.234721,67.389638,A319,narrow_body,2125,fuel,838,critical,0.75,675.0,675.0,1051.127949,aircraft_fuel,OPKC,3400,46,concrete,RNAV,0,1,basic,1,basic,1,1,1,1,1,1,1,open,none,caution,civil,0,78.200939,1275,preferred,3.0,0
S00274,WIMM,3.191042,99.291536,A330-300,wide_body,2872,mechanical,873,normal,1.0,1300.0,873.0,1501.343735,emergency,WMKK,4124,60,asphalt,ILS,1,1,advanced,1,major,1,1,1,1,1,1,1,open,none,safe,civil,0,273.089023,1252,preferred,1.0,1
S00274,WIMM,3.191042,99.291536,A330-300,wide_body,2872,mechanical,873,normal,1.0,1300.0,873.0,1501.343735,emergency,WSSS,4000,60,asphalt,ILS,1,1,advanced,1,major,1,1,1,1,1,1,1,open,none,safe,civil,1,561.124605,1128,preferred,2.0,0
S00274,WIMM,3.191042,99.291536,A330-300,wide_body,2872,mechanical,873,normal,1.0,1300.0,873.0,1501.343735,emergency,VTBS,4000,60,asphalt,ILS,1,1,advanced,1,major,1,1,1,1,1,1,1,open,none,safe,civil,0,1177.343342,1128,extended,3.0,0
S00274,WIMM,3.191042,99.291536,A330-300,wide_body,2872,mechanical,873,normal,1.0,1300.0,873.0,1501.343735,emergency,WIMM,3000,60,asphalt,RNAV,1,1,basic,1,basic,1,0,1,1,0,1,1,open,none,safe,civil,0,67.406714,128,preferred,4.0,0
S00275,ENGM,60.220779,11.467392,B787-9,wide_body,2971,fuel,494,normal,1.0,1400.0,494.0,902.765512,emergency,ENGM,3600,45,asphalt,ILS,1,1,advanced,1,major,1,1,1,1,1,1,1,open,none,safe,civil,0,20.494861,629,preferred,1.0,1
S00275,ENGM,60.220779,11.467392,B787-9,wide_body,2971,fuel,494,normal,1.0,1400.0,494.0,902.765512,emergency,ESSA,3301,45,asphalt,ILS,1,1,advanced,1,major,1,1,1,1,1,1,1,open,none,safe,civil,0,365.375567,330,preferred,2.0,0
S00275,ENGM,60.220779,11.467392,B787-9,wide_body,2971,fuel,494,normal,1.0,1400.0,494.0,902.765512,emergency,EFHK,3440,60,asphalt,ILS,1,1,advanced,1,major,1,1,1,1,1,1,1,open,none,safe,civil,0,742.997505,469,extended,3.0,0
S00276,KJFK,40.220786,-73.536716,A319,narrow_body,2011,weather,835,low,0.9,810.0,810.0,1344.879056,aircraft_fuel,KJFK,4423,61,asphalt,ILS,1,1,advanced,1,major,1,1,1,1,1,1,1,open,none,safe,civil,1,50.880463,2412,preferred,1.0,1
S00276,KJFK,40.220786,-73.536716,A319,narrow_body,2011,weather,835,low,0.9,810.0,810.0,1344.879056,aircraft_fuel,KORD,3962,46,concrete,ILS,1,1,advanced,1,major,1,1,1,1,1,1,1,open,none,safe,civil,0,1218.202375,1951,extended,2.0,0
S00276,KJFK,40.220786,-73.536716,A319,narrow_body,2011,weather,835,low,0.9,810.0,810.0,1344.879056,aircraft_fuel,KATL,3776,46,concrete,ILS,1,1,advanced,1,major,1,1,1,1,1,1,1,open,none,safe,civil,0,1212.19752,1765,extended,3.0,0
S00276,KJFK,40.220786,-73.536716,A319,narrow_body,2011,weather,835,low,0.9,810.0,810.0,1344.879056,aircraft_fuel,CYYZ,3389,61,asphalt,ILS,1,1,advanced,1,major,1,1,1,1,1,1,1,open,none,safe,civil,1,633.3427,1378,preferred,4.0,0
S00277,RPLL,13.910136,120.630607,A319,narrow_body,2103,technical,422,normal,1.0,900.0,422.0,653.467297,emergency,RPLL,3737,60,concrete,ILS,1,1,basic,1,basic,1,1,1,1,1,1,1,open,none,caution,civil,0,78.677482,1634,preferred,1.0,1
S00278,OKKK,29.392269,48.030035,A319,narrow_body,2159,weather,525,normal,1.0,900.0,525.0,806.930566,emergency,OKKK,4580,60,asphalt,ILS,1,1,advanced,1,major,1,1,1,1,1,1,1,open,none,safe,civil,0,19.548959,2421,preferred,1.0,1
S00278,OKKK,29.392269,48.030035,A319,narrow_body,2159,weather,525,normal,1.0,900.0,525.0,806.930566,emergency,OTHH,4850,60,asphalt,ILS,1,1,advanced,1,major,1,1,1,1,1,1,1,open,none,safe,civil,0,578.455139,2691,extended,2.0,0
S00278,OKKK,29.392269,48.030035,A319,narrow_body,2159,weather,525,normal,1.0,900.0,525.0,806.930566,emergency,OERK,4205,60,asphalt,ILS,1,1,advanced,1,major,1,1,1,1,1,1,1,open,none,safe,civil,0,510.378205,2046,preferred,3.0,0
S00278,OKKK,29.392269,48.030035,A319,narrow_body,2159,weather,525,normal,1.0,900.0,525.0,806.930566,emergency,OBBI,3956,60,asphalt,ILS,1,1,advanced,1,major,1,1,1,1,1,1,1,open,none,safe,civil,0,431.810178,1797,preferred,4.0,0
S00279,KORD,41.924081,-88.132919,A321,narrow_body,2302,mechanical,571,critical,0.75,750.0,571.0,915.008293,emergency,KORD,3962,46,concrete,ILS,1,1,advanced,1,major,1,1,1,1,1,1,1,open,none,safe,civil,0,19.8149,1660,preferred,1.0,1
S00279,KORD,41.924081,-88.132919,A321,narrow_body,2302,mechanical,571,critical,0.75,750.0,571.0,915.008293,emergency,CYYZ,3389,61,asphalt,ILS,1,1,advanced,1,major,1,1,1,1,1,1,1,open,none,safe,civil,1,720.227565,1087,extended,2.0,0
S00280,ULLI,59.879813,30.774498,B737 MAX 8,narrow_body,2348,medical,1002,low,0.9,900.0,900.0,1570.448104,aircraft_fuel,ULLI,3780,60,concrete,ILS,1,1,advanced,1,major,1,1,1,1,1,1,1,open,none,caution,civil,0,29.938438,1432,preferred,1.0,1
S00280,ULLI,59.879813,30.774498,B737 MAX 8,narrow_body,2348,medical,1002,low,0.9,900.0,900.0,1570.448104,aircraft_fuel,EFHK,3440,60,asphalt,ILS,1,1,advanced,1,major,1,1,1,1,1,1,1,open,none,safe,civil,0,325.677154,1092,preferred,2.0,0
S00280,ULLI,59.879813,30.774498,B737 MAX 8,narrow_body,2348,medical,1002,low,0.9,900.0,900.0,1570.448104,aircraft_fuel,UUEE,3700,60,concrete,ILS,1,1,advanced,1,major,1,1,1,1,1,1,1,open,none,caution,civil,0,584.169141,1352,preferred,3.0,0
S00280,ULLI,59.879813,30.774498,B737 MAX 8,narrow_body,2348,medical,1002,low,0.9,900.0,900.0,1570.448104,aircraft_fuel,ESSA,3301,45,asphalt,ILS,1,1,advanced,1,major,1,1,1,1,1,1,1,open,none,safe,civil,0,718.602831,953,preferred,4.0,0
S00280,ULLI,59.879813,30.774498,B737 MAX 8,narrow_body,2348,medical,1002,low,0.9,900.0,900.0,1570.448104,aircraft_fuel,ENGM,3600,45,asphalt,ILS,1,1,advanced,1,major,1,1,1,1,1,1,1,open,none,safe,civil,0,1089.121181,1252,extended,5.0,0
S00281,OMAA,24.341038,54.594093,A321,narrow_body,2423,operational_constraints,819,normal,1.0,1000.0,819.0,1325.736979,emergency,OTHH,4850,60,asphalt,ILS,1,1,advanced,1,major,1,1,1,1,1,1,1,open,none,safe,civil,0,318.703472,2427,preferred,1.0,1
S00281,OMAA,24.341038,54.594093,A321,narrow_body,2423,operational_constraints,819,normal,1.0,1000.0,819.0,1325.736979,emergency,OMDB,4447,60,asphalt,ILS,1,1,advanced,1,major,1,1,1,1,1,1,1,open,none,safe,civil,1,127.909361,2024,preferred,2.0,0
S00281,OMAA,24.341038,54.594093,A321,narrow_body,2423,operational_constraints,819,normal,1.0,1000.0,819.0,1325.736979,emergency,OMAA,4106,60,asphalt,ILS,1,1,advanced,1,major,1,1,1,1,1,1,1,open,none,safe,civil,0,12.435891,1683,preferred,3.0,0
S00281,OMAA,24.341038,54.594093,A321,narrow_body,2423,operational_constraints,819,normal,1.0,1000.0,819.0,1325.736979,emergency,OERK,4205,60,asphalt,ILS,1,1,advanced,1,major,1,1,1,1,1,1,1,open,none,safe,civil,0,800.742715,1782,preferred,4.0,0
S00281,OMAA,24.341038,54.594093,A321,narrow_body,2423,operational_constraints,819,normal,1.0,1000.0,819.0,1325.736979,emergency,OKKK,4580,60,asphalt,ILS,1,1,advanced,1,major,1,1,1,1,1,1,1,open,none,safe,civil,0,852.466178,2157,extended,5.0,0
S00281,OMAA,24.341038,54.594093,A321,narrow_body,2423,operational_constraints,819,normal,1.0,1000.0,819.0,1325.736979,emergency,OOMS,4080,45,asphalt,ILS,1,1,advanced,1,major,1,1,1,1,1,1,1,open,none,safe,civil,0,383.966612,1657,preferred,6.0,0
S00281,OMAA,24.341038,54.594093,A321,narrow_body,2423,operational_constraints,819,normal,1.0,1000.0,819.0,1325.736979,emergency,OBBI,3956,60,asphalt,ILS,1,1,advanced,1,major,1,1,1,1,1,1,1,open,none,safe,civil,0,451.69355,1533,preferred,7.0,0
S00281,OMAA,24.341038,54.594093,A321,narrow_body,2423,operational_constraints,819,normal,1.0,1000.0,819.0,1325.736979,emergency,OPKC,3400,46,concrete,RNAV,0,1,basic,1,basic,1,1,1,1,1,1,1,open,none,caution,civil,0,1271.386621,977,extended,8.0,0
S00282,ULLI,60.136231,28.603472,E175,regional_jet,1864,fuel,572,normal,1.0,750.0,572.0,882.051355,emergency,EFHK,3440,60,asphalt,ILS,1,1,advanced,1,major,1,1,1,1,1,1,1,open,none,safe,civil,0,201.981407,1576,preferred,1.0,1
S00282,ULLI,60.136231,28.603472,E175,regional_jet,1864,fuel,572,normal,1.0,750.0,572.0,882.051355,emergency,ULLI,3780,60,concrete,ILS,1,1,advanced,1,major,1,1,1,1,1,1,1,open,none,caution,civil,0,99.592926,1916,preferred,2.0,0
S00282,ULLI,60.136231,28.603472,E175,regional_jet,1864,fuel,572,normal,1.0,750.0,572.0,882.051355,emergency,UUEE,3700,60,concrete,ILS,1,1,advanced,1,major,1,1,1,1,1,1,1,open,none,caution,civil,0,693.54131,1836,extended,3.0,0
S00282,ULLI,60.136231,28.603472,E175,regional_jet,1864,fuel,572,normal,1.0,750.0,572.0,882.051355,emergency,ESSA,3301,45,asphalt,ILS,1,1,advanced,1,major,1,1,1,1,1,1,1,open,none,safe,civil,0,597.218204,1437,extended,4.0,0
S00283,EIDW,53.599473,-6.486973,A330-300,wide_body,2874,technical,794,normal,1.0,1300.0,794.0,1534.469063,emergency,LEMD,4350,60,asphalt,ILS,1,1,advanced,1,major,1,1,1,1,1,1,1,open,none,safe,civil,1,1473.641712,1476,extended,1.0,1
S00283,EIDW,53.599473,-6.486973,A330-300,wide_body,2874,technical,794,normal,1.0,1300.0,794.0,1534.469063,emergency,EGLL,3901,50,asphalt,ILS,1,1,advanced,1,major,1,1,1,1,1,1,1,open,none,safe,civil,1,471.164875,1027,preferred,2.0,0
S00283,EIDW,53.599473,-6.486973,A330-300,wide_body,2874,technical,794,normal,1.0,1300.0,794.0,1534.469063,emergency,LFPG,4215,45,asphalt,ILS,1,1,advanced,1,major,1,1,1,1,1,1,1,open,none,safe,civil,1,808.62912,1341,extended,3.0,0
S00283,EIDW,53.599473,-6.486973,A330-300,wide_body,2874,technical,794,normal,1.0,1300.0,794.0,1534.469063,emergency,EHAM,3800,60,asphalt,ILS,1,1,advanced,1,major,1,1,1,1,1,1,1,open,none,safe,civil,1,766.384976,926,preferred,4.0,0
S00283,EIDW,53.599473,-6.486973,A330-300,wide_body,2874,technical,794,normal,1.0,1300.0,794.0,1534.469063,emergency,EDDF,4000,60,asphalt,ILS,1,1,advanced,1,major,1,1,1,0,1,1,1,open,none,safe,civil,1,1105.315817,1126,extended,5.0,0
S00283,EIDW,53.599473,-6.486973,A330-300,wide_body,2874,technical,794,normal,1.0,1300.0,794.0,1534.469063,emergency,EGKK,3317,45,asphalt,ILS,1,1,advanced,1,major,1,1,1,1,1,1,1,open,none,safe,civil,1,506.906017,443,preferred,6.0,0
S00283,EIDW,53.599473,-6.486973,A330-300,wide_body,2874,technical,794,normal,1.0,1300.0,794.0,1534.469063,emergency,ENGM,3600,45,asphalt,ILS,1,1,advanced,1,major,1,1,1,1,1,1,1,open,none,safe,civil,0,1289.199251,726,extended,7.0,0
S00283,EIDW,53.599473,-6.486973,A330-300,wide_body,2874,technical,794,normal,1.0,1300.0,794.0,1534.469063,emergency,EIDW,3110,45,concrete,ILS,1,1,advanced,1,major,1,1,1,1,1,1,1,open,none,safe,civil,0,24.115529,236,preferred,8.0,0
S00283,EIDW,53.599473,-6.486973,A330-300,wide_body,2874,technical,794,normal,1.0,1300.0,794.0,1534.469063,emergency,EGCC,3048,46,asphalt,ILS,1,1,advanced,1,major,1,1,1,1,1,1,1,open,none,safe,civil,1,280.036351,174,preferred,9.0,0
S00283,EIDW,53.599473,-6.486973,A330-300,wide_body,2874,technical,794,normal,1.0,1300.0,794.0,1534.469063,emergency,BIKF,3065,60,asphalt,RNAV,0,1,basic,1,basic,1,0,1,1,1,1,1,open,none,safe,joint,0,1473.169499,191,extended,10.0,0
S00284,EHAM,51.811765,3.685333,A319,narrow_body,2102,technical,906,critical,0.75,675.0,675.0,1136.789413,aircraft_fuel,LFPG,4215,45,asphalt,ILS,1,1,advanced,1,major,1,1,1,1,1,1,1,open,none,safe,civil,1,321.790774,2113,preferred,1.0,1
S00284,EHAM,51.811765,3.685333,A319,narrow_body,2102,technical,906,critical,0.75,675.0,675.0,1136.789413,aircraft_fuel,EDDF,4000,60,asphalt,ILS,1,1,advanced,1,major,1,1,1,0,1,1,1,open,none,safe,civil,1,394.954995,1898,preferred,2.0,0
S00284,EHAM,51.811765,3.685333,A319,narrow_body,2102,technical,906,critical,0.75,675.0,675.0,1136.789413,aircraft_fuel,EGLL,3901,50,asphalt,ILS,1,1,advanced,1,major,1,1,1,1,1,1,1,open,none,safe,civil,1,288.507363,1799,preferred,3.0,0
S00284,EHAM,51.811765,3.685333,A319,narrow_body,2102,technical,906,critical,0.75,675.0,675.0,1136.789413,aircraft_fuel,EHAM,3800,60,asphalt,ILS,1,1,advanced,1,major,1,1,1,1,1,1,1,open,none,safe,civil,1,92.135367,1698,preferred,4.0,0
S00284,EHAM,51.811765,3.685333,A319,narrow_body,2102,technical,906,critical,0.75,675.0,675.0,1136.789413,aircraft_fuel,EGKK,3317,45,asphalt,ILS,1,1,advanced,1,major,1,1,1,1,1,1,1,open,none,safe,civil,1,277.988092,1215,preferred,5.0,0
S00284,EHAM,51.811765,3.685333,A319,narrow_body,2102,technical,906,critical,0.75,675.0,675.0,1136.789413,aircraft_fuel,ENGM,3600,45,asphalt,ILS,1,1,advanced,1,major,1,1,1,1,1,1,1,open,none,safe,civil,0,1038.355513,1498,extended,6.0,0
S00284,EHAM,51.811765,3.685333,A319,narrow_body,2102,technical,906,critical,0.75,675.0,675.0,1136.789413,aircraft_fuel,EGCC,3048,46,asphalt,ILS,1,1,advanced,1,major,1,1,1,1,1,1,1,open,none,safe,civil,1,437.507547,946,preferred,7.0,0
S00284,EHAM,51.811765,3.685333,A319,narrow_body,2102,technical,906,critical,0.75,675.0,675.0,1136.789413,aircraft_fuel,EIDW,3110,45,concrete,ILS,1,1,advanced,1,major,1,1,1,1,1,1,1,open,none,safe,civil,0,694.518389,1008,extended,8.0,0
S00285,EGKK,50.7756,0.536126,A380-800,very_large,3702,fuel,869,critical,0.75,1200.0,869.0,1417.065582,emergency,LFPG,4215,45,asphalt,ILS,1,1,advanced,1,major,1,1,1,1,1,1,1,open,none,safe,civil,1,243.87783,513,preferred,1.0,1
S00285,EGKK,50.7756,0.536126,A380-800,very_large,3702,fuel,869,critical,0.75,1200.0,869.0,1417.065582,emergency,EDDF,4000,60,asphalt,ILS,1,1,advanced,1,major,1,1,1,0,1,1,1,open,none,safe,civil,1,574.358891,298,preferred,2.0,0
S00285,EGKK,50.7756,0.536126,A380-800,very_large,3702,fuel,869,critical,0.75,1200.0,869.0,1417.065582,emergency,LEMD,4350,60,asphalt,ILS,1,1,advanced,1,major,1,1,1,1,1,1,1,open,none,safe,civil,1,1186.624205,648,extended,3.0,0
S00285,EGKK,50.7756,0.536126,A380-800,very_large,3702,fuel,869,critical,0.75,1200.0,869.0,1417.065582,emergency,EGLL,3901,50,asphalt,ILS,1,1,advanced,1,major,1,1,1,1,1,1,1,open,none,safe,civil,1,103.955208,199,preferred,4.0,0
S00285,EGKK,50.7756,0.536126,A380-800,very_large,3702,fuel,869,critical,0.75,1200.0,869.0,1417.065582,emergency,EHAM,3800,60,asphalt,ILS,1,1,advanced,1,major,1,1,1,1,1,1,1,open,none,safe,civil,1,338.36175,98,preferred,5.0,0
S00285,EGKK,50.7756,0.536126,A380-800,very_large,3702,fuel,869,critical,0.75,1200.0,869.0,1417.065582,emergency,LIRF,3902,60,asphalt,ILS,1,1,basic,1,major,1,1,1,1,1,1,1,open,none,safe,civil,1,1340.476602,200,extended,6.0,0
S00286,KATL,33.042242,-84.539576,A320,narrow_body,2352,mechanical,797,normal,1.0,950.0,797.0,1397.637327,emergency,KJFK,4423,61,asphalt,ILS,1,1,advanced,1,major,1,1,1,1,1,1,1,open,none,safe,civil,1,1275.132954,2071,extended,1.0,1
S00286,KATL,33.042242,-84.539576,A320,narrow_body,2352,mechanical,797,normal,1.0,950.0,797.0,1397.637327,emergency,KATL,3776,46,concrete,ILS,1,1,advanced,1,major,1,1,1,1,1,1,1,open,none,safe,civil,0,66.906942,1424,preferred,2.0,0
S00286,KATL,33.042242,-84.539576,A320,narrow_body,2352,mechanical,797,normal,1.0,950.0,797.0,1397.637327,emergency,KORD,3962,46,concrete,ILS,1,1,advanced,1,major,1,1,1,1,1,1,1,open,none,safe,civil,0,1036.820992,1610,extended,3.0,0
S00286,KATL,33.042242,-84.539576,A320,narrow_body,2352,mechanical,797,normal,1.0,950.0,797.0,1397.637327,emergency,CYYZ,3389,61,asphalt,ILS,1,1,advanced,1,major,1,1,1,1,1,1,1,open,none,safe,civil,1,1256.91323,1037,extended,4.0,0
S00287,VABB,18.982542,73.031313,A380-800,very_large,3593,security,1229,low,0.9,1440.0,1229.0,2295.649803,emergency,VIDP,4430,60,asphalt,ILS,1,1,advanced,1,major,1,1,1,1,1,1,1,open,none,safe,civil,1,1141.708843,837,preferred,1.0,1
S00287,VABB,18.982542,73.031313,A380-800,very_large,3593,security,1229,low,0.9,1440.0,1229.0,2295.649803,emergency,OMDB,4447,60,asphalt,ILS,1,1,advanced,1,major,1,1,1,1,1,1,1,open,none,safe,civil,1,1945.927661,854,extended,2.0,0
S00287,VABB,18.982542,73.031313,A380-800,very_large,3593,security,1229,low,0.9,1440.0,1229.0,2295.649803,emergency,OMAA,4106,60,asphalt,ILS,1,1,advanced,1,major,1,1,1,1,1,1,1,open,none,safe,civil,0,1991.53977,513,extended,3.0,0
S00287,VABB,18.982542,73.031313,A380-800,very_large,3593,security,1229,low,0.9,1440.0,1229.0,2295.649803,emergency,OOMS,4080,45,asphalt,ILS,1,1,advanced,1,major,1,1,1,1,1,1,1,open,none,safe,civil,0,1610.644183,487,extended,4.0,0
S00288,DNKN,11.119409,8.574304,B767-300ER,wide_body,2940,weather,757,critical,0.75,937.5,757.0,1183.972703,emergency,DNAA,3609,60,asphalt,RNAV,0,0,none,1,basic,1,0,1,1,1,1,1,open,none,safe,joint,0,275.2953,669,preferred,1.0,1
S00288,DNKN,11.119409,8.574304,B767-300ER,wide_body,2940,weather,757,critical,0.75,937.5,757.0,1183.972703,emergency,DNMM,3900,60,asphalt,ILS,1,1,advanced,1,major,1,1,1,1,1,1,1,open,none,caution,civil,0,766.818819,960,extended,2.0,0
S00288,DNKN,11.119409,8.574304,B767-300ER,wide_body,2940,weather,757,critical,0.75,937.5,757.0,1183.972703,emergency,DGAA,3403,61,asphalt,RNAV,0,0,none,1,basic,1,0,1,1,1,1,0,open,none,safe,civil,0,1140.128406,463,extended,3.0,0
S00288,DNKN,11.119409,8.574304,B767-300ER,wide_body,2940,weather,757,critical,0.75,937.5,757.0,1183.972703,emergency,DNKN,3200,46,asphalt,RNAV,0,0,none,1,basic,1,0,1,0,0,1,1,open,none,safe,joint,0,103.351928,260,preferred,4.0,0
S00289,EGLL,50.53527,0.037237,A321,narrow_body,2403,security,1026,low,0.9,900.0,900.0,1496.098268,aircraft_fuel,LFPG,4215,45,asphalt,ILS,1,1,advanced,1,major,1,1,1,1,1,1,1,open,none,safe,civil,1,247.910629,1812,preferred,1.0,1
S00289,EGLL,50.53527,0.037237,A321,narrow_body,2403,security,1026,low,0.9,900.0,900.0,1496.098268,aircraft_fuel,EDDF,4000,60,asphalt,ILS,1,1,advanced,1,major,1,1,1,0,1,1,1,open,none,safe,civil,1,607.772791,1597,preferred,2.0,0
S00289,EGLL,50.53527,0.037237,A321,narrow_body,2403,security,1026,low,0.9,900.0,900.0,1496.098268,aircraft_fuel,LEMD,4350,60,asphalt,ILS,1,1,advanced,1,major,1,1,1,1,1,1,1,open,none,safe,civil,1,1151.11052,1947,extended,3.0,0
S00289,EGLL,50.53527,0.037237,A321,narrow_body,2403,security,1026,low,0.9,900.0,900.0,1496.098268,aircraft_fuel,EGLL,3901,50,asphalt,ILS,1,1,advanced,1,major,1,1,1,1,1,1,1,open,none,safe,civil,1,109.682275,1498,preferred,4.0,0
S00289,EGLL,50.53527,0.037237,A321,narrow_body,2403,security,1026,low,0.9,900.0,900.0,1496.098268,aircraft_fuel,EHAM,3800,60,asphalt,ILS,1,1,advanced,1,major,1,1,1,1,1,1,1,open,none,safe,civil,1,382.374401,1397,preferred,5.0,0
S00289,EGLL,50.53527,0.037237,A321,narrow_body,2403,security,1026,low,0.9,900.0,900.0,1496.098268,aircraft_fuel,LIRF,3902,60,asphalt,ILS,1,1,basic,1,major,1,1,1,1,1,1,1,open,none,safe,civil,1,1348.392966,1499,extended,6.0,0
S00289,EGLL,50.53527,0.037237,A321,narrow_body,2403,security,1026,low,0.9,900.0,900.0,1496.098268,aircraft_fuel,EGKK,3317,45,asphalt,ILS,1,1,advanced,1,major,1,1,1,1,1,1,1,open,none,safe,civil,1,69.988715,914,preferred,7.0,0
S00289,EGLL,50.53527,0.037237,A321,narrow_body,2403,security,1026,low,0.9,900.0,900.0,1496.098268,aircraft_fuel,LPPT,3707,45,asphalt,ILS,1,1,advanced,1,major,1,1,1,1,1,1,1,open,none,safe,civil,0,1492.242012,1304,extended,8.0,0
S00289,EGLL,50.53527,0.037237,A321,narrow_body,2403,security,1026,low,0.9,900.0,900.0,1496.098268,aircraft_fuel,ENGM,3600,45,asphalt,ILS,1,1,advanced,1,major,1,1,1,1,1,1,1,open,none,safe,civil,0,1277.818914,1197,extended,9.0,0
S00289,EGLL,50.53527,0.037237,A321,narrow_body,2403,security,1026,low,0.9,900.0,900.0,1496.098268,aircraft_fuel,EIDW,3110,45,concrete,ILS,1,1,advanced,1,major,1,1,1,1,1,1,1,open,none,safe,civil,0,537.852476,707,preferred,10.0,0
S00289,EGLL,50.53527,0.037237,A321,narrow_body,2403,security,1026,low,0.9,900.0,900.0,1496.098268,aircraft_fuel,EGCC,3048,46,asphalt,ILS,1,1,advanced,1,major,1,1,1,1,1,1,1,open,none,safe,civil,1,351.148262,645,preferred,11.0,0
S00290,KORD,42.125378,-88.653406,B787-9,wide_body,2803,security,616,critical,0.75,1050.0,616.0,1138.032729,emergency,KORD,3962,46,concrete,ILS,1,1,advanced,1,major,1,1,1,1,1,1,1,open,none,safe,civil,0,63.927933,1159,preferred,1.0,1
S00290,KORD,42.125378,-88.653406,B787-9,wide_body,2803,security,616,critical,0.75,1050.0,616.0,1138.032729,emergency,KATL,3776,46,concrete,ILS,1,1,advanced,1,major,1,1,1,1,1,1,1,open,none,safe,civil,0,1013.768999,973,extended,2.0,0
S00290,KORD,42.125378,-88.653406,B787-9,wide_body,2803,security,616,critical,0.75,1050.0,616.0,1138.032729,emergency,CYYZ,3389,61,asphalt,ILS,1,1,advanced,1,major,1,1,1,1,1,1,1,open,none,safe,civil,1,754.570068,586,extended,3.0,0
S00291,ULLI,59.336386,31.836782,A321,narrow_body,2427,weather,1107,normal,1.0,1000.0,1000.0,1758.761942,aircraft_fuel,EFHK,3440,60,asphalt,ILS,1,1,advanced,1,major,1,1,1,1,1,1,1,open,none,safe,civil,0,399.145349,1013,preferred,1.0,1
S00291,ULLI,59.336386,31.836782,A321,narrow_body,2427,weather,1107,normal,1.0,1000.0,1000.0,1758.761942,aircraft_fuel,ULLI,3780,60,concrete,ILS,1,1,advanced,1,major,1,1,1,1,1,1,1,open,none,caution,civil,0,102.575957,1353,preferred,2.0,0
S00291,ULLI,59.336386,31.836782,A321,narrow_body,2427,weather,1107,normal,1.0,1000.0,1000.0,1758.761942,aircraft_fuel,UUEE,3700,60,concrete,ILS,1,1,advanced,1,major,1,1,1,1,1,1,1,open,none,caution,civil,0,499.186899,1273,preferred,3.0,0
S00291,ULLI,59.336386,31.836782,A321,narrow_body,2427,weather,1107,normal,1.0,1000.0,1000.0,1758.761942,aircraft_fuel,ESSA,3301,45,asphalt,ILS,1,1,advanced,1,major,1,1,1,1,1,1,1,open,none,safe,civil,0,784.407415,874,preferred,4.0,0
S00291,ULLI,59.336386,31.836782,A321,narrow_body,2427,weather,1107,normal,1.0,1000.0,1000.0,1758.761942,aircraft_fuel,ENGM,3600,45,asphalt,ILS,1,1,advanced,1,major,1,1,1,1,1,1,1,open,none,safe,civil,0,1160.144503,1173,extended,5.0,0
S00292,EIDW,52.091258,-6.564632,A330-300,wide_body,3006,medical,354,normal,1.0,1300.0,354.0,632.557745,emergency,EGLL,3901,50,asphalt,ILS,1,1,advanced,1,major,1,1,1,1,1,1,1,open,none,safe,civil,1,425.458645,895,extended,1.0,1
S00292,EIDW,52.091258,-6.564632,A330-300,wide_body,3006,medical,354,normal,1.0,1300.0,354.0,632.557745,emergency,EIDW,3110,45,concrete,ILS,1,1,advanced,1,major,1,1,1,1,1,1,1,open,none,safe,civil,0,150.104486,104,preferred,2.0,0
S00292,EIDW,52.091258,-6.564632,A330-300,wide_body,3006,medical,354,normal,1.0,1300.0,354.0,632.557745,emergency,EGCC,3048,46,asphalt,ILS,1,1,advanced,1,major,1,1,1,1,1,1,1,open,none,safe,civil,1,321.132003,42,preferred,3.0,0
S00292,EIDW,52.091258,-6.564632,A330-300,wide_body,3006,medical,354,normal,1.0,1300.0,354.0,632.557745,emergency,EGKK,3317,45,asphalt,ILS,1,1,advanced,1,major,1,1,1,1,1,1,1,open,none,safe,civil,1,452.521133,311,extended,4.0,0
S00293,SAEZ,-34.757631,-58.180834,A320,narrow_body,2304,fuel,412,low,0.9,855.0,412.0,696.322722,emergency,SAEZ,3300,60,asphalt,ILS,1,1,basic,1,major,1,1,1,1,1,1,1,open,none,safe,civil,0,33.200662,996,preferred,1.0,1
S00294,DNMM,5.781134,3.300048,E175,regional_jet,1872,mechanical,1037,normal,1.0,750.0,750.0,1194.578213,aircraft_fuel,DNMM,3900,60,asphalt,ILS,1,1,advanced,1,major,1,1,1,1,1,1,1,open,none,caution,civil,0,88.568159,2028,preferred,1.0,1
S00294,DNMM,5.781134,3.300048,E175,regional_jet,1872,mechanical,1037,normal,1.0,750.0,750.0,1194.578213,aircraft_fuel,DGAA,3403,61,asphalt,RNAV,0,0,none,1,basic,1,0,1,1,1,1,0,open,none,safe,civil,0,384.09072,1531,preferred,2.0,0
S00294,DNMM,5.781134,3.300048,E175,regional_jet,1872,mechanical,1037,normal,1.0,750.0,750.0,1194.578213,aircraft_fuel,DNAA,3609,60,asphalt,RNAV,0,0,none,1,basic,1,0,1,1,1,1,1,open,none,safe,joint,0,565.310952,1737,preferred,3.0,0
S00294,DNMM,5.781134,3.300048,E175,regional_jet,1872,mechanical,1037,normal,1.0,750.0,750.0,1194.578213,aircraft_fuel,DNKN,3200,46,asphalt,RNAV,0,0,none,1,basic,1,0,1,0,0,1,1,open,none,safe,joint,0,902.532591,1328,extended,4.0,0
S00295,EGLL,51.762431,-0.100489,A321,narrow_body,2430,mechanical,622,normal,1.0,1000.0,622.0,1028.80337,emergency,LFPG,4215,45,asphalt,ILS,1,1,advanced,1,major,1,1,1,1,1,1,1,open,none,safe,civil,1,359.338497,1785,preferred,1.0,1
S00295,EGLL,51.762431,-0.100489,A321,narrow_body,2430,mechanical,622,normal,1.0,1000.0,622.0,1028.80337,emergency,EGLL,3901,50,asphalt,ILS,1,1,advanced,1,major,1,1,1,1,1,1,1,open,none,safe,civil,1,40.838024,1471,preferred,2.0,0
S00295,EGLL,51.762431,-0.100489,A321,narrow_body,2430,mechanical,622,normal,1.0,1000.0,622.0,1028.80337,emergency,EHAM,3800,60,asphalt,ILS,1,1,advanced,1,major,1,1,1,1,1,1,1,open,none,safe,civil,1,338.171872,1370,preferred,3.0,0
S00295,EGLL,51.762431,-0.100489,A321,narrow_body,2430,mechanical,622,normal,1.0,1000.0,622.0,1028.80337,emergency,EDDF,4000,60,asphalt,ILS,1,1,advanced,1,major,1,1,1,0,1,1,1,open,none,safe,civil,1,636.774374,1570,extended,4.0,0
S00295,EGLL,51.762431,-0.100489,A321,narrow_body,2430,mechanical,622,normal,1.0,1000.0,622.0,1028.80337,emergency,EGKK,3317,45,asphalt,ILS,1,1,advanced,1,major,1,1,1,1,1,1,1,open,none,safe,civil,1,68.494037,887,preferred,5.0,0
S00295,EGLL,51.762431,-0.100489,A321,narrow_body,2430,mechanical,622,normal,1.0,1000.0,622.0,1028.80337,emergency,EIDW,3110,45,concrete,ILS,1,1,advanced,1,major,1,1,1,1,1,1,1,open,none,safe,civil,0,455.363391,680,preferred,6.0,0
S00295,EGLL,51.762431,-0.100489,A321,narrow_body,2430,mechanical,622,normal,1.0,1000.0,622.0,1028.80337,emergency,EGCC,3048,46,asphalt,ILS,1,1,advanced,1,major,1,1,1,1,1,1,1,open,none,safe,civil,1,230.017376,618,preferred,7.0,0
S00296,DAAG,36.988695,3.651612,B737-800,narrow_body,2383,mechanical,713,normal,1.0,950.0,713.0,1170.849585,emergency,LEMD,4350,60,asphalt,ILS,1,1,advanced,1,major,1,1,1,1,1,1,1,open,none,safe,civil,1,737.457137,1967,extended,1.0,1
S00296,DAAG,36.988695,3.651612,B737-800,narrow_body,2383,mechanical,713,normal,1.0,950.0,713.0,1170.849585,emergency,DAAG,3500,60,asphalt,RNAV,0,1,basic,1,basic,1,1,1,1,1,1,0,open,none,safe,civil,0,50.867083,1117,preferred,2.0,0
S00296,DAAG,36.988695,3.651612,B737-800,narrow_body,2383,mechanical,713,normal,1.0,950.0,713.0,1170.849585,emergency,LIRF,3902,60,asphalt,ILS,1,1,basic,1,major,1,1,1,1,1,1,1,open,none,safe,civil,1,911.874418,1519,extended,3.0,0
S00296,DAAG,36.988695,3.651612,B737-800,narrow_body,2383,mechanical,713,normal,1.0,950.0,713.0,1170.849585,emergency,GMMN,3720,45,asphalt,ILS,1,1,advanced,1,major,1,1,1,1,1,1,1,open,none,safe,civil,0,1097.291993,1337,extended,4.0,0
S00296,DAAG,36.988695,3.651612,B737-800,narrow_body,2383,mechanical,713,normal,1.0,950.0,713.0,1170.849585,emergency,LPPT,3707,45,asphalt,ILS,1,1,advanced,1,major,1,1,1,1,1,1,1,open,none,safe,civil,0,1138.804551,1324,extended,5.0,0
S00296,DAAG,36.988695,3.651612,B737-800,narrow_body,2383,mechanical,713,normal,1.0,950.0,713.0,1170.849585,emergency,DTTA,3200,45,asphalt,RNAV,0,1,basic,1,basic,1,0,1,1,1,1,1,open,none,safe,civil,0,584.639223,817,preferred,6.0,0
S00297,ULLI,59.660551,30.666192,A220-300,narrow_body,2126,security,1146,normal,1.0,950.0,950.0,1651.321086,aircraft_fuel,ULLI,3780,60,concrete,ILS,1,1,advanced,1,major,1,1,1,1,1,1,1,open,none,caution,civil,0,27.448971,1654,preferred,1.0,1
S00297,ULLI,59.660551,30.666192,A220-300,narrow_body,2126,security,1146,normal,1.0,950.0,950.0,1651.321086,aircraft_fuel,EFHK,3440,60,asphalt,ILS,1,1,advanced,1,major,1,1,1,1,1,1,1,open,none,safe,civil,0,325.377677,1314,preferred,2.0,0
S00297,ULLI,59.660551,30.666192,A220-300,narrow_body,2126,security,1146,normal,1.0,950.0,950.0,1651.321086,aircraft_fuel,UUEE,3700,60,concrete,ILS,1,1,advanced,1,major,1,1,1,1,1,1,1,open,none,caution,civil,0,571.612394,1574,preferred,3.0,0
S00297,ULLI,59.660551,30.666192,A220-300,narrow_body,2126,security,1146,normal,1.0,950.0,950.0,1651.321086,aircraft_fuel,ESSA,3301,45,asphalt,ILS,1,1,advanced,1,major,1,1,1,1,1,1,1,open,none,safe,civil,0,714.451104,1175,preferred,4.0,0
S00297,ULLI,59.660551,30.666192,A220-300,narrow_body,2126,security,1146,normal,1.0,950.0,950.0,1651.321086,aircraft_fuel,ENGM,3600,45,asphalt,ILS,1,1,advanced,1,major,1,1,1,1,1,1,1,open,none,safe,civil,0,1087.80509,1474,extended,5.0,0
S00298,FAOR,-26.838333,26.711119,A321,narrow_body,2494,medical,722,normal,1.0,1000.0,722.0,1204.926655,emergency,FAOR,4418,61,asphalt,ILS,1,1,advanced,1,major,1,1,1,1,1,1,1,open,none,safe,civil,0,171.422149,1924,preferred,1.0,1
S00298,FAOR,-26.838333,26.711119,A321,narrow_body,2494,medical,722,normal,1.0,1000.0,722.0,1204.926655,emergency,FACT,3201,61,asphalt,RNAV,0,1,basic,1,basic,1,0,1,1,1,1,1,open,none,safe,civil,0,1110.021182,707,extended,2.0,0
S00299,LTAC,40.375142,33.515212,B767-300ER,wide_body,3057,weather,535,critical,0.75,937.5,535.0,842.041293,emergency,LTFM,4100,60,asphalt,ILS,1,1,advanced,1,major,1,1,1,1,1,1,0,open,none,safe,civil,0,414.646053,1043,preferred,1.0,1
S00299,LTAC,40.375142,33.515212,B767-300ER,wide_body,3057,weather,535,critical,0.75,937.5,535.0,842.041293,emergency,LTAC,3750,45,asphalt,ILS,1,1,advanced,1,major,1,1,1,1,1,1,1,open,none,safe,joint,0,51.989306,693,preferred,2.0,0
S00300,EGKK,51.41098,-0.665365,B737 MAX 8,narrow_body,2308,technical,839,normal,1.0,1000.0,839.0,1403.111006,emergency,LFPG,4215,45,asphalt,ILS,1,1,advanced,1,major,1,1,1,1,1,1,1,open,none,safe,civil,1,351.821548,1907,preferred,1.0,1
S00300,EGKK,51.41098,-0.665365,B737 MAX 8,narrow_body,2308,technical,839,normal,1.0,1000.0,839.0,1403.111006,emergency,EDDF,4000,60,asphalt,ILS,1,1,advanced,1,major,1,1,1,0,1,1,1,open,none,safe,civil,1,666.854115,1692,preferred,2.0,0
S00300,EGKK,51.41098,-0.665365,B737 MAX 8,narrow_body,2308,technical,839,normal,1.0,1000.0,839.0,1403.111006,emergency,EGLL,3901,50,asphalt,ILS,1,1,advanced,1,major,1,1,1,1,1,1,1,open,none,safe,civil,1,15.714681,1593,preferred,3.0,0
S00300,EGKK,51.41098,-0.665365,B737 MAX 8,narrow_body,2308,technical,839,normal,1.0,1000.0,839.0,1403.111006,emergency,LEMD,4350,60,asphalt,ILS,1,1,advanced,1,major,1,1,1,1,1,1,1,open,none,safe,civil,1,1234.340924,2042,extended,4.0,0
S00300,EGKK,51.41098,-0.665365,B737 MAX 8,narrow_body,2308,technical,839,normal,1.0,1000.0,839.0,1403.111006,emergency,EHAM,3800,60,asphalt,ILS,1,1,advanced,1,major,1,1,1,1,1,1,1,open,none,safe,civil,1,385.865065,1492,preferred,5.0,0
S00300,EGKK,51.41098,-0.665365,B737 MAX 8,narrow_body,2308,technical,839,normal,1.0,1000.0,839.0,1403.111006,emergency,EGKK,3317,45,asphalt,ILS,1,1,advanced,1,major,1,1,1,1,1,1,1,open,none,safe,civil,1,44.307379,1009,preferred,6.0,0
S00300,EGKK,51.41098,-0.665365,B737 MAX 8,narrow_body,2308,technical,839,normal,1.0,1000.0,839.0,1403.111006,emergency,ENGM,3600,45,asphalt,ILS,1,1,advanced,1,major,1,1,1,1,1,1,1,open,none,safe,civil,0,1218.704306,1292,extended,7.0,0
S00300,EGKK,51.41098,-0.665365,B737 MAX 8,narrow_body,2308,technical,839,normal,1.0,1000.0,839.0,1403.111006,emergency,EIDW,3110,45,concrete,ILS,1,1,advanced,1,major,1,1,1,1,1,1,1,open,none,safe,civil,0,440.712563,802,preferred,8.0,0
S00300,EGKK,51.41098,-0.665365,B737 MAX 8,narrow_body,2308,technical,839,normal,1.0,1000.0,839.0,1403.111006,emergency,EGCC,3048,46,asphalt,ILS,1,1,advanced,1,major,1,1,1,1,1,1,1,open,none,safe,civil,1,242.062678,740,preferred,9.0,0
S00301,ZSPD,29.709866,121.244785,B737-800,narrow_body,2332,fuel,724,low,0.9,855.0,724.0,1096.715556,emergency,ZSPD,4000,60,concrete,ILS,1,1,advanced,1,major,1,1,1,1,1,1,1,open,none,safe,civil,1,168.207557,1668,preferred,1.0,1
S00301,ZSPD,29.709866,121.244785,B737-800,narrow_body,2332,fuel,724,low,0.9,855.0,724.0,1096.715556,emergency,RCTP,3660,60,concrete,ILS,1,1,advanced,1,major,1,1,1,1,1,1,1,open,none,safe,civil,0,515.074671,1328,preferred,2.0,0
S00301,ZSPD,29.709866,121.244785,B737-800,narrow_body,2332,fuel,724,low,0.9,855.0,724.0,1096.715556,emergency,RKSI,4000,60,asphalt,ILS,1,1,advanced,1,major,1,1,1,1,1,1,1,open,none,safe,civil,1,987.968928,1668,extended,3.0,0
S00302,OJAI,32.532614,35.773891,A350-900,wide_body,2988,operational_constraints,1134,normal,1.0,1500.0,1134.0,1919.010628,emergency,OTHH,4850,60,asphalt,ILS,1,1,advanced,1,major,1,1,1,1,1,1,1,open,none,safe,civil,0,1737.177548,1862,extended,1.0,1
S00302,OJAI,32.532614,35.773891,A350-900,wide_body,2988,operational_constraints,1134,normal,1.0,1500.0,1134.0,1919.010628,emergency,OKKK,4580,60,asphalt,ILS,1,1,advanced,1,major,1,1,1,1,1,1,1,open,none,safe,civil,0,1219.774997,1592,extended,2.0,0
S00302,OJAI,32.532614,35.773891,A350-900,wide_body,2988,operational_constraints,1134,normal,1.0,1500.0,1134.0,1919.010628,emergency,HECA,4000,60,asphalt,ILS,1,1,basic,1,major,1,1,1,1,1,1,1,open,none,safe,civil,0,495.253884,1012,preferred,3.0,0
S00302,OJAI,32.532614,35.773891,A350-900,wide_body,2988,operational_constraints,1134,normal,1.0,1500.0,1134.0,1919.010628,emergency,OERK,4205,60,asphalt,ILS,1,1,advanced,1,major,1,1,1,1,1,1,1,open,none,safe,civil,0,1356.44807,1217,extended,4.0,0
S00302,OJAI,32.532614,35.773891,A350-900,wide_body,2988,operational_constraints,1134,normal,1.0,1500.0,1134.0,1919.010628,emergency,LTFM,4100,60,asphalt,ILS,1,1,advanced,1,major,1,1,1,1,1,1,0,open,none,safe,civil,0,1155.32547,1112,extended,5.0,0
S00302,OJAI,32.532614,35.773891,A350-900,wide_body,2988,operational_constraints,1134,normal,1.0,1500.0,1134.0,1919.010628,emergency,OJAI,3660,61,asphalt,ILS,1,1,advanced,1,major,1,1,1,1,1,1,1,open,none,safe,civil,0,92.406466,672,preferred,6.0,0
S00302,OJAI,32.532614,35.773891,A350-900,wide_body,2988,operational_constraints,1134,normal,1.0,1500.0,1134.0,1919.010628,emergency,LGAV,4000,45,asphalt,ILS,1,1,advanced,1,major,1,1,1,1,1,1,1,open,none,safe,civil,0,1229.575531,1012,extended,7.0,0
S00302,OJAI,32.532614,35.773891,A350-900,wide_body,2988,operational_constraints,1134,normal,1.0,1500.0,1134.0,1919.010628,emergency,OBBI,3956,60,asphalt,ILS,1,1,advanced,1,major,1,1,1,1,1,1,1,open,none,safe,civil,0,1597.455558,968,extended,8.0,0
S00302,OJAI,32.532614,35.773891,A350-900,wide_body,2988,operational_constraints,1134,normal,1.0,1500.0,1134.0,1919.010628,emergency,LTAC,3750,45,asphalt,ILS,1,1,advanced,1,major,1,1,1,1,1,1,1,open,none,safe,joint,0,880.361227,762,preferred,9.0,0
S00302,OJAI,32.532614,35.773891,A350-900,wide_body,2988,operational_constraints,1134,normal,1.0,1500.0,1134.0,1919.010628,emergency,HELX,3000,45,asphalt,RNAV,0,0,none,1,basic,1,0,1,0,0,1,1,open,none,safe,joint,0,818.983067,12,preferred,10.0,0
S00303,LEMD,40.474092,-2.858449,E190,regional_jet,1896,medical,399,normal,1.0,800.0,399.0,584.978911,emergency,LEMD,4350,60,asphalt,ILS,1,1,advanced,1,major,1,1,1,1,1,1,1,open,none,safe,civil,1,60.40678,2454,preferred,1.0,1
S00303,LEMD,40.474092,-2.858449,E190,regional_jet,1896,medical,399,normal,1.0,800.0,399.0,584.978911,emergency,LPPT,3707,45,asphalt,ILS,1,1,advanced,1,major,1,1,1,1,1,1,1,open,none,safe,civil,0,569.459937,1811,extended,2.0,0
S00304,MMMX,18.937109,-99.155176,E170,regional_jet,1717,operational_constraints,1150,normal,1.0,700.0,700.0,1166.47828,aircraft_fuel,MMMX,3952,45,asphalt,ILS,1,1,basic,1,major,1,1,1,1,1,1,1,open,none,safe,civil,0,56.165648,2235,preferred,1.0,1
S00305,UACC,51.576046,71.181776,A320,narrow_body,2409,weather,741,low,0.9,855.0,741.0,1219.35152,emergency,UAAA,4500,45,asphalt,RNAV,0,1,basic,1,basic,1,1,1,1,1,1,1,open,none,safe,civil,0,1014.051965,2091,extended,1.0,1
S00305,UACC,51.576046,71.181776,A320,narrow_body,2409,weather,741,low,0.9,855.0,741.0,1219.35152,emergency,UACC,3500,45,asphalt,RNAV,0,1,basic,1,basic,1,1,1,1,1,1,1,open,none,safe,civil,0,64.188814,1091,preferred,2.0,0
S00306,DNKN,12.613945,8.371306,A330-300,wide_body,2971,operational_constraints,650,critical,0.75,975.0,650.0,1158.528745,emergency,DNAA,3609,60,asphalt,RNAV,0,0,none,1,basic,1,0,1,1,1,1,1,open,none,safe,joint,0,418.954083,638,preferred,1.0,1
S00306,DNKN,12.613945,8.371306,A330-300,wide_body,2971,operational_constraints,650,critical,0.75,975.0,650.0,1158.528745,emergency,DNMM,3900,60,asphalt,ILS,1,1,advanced,1,major,1,1,1,1,1,1,1,open,none,caution,civil,0,869.955003,929,extended,2.0,0
S00306,DNKN,12.613945,8.371306,A330-300,wide_body,2971,operational_constraints,650,critical,0.75,975.0,650.0,1158.528745,emergency,DNKN,3200,46,asphalt,RNAV,0,0,none,1,basic,1,0,1,0,0,1,1,open,none,safe,joint,0,65.139698,229,preferred,3.0,0
S00307,KLAX,33.677859,-118.853309,A319,narrow_body,2132,weather,889,low,0.9,810.0,810.0,1280.76192,aircraft_fuel,KLAX,3939,46,concrete,ILS,1,1,advanced,1,major,1,1,1,1,1,1,1,open,none,safe,civil,0,50.582946,1807,preferred,1.0,1
S00308,LIRF,42.398041,11.334238,E190,regional_jet,1801,operational_constraints,1126,normal,1.0,800.0,800.0,1187.873512,aircraft_fuel,LIRF,3902,60,asphalt,ILS,1,1,basic,1,major,1,1,1,1,1,1,1,open,none,safe,civil,1,100.440235,2101,preferred,1.0,1
S00308,LIRF,42.398041,11.334238,E190,regional_jet,1801,operational_constraints,1126,normal,1.0,800.0,800.0,1187.873512,aircraft_fuel,LFPG,4215,45,asphalt,ILS,1,1,advanced,1,major,1,1,1,1,1,1,1,open,none,safe,civil,1,1001.322955,2414,extended,2.0,0
S00308,LIRF,42.398041,11.334238,E190,regional_jet,1801,operational_constraints,1126,normal,1.0,800.0,800.0,1187.873512,aircraft_fuel,EDDF,4000,60,asphalt,ILS,1,1,advanced,1,major,1,1,1,0,1,1,1,open,none,safe,civil,1,874.57941,2199,extended,3.0,0
S00308,LIRF,42.398041,11.334238,E190,regional_jet,1801,operational_constraints,1126,normal,1.0,800.0,800.0,1187.873512,aircraft_fuel,LGAV,4000,45,asphalt,ILS,1,1,advanced,1,major,1,1,1,1,1,1,1,open,none,safe,civil,0,1179.197846,2199,extended,4.0,0
S00308,LIRF,42.398041,11.334238,E190,regional_jet,1801,operational_constraints,1126,normal,1.0,800.0,800.0,1187.873512,aircraft_fuel,DTTA,3200,45,asphalt,RNAV,0,1,basic,1,basic,1,0,1,1,1,1,1,open,none,safe,civil,0,624.030127,1399,preferred,5.0,0
S00308,LIRF,42.398041,11.334238,E190,regional_jet,1801,operational_constraints,1126,normal,1.0,800.0,800.0,1187.873512,aircraft_fuel,DAAG,3500,60,asphalt,RNAV,0,1,basic,1,basic,1,1,1,1,1,1,0,open,none,safe,civil,0,940.994063,1699,extended,6.0,0
S00309,EGCC,53.540186,-2.082478,A350-900,wide_body,3022,fuel,391,low,0.9,1350.0,391.0,639.906765,emergency,EGLL,3901,50,asphalt,ILS,1,1,advanced,1,major,1,1,1,1,1,1,1,open,none,safe,civil,1,254.956851,879,preferred,1.0,1
S00309,EGCC,53.540186,-2.082478,A350-900,wide_body,3022,fuel,391,low,0.9,1350.0,391.0,639.906765,emergency,LFPG,4215,45,asphalt,ILS,1,1,advanced,1,major,1,1,1,1,1,1,1,open,none,safe,civil,1,597.954353,1193,extended,2.0,0
S00309,EGCC,53.540186,-2.082478,A350-900,wide_body,3022,fuel,391,low,0.9,1350.0,391.0,639.906765,emergency,EHAM,3800,60,asphalt,ILS,1,1,advanced,1,major,1,1,1,1,1,1,1,open,none,safe,civil,1,478.728833,778,extended,3.0,0
S00309,EGCC,53.540186,-2.082478,A350-900,wide_body,3022,fuel,391,low,0.9,1350.0,391.0,639.906765,emergency,EGKK,3317,45,asphalt,ILS,1,1,advanced,1,major,1,1,1,1,1,1,1,open,none,safe,civil,1,295.461142,295,preferred,4.0,0
S00309,EGCC,53.540186,-2.082478,A350-900,wide_body,3022,fuel,391,low,0.9,1350.0,391.0,639.906765,emergency,EIDW,3110,45,concrete,ILS,1,1,advanced,1,major,1,1,1,1,1,1,1,open,none,safe,civil,0,276.786098,88,preferred,5.0,0
S00309,EGCC,53.540186,-2.082478,A350-900,wide_body,3022,fuel,391,low,0.9,1350.0,391.0,639.906765,emergency,EGCC,3048,46,asphalt,ILS,1,1,advanced,1,major,1,1,1,1,1,1,1,open,none,safe,civil,1,24.336442,26,preferred,6.0,0
S00310,DNKN,12.319326,8.780395,E175,regional_jet,1787,fuel,844,normal,1.0,750.0,750.0,1107.134839,aircraft_fuel,DNAA,3609,60,asphalt,RNAV,0,0,none,1,basic,1,0,1,1,1,1,1,open,none,safe,joint,0,403.920277,1822,preferred,1.0,1
S00310,DNKN,12.319326,8.780395,E175,regional_jet,1787,fuel,844,normal,1.0,750.0,750.0,1107.134839,aircraft_fuel,DNMM,3900,60,asphalt,ILS,1,1,advanced,1,major,1,1,1,1,1,1,1,open,none,caution,civil,0,875.149131,2113,extended,2.0,0
S00310,DNKN,12.319326,8.780395,E175,regional_jet,1787,fuel,844,normal,1.0,750.0,750.0,1107.134839,aircraft_fuel,DNKN,3200,46,asphalt,RNAV,0,0,none,1,basic,1,0,1,0,0,1,1,open,none,safe,joint,0,41.058183,1413,preferred,3.0,0
S00311,LFPG,48.908023,3.009378,A330-300,wide_body,2868,weather,1110,normal,1.0,1300.0,1110.0,1921.486825,emergency,LEMD,4350,60,asphalt,ILS,1,1,advanced,1,major,1,1,1,1,1,1,1,open,none,safe,civil,1,1069.576788,1482,preferred,1.0,1
S00311,LFPG,48.908023,3.009378,A330-300,wide_body,2868,weather,1110,normal,1.0,1300.0,1110.0,1921.486825,emergency,LFPG,4215,45,asphalt,ILS,1,1,advanced,1,major,1,1,1,1,1,1,1,open,none,safe,civil,1,35.082872,1347,preferred,2.0,0
S00311,LFPG,48.908023,3.009378,A330-300,wide_body,2868,weather,1110,normal,1.0,1300.0,1110.0,1921.486825,emergency,EDDF,4000,60,asphalt,ILS,1,1,advanced,1,major,1,1,1,0,1,1,1,open,none,safe,civil,1,419.721394,1132,preferred,3.0,0
S00311,LFPG,48.908023,3.009378,A330-300,wide_body,2868,weather,1110,normal,1.0,1300.0,1110.0,1921.486825,emergency,EGLL,3901,50,asphalt,ILS,1,1,advanced,1,major,1,1,1,1,1,1,1,open,none,safe,civil,1,377.016468,1033,preferred,4.0,0
S00311,LFPG,48.908023,3.009378,A330-300,wide_body,2868,weather,1110,normal,1.0,1300.0,1110.0,1921.486825,emergency,LIRF,3902,60,asphalt,ILS,1,1,basic,1,major,1,1,1,1,1,1,1,open,none,safe,civil,1,1068.713924,1034,preferred,5.0,0
S00311,LFPG,48.908023,3.009378,A330-300,wide_body,2868,weather,1110,normal,1.0,1300.0,1110.0,1921.486825,emergency,EHAM,3800,60,asphalt,ILS,1,1,advanced,1,major,1,1,1,1,1,1,1,open,none,safe,civil,1,397.848711,932,preferred,6.0,0
S00311,LFPG,48.908023,3.009378,A330-300,wide_body,2868,weather,1110,normal,1.0,1300.0,1110.0,1921.486825,emergency,LPPT,3707,45,asphalt,ILS,1,1,advanced,1,major,1,1,1,1,1,1,1,open,none,safe,civil,0,1485.134427,839,extended,7.0,0
S00311,LFPG,48.908023,3.009378,A330-300,wide_body,2868,weather,1110,normal,1.0,1300.0,1110.0,1921.486825,emergency,EGKK,3317,45,asphalt,ILS,1,1,advanced,1,major,1,1,1,1,1,1,1,open,none,safe,civil,1,337.827657,449,preferred,8.0,0
S00311,LFPG,48.908023,3.009378,A330-300,wide_body,2868,weather,1110,normal,1.0,1300.0,1110.0,1921.486825,emergency,ENGM,3600,45,asphalt,ILS,1,1,advanced,1,major,1,1,1,1,1,1,1,open,none,safe,civil,0,1356.731782,732,extended,9.0,0
S00311,LFPG,48.908023,3.009378,A330-300,wide_body,2868,weather,1110,normal,1.0,1300.0,1110.0,1921.486825,emergency,DAAG,3500,60,asphalt,RNAV,0,1,basic,1,basic,1,1,1,1,1,1,0,open,none,safe,civil,0,1358.2518,632,extended,10.0,0
S00311,LFPG,48.908023,3.009378,A330-300,wide_body,2868,weather,1110,normal,1.0,1300.0,1110.0,1921.486825,emergency,EIDW,3110,45,concrete,ILS,1,1,advanced,1,major,1,1,1,1,1,1,1,open,none,safe,civil,0,817.796648,242,preferred,11.0,0
S00311,LFPG,48.908023,3.009378,A330-300,wide_body,2868,weather,1110,normal,1.0,1300.0,1110.0,1921.486825,emergency,EFHK,3440,60,asphalt,ILS,1,1,advanced,1,major,1,1,1,1,1,1,1,open,none,safe,civil,0,1883.123753,572,extended,12.0,0
S00311,LFPG,48.908023,3.009378,A330-300,wide_body,2868,weather,1110,normal,1.0,1300.0,1110.0,1921.486825,emergency,EGCC,3048,46,asphalt,ILS,1,1,advanced,1,major,1,1,1,1,1,1,1,open,none,safe,civil,1,616.360412,180,preferred,13.0,0
S00311,LFPG,48.908023,3.009378,A330-300,wide_body,2868,weather,1110,normal,1.0,1300.0,1110.0,1921.486825,emergency,ESSA,3301,45,asphalt,ILS,1,1,advanced,1,major,1,1,1,1,1,1,1,open,none,safe,civil,0,1530.453699,433,extended,14.0,0
S00311,LFPG,48.908023,3.009378,A330-300,wide_body,2868,weather,1110,normal,1.0,1300.0,1110.0,1921.486825,emergency,DTTA,3200,45,asphalt,RNAV,0,1,basic,1,basic,1,0,1,1,1,1,1,open,none,safe,civil,0,1462.36375,332,extended,15.0,0
S00312,OJAI,32.224749,35.166058,A319,narrow_body,2055,fuel,914,critical,0.75,675.0,675.0,1118.282861,aircraft_fuel,HECA,4000,60,asphalt,ILS,1,1,basic,1,major,1,1,1,1,1,1,1,open,none,safe,civil,0,428.706983,1945,preferred,1.0,1
S00312,OJAI,32.224749,35.166058,A319,narrow_body,2055,fuel,914,critical,0.75,675.0,675.0,1118.282861,aircraft_fuel,OJAI,3660,61,asphalt,ILS,1,1,advanced,1,major,1,1,1,1,1,1,1,open,none,safe,civil,0,95.941588,1605,preferred,2.0,0
S00312,OJAI,32.224749,35.166058,A319,narrow_body,2055,fuel,914,critical,0.75,675.0,675.0,1118.282861,aircraft_fuel,LTAC,3750,45,asphalt,ILS,1,1,advanced,1,major,1,1,1,1,1,1,1,open,none,safe,joint,0,900.06834,1695,extended,3.0,0
S00312,OJAI,32.224749,35.166058,A319,narrow_body,2055,fuel,914,critical,0.75,675.0,675.0,1118.282861,aircraft_fuel,LCLK,2987,45,asphalt,ILS,1,0,none,1,basic,1,0,1,1,1,1,1,open,none,safe,civil,0,327.475091,932,preferred,4.0,0
S00312,OJAI,32.224749,35.166058,A319,narrow_body,2055,fuel,914,critical,0.75,675.0,675.0,1118.282861,aircraft_fuel,HELX,3000,45,asphalt,RNAV,0,0,none,1,basic,1,0,1,0,0,1,1,open,none,safe,joint,0,766.951816,945,extended,5.0,0
S00313,YMML,-37.986859,144.558883,B737-800,narrow_body,2335,operational_constraints,858,normal,1.0,950.0,858.0,1466.343315,emergency,YSSY,3962,45,asphalt,ILS,1,1,advanced,1,major,1,1,1,0,1,1,1,open,none,safe,civil,1,745.732228,1627,preferred,1.0,1
S00313,YMML,-37.986859,144.558883,B737-800,narrow_body,2335,operational_constraints,858,normal,1.0,950.0,858.0,1466.343315,emergency,YMML,3657,60,asphalt,ILS,1,1,advanced,1,major,1,1,1,1,1,1,1,open,none,safe,civil,0,42.850153,1322,preferred,2.0,0
S00314,NZAA,-36.705113,175.121662,E190,regional_jet,1965,medical,791,critical,0.75,600.0,600.0,905.420346,aircraft_fuel,NZAA,3635,45,concrete,ILS,1,1,advanced,1,major,1,1,1,1,1,1,1,open,none,safe,civil,0,45.326131,1670,preferred,1.0,1
S00315,EGLL,51.420731,-0.967377,B777-300ER,wide_body,3298,operational_constraints,1198,normal,1.0,1500.0,1198.0,2080.959754,emergency,LFPG,4215,45,asphalt,ILS,1,1,advanced,1,major,1,1,1,1,1,1,1,open,none,safe,civil,1,366.938198,917,preferred,1.0,1
S00315,EGLL,51.420731,-0.967377,B777-300ER,wide_body,3298,operational_constraints,1198,normal,1.0,1500.0,1198.0,2080.959754,emergency,EDDF,4000,60,asphalt,ILS,1,1,advanced,1,major,1,1,1,0,1,1,1,open,none,safe,civil,1,687.689204,702,preferred,2.0,0
S00315,EGLL,51.420731,-0.967377,B777-300ER,wide_body,3298,operational_constraints,1198,normal,1.0,1500.0,1198.0,2080.959754,emergency,LEMD,4350,60,asphalt,ILS,1,1,advanced,1,major,1,1,1,1,1,1,1,open,none,safe,civil,1,1231.423204,1052,extended,3.0,0
S00315,EGLL,51.420731,-0.967377,B777-300ER,wide_body,3298,operational_constraints,1198,normal,1.0,1500.0,1198.0,2080.959754,emergency,EGLL,3901,50,asphalt,ILS,1,1,advanced,1,major,1,1,1,1,1,1,1,open,none,safe,civil,1,35.605947,603,preferred,4.0,0
S00315,EGLL,51.420731,-0.967377,B777-300ER,wide_body,3298,operational_constraints,1198,normal,1.0,1500.0,1198.0,2080.959754,emergency,EHAM,3800,60,asphalt,ILS,1,1,advanced,1,major,1,1,1,1,1,1,1,open,none,safe,civil,1,405.612534,502,preferred,5.0,0
S00315,EGLL,51.420731,-0.967377,B777-300ER,wide_body,3298,operational_constraints,1198,normal,1.0,1500.0,1198.0,2080.959754,emergency,LIRF,3902,60,asphalt,ILS,1,1,basic,1,major,1,1,1,1,1,1,1,open,none,safe,civil,1,1466.311812,604,extended,6.0,0
S00315,EGLL,51.420731,-0.967377,B777-300ER,wide_body,3298,operational_constraints,1198,normal,1.0,1500.0,1198.0,2080.959754,emergency,GMMN,3720,45,asphalt,ILS,1,1,advanced,1,major,1,1,1,1,1,1,1,open,none,safe,civil,0,2077.683133,422,extended,7.0,0
S00315,EGLL,51.420731,-0.967377,B777-300ER,wide_body,3298,operational_constraints,1198,normal,1.0,1500.0,1198.0,2080.959754,emergency,EGKK,3317,45,asphalt,ILS,1,1,advanced,1,major,1,1,1,1,1,1,1,open,none,safe,civil,1,62.206756,19,preferred,8.0,0
S00315,EGLL,51.420731,-0.967377,B777-300ER,wide_body,3298,operational_constraints,1198,normal,1.0,1500.0,1198.0,2080.959754,emergency,LPPT,3707,45,asphalt,ILS,1,1,advanced,1,major,1,1,1,1,1,1,1,open,none,safe,civil,0,1542.478609,409,extended,9.0,0
S00315,EGLL,51.420731,-0.967377,B777-300ER,wide_body,3298,operational_constraints,1198,normal,1.0,1500.0,1198.0,2080.959754,emergency,ENGM,3600,45,asphalt,ILS,1,1,advanced,1,major,1,1,1,1,1,1,1,open,none,safe,civil,0,1229.049539,302,extended,10.0,0
S00315,EGLL,51.420731,-0.967377,B777-300ER,wide_body,3298,operational_constraints,1198,normal,1.0,1500.0,1198.0,2080.959754,emergency,DAAG,3500,60,asphalt,RNAV,0,1,basic,1,basic,1,1,1,1,1,1,0,open,none,safe,civil,0,1670.589225,202,extended,11.0,0
S00315,EGLL,51.420731,-0.967377,B777-300ER,wide_body,3298,operational_constraints,1198,normal,1.0,1500.0,1198.0,2080.959754,emergency,EFHK,3440,60,asphalt,ILS,1,1,advanced,1,major,1,1,1,1,1,1,1,open,none,safe,civil,0,1877.780491,142,extended,12.0,0
S00315,EGLL,51.420731,-0.967377,B777-300ER,wide_body,3298,operational_constraints,1198,normal,1.0,1500.0,1198.0,2080.959754,emergency,ESSA,3301,45,asphalt,ILS,1,1,advanced,1,major,1,1,1,1,1,1,1,open,none,safe,civil,0,1491.411184,3,extended,13.0,0
S00316,KATL,33.276139,-84.679949,B737-800,narrow_body,2217,technical,619,low,0.9,855.0,619.0,1011.544566,emergency,KATL,3776,46,concrete,ILS,1,1,advanced,1,major,1,1,1,1,1,1,1,open,none,safe,civil,0,46.403538,1559,preferred,1.0,1
S00316,KATL,33.276139,-84.679949,B737-800,narrow_body,2217,technical,619,low,0.9,855.0,619.0,1011.544566,emergency,KORD,3962,46,concrete,ILS,1,1,advanced,1,major,1,1,1,1,1,1,1,open,none,safe,civil,0,1008.266048,1745,extended,2.0,0
S00317,BIKF,64.55286,-23.89273,B787-9,wide_body,2813,medical,1072,low,0.9,1260.0,1072.0,1856.040243,emergency,ENGM,3600,45,asphalt,ILS,1,1,advanced,1,major,1,1,1,1,1,1,1,open,none,safe,civil,0,1841.944463,787,extended,1.0,1
S00317,BIKF,64.55286,-23.89273,B787-9,wide_body,2813,medical,1072,low,0.9,1260.0,1072.0,1856.040243,emergency,BIKF,3065,60,asphalt,RNAV,0,1,basic,1,basic,1,0,1,1,1,1,1,open,none,safe,joint,0,88.585449,252,preferred,2.0,0
S00317,BIKF,64.55286,-23.89273,B787-9,wide_body,2813,medical,1072,low,0.9,1260.0,1072.0,1856.040243,emergency,EIDW,3110,45,concrete,ILS,1,1,advanced,1,major,1,1,1,1,1,1,1,open,none,safe,civil,0,1585.681833,297,extended,3.0,0
S00317,BIKF,64.55286,-23.89273,B787-9,wide_body,2813,medical,1072,low,0.9,1260.0,1072.0,1856.040243,emergency,EGCC,3048,46,asphalt,ILS,1,1,advanced,1,major,1,1,1,1,1,1,1,open,none,safe,civil,1,1740.399567,235,extended,4.0,0
S00318,NZAA,-36.857872,174.619495,A320,narrow_body,2220,medical,695,normal,1.0,950.0,695.0,1062.318532,emergency,NZAA,3635,45,concrete,ILS,1,1,advanced,1,major,1,1,1,1,1,1,1,open,none,safe,civil,0,22.661926,1415,preferred,1.0,1
S00319,OMDB,25.447733,55.198619,B767-300ER,wide_body,3048,weather,945,normal,1.0,1250.0,945.0,1538.998893,emergency,OTHH,4850,60,asphalt,ILS,1,1,advanced,1,major,1,1,1,1,1,1,1,open,none,safe,civil,0,361.288481,1802,preferred,1.0,1
S00319,OMDB,25.447733,55.198619,B767-300ER,wide_body,3048,weather,945,normal,1.0,1250.0,945.0,1538.998893,emergency,OKKK,4580,60,asphalt,ILS,1,1,advanced,1,major,1,1,1,1,1,1,1,open,none,safe,civil,0,828.097836,1532,preferred,2.0,0
S00319,OMDB,25.447733,55.198619,B767-300ER,wide_body,3048,weather,945,normal,1.0,1250.0,945.0,1538.998893,emergency,OMDB,4447,60,asphalt,ILS,1,1,advanced,1,major,1,1,1,1,1,1,1,open,none,safe,civil,1,28.008711,1399,preferred,3.0,0
S00319,OMDB,25.447733,55.198619,B767-300ER,wide_body,3048,weather,945,normal,1.0,1250.0,945.0,1538.998893,emergency,OERK,4205,60,asphalt,ILS,1,1,advanced,1,major,1,1,1,1,1,1,1,open,none,safe,civil,0,856.755096,1157,preferred,4.0,0
S00319,OMDB,25.447733,55.198619,B767-300ER,wide_body,3048,weather,945,normal,1.0,1250.0,945.0,1538.998893,emergency,OMAA,4106,60,asphalt,ILS,1,1,advanced,1,major,1,1,1,1,1,1,1,open,none,safe,civil,0,124.900508,1058,preferred,5.0,0
S00319,OMDB,25.447733,55.198619,B767-300ER,wide_body,3048,weather,945,normal,1.0,1250.0,945.0,1538.998893,emergency,OOMS,4080,45,asphalt,ILS,1,1,advanced,1,major,1,1,1,1,1,1,1,open,none,safe,civil,0,373.751161,1032,preferred,6.0,0
S00319,OMDB,25.447733,55.198619,B767-300ER,wide_body,3048,weather,945,normal,1.0,1250.0,945.0,1538.998893,emergency,OBBI,3956,60,asphalt,ILS,1,1,advanced,1,major,1,1,1,1,1,1,1,open,none,safe,civil,0,465.362507,908,preferred,7.0,0
S00319,OMDB,25.447733,55.198619,B767-300ER,wide_body,3048,weather,945,normal,1.0,1250.0,945.0,1538.998893,emergency,OPKC,3400,46,concrete,RNAV,0,1,basic,1,basic,1,1,1,1,1,1,1,open,none,caution,civil,0,1204.866348,352,extended,8.0,0
S00320,MMMX,19.853424,-99.040739,A319,narrow_body,2128,technical,936,normal,1.0,900.0,900.0,1480.138428,aircraft_fuel,MMMX,3952,45,asphalt,ILS,1,1,basic,1,major,1,1,1,1,1,1,1,open,none,safe,civil,0,46.538509,1824,preferred,1.0,1
S00321,SAEZ,-36.486191,-58.320514,A330-300,wide_body,2891,technical,912,low,0.9,1170.0,912.0,1542.769259,emergency,SAEZ,3300,60,asphalt,ILS,1,1,basic,1,major,1,1,1,1,1,1,1,open,none,safe,civil,0,186.0468,409,preferred,1.0,1
S00322,RPLL,15.100799,120.454506,CRJ900,regional_jet,1871,technical,645,low,0.9,630.0,630.0,887.027992,aircraft_fuel,RPLL,3737,60,concrete,ILS,1,1,basic,1,basic,1,1,1,1,1,1,1,open,none,caution,civil,0,89.620416,1866,preferred,1.0,1
S00323,KJFK,40.247974,-74.094068,B737 MAX 8,narrow_body,2441,weather,1031,normal,1.0,1000.0,1000.0,1787.016949,aircraft_fuel,KJFK,4423,61,asphalt,ILS,1,1,advanced,1,major,1,1,1,1,1,1,1,open,none,safe,civil,1,51.03222,1982,preferred,1.0,1
S00323,KJFK,40.247974,-74.094068,B737 MAX 8,narrow_body,2441,weather,1031,normal,1.0,1000.0,1000.0,1787.016949,aircraft_fuel,KORD,3962,46,concrete,ILS,1,1,advanced,1,major,1,1,1,1,1,1,1,open,none,safe,civil,0,1171.553946,1521,extended,2.0,0
S00323,KJFK,40.247974,-74.094068,B737 MAX 8,narrow_body,2441,weather,1031,normal,1.0,1000.0,1000.0,1787.016949,aircraft_fuel,KATL,3776,46,concrete,ILS,1,1,advanced,1,major,1,1,1,1,1,1,1,open,none,safe,civil,0,1174.963176,1335,extended,3.0,0
S00323,KJFK,40.247974,-74.094068,B737 MAX 8,narrow_body,2441,weather,1031,normal,1.0,1000.0,1000.0,1787.016949,aircraft_fuel,CYYZ,3389,61,asphalt,ILS,1,1,advanced,1,major,1,1,1,1,1,1,1,open,none,safe,civil,1,595.379938,948,preferred,4.0,0
S00324,RJAA,36.071557,140.837111,A319,narrow_body,2090,operational_constraints,854,normal,1.0,900.0,854.0,1321.796312,emergency,RJAA,4000,60,asphalt,ILS,1,1,advanced,1,major,1,1,1,0,1,1,1,open,none,safe,civil,1,52.586628,1910,preferred,1.0,1
S00324,RJAA,36.071557,140.837111,A319,narrow_body,2090,operational_constraints,854,normal,1.0,900.0,854.0,1321.796312,emergency,RKSI,4000,60,asphalt,ILS,1,1,advanced,1,major,1,1,1,1,1,1,1,open,none,safe,civil,1,1289.498599,1910,extended,2.0,0
S00324,RJAA,36.071557,140.837111,A319,narrow_body,2090,operational_constraints,854,normal,1.0,900.0,854.0,1321.796312,emergency,RJTT,3360,61,asphalt,ILS,1,1,advanced,1,major,1,1,1,1,1,1,1,open,none,safe,civil,1,111.061795,1270,preferred,3.0,0
S00324,RJAA,36.071557,140.837111,A319,narrow_body,2090,operational_constraints,854,normal,1.0,900.0,854.0,1321.796312,emergency,RJCC,3000,61,asphalt,RNAV,0,1,basic,1,basic,1,1,1,1,1,1,1,open,none,safe,joint,0,748.944013,910,preferred,4.0,0
S00325,VTBS,13.516639,100.414297,E190,regional_jet,1983,technical,553,low,0.9,720.0,553.0,827.179741,emergency,VTBS,4000,60,asphalt,ILS,1,1,advanced,1,major,1,1,1,1,1,1,1,open,none,safe,civil,0,40.341014,2017,preferred,1.0,1
S00326,LGAV,37.927168,24.164825,A220-300,narrow_body,2146,medical,514,normal,1.0,950.0,514.0,797.156488,emergency,LGAV,4000,45,asphalt,ILS,1,1,advanced,1,major,1,1,1,1,1,1,1,open,none,safe,civil,0,19.350687,1854,preferred,1.0,1
S00326,LGAV,37.927168,24.164825,A220-300,narrow_body,2146,medical,514,normal,1.0,950.0,514.0,797.156488,emergency,LTFM,4100,60,asphalt,ILS,1,1,advanced,1,major,1,1,1,1,1,1,0,open,none,safe,civil,0,539.930414,1954,extended,2.0,0
S00327,HELX,25.157921,33.062212,B737-800,narrow_body,2255,medical,777,normal,1.0,950.0,777.0,1194.284727,emergency,HECA,4000,60,asphalt,ILS,1,1,basic,1,major,1,1,1,1,1,1,1,open,none,safe,civil,0,574.70607,1745,preferred,1.0,1
S00327,HELX,25.157921,33.062212,B737-800,narrow_body,2255,medical,777,normal,1.0,950.0,777.0,1194.284727,emergency,OJAI,3660,61,asphalt,ILS,1,1,advanced,1,major,1,1,1,1,1,1,1,open,none,safe,civil,0,784.088096,1405,extended,2.0,0
S00328,HECA,30.307479,31.420399,B737 MAX 8,narrow_body,2492,mechanical,930,low,0.9,900.0,900.0,1462.415085,aircraft_fuel,HECA,4000,60,asphalt,ILS,1,1,basic,1,major,1,1,1,1,1,1,1,open,none,safe,civil,0,21.906841,1508,preferred,1.0,1
S00328,HECA,30.307479,31.420399,B737 MAX 8,narrow_body,2492,mechanical,930,low,0.9,900.0,900.0,1462.415085,aircraft_fuel,LTFM,4100,60,asphalt,ILS,1,1,advanced,1,major,1,1,1,1,1,1,0,open,none,safe,civil,0,1243.20309,1608,extended,2.0,0
S00328,HECA,30.307479,31.420399,B737 MAX 8,narrow_body,2492,mechanical,930,low,0.9,900.0,900.0,1462.415085,aircraft_fuel,OJAI,3660,61,asphalt,ILS,1,1,advanced,1,major,1,1,1,1,1,1,1,open,none,safe,civil,0,463.265554,1168,preferred,3.0,0
S00328,HECA,30.307479,31.420399,B737 MAX 8,narrow_body,2492,mechanical,930,low,0.9,900.0,900.0,1462.415085,aircraft_fuel,LGAV,4000,45,asphalt,ILS,1,1,advanced,1,major,1,1,1,1,1,1,1,open,none,safe,civil,0,1091.47322,1508,extended,4.0,0
S00328,HECA,30.307479,31.420399,B737 MAX 8,narrow_body,2492,mechanical,930,low,0.9,900.0,900.0,1462.415085,aircraft_fuel,LTAC,3750,45,asphalt,ILS,1,1,advanced,1,major,1,1,1,1,1,1,1,open,none,safe,joint,0,1101.276008,1258,extended,5.0,0
S00328,HECA,30.307479,31.420399,B737 MAX 8,narrow_body,2492,mechanical,930,low,0.9,900.0,900.0,1462.415085,aircraft_fuel,LCLK,2987,45,asphalt,ILS,1,0,none,1,basic,1,0,1,1,1,1,1,open,none,safe,civil,0,548.234722,495,preferred,6.0,0
S00328,HECA,30.307479,31.420399,B737 MAX 8,narrow_body,2492,mechanical,930,low,0.9,900.0,900.0,1462.415085,aircraft_fuel,HELX,3000,45,asphalt,RNAV,0,0,none,1,basic,1,0,1,0,0,1,1,open,none,safe,joint,0,530.780557,508,preferred,7.0,0
S00329,LPPT,39.686573,-8.35366,A350-900,wide_body,3043,security,936,critical,0.75,1125.0,936.0,1636.404595,emergency,LEMD,4350,60,asphalt,ILS,1,1,advanced,1,major,1,1,1,1,1,1,1,open,none,safe,civil,1,416.463305,1307,preferred,1.0,1
S00329,LPPT,39.686573,-8.35366,A350-900,wide_body,3043,security,936,critical,0.75,1125.0,936.0,1636.404595,emergency,LFPG,4215,45,asphalt,ILS,1,1,advanced,1,major,1,1,1,1,1,1,1,open,none,safe,civil,1,1348.814777,1172,extended,2.0,0
S00329,LPPT,39.686573,-8.35366,A350-900,wide_body,3043,security,936,critical,0.75,1125.0,936.0,1636.404595,emergency,GMMN,3720,45,asphalt,ILS,1,1,advanced,1,major,1,1,1,1,1,1,1,open,none,safe,civil,0,705.945735,677,preferred,3.0,0
S00329,LPPT,39.686573,-8.35366,A350-900,wide_body,3043,security,936,critical,0.75,1125.0,936.0,1636.404595,emergency,LPPT,3707,45,asphalt,ILS,1,1,advanced,1,major,1,1,1,1,1,1,1,open,none,safe,civil,0,121.127321,664,preferred,4.0,0
S00329,LPPT,39.686573,-8.35366,A350-900,wide_body,3043,security,936,critical,0.75,1125.0,936.0,1636.404595,emergency,EGLL,3901,50,asphalt,ILS,1,1,advanced,1,major,1,1,1,1,1,1,1,open,none,safe,civil,1,1445.207225,858,extended,5.0,0
S00329,LPPT,39.686573,-8.35366,A350-900,wide_body,3043,security,936,critical,0.75,1125.0,936.0,1636.404595,emergency,DAAG,3500,60,asphalt,RNAV,0,1,basic,1,basic,1,1,1,1,1,1,0,open,none,safe,civil,0,1063.423094,457,extended,6.0,0
S00329,LPPT,39.686573,-8.35366,A350-900,wide_body,3043,security,936,critical,0.75,1125.0,936.0,1636.404595,emergency,EGKK,3317,45,asphalt,ILS,1,1,advanced,1,major,1,1,1,1,1,1,1,open,none,safe,civil,1,1423.012297,274,extended,7.0,0
S00329,LPPT,39.686573,-8.35366,A350-900,wide_body,3043,security,936,critical,0.75,1125.0,936.0,1636.404595,emergency,EIDW,3110,45,concrete,ILS,1,1,advanced,1,major,1,1,1,1,1,1,1,open,none,safe,civil,0,1536.227194,67,extended,8.0,0
S00329,LPPT,39.686573,-8.35366,A350-900,wide_body,3043,security,936,critical,0.75,1125.0,936.0,1636.404595,emergency,EGCC,3048,46,asphalt,ILS,1,1,advanced,1,major,1,1,1,1,1,1,1,open,none,safe,civil,1,1587.859252,5,extended,9.0,0
S00330,LCLK,35.010111,32.131723,A350-900,wide_body,2989,mechanical,611,low,0.9,1350.0,611.0,1032.634363,emergency,HECA,4000,60,asphalt,ILS,1,1,basic,1,major,1,1,1,1,1,1,1,open,none,safe,civil,0,549.029524,1011,preferred,1.0,1
S00330,LCLK,35.010111,32.131723,A350-900,wide_body,2989,mechanical,611,low,0.9,1350.0,611.0,1032.634363,emergency,LTFM,4100,60,asphalt,ILS,1,1,advanced,1,major,1,1,1,1,1,1,0,open,none,safe,civil,0,757.226844,1111,extended,2.0,0
S00330,LCLK,35.010111,32.131723,A350-900,wide_body,2989,mechanical,611,low,0.9,1350.0,611.0,1032.634363,emergency,OJAI,3660,61,asphalt,ILS,1,1,advanced,1,major,1,1,1,1,1,1,1,open,none,safe,civil,0,511.986358,671,preferred,3.0,0
S00330,LCLK,35.010111,32.131723,A350-900,wide_body,2989,mechanical,611,low,0.9,1350.0,611.0,1032.634363,emergency,LGAV,4000,45,asphalt,ILS,1,1,advanced,1,major,1,1,1,1,1,1,1,open,none,safe,civil,0,800.729808,1011,extended,4.0,0
S00330,LCLK,35.010111,32.131723,A350-900,wide_body,2989,mechanical,611,low,0.9,1350.0,611.0,1032.634363,emergency,LTAC,3750,45,asphalt,ILS,1,1,advanced,1,major,1,1,1,1,1,1,1,open,none,safe,joint,0,574.149889,761,preferred,5.0,0
S00331,WIMM,3.493744,98.321575,E175,regional_jet,1764,medical,774,normal,1.0,750.0,750.0,1224.663372,aircraft_fuel,WMKK,4124,60,asphalt,ILS,1,1,advanced,1,major,1,1,1,1,1,1,1,open,none,safe,civil,0,385.302665,2360,preferred,1.0,1
S00331,WIMM,3.493744,98.321575,E175,regional_jet,1764,medical,774,normal,1.0,750.0,750.0,1224.663372,aircraft_fuel,WSSS,4000,60,asphalt,ILS,1,1,advanced,1,major,1,1,1,1,1,1,1,open,none,safe,civil,1,673.716365,2236,preferred,2.0,0
S00331,WIMM,3.493744,98.321575,E175,regional_jet,1764,medical,774,normal,1.0,750.0,750.0,1224.663372,aircraft_fuel,VTBS,4000,60,asphalt,ILS,1,1,advanced,1,major,1,1,1,1,1,1,1,open,none,safe,civil,0,1163.661887,2236,extended,3.0,0
S00331,WIMM,3.493744,98.321575,E175,regional_jet,1764,medical,774,normal,1.0,750.0,750.0,1224.663372,aircraft_fuel,WIMM,3000,60,asphalt,RNAV,1,1,basic,1,basic,1,0,1,1,0,1,1,open,none,safe,civil,0,64.678398,1236,preferred,4.0,0
S00332,KORD,42.137238,-88.181256,B737-800,narrow_body,2400,mechanical,861,low,0.9,855.0,855.0,1370.983347,aircraft_fuel,KJFK,4423,61,asphalt,ILS,1,1,advanced,1,major,1,1,1,1,1,1,1,open,none,safe,civil,1,1211.461789,2023,extended,1.0,1
S00332,KORD,42.137238,-88.181256,B737-800,narrow_body,2400,mechanical,861,low,0.9,855.0,855.0,1370.983347,aircraft_fuel,KORD,3962,46,concrete,ILS,1,1,advanced,1,major,1,1,1,1,1,1,1,open,none,safe,civil,0,28.845912,1562,preferred,2.0,0
S00332,KORD,42.137238,-88.181256,B737-800,narrow_body,2400,mechanical,861,low,0.9,855.0,855.0,1370.983347,aircraft_fuel,KATL,3776,46,concrete,ILS,1,1,advanced,1,major,1,1,1,1,1,1,1,open,none,safe,civil,0,1000.67087,1376,extended,3.0,0
S00332,KORD,42.137238,-88.181256,B737-800,narrow_body,2400,mechanical,861,low,0.9,855.0,855.0,1370.983347,aircraft_fuel,CYYZ,3389,61,asphalt,ILS,1,1,advanced,1,major,1,1,1,1,1,1,1,open,none,safe,civil,1,716.857929,989,preferred,4.0,0
S00333,VTBS,13.408096,101.163057,B747-8,very_large,3647,mechanical,606,low,0.9,1395.0,606.0,1083.330898,emergency,VTBS,4000,60,asphalt,ILS,1,1,advanced,1,major,1,1,1,1,1,1,1,open,none,safe,civil,0,54.262418,353,preferred,1.0,1
S00334,KORD,41.850206,-88.399578,B737 MAX 8,narrow_body,2355,mechanical,835,normal,1.0,1000.0,835.0,1457.631632,emergency,KJFK,4423,61,asphalt,ILS,1,1,advanced,1,major,1,1,1,1,1,1,1,open,none,safe,civil,1,1228.241233,2068,extended,1.0,1
S00334,KORD,41.850206,-88.399578,B737 MAX 8,narrow_body,2355,mechanical,835,normal,1.0,1000.0,835.0,1457.631632,emergency,KORD,3962,46,concrete,ILS,1,1,advanced,1,major,1,1,1,1,1,1,1,open,none,safe,civil,0,43.358224,1607,preferred,2.0,0
S00334,KORD,41.850206,-88.399578,B737 MAX 8,narrow_body,2355,mechanical,835,normal,1.0,1000.0,835.0,1457.631632,emergency,KATL,3776,46,concrete,ILS,1,1,advanced,1,major,1,1,1,1,1,1,1,open,none,safe,civil,0,977.475663,1421,extended,3.0,0
S00334,KORD,41.850206,-88.399578,B737 MAX 8,narrow_body,2355,mechanical,835,normal,1.0,1000.0,835.0,1457.631632,emergency,CYYZ,3389,61,asphalt,ILS,1,1,advanced,1,major,1,1,1,1,1,1,1,open,none,safe,civil,1,743.769633,1034,preferred,4.0,0
S00335,OBBI,26.091937,50.811153,A350-900,wide_body,3022,fuel,385,low,0.9,1350.0,385.0,713.170904,emergency,OTHH,4850,60,asphalt,ILS,1,1,advanced,1,major,1,1,1,1,1,1,1,open,none,safe,civil,0,121.11201,1828,preferred,1.0,1
S00335,OBBI,26.091937,50.811153,A350-900,wide_body,3022,fuel,385,low,0.9,1350.0,385.0,713.170904,emergency,OKKK,4580,60,asphalt,ILS,1,1,advanced,1,major,1,1,1,1,1,1,1,open,none,safe,civil,0,446.767379,1558,extended,2.0,0
S00335,OBBI,26.091937,50.811153,A350-900,wide_body,3022,fuel,385,low,0.9,1350.0,385.0,713.170904,emergency,OMDB,4447,60,asphalt,ILS,1,1,advanced,1,major,1,1,1,1,1,1,1,open,none,safe,civil,1,466.452341,1425,extended,3.0,0
S00335,OBBI,26.091937,50.811153,A350-900,wide_body,3022,fuel,385,low,0.9,1350.0,385.0,713.170904,emergency,OBBI,3956,60,asphalt,ILS,1,1,advanced,1,major,1,1,1,1,1,1,1,open,none,safe,civil,0,26.076811,934,preferred,4.0,0
S00335,OBBI,26.091937,50.811153,A350-900,wide_body,3022,fuel,385,low,0.9,1350.0,385.0,713.170904,emergency,OERK,4205,60,asphalt,ILS,1,1,advanced,1,major,1,1,1,1,1,1,1,open,none,safe,civil,0,431.463122,1183,extended,5.0,0
S00335,OBBI,26.091937,50.811153,A350-900,wide_body,3022,fuel,385,low,0.9,1350.0,385.0,713.170904,emergency,OMAA,4106,60,asphalt,ILS,1,1,advanced,1,major,1,1,1,1,1,1,1,open,none,safe,civil,0,427.35137,1084,extended,6.0,0
S00336,UUEE,55.578692,37.330524,A320,narrow_body,2364,operational_constraints,1187,critical,0.75,712.5,712.5,1107.271486,aircraft_fuel,ULLI,3780,60,concrete,ILS,1,1,advanced,1,major,1,1,1,1,1,1,1,open,none,caution,civil,0,629.276606,1416,preferred,1.0,1
S00336,UUEE,55.578692,37.330524,A320,narrow_body,2364,operational_constraints,1187,critical,0.75,712.5,712.5,1107.271486,aircraft_fuel,UUEE,3700,60,concrete,ILS,1,1,advanced,1,major,1,1,1,1,1,1,1,open,none,caution,civil,0,44.560634,1336,preferred,2.0,0
S00336,UUEE,55.578692,37.330524,A320,narrow_body,2364,operational_constraints,1187,critical,0.75,712.5,712.5,1107.271486,aircraft_fuel,EFHK,3440,60,asphalt,ILS,1,1,advanced,1,major,1,1,1,1,1,1,1,open,none,safe,civil,0,897.897473,1076,extended,3.0,0
S00337,ULLI,59.833175,29.910743,A321,narrow_body,2349,technical,982,low,0.9,900.0,900.0,1502.348018,aircraft_fuel,ULLI,3780,60,concrete,ILS,1,1,advanced,1,major,1,1,1,1,1,1,1,open,none,caution,civil,0,20.001929,1431,preferred,1.0,1
S00337,ULLI,59.833175,29.910743,A321,narrow_body,2349,technical,982,low,0.9,900.0,900.0,1502.348018,aircraft_fuel,EFHK,3440,60,asphalt,ILS,1,1,advanced,1,major,1,1,1,1,1,1,1,open,none,safe,civil,0,279.614556,1091,preferred,2.0,0
S00337,ULLI,59.833175,29.910743,A321,narrow_body,2349,technical,982,low,0.9,900.0,900.0,1502.348018,aircraft_fuel,UUEE,3700,60,concrete,ILS,1,1,advanced,1,major,1,1,1,1,1,1,1,open,none,caution,civil,0,615.952321,1351,preferred,3.0,0
S00337,ULLI,59.833175,29.910743,A321,narrow_body,2349,technical,982,low,0.9,900.0,900.0,1502.348018,aircraft_fuel,ESSA,3301,45,asphalt,ILS,1,1,advanced,1,major,1,1,1,1,1,1,1,open,none,safe,civil,0,670.774551,952,preferred,4.0,0
S00337,ULLI,59.833175,29.910743,A321,narrow_body,2349,technical,982,low,0.9,900.0,900.0,1502.348018,aircraft_fuel,ENGM,3600,45,asphalt,ILS,1,1,advanced,1,major,1,1,1,1,1,1,1,open,none,safe,civil,0,1042.606011,1251,extended,5.0,0
S00338,DGAA,6.55383,-0.391041,A321,narrow_body,2323,security,701,critical,0.75,750.0,701.0,1101.779712,emergency,DNMM,3900,60,asphalt,ILS,1,1,advanced,1,major,1,1,1,1,1,1,1,open,none,caution,civil,0,410.078166,1577,preferred,1.0,1
S00338,DGAA,6.55383,-0.391041,A321,narrow_body,2323,security,701,critical,0.75,750.0,701.0,1101.779712,emergency,DGAA,3403,61,asphalt,RNAV,0,0,none,1,basic,1,0,1,1,1,1,0,open,none,safe,civil,0,108.359036,1080,preferred,2.0,0
S00338,DGAA,6.55383,-0.391041,A321,narrow_body,2323,security,701,critical,0.75,750.0,701.0,1101.779712,emergency,DNAA,3609,60,asphalt,RNAV,0,0,none,1,basic,1,0,1,1,1,1,1,open,none,safe,joint,0,886.21324,1286,extended,3.0,0
S00339,HKJK,-0.931522,37.278552,B737-800,narrow_body,2364,mechanical,870,critical,0.75,712.5,712.5,1156.294821,aircraft_fuel,HKJK,4117,45,asphalt,RNAV,0,1,basic,1,basic,1,0,1,1,1,1,1,open,none,safe,civil,0,58.069572,1753,preferred,1.0,1
S00339,HKJK,-0.931522,37.278552,B737-800,narrow_body,2364,mechanical,870,critical,0.75,712.5,712.5,1156.294821,aircraft_fuel,HAAB,3800,45,asphalt,ILS,1,0,none,1,basic,1,0,1,1,1,1,1,open,restricted,caution,joint,0,1114.68083,1436,extended,2.0,0
S00340,EGCC,53.215564,-2.774567,A350-900,wide_body,2993,weather,1099,normal,1.0,1500.0,1099.0,2013.360886,emergency,LFPG,4215,45,asphalt,ILS,1,1,advanced,1,major,1,1,1,1,1,1,1,open,none,safe,civil,1,597.290046,1222,preferred,1.0,1
S00340,EGCC,53.215564,-2.774567,A350-900,wide_body,2993,weather,1099,normal,1.0,1500.0,1099.0,2013.360886,emergency,EDDF,4000,60,asphalt,ILS,1,1,advanced,1,major,1,1,1,0,1,1,1,open,none,safe,civil,1,857.737264,1007,preferred,2.0,0
S00340,EGCC,53.215564,-2.774567,A350-900,wide_body,2993,weather,1099,normal,1.0,1500.0,1099.0,2013.360886,emergency,LEMD,4350,60,asphalt,ILS,1,1,advanced,1,major,1,1,1,1,1,1,1,open,none,safe,civil,1,1415.915469,1357,extended,3.0,0
S00340,EGCC,53.215564,-2.774567,A350-900,wide_body,2993,weather,1099,normal,1.0,1500.0,1099.0,2013.360886,emergency,EGLL,3901,50,asphalt,ILS,1,1,advanced,1,major,1,1,1,1,1,1,1,open,none,safe,civil,1,249.704967,908,preferred,4.0,0
S00340,EGCC,53.215564,-2.774567,A350-900,wide_body,2993,weather,1099,normal,1.0,1500.0,1099.0,2013.360886,emergency,EHAM,3800,60,asphalt,ILS,1,1,advanced,1,major,1,1,1,1,1,1,1,open,none,safe,civil,1,516.908417,807,preferred,5.0,0
S00340,EGCC,53.215564,-2.774567,A350-900,wide_body,2993,weather,1099,normal,1.0,1500.0,1099.0,2013.360886,emergency,LIRF,3902,60,asphalt,ILS,1,1,basic,1,major,1,1,1,1,1,1,1,open,none,safe,civil,1,1691.292186,909,extended,6.0,0
S00340,EGCC,53.215564,-2.774567,A350-900,wide_body,2993,weather,1099,normal,1.0,1500.0,1099.0,2013.360886,emergency,LPPT,3707,45,asphalt,ILS,1,1,advanced,1,major,1,1,1,1,1,1,1,open,none,safe,civil,0,1676.901517,714,extended,7.0,0
S00340,EGCC,53.215564,-2.774567,A350-900,wide_body,2993,weather,1099,normal,1.0,1500.0,1099.0,2013.360886,emergency,EGKK,3317,45,asphalt,ILS,1,1,advanced,1,major,1,1,1,1,1,1,1,open,none,safe,civil,1,289.737307,324,preferred,8.0,0
S00340,EGCC,53.215564,-2.774567,A350-900,wide_body,2993,weather,1099,normal,1.0,1500.0,1099.0,2013.360886,emergency,ENGM,3600,45,asphalt,ILS,1,1,advanced,1,major,1,1,1,1,1,1,1,open,none,safe,civil,0,1144.516409,607,extended,9.0,0
S00340,EGCC,53.215564,-2.774567,A350-900,wide_body,2993,weather,1099,normal,1.0,1500.0,1099.0,2013.360886,emergency,DAAG,3500,60,asphalt,RNAV,0,1,basic,1,basic,1,1,1,1,1,1,0,open,none,safe,civil,0,1894.95615,507,extended,10.0,0
S00340,EGCC,53.215564,-2.774567,A350-900,wide_body,2993,weather,1099,normal,1.0,1500.0,1099.0,2013.360886,emergency,EIDW,3110,45,concrete,ILS,1,1,advanced,1,major,1,1,1,1,1,1,1,open,none,safe,civil,0,232.823516,117,preferred,11.0,0
S00340,EGCC,53.215564,-2.774567,A350-900,wide_body,2993,weather,1099,normal,1.0,1500.0,1099.0,2013.360886,emergency,EGCC,3048,46,asphalt,ILS,1,1,advanced,1,major,1,1,1,1,1,1,1,open,none,safe,civil,1,36.594501,55,preferred,12.0,0
S00340,EGCC,53.215564,-2.774567,A350-900,wide_body,2993,weather,1099,normal,1.0,1500.0,1099.0,2013.360886,emergency,EFHK,3440,60,asphalt,ILS,1,1,advanced,1,major,1,1,1,1,1,1,1,open,none,safe,civil,0,1847.410834,447,extended,13.0,0
S00340,EGCC,53.215564,-2.774567,A350-900,wide_body,2993,weather,1099,normal,1.0,1500.0,1099.0,2013.360886,emergency,ESSA,3301,45,asphalt,ILS,1,1,advanced,1,major,1,1,1,1,1,1,1,open,none,safe,civil,0,1451.356223,308,extended,14.0,0
S00340,EGCC,53.215564,-2.774567,A350-900,wide_body,2993,weather,1099,normal,1.0,1500.0,1099.0,2013.360886,emergency,BIKF,3065,60,asphalt,RNAV,0,1,basic,1,basic,1,0,1,1,1,1,1,open,none,safe,joint,0,1645.975007,72,extended,15.0,0
S00341,RJCC,42.653563,141.179103,E175,regional_jet,1763,medical,884,normal,1.0,750.0,750.0,1145.752454,aircraft_fuel,RJAA,4000,60,asphalt,ILS,1,1,advanced,1,major,1,1,1,0,1,1,1,open,none,safe,civil,1,768.586878,2237,extended,1.0,1
S00341,RJCC,42.653563,141.179103,E175,regional_jet,1763,medical,884,normal,1.0,750.0,750.0,1145.752454,aircraft_fuel,RJTT,3360,61,asphalt,ILS,1,1,advanced,1,major,1,1,1,1,1,1,1,open,none,safe,civil,1,798.963527,1597,extended,2.0,0
S00341,RJCC,42.653563,141.179103,E175,regional_jet,1763,medical,884,normal,1.0,750.0,750.0,1145.752454,aircraft_fuel,RJCC,3000,61,asphalt,RNAV,0,1,basic,1,basic,1,1,1,1,1,1,1,open,none,safe,joint,0,43.893841,1237,preferred,3.0,0
S00342,HAAB,8.971825,38.548653,B737-800,narrow_body,2245,fuel,824,critical,0.75,712.5,712.5,1220.466285,aircraft_fuel,HKJK,4117,45,asphalt,RNAV,0,1,basic,1,basic,1,0,1,1,1,1,1,open,none,safe,civil,0,1158.273703,1872,extended,1.0,1
S00342,HAAB,8.971825,38.548653,B737-800,narrow_body,2245,fuel,824,critical,0.75,712.5,712.5,1220.466285,aircraft_fuel,HAAB,3800,45,asphalt,ILS,1,0,none,1,basic,1,0,1,1,1,1,1,open,restricted,caution,joint,0,27.53782,1555,preferred,2.0,0
S00343,DGAA,6.192977,0.387819,CRJ900,regional_jet,1758,technical,659,low,0.9,630.0,630.0,891.889434,aircraft_fuel,DNMM,3900,60,asphalt,ILS,1,1,advanced,1,major,1,1,1,1,1,1,1,open,none,caution,civil,0,326.954128,2142,preferred,1.0,1
S00343,DGAA,6.192977,0.387819,CRJ900,regional_jet,1758,technical,659,low,0.9,630.0,630.0,891.889434,aircraft_fuel,DGAA,3403,61,asphalt,RNAV,0,0,none,1,basic,1,0,1,1,1,1,0,open,none,safe,civil,0,89.636384,1645,preferred,2.0,0
S00343,DGAA,6.192977,0.387819,CRJ900,regional_jet,1758,technical,659,low,0.9,630.0,630.0,891.889434,aircraft_fuel,DNAA,3609,60,asphalt,RNAV,0,0,none,1,basic,1,0,1,1,1,1,1,open,none,safe,joint,0,819.759021,1851,extended,3.0,0
S00344,UAAA,42.319158,76.336383,B737-800,narrow_body,2417,security,851,normal,1.0,950.0,851.0,1327.743516,emergency,UAAA,4500,45,asphalt,RNAV,0,1,basic,1,basic,1,1,1,1,1,1,1,open,none,safe,civil,0,128.706878,2083,preferred,1.0,1
S00344,UAAA,42.319158,76.336383,B737-800,narrow_body,2417,security,851,normal,1.0,950.0,851.0,1327.743516,emergency,UACC,3500,45,asphalt,RNAV,0,1,basic,1,basic,1,1,1,1,1,1,1,open,none,safe,civil,0,1036.516323,1083,extended,2.0,0
S00344,UAAA,42.319158,76.336383,B737-800,narrow_body,2417,security,851,normal,1.0,950.0,851.0,1327.743516,emergency,OPLA,3360,46,concrete,RNAV,0,0,none,1,basic,1,0,1,1,1,1,1,open,none,caution,civil,0,1212.767791,943,extended,3.0,0
S00345,ULLI,59.429793,30.835101,CRJ900,regional_jet,1713,technical,1031,normal,1.0,700.0,700.0,1076.087411,aircraft_fuel,EFHK,3440,60,asphalt,ILS,1,1,advanced,1,major,1,1,1,1,1,1,1,open,none,safe,civil,0,342.134375,1727,preferred,1.0,1
S00345,ULLI,59.429793,30.835101,CRJ900,regional_jet,1713,technical,1031,normal,1.0,700.0,700.0,1076.087411,aircraft_fuel,ULLI,3780,60,concrete,ILS,1,1,advanced,1,major,1,1,1,1,1,1,1,open,none,caution,civil,0,52.291841,2067,preferred,2.0,0
S00345,ULLI,59.429793,30.835101,CRJ900,regional_jet,1713,technical,1031,normal,1.0,700.0,700.0,1076.087411,aircraft_fuel,UUEE,3700,60,concrete,ILS,1,1,advanced,1,major,1,1,1,1,1,1,1,open,none,caution,civil,0,547.311023,1987,preferred,3.0,0
S00345,ULLI,59.429793,30.835101,CRJ900,regional_jet,1713,technical,1031,normal,1.0,700.0,700.0,1076.087411,aircraft_fuel,ESSA,3301,45,asphalt,ILS,1,1,advanced,1,major,1,1,1,1,1,1,1,open,none,safe,civil,0,726.788361,1588,extended,4.0,0
S00346,KORD,42.063255,-87.630147,B737 MAX 8,narrow_body,2303,mechanical,641,normal,1.0,1000.0,641.0,1005.585026,emergency,KORD,3962,46,concrete,ILS,1,1,advanced,1,major,1,1,1,1,1,1,1,open,none,safe,civil,0,24.563423,1659,preferred,1.0,1
S00346,KORD,42.063255,-87.630147,B737 MAX 8,narrow_body,2303,mechanical,641,normal,1.0,1000.0,641.0,1005.585026,emergency,KATL,3776,46,concrete,ILS,1,1,advanced,1,major,1,1,1,1,1,1,1,open,none,safe,civil,0,978.051312,1473,extended,2.0,0
S00346,KORD,42.063255,-87.630147,B737 MAX 8,narrow_body,2303,mechanical,641,normal,1.0,1000.0,641.0,1005.585026,emergency,CYYZ,3389,61,asphalt,ILS,1,1,advanced,1,major,1,1,1,1,1,1,1,open,none,safe,civil,1,675.919305,1086,extended,3.0,0
S00347,DNMM,6.997924,3.265664,A319,narrow_body,2179,mechanical,821,low,0.9,810.0,810.0,1344.744644,aircraft_fuel,DNMM,3900,60,asphalt,ILS,1,1,advanced,1,major,1,1,1,1,1,1,1,open,none,caution,civil,0,47.163225,1721,preferred,1.0,1
S00347,DNMM,6.997924,3.265664,A319,narrow_body,2179,mechanical,821,low,0.9,810.0,810.0,1344.744644,aircraft_fuel,DGAA,3403,61,asphalt,RNAV,0,0,none,1,basic,1,0,1,1,1,1,0,open,none,safe,civil,0,409.747559,1224,preferred,2.0,0
S00347,DNMM,6.997924,3.265664,A319,narrow_body,2179,mechanical,821,low,0.9,810.0,810.0,1344.744644,aircraft_fuel,DNAA,3609,60,asphalt,RNAV,0,0,none,1,basic,1,0,1,1,1,1,1,open,none,safe,joint,0,493.586145,1430,preferred,3.0,0
S00347,DNMM,6.997924,3.265664,A319,narrow_body,2179,mechanical,821,low,0.9,810.0,810.0,1344.744644,aircraft_fuel,DNKN,3200,46,asphalt,RNAV,0,0,none,1,basic,1,0,1,0,0,1,1,open,none,safe,joint,0,804.758433,1021,preferred,4.0,0
S00348,WSSS,0.933724,104.217825,A350-900,wide_body,2900,weather,978,normal,1.0,1500.0,978.0,1703.869087,emergency,WMKK,4124,60,asphalt,ILS,1,1,advanced,1,major,1,1,1,1,1,1,1,open,none,safe,civil,0,343.896369,1224,preferred,1.0,1
S00348,WSSS,0.933724,104.217825,A350-900,wide_body,2900,weather,978,normal,1.0,1500.0,978.0,1703.869087,emergency,WSSS,4000,60,asphalt,ILS,1,1,advanced,1,major,1,1,1,1,1,1,1,open,none,safe,civil,1,52.57064,1100,preferred,2.0,0
S00348,WSSS,0.933724,104.217825,A350-900,wide_body,2900,weather,978,normal,1.0,1500.0,978.0,1703.869087,emergency,VTBS,4000,60,asphalt,ILS,1,1,advanced,1,major,1,1,1,1,1,1,1,open,none,safe,civil,0,1468.008481,1100,extended,3.0,0
S00348,WSSS,0.933724,104.217825,A350-900,wide_body,2900,weather,978,normal,1.0,1500.0,978.0,1703.869087,emergency,WIMM,3000,60,asphalt,RNAV,1,1,basic,1,basic,1,0,1,1,0,1,1,open,none,safe,civil,0,664.554929,100,preferred,4.0,0
S00349,UUEE,56.010336,37.685324,A321,narrow_body,2404,technical,1138,normal,1.0,1000.0,1000.0,1647.926571,aircraft_fuel,EFHK,3440,60,asphalt,ILS,1,1,advanced,1,major,1,1,1,1,1,1,1,open,none,safe,civil,0,884.487717,1036,preferred,1.0,1
S00349,UUEE,56.010336,37.685324,A321,narrow_body,2404,technical,1138,normal,1.0,1000.0,1000.0,1647.926571,aircraft_fuel,ULLI,3780,60,concrete,ILS,1,1,advanced,1,major,1,1,1,1,1,1,1,open,none,caution,civil,0,607.551893,1376,preferred,2.0,0
S00349,UUEE,56.010336,37.685324,A321,narrow_body,2404,technical,1138,normal,1.0,1000.0,1000.0,1647.926571,aircraft_fuel,UUEE,3700,60,concrete,ILS,1,1,advanced,1,major,1,1,1,1,1,1,1,open,none,caution,civil,0,17.448778,1296,preferred,3.0,0
S00349,UUEE,56.010336,37.685324,A321,narrow_body,2404,technical,1138,normal,1.0,1000.0,1000.0,1647.926571,aircraft_fuel,ENGM,3600,45,asphalt,ILS,1,1,advanced,1,major,1,1,1,1,1,1,1,open,none,safe,civil,0,1617.206183,1196,extended,4.0,0
S00349,UUEE,56.010336,37.685324,A321,narrow_body,2404,technical,1138,normal,1.0,1000.0,1000.0,1647.926571,aircraft_fuel,ESSA,3301,45,asphalt,ILS,1,1,advanced,1,major,1,1,1,1,1,1,1,open,none,safe,civil,0,1232.136738,897,extended,5.0,0
S00350,LIRF,41.951926,12.855018,A320,narrow_body,2305,technical,960,normal,1.0,950.0,950.0,1631.523543,aircraft_fuel,LEMD,4350,60,asphalt,ILS,1,1,advanced,1,major,1,1,1,1,1,1,1,open,none,safe,civil,1,1381.285738,2045,extended,1.0,1
S00350,LIRF,41.951926,12.855018,A320,narrow_body,2305,technical,960,normal,1.0,950.0,950.0,1631.523543,aircraft_fuel,LIRF,3902,60,asphalt,ILS,1,1,basic,1,major,1,1,1,1,1,1,1,open,none,safe,civil,1,52.546371,1597,preferred,2.0,0
S00350,LIRF,41.951926,12.855018,A320,narrow_body,2305,technical,960,normal,1.0,950.0,950.0,1631.523543,aircraft_fuel,LFPG,4215,45,asphalt,ILS,1,1,advanced,1,major,1,1,1,1,1,1,1,open,none,safe,civil,1,1120.942285,1910,extended,3.0,0
S00350,LIRF,41.951926,12.855018,A320,narrow_body,2305,technical,960,normal,1.0,950.0,950.0,1631.523543,aircraft_fuel,LTFM,4100,60,asphalt,ILS,1,1,advanced,1,major,1,1,1,1,1,1,0,open,none,safe,civil,0,1320.182375,1795,extended,4.0,0
S00350,LIRF,41.951926,12.855018,A320,narrow_body,2305,technical,960,normal,1.0,950.0,950.0,1631.523543,aircraft_fuel,EDDF,4000,60,asphalt,ILS,1,1,advanced,1,major,1,1,1,0,1,1,1,open,none,safe,civil,1,956.855679,1695,extended,5.0,0
S00350,LIRF,41.951926,12.855018,A320,narrow_body,2305,technical,960,normal,1.0,950.0,950.0,1631.523543,aircraft_fuel,LGAV,4000,45,asphalt,ILS,1,1,advanced,1,major,1,1,1,1,1,1,1,open,none,safe,civil,0,1044.421923,1695,extended,6.0,0
S00350,LIRF,41.951926,12.855018,A320,narrow_body,2305,technical,960,normal,1.0,950.0,950.0,1631.523543,aircraft_fuel,EGLL,3901,50,asphalt,ILS,1,1,advanced,1,major,1,1,1,1,1,1,1,open,none,safe,civil,1,1462.20056,1596,extended,7.0,0
S00350,LIRF,41.951926,12.855018,A320,narrow_body,2305,technical,960,normal,1.0,950.0,950.0,1631.523543,aircraft_fuel,EHAM,3800,60,asphalt,ILS,1,1,advanced,1,major,1,1,1,1,1,1,1,open,none,safe,civil,1,1302.284629,1495,extended,8.0,0
S00350,LIRF,41.951926,12.855018,A320,narrow_body,2305,technical,960,normal,1.0,950.0,950.0,1631.523543,aircraft_fuel,DTTA,3200,45,asphalt,RNAV,0,1,basic,1,basic,1,0,1,1,1,1,1,open,none,safe,civil,0,610.399081,895,preferred,9.0,0
S00350,LIRF,41.951926,12.855018,A320,narrow_body,2305,technical,960,normal,1.0,950.0,950.0,1631.523543,aircraft_fuel,DAAG,3500,60,asphalt,RNAV,0,1,basic,1,basic,1,1,1,1,1,1,0,open,none,safe,civil,0,1013.611432,1195,extended,10.0,0
S00350,LIRF,41.951926,12.855018,A320,narrow_body,2305,technical,960,normal,1.0,950.0,950.0,1631.523543,aircraft_fuel,EGKK,3317,45,asphalt,ILS,1,1,advanced,1,major,1,1,1,1,1,1,1,open,none,safe,civil,1,1424.331203,1012,extended,11.0,0
S00351,FAOR,-26.555761,28.354517,A380-800,very_large,3590,technical,1089,low,0.9,1440.0,1089.0,2104.96067,emergency,FAOR,4418,61,asphalt,ILS,1,1,advanced,1,major,1,1,1,1,1,1,1,open,none,safe,civil,0,47.451327,828,preferred,1.0,1
S00352,DNMM,6.548655,3.582767,A320,narrow_body,2258,weather,902,normal,1.0,950.0,902.0,1562.483337,emergency,DNMM,3900,60,asphalt,ILS,1,1,advanced,1,major,1,1,1,1,1,1,1,open,none,caution,civil,0,29.074598,1642,preferred,1.0,1
S00352,DNMM,6.548655,3.582767,A320,narrow_body,2258,weather,902,normal,1.0,950.0,902.0,1562.483337,emergency,DGAA,3403,61,asphalt,RNAV,0,0,none,1,basic,1,0,1,1,1,1,0,open,none,safe,civil,0,427.650126,1145,preferred,2.0,0
S00352,DNMM,6.548655,3.582767,A320,narrow_body,2258,weather,902,normal,1.0,950.0,902.0,1562.483337,emergency,DNAA,3609,60,asphalt,RNAV,0,0,none,1,basic,1,0,1,1,1,1,1,open,none,safe,joint,0,488.973064,1351,preferred,3.0,0
S00352,DNMM,6.548655,3.582767,A320,narrow_body,2258,weather,902,normal,1.0,950.0,902.0,1562.483337,emergency,DNKN,3200,46,asphalt,RNAV,0,0,none,1,basic,1,0,1,0,0,1,1,open,none,safe,joint,0,817.132526,942,preferred,4.0,0
S00353,OJAI,31.576913,35.716578,A330-300,wide_body,3066,operational_constraints,966,normal,1.0,1300.0,966.0,1779.547293,emergency,OTHH,4850,60,asphalt,ILS,1,1,advanced,1,major,1,1,1,1,1,1,1,open,none,safe,civil,0,1702.409826,1784,extended,1.0,1
S00353,OJAI,31.576913,35.716578,A330-300,wide_body,3066,operational_constraints,966,normal,1.0,1300.0,966.0,1779.547293,emergency,OKKK,4580,60,asphalt,ILS,1,1,advanced,1,major,1,1,1,1,1,1,1,open,none,safe,civil,0,1203.198905,1514,extended,2.0,0
S00353,OJAI,31.576913,35.716578,A330-300,wide_body,3066,operational_constraints,966,normal,1.0,1300.0,966.0,1779.547293,emergency,HECA,4000,60,asphalt,ILS,1,1,basic,1,major,1,1,1,1,1,1,1,open,none,safe,civil,0,443.387584,934,preferred,3.0,0
S00353,OJAI,31.576913,35.716578,A330-300,wide_body,3066,operational_constraints,966,normal,1.0,1300.0,966.0,1779.547293,emergency,OERK,4205,60,asphalt,ILS,1,1,advanced,1,major,1,1,1,1,1,1,1,open,none,safe,civil,0,1302.049126,1139,extended,4.0,0
S00353,OJAI,31.576913,35.716578,A330-300,wide_body,3066,operational_constraints,966,normal,1.0,1300.0,966.0,1779.547293,emergency,LTFM,4100,60,asphalt,ILS,1,1,advanced,1,major,1,1,1,1,1,1,0,open,none,safe,civil,0,1245.286531,1034,extended,5.0,0
S00353,OJAI,31.576913,35.716578,A330-300,wide_body,3066,operational_constraints,966,normal,1.0,1300.0,966.0,1779.547293,emergency,OJAI,3660,61,asphalt,ILS,1,1,advanced,1,major,1,1,1,1,1,1,1,open,none,safe,civil,0,30.790182,594,preferred,6.0,0
S00353,OJAI,31.576913,35.716578,A330-300,wide_body,3066,operational_constraints,966,normal,1.0,1300.0,966.0,1779.547293,emergency,LGAV,4000,45,asphalt,ILS,1,1,advanced,1,major,1,1,1,1,1,1,1,open,none,safe,civil,0,1285.457973,934,extended,7.0,0
S00353,OJAI,31.576913,35.716578,A330-300,wide_body,3066,operational_constraints,966,normal,1.0,1300.0,966.0,1779.547293,emergency,OBBI,3956,60,asphalt,ILS,1,1,advanced,1,major,1,1,1,1,1,1,1,open,none,safe,civil,0,1565.824009,890,extended,8.0,0
S00353,OJAI,31.576913,35.716578,A330-300,wide_body,3066,operational_constraints,966,normal,1.0,1300.0,966.0,1779.547293,emergency,LTAC,3750,45,asphalt,ILS,1,1,advanced,1,major,1,1,1,1,1,1,1,open,none,safe,joint,0,981.826622,684,extended,9.0,0
S00354,EDDF,50.185453,8.701397,E190,regional_jet,1954,mechanical,1066,low,0.9,720.0,720.0,1099.793126,aircraft_fuel,LFPG,4215,45,asphalt,ILS,1,1,advanced,1,major,1,1,1,1,1,1,1,open,none,safe,civil,1,461.79911,2261,preferred,1.0,1
S00354,EDDF,50.185453,8.701397,E190,regional_jet,1954,mechanical,1066,low,0.9,720.0,720.0,1099.793126,aircraft_fuel,EDDF,4000,60,asphalt,ILS,1,1,advanced,1,major,1,1,1,0,1,1,1,open,none,safe,civil,1,20.387786,2046,preferred,2.0,0
S00354,EDDF,50.185453,8.701397,E190,regional_jet,1954,mechanical,1066,low,0.9,720.0,720.0,1099.793126,aircraft_fuel,EGLL,3901,50,asphalt,ILS,1,1,advanced,1,major,1,1,1,1,1,1,1,open,none,safe,civil,1,658.660729,1947,preferred,3.0,0
S00354,EDDF,50.185453,8.701397,E190,regional_jet,1954,mechanical,1066,low,0.9,720.0,720.0,1099.793126,aircraft_fuel,EHAM,3800,60,asphalt,ILS,1,1,advanced,1,major,1,1,1,1,1,1,1,open,none,safe,civil,1,361.636634,1846,preferred,4.0,0
S00354,EDDF,50.185453,8.701397,E190,regional_jet,1954,mechanical,1066,low,0.9,720.0,720.0,1099.793126,aircraft_fuel,LIRF,3902,60,asphalt,ILS,1,1,basic,1,major,1,1,1,1,1,1,1,open,none,safe,civil,1,971.14321,1948,extended,5.0,0
S00354,EDDF,50.185453,8.701397,E190,regional_jet,1954,mechanical,1066,low,0.9,720.0,720.0,1099.793126,aircraft_fuel,EGKK,3317,45,asphalt,ILS,1,1,advanced,1,major,1,1,1,1,1,1,1,open,none,safe,civil,1,635.031295,1363,preferred,6.0,0
S00354,EDDF,50.185453,8.701397,E190,regional_jet,1954,mechanical,1066,low,0.9,720.0,720.0,1099.793126,aircraft_fuel,EIDW,3110,45,concrete,ILS,1,1,advanced,1,major,1,1,1,1,1,1,1,open,none,safe,civil,0,1087.699824,1156,extended,7.0,0
S00354,EDDF,50.185453,8.701397,E190,regional_jet,1954,mechanical,1066,low,0.9,720.0,720.0,1099.793126,aircraft_fuel,EGCC,3048,46,asphalt,ILS,1,1,advanced,1,major,1,1,1,1,1,1,1,open,none,safe,civil,1,832.252847,1094,extended,8.0,0
S00355,FACT,-33.475557,17.888353,A220-300,narrow_body,2160,technical,535,low,0.9,855.0,535.0,846.500264,emergency,FACT,3201,61,asphalt,RNAV,0,1,basic,1,basic,1,0,1,1,1,1,1,open,none,safe,civil,0,86.351841,1041,preferred,1.0,1
S00356,LCLK,34.47707,33.419696,B777-300ER,wide_body,3178,weather,744,critical,0.75,1125.0,744.0,1298.60935,emergency,HECA,4000,60,asphalt,ILS,1,1,basic,1,major,1,1,1,1,1,1,1,open,none,safe,civil,0,521.302158,822,preferred,1.0,1
S00356,LCLK,34.47707,33.419696,B777-300ER,wide_body,3178,weather,744,critical,0.75,1125.0,744.0,1298.60935,emergency,LTFM,4100,60,asphalt,ILS,1,1,advanced,1,major,1,1,1,1,1,1,0,open,none,safe,civil,0,860.253938,922,extended,2.0,0
S00356,LCLK,34.47707,33.419696,B777-300ER,wide_body,3178,weather,744,critical,0.75,1125.0,744.0,1298.60935,emergency,OJAI,3660,61,asphalt,ILS,1,1,advanced,1,major,1,1,1,1,1,1,1,open,none,safe,civil,0,388.90616,482,preferred,3.0,0
S00356,LCLK,34.47707,33.419696,B777-300ER,wide_body,3178,weather,744,critical,0.75,1125.0,744.0,1298.60935,emergency,LGAV,4000,45,asphalt,ILS,1,1,advanced,1,major,1,1,1,1,1,1,1,open,none,safe,civil,0,932.493859,822,extended,4.0,0
S00356,LCLK,34.47707,33.419696,B777-300ER,wide_body,3178,weather,744,critical,0.75,1125.0,744.0,1298.60935,emergency,LTAC,3750,45,asphalt,ILS,1,1,advanced,1,major,1,1,1,1,1,1,1,open,none,safe,joint,0,629.484773,572,preferred,5.0,0
S00357,NZAA,-37.327432,174.727794,B777-300ER,wide_body,3082,mechanical,1033,low,0.9,1350.0,1033.0,1949.192575,emergency,NZAA,3635,45,concrete,ILS,1,1,advanced,1,major,1,1,1,1,1,1,1,open,none,safe,civil,0,35.456959,553,preferred,1.0,1
S00358,WMKK,1.920286,101.133592,A320,narrow_body,2393,medical,878,normal,1.0,950.0,878.0,1478.641341,emergency,WMKK,4124,60,asphalt,ILS,1,1,advanced,1,major,1,1,1,1,1,1,1,open,none,safe,civil,0,111.904252,1731,preferred,1.0,1
S00358,WMKK,1.920286,101.133592,A320,narrow_body,2393,medical,878,normal,1.0,950.0,878.0,1478.641341,emergency,WSSS,4000,60,asphalt,ILS,1,1,advanced,1,major,1,1,1,1,1,1,1,open,none,safe,civil,1,324.190496,1607,preferred,2.0,0
S00358,WMKK,1.920286,101.133592,A320,narrow_body,2393,medical,878,normal,1.0,950.0,878.0,1478.641341,emergency,VTBS,4000,60,asphalt,ILS,1,1,advanced,1,major,1,1,1,1,1,1,1,open,none,safe,civil,0,1308.433589,1607,extended,3.0,0
S00358,WMKK,1.920286,101.133592,A320,narrow_body,2393,medical,878,normal,1.0,950.0,878.0,1478.641341,emergency,WIMM,3000,60,asphalt,RNAV,1,1,basic,1,basic,1,0,1,1,0,1,1,open,none,safe,civil,0,314.618742,607,preferred,4.0,0
S00359,HKJK,-1.291178,37.349671,A321,narrow_body,2461,weather,1182,low,0.9,900.0,900.0,1509.426244,aircraft_fuel,HKJK,4117,45,asphalt,RNAV,0,1,basic,1,basic,1,0,1,1,1,1,1,open,none,safe,civil,0,46.95081,1656,preferred,1.0,1
S00360,WSSS,1.002886,103.677035,A220-300,narrow_body,2105,security,711,normal,1.0,950.0,711.0,1108.989033,emergency,WMKK,4124,60,asphalt,ILS,1,1,advanced,1,major,1,1,1,1,1,1,1,open,none,safe,civil,0,292.122741,2019,preferred,1.0,1
S00360,WSSS,1.002886,103.677035,A220-300,narrow_body,2105,security,711,normal,1.0,950.0,711.0,1108.989033,emergency,WSSS,4000,60,asphalt,ILS,1,1,advanced,1,major,1,1,1,1,1,1,1,open,none,safe,civil,1,52.278897,1895,preferred,2.0,0
S00360,WSSS,1.002886,103.677035,A220-300,narrow_body,2105,security,711,normal,1.0,950.0,711.0,1108.989033,emergency,WIMM,3000,60,asphalt,RNAV,1,1,basic,1,basic,1,0,1,1,0,1,1,open,none,safe,civil,0,607.843741,895,preferred,3.0,0
S00361,HKJK,-1.012013,36.944068,A220-300,narrow_body,2037,medical,869,normal,1.0,950.0,869.0,1401.247335,emergency,HKJK,4117,45,asphalt,RNAV,0,1,basic,1,basic,1,0,1,1,1,1,1,open,none,safe,civil,0,34.168101,2080,preferred,1.0,1
S00362,VIDP,28.651502,77.238151,A319,narrow_body,2095,technical,950,normal,1.0,900.0,900.0,1412.608296,aircraft_fuel,VIDP,4430,60,asphalt,ILS,1,1,advanced,1,major,1,1,1,1,1,1,1,open,none,safe,civil,1,17.562098,2335,preferred,1.0,1
S00362,VIDP,28.651502,77.238151,A319,narrow_body,2095,technical,950,normal,1.0,900.0,900.0,1412.608296,aircraft_fuel,VABB,3509,60,asphalt,ILS,1,1,advanced,1,major,1,1,1,1,1,1,1,open,none,safe,civil,1,1152.134937,1414,extended,2.0,0
S00362,VIDP,28.651502,77.238151,A319,narrow_body,2095,technical,950,normal,1.0,900.0,900.0,1412.608296,aircraft_fuel,OPLA,3360,46,concrete,RNAV,0,0,none,1,basic,1,0,1,1,1,1,1,open,none,caution,civil,0,419.753284,1265,preferred,3.0,0
S00362,VIDP,28.651502,77.238151,A319,narrow_body,2095,technical,950,normal,1.0,900.0,900.0,1412.608296,aircraft_fuel,OPKC,3400,46,concrete,RNAV,0,1,basic,1,basic,1,1,1,1,1,1,1,open,none,caution,civil,0,1083.051995,1305,extended,4.0,0
S00362,VIDP,28.651502,77.238151,A319,narrow_body,2095,technical,950,normal,1.0,900.0,900.0,1412.608296,aircraft_fuel,VNKT,3350,45,asphalt,VOR,0,0,none,0,none,0,0,1,1,1,1,1,open,none,caution,civil,0,802.90351,1255,preferred,5.0,0
S00363,LCLK,34.365336,33.856111,A320,narrow_body,2297,technical,403,normal,1.0,950.0,403.0,673.54426,emergency,OJAI,3660,61,asphalt,ILS,1,1,advanced,1,major,1,1,1,1,1,1,1,open,none,safe,civil,0,354.985786,1363,preferred,1.0,1
S00363,LCLK,34.365336,33.856111,A320,narrow_body,2297,technical,403,normal,1.0,950.0,403.0,673.54426,emergency,HECA,4000,60,asphalt,ILS,1,1,basic,1,major,1,1,1,1,1,1,1,open,none,safe,civil,0,526.479178,1703,extended,2.0,0
S00363,LCLK,34.365336,33.856111,A320,narrow_body,2297,technical,403,normal,1.0,950.0,403.0,673.54426,emergency,LTAC,3750,45,asphalt,ILS,1,1,advanced,1,major,1,1,1,1,1,1,1,open,none,safe,joint,0,645.296111,1453,extended,3.0,0
S00363,LCLK,34.365336,33.856111,A320,narrow_body,2297,technical,403,normal,1.0,950.0,403.0,673.54426,emergency,LCLK,2987,45,asphalt,ILS,1,0,none,1,basic,1,0,1,1,1,1,1,open,none,safe,civil,0,60.502792,690,preferred,4.0,0
S00364,OPKC,24.699381,65.571262,B737 MAX 8,narrow_body,2353,medical,880,normal,1.0,1000.0,880.0,1472.117248,emergency,OTHH,4850,60,asphalt,ILS,1,1,advanced,1,major,1,1,1,1,1,1,1,open,none,safe,civil,0,1408.136938,2497,extended,1.0,1
S00364,OPKC,24.699381,65.571262,B737 MAX 8,narrow_body,2353,medical,880,normal,1.0,1000.0,880.0,1472.117248,emergency,OOMS,4080,45,asphalt,ILS,1,1,advanced,1,major,1,1,1,1,1,1,1,open,none,safe,civil,0,749.193991,1727,preferred,2.0,0
S00364,OPKC,24.699381,65.571262,B737 MAX 8,narrow_body,2353,medical,880,normal,1.0,1000.0,880.0,1472.117248,emergency,OMDB,4447,60,asphalt,ILS,1,1,advanced,1,major,1,1,1,1,1,1,1,open,none,safe,civil,1,1029.734592,2094,extended,3.0,0
S00364,OPKC,24.699381,65.571262,B737 MAX 8,narrow_body,2353,medical,880,normal,1.0,1000.0,880.0,1472.117248,emergency,VIDP,4430,60,asphalt,ILS,1,1,advanced,1,major,1,1,1,1,1,1,1,open,none,safe,civil,1,1222.401342,2077,extended,4.0,0
S00364,OPKC,24.699381,65.571262,B737 MAX 8,narrow_body,2353,medical,880,normal,1.0,1000.0,880.0,1472.117248,emergency,OMAA,4106,60,asphalt,ILS,1,1,advanced,1,major,1,1,1,1,1,1,1,open,none,safe,civil,0,1104.588733,1753,extended,5.0,0
S00364,OPKC,24.699381,65.571262,B737 MAX 8,narrow_body,2353,medical,880,normal,1.0,1000.0,880.0,1472.117248,emergency,VABB,3509,60,asphalt,ILS,1,1,advanced,1,major,1,1,1,1,1,1,1,open,none,safe,civil,1,977.343068,1156,extended,6.0,0
S00364,OPKC,24.699381,65.571262,B737 MAX 8,narrow_body,2353,medical,880,normal,1.0,1000.0,880.0,1472.117248,emergency,OPKC,3400,46,concrete,RNAV,0,1,basic,1,basic,1,1,1,1,1,1,1,open,none,caution,civil,0,162.087724,1047,preferred,7.0,0
S00365,KORD,42.097737,-87.623067,A320,narrow_body,2333,weather,1186,low,0.9,855.0,855.0,1343.750156,aircraft_fuel,KJFK,4423,61,asphalt,ILS,1,1,advanced,1,major,1,1,1,1,1,1,1,open,none,safe,civil,1,1165.24775,2090,extended,1.0,1
S00365,KORD,42.097737,-87.623067,A320,narrow_body,2333,weather,1186,low,0.9,855.0,855.0,1343.750156,aircraft_fuel,KORD,3962,46,concrete,ILS,1,1,advanced,1,major,1,1,1,1,1,1,1,open,none,safe,civil,0,26.773761,1629,preferred,2.0,0
S00365,KORD,42.097737,-87.623067,A320,narrow_body,2333,weather,1186,low,0.9,855.0,855.0,1343.750156,aircraft_fuel,KATL,3776,46,concrete,ILS,1,1,advanced,1,major,1,1,1,1,1,1,1,open,none,safe,civil,0,981.527787,1443,extended,3.0,0
S00365,KORD,42.097737,-87.623067,A320,narrow_body,2333,weather,1186,low,0.9,855.0,855.0,1343.750156,aircraft_fuel,CYYZ,3389,61,asphalt,ILS,1,1,advanced,1,major,1,1,1,1,1,1,1,open,none,safe,civil,1,674.183077,1056,preferred,4.0,0
S00366,RJTT,35.279752,139.017287,E170,regional_jet,1721,medical,996,normal,1.0,700.0,700.0,1027.379094,aircraft_fuel,RJAA,4000,60,asphalt,ILS,1,1,advanced,1,major,1,1,1,0,1,1,1,open,none,safe,civil,1,135.490719,2279,preferred,1.0,1
S00366,RJTT,35.279752,139.017287,E170,regional_jet,1721,medical,996,normal,1.0,700.0,700.0,1027.379094,aircraft_fuel,RJTT,3360,61,asphalt,ILS,1,1,advanced,1,major,1,1,1,1,1,1,1,open,none,safe,civil,1,75.932253,1639,preferred,2.0,0
S00366,RJTT,35.279752,139.017287,E170,regional_jet,1721,medical,996,normal,1.0,700.0,700.0,1027.379094,aircraft_fuel,RJCC,3000,61,asphalt,RNAV,0,1,basic,1,basic,1,1,1,1,1,1,1,open,none,safe,joint,0,864.670134,1279,extended,3.0,0
S00367,EGKK,51.180002,-1.780725,E170,regional_jet,1802,technical,625,normal,1.0,700.0,625.0,956.811171,emergency,LFPG,4215,45,asphalt,ILS,1,1,advanced,1,major,1,1,1,1,1,1,1,open,none,safe,civil,1,392.185315,2413,preferred,1.0,1
S00367,EGKK,51.180002,-1.780725,E170,regional_jet,1802,technical,625,normal,1.0,700.0,625.0,956.811171,emergency,EGLL,3901,50,asphalt,ILS,1,1,advanced,1,major,1,1,1,1,1,1,1,open,none,safe,civil,1,97.303415,2099,preferred,2.0,0
S00367,EGKK,51.180002,-1.780725,E170,regional_jet,1802,technical,625,normal,1.0,700.0,625.0,956.811171,emergency,EHAM,3800,60,asphalt,ILS,1,1,advanced,1,major,1,1,1,1,1,1,1,open,none,safe,civil,1,467.551897,1998,preferred,3.0,0
S00367,EGKK,51.180002,-1.780725,E170,regional_jet,1802,technical,625,normal,1.0,700.0,625.0,956.811171,emergency,EDDF,4000,60,asphalt,ILS,1,1,advanced,1,major,1,1,1,0,1,1,1,open,none,safe,civil,1,740.202226,2198,extended,4.0,0
S00367,EGKK,51.180002,-1.780725,E170,regional_jet,1802,technical,625,normal,1.0,700.0,625.0,956.811171,emergency,EGKK,3317,45,asphalt,ILS,1,1,advanced,1,major,1,1,1,1,1,1,1,open,none,safe,civil,1,111.268949,1515,preferred,5.0,0
S00367,EGKK,51.180002,-1.780725,E170,regional_jet,1802,technical,625,normal,1.0,700.0,625.0,956.811171,emergency,EIDW,3110,45,concrete,ILS,1,1,advanced,1,major,1,1,1,1,1,1,1,open,none,safe,civil,0,394.033972,1308,preferred,6.0,0
S00367,EGKK,51.180002,-1.780725,E170,regional_jet,1802,technical,625,normal,1.0,700.0,625.0,956.811171,emergency,EGCC,3048,46,asphalt,ILS,1,1,advanced,1,major,1,1,1,1,1,1,1,open,none,safe,civil,1,244.036005,1246,preferred,7.0,0
S00368,HKJK,-1.186519,37.261199,E170,regional_jet,1664,mechanical,428,normal,1.0,700.0,428.0,615.175248,emergency,HKJK,4117,45,asphalt,RNAV,0,1,basic,1,basic,1,0,1,1,1,1,1,open,none,safe,civil,0,39.834229,2453,preferred,1.0,1
S00369,OPLA,31.377964,74.589232,CRJ900,regional_jet,1841,fuel,463,normal,1.0,700.0,463.0,648.266656,emergency,VIDP,4430,60,asphalt,ILS,1,1,advanced,1,major,1,1,1,1,1,1,1,open,none,safe,civil,1,395.89919,2589,preferred,1.0,1
S00369,OPLA,31.377964,74.589232,CRJ900,regional_jet,1841,fuel,463,normal,1.0,700.0,463.0,648.266656,emergency,OPLA,3360,46,concrete,RNAV,0,0,none,1,basic,1,0,1,1,1,1,1,open,none,caution,civil,0,23.773191,1519,preferred,2.0,0
S00370,ESSA,59.790148,18.64803,B737 MAX 8,narrow_body,2381,fuel,754,low,0.9,900.0,754.0,1312.394623,emergency,EDDF,4000,60,asphalt,ILS,1,1,advanced,1,major,1,1,1,0,1,1,1,open,none,safe,civil,1,1259.66923,1619,extended,1.0,1
S00370,ESSA,59.790148,18.64803,B737 MAX 8,narrow_body,2381,fuel,754,low,0.9,900.0,754.0,1312.394623,emergency,ENGM,3600,45,asphalt,ILS,1,1,advanced,1,major,1,1,1,1,1,1,1,open,none,safe,civil,0,421.889497,1219,preferred,2.0,0
S00370,ESSA,59.790148,18.64803,B737 MAX 8,narrow_body,2381,fuel,754,low,0.9,900.0,754.0,1312.394623,emergency,EFHK,3440,60,asphalt,ILS,1,1,advanced,1,major,1,1,1,1,1,1,1,open,none,safe,civil,0,355.282138,1059,preferred,3.0,0
S00370,ESSA,59.790148,18.64803,B737 MAX 8,narrow_body,2381,fuel,754,low,0.9,900.0,754.0,1312.394623,emergency,EHAM,3800,60,asphalt,ILS,1,1,advanced,1,major,1,1,1,1,1,1,1,open,none,safe,civil,1,1193.702332,1419,extended,4.0,0
S00370,ESSA,59.790148,18.64803,B737 MAX 8,narrow_body,2381,fuel,754,low,0.9,900.0,754.0,1312.394623,emergency,ULLI,3780,60,concrete,ILS,1,1,advanced,1,major,1,1,1,1,1,1,1,open,none,caution,civil,0,648.89788,1399,preferred,5.0,0
S00370,ESSA,59.790148,18.64803,B737 MAX 8,narrow_body,2381,fuel,754,low,0.9,900.0,754.0,1312.394623,emergency,ESSA,3301,45,asphalt,ILS,1,1,advanced,1,major,1,1,1,1,1,1,1,open,none,safe,civil,0,43.291566,920,preferred,6.0,0
S00370,ESSA,59.790148,18.64803,B737 MAX 8,narrow_body,2381,fuel,754,low,0.9,900.0,754.0,1312.394623,emergency,UUEE,3700,60,concrete,ILS,1,1,advanced,1,major,1,1,1,1,1,1,1,open,none,caution,civil,0,1182.512148,1319,extended,7.0,0
S00371,MMMX,19.628887,-98.852525,B737-800,narrow_body,2268,technical,849,normal,1.0,950.0,849.0,1512.6416,emergency,MMMX,3952,45,asphalt,ILS,1,1,basic,1,major,1,1,1,1,1,1,1,open,none,safe,civil,0,31.334524,1684,preferred,1.0,1
S00372,RPLL,14.595852,121.507387,E190,regional_jet,1899,medical,1096,normal,1.0,800.0,800.0,1234.855231,aircraft_fuel,RPLL,3737,60,concrete,ILS,1,1,basic,1,basic,1,1,1,1,1,1,1,open,none,caution,civil,0,53.346298,1838,preferred,1.0,1
S00372,RPLL,14.595852,121.507387,E190,regional_jet,1899,medical,1096,normal,1.0,800.0,800.0,1234.855231,aircraft_fuel,RCTP,3660,60,concrete,ILS,1,1,advanced,1,major,1,1,1,1,1,1,1,open,none,safe,civil,0,1165.880245,1761,extended,2.0,0
S00373,GMMN,32.686262,-6.721743,B737-800,narrow_body,2319,operational_constraints,1139,normal,1.0,950.0,950.0,1581.770613,aircraft_fuel,LEMD,4350,60,asphalt,ILS,1,1,advanced,1,major,1,1,1,1,1,1,1,open,none,safe,civil,1,912.337244,2031,preferred,1.0,1
S00373,GMMN,32.686262,-6.721743,B737-800,narrow_body,2319,operational_constraints,1139,normal,1.0,950.0,950.0,1581.770613,aircraft_fuel,GMMN,3720,45,asphalt,ILS,1,1,advanced,1,major,1,1,1,1,1,1,1,open,none,safe,civil,0,110.858424,1401,preferred,2.0,0
S00373,GMMN,32.686262,-6.721743,B737-800,narrow_body,2319,operational_constraints,1139,normal,1.0,950.0,950.0,1581.770613,aircraft_fuel,LPPT,3707,45,asphalt,ILS,1,1,advanced,1,major,1,1,1,1,1,1,1,open,none,safe,civil,0,711.824708,1388,preferred,3.0,0
S00373,GMMN,32.686262,-6.721743,B737-800,narrow_body,2319,operational_constraints,1139,normal,1.0,950.0,950.0,1581.770613,aircraft_fuel,DAAG,3500,60,asphalt,RNAV,0,1,basic,1,basic,1,1,1,1,1,1,0,open,none,safe,civil,0,1011.13896,1181,extended,4.0,0
S00374,WSSS,1.048455,103.933164,A321,narrow_body,2359,security,971,normal,1.0,1000.0,971.0,1586.539669,emergency,WMKK,4124,60,asphalt,ILS,1,1,advanced,1,major,1,1,1,1,1,1,1,open,none,safe,civil,0,310.887115,1765,preferred,1.0,1
S00374,WSSS,1.048455,103.933164,A321,narrow_body,2359,security,971,normal,1.0,1000.0,971.0,1586.539669,emergency,WSSS,4000,60,asphalt,ILS,1,1,advanced,1,major,1,1,1,1,1,1,1,open,none,safe,civil,1,34.226327,1641,preferred,2.0,0
S00374,WSSS,1.048455,103.933164,A321,narrow_body,2359,security,971,normal,1.0,1000.0,971.0,1586.539669,emergency,VTBS,4000,60,asphalt,ILS,1,1,advanced,1,major,1,1,1,1,1,1,1,open,none,safe,civil,0,1447.781767,1641,extended,3.0,0
S00374,WSSS,1.048455,103.933164,A321,narrow_body,2359,security,971,normal,1.0,1000.0,971.0,1586.539669,emergency,WIMM,3000,60,asphalt,RNAV,1,1,basic,1,basic,1,0,1,1,0,1,1,open,none,safe,civil,0,630.572955,641,preferred,4.0,0
S00375,RJTT,35.002461,140.116172,B737 MAX 8,narrow_body,2511,operational_constraints,600,normal,1.0,1000.0,600.0,920.691671,emergency,RJAA,4000,60,asphalt,ILS,1,1,advanced,1,major,1,1,1,0,1,1,1,open,none,safe,civil,1,88.698967,1489,preferred,1.0,1
S00375,RJTT,35.002461,140.116172,B737 MAX 8,narrow_body,2511,operational_constraints,600,normal,1.0,1000.0,600.0,920.691671,emergency,RJTT,3360,61,asphalt,ILS,1,1,advanced,1,major,1,1,1,1,1,1,1,open,none,safe,civil,1,67.7905,849,preferred,2.0,0
S00375,RJTT,35.002461,140.116172,B737 MAX 8,narrow_body,2511,operational_constraints,600,normal,1.0,1000.0,600.0,920.691671,emergency,RJCC,3000,61,asphalt,RNAV,0,1,basic,1,basic,1,1,1,1,1,1,1,open,none,safe,joint,0,874.865538,489,extended,3.0,0
S00376,UOOO,68.474392,88.723086,A320,narrow_body,2353,technical,1019,low,0.9,855.0,855.0,1478.961915,aircraft_fuel,UOOO,2800,45,concrete,VOR,0,0,none,1,basic,1,0,1,0,0,1,0,open,restricted,caution,joint,0,108.427804,447,preferred,1.0,1
S00377,DAAG,37.380206,3.40571,B737-800,narrow_body,2380,weather,1013,low,0.9,855.0,855.0,1414.553167,aircraft_fuel,LEMD,4350,60,asphalt,ILS,1,1,advanced,1,major,1,1,1,1,1,1,1,open,none,safe,civil,1,695.44816,1970,preferred,1.0,1
S00377,DAAG,37.380206,3.40571,B737-800,narrow_body,2380,weather,1013,low,0.9,855.0,855.0,1414.553167,aircraft_fuel,LFPG,4215,45,asphalt,ILS,1,1,advanced,1,major,1,1,1,1,1,1,1,open,none,safe,civil,1,1294.876848,1835,extended,2.0,0
S00377,DAAG,37.380206,3.40571,B737-800,narrow_body,2380,weather,1013,low,0.9,855.0,855.0,1414.553167,aircraft_fuel,LIRF,3902,60,asphalt,ILS,1,1,basic,1,major,1,1,1,1,1,1,1,open,none,safe,civil,1,902.921933,1522,extended,3.0,0
S00377,DAAG,37.380206,3.40571,B737-800,narrow_body,2380,weather,1013,low,0.9,855.0,855.0,1414.553167,aircraft_fuel,DAAG,3500,60,asphalt,RNAV,0,1,basic,1,basic,1,1,1,1,1,1,0,open,none,safe,civil,0,78.179093,1120,preferred,4.0,0
S00377,DAAG,37.380206,3.40571,B737-800,narrow_body,2380,weather,1013,low,0.9,855.0,855.0,1414.553167,aircraft_fuel,GMMN,3720,45,asphalt,ILS,1,1,advanced,1,major,1,1,1,1,1,1,1,open,none,safe,civil,0,1091.307577,1340,extended,5.0,0
S00377,DAAG,37.380206,3.40571,B737-800,narrow_body,2380,weather,1013,low,0.9,855.0,855.0,1414.553167,aircraft_fuel,LPPT,3707,45,asphalt,ILS,1,1,advanced,1,major,1,1,1,1,1,1,1,open,none,safe,civil,0,1107.817319,1327,extended,6.0,0
S00377,DAAG,37.380206,3.40571,B737-800,narrow_body,2380,weather,1013,low,0.9,855.0,855.0,1414.553167,aircraft_fuel,DTTA,3200,45,asphalt,RNAV,0,1,basic,1,basic,1,0,1,1,1,1,1,open,none,safe,civil,0,607.575106,820,preferred,7.0,0
S00378,CYYZ,43.600471,-79.890241,B747-8,very_large,3513,technical,674,low,0.9,1395.0,674.0,1137.726866,emergency,KJFK,4423,61,asphalt,ILS,1,1,advanced,1,major,1,1,1,1,1,1,1,open,none,safe,civil,1,601.776769,910,preferred,1.0,1
S00378,CYYZ,43.600471,-79.890241,B747-8,very_large,3513,technical,674,low,0.9,1395.0,674.0,1137.726866,emergency,KORD,3962,46,concrete,ILS,1,1,advanced,1,major,1,1,1,1,1,1,1,open,none,safe,civil,0,678.092134,449,extended,2.0,0
S00379,DNKN,12.021255,9.190318,B737 MAX 8,narrow_body,2522,weather,840,critical,0.75,750.0,750.0,1182.648994,aircraft_fuel,DNAA,3609,60,asphalt,RNAV,0,0,none,1,basic,1,0,1,1,1,1,1,open,none,safe,joint,0,395.896256,1087,preferred,1.0,1
S00379,DNKN,12.021255,9.190318,B737 MAX 8,narrow_body,2522,weather,840,critical,0.75,750.0,750.0,1182.648994,aircraft_fuel,DNMM,3900,60,asphalt,ILS,1,1,advanced,1,major,1,1,1,1,1,1,1,open,none,caution,civil,0,883.67004,1378,extended,2.0,0
S00379,DNKN,12.021255,9.190318,B737 MAX 8,narrow_body,2522,weather,840,critical,0.75,750.0,750.0,1182.648994,aircraft_fuel,DNKN,3200,46,asphalt,RNAV,0,0,none,1,basic,1,0,1,0,0,1,1,open,none,safe,joint,0,72.454642,678,preferred,3.0,0
S00380,HELX,26.156675,31.536426,B787-9,wide_body,2973,security,606,normal,1.0,1400.0,606.0,997.551423,emergency,HECA,4000,60,asphalt,ILS,1,1,basic,1,major,1,1,1,1,1,1,1,open,none,safe,civil,0,439.9735,1027,preferred,1.0,1
S00380,HELX,26.156675,31.536426,B787-9,wide_body,2973,security,606,normal,1.0,1400.0,606.0,997.551423,emergency,OJAI,3660,61,asphalt,ILS,1,1,advanced,1,major,1,1,1,1,1,1,1,open,none,safe,civil,0,755.526567,687,extended,2.0,0
S00380,HELX,26.156675,31.536426,B787-9,wide_body,2973,security,606,normal,1.0,1400.0,606.0,997.551423,emergency,HELX,3000,45,asphalt,RNAV,0,0,none,1,basic,1,0,1,0,0,1,1,open,none,safe,joint,0,128.892654,27,preferred,3.0,0
S00380,HELX,26.156675,31.536426,B787-9,wide_body,2973,security,606,normal,1.0,1400.0,606.0,997.551423,emergency,LCLK,2987,45,asphalt,ILS,1,0,none,1,basic,1,0,1,1,1,1,1,open,none,safe,civil,0,989.792026,14,extended,4.0,0
S00381,OKKK,29.70705,47.374972,B737 MAX 8,narrow_body,2342,weather,1057,critical,0.75,750.0,750.0,1231.478263,aircraft_fuel,OTHH,4850,60,asphalt,ILS,1,1,advanced,1,major,1,1,1,1,1,1,1,open,none,safe,civil,0,645.95719,2508,preferred,1.0,1
S00381,OKKK,29.70705,47.374972,B737 MAX 8,narrow_body,2342,weather,1057,critical,0.75,750.0,750.0,1231.478263,aircraft_fuel,OKKK,4580,60,asphalt,ILS,1,1,advanced,1,major,1,1,1,1,1,1,1,open,none,safe,civil,0,78.711704,2238,preferred,2.0,0
S00381,OKKK,29.70705,47.374972,B737 MAX 8,narrow_body,2342,weather,1057,critical,0.75,750.0,750.0,1231.478263,aircraft_fuel,OERK,4205,60,asphalt,ILS,1,1,advanced,1,major,1,1,1,1,1,1,1,open,none,safe,civil,0,532.317456,1863,preferred,3.0,0
S00381,OKKK,29.70705,47.374972,B737 MAX 8,narrow_body,2342,weather,1057,critical,0.75,750.0,750.0,1231.478263,aircraft_fuel,OMDB,4447,60,asphalt,ILS,1,1,advanced,1,major,1,1,1,1,1,1,1,open,none,safe,civil,1,931.172537,2105,extended,4.0,0
S00381,OKKK,29.70705,47.374972,B737 MAX 8,narrow_body,2342,weather,1057,critical,0.75,750.0,750.0,1231.478263,aircraft_fuel,OBBI,3956,60,asphalt,ILS,1,1,advanced,1,major,1,1,1,1,1,1,1,open,none,safe,civil,0,498.862572,1614,preferred,5.0,0
S00381,OKKK,29.70705,47.374972,B737 MAX 8,narrow_body,2342,weather,1057,critical,0.75,750.0,750.0,1231.478263,aircraft_fuel,OMAA,4106,60,asphalt,ILS,1,1,advanced,1,major,1,1,1,1,1,1,1,open,none,safe,civil,0,927.799298,1764,extended,6.0,0
S00381,OKKK,29.70705,47.374972,B737 MAX 8,narrow_body,2342,weather,1057,critical,0.75,750.0,750.0,1231.478263,aircraft_fuel,OJAI,3660,61,asphalt,ILS,1,1,advanced,1,major,1,1,1,1,1,1,1,open,none,safe,civil,0,1110.328633,1318,extended,7.0,0
S00382,OTHH,25.565183,52.074308,B737-800,narrow_body,2374,weather,890,critical,0.75,712.5,712.5,1238.684964,aircraft_fuel,OTHH,4850,60,asphalt,ILS,1,1,advanced,1,major,1,1,1,1,1,1,1,open,none,safe,civil,0,56.989467,2476,preferred,1.0,1
S00382,OTHH,25.565183,52.074308,B737-800,narrow_body,2374,weather,890,critical,0.75,712.5,712.5,1238.684964,aircraft_fuel,OKKK,4580,60,asphalt,ILS,1,1,advanced,1,major,1,1,1,1,1,1,1,open,none,safe,civil,0,574.151132,2206,preferred,2.0,0
S00382,OTHH,25.565183,52.074308,B737-800,narrow_body,2374,weather,890,critical,0.75,712.5,712.5,1238.684964,aircraft_fuel,OMDB,4447,60,asphalt,ILS,1,1,advanced,1,major,1,1,1,1,1,1,1,open,none,safe,civil,1,332.962132,2073,preferred,3.0,0
S00382,OTHH,25.565183,52.074308,B737-800,narrow_body,2374,weather,890,critical,0.75,712.5,712.5,1238.684964,aircraft_fuel,OERK,4205,60,asphalt,ILS,1,1,advanced,1,major,1,1,1,1,1,1,1,open,none,safe,civil,0,544.734085,1831,preferred,4.0,0
S00382,OTHH,25.565183,52.074308,B737-800,narrow_body,2374,weather,890,critical,0.75,712.5,712.5,1238.684964,aircraft_fuel,OMAA,4106,60,asphalt,ILS,1,1,advanced,1,major,1,1,1,1,1,1,1,open,none,safe,civil,0,288.018316,1732,preferred,5.0,0
S00382,OTHH,25.565183,52.074308,B737-800,narrow_body,2374,weather,890,critical,0.75,712.5,712.5,1238.684964,aircraft_fuel,OOMS,4080,45,asphalt,ILS,1,1,advanced,1,major,1,1,1,1,1,1,1,open,none,safe,civil,0,664.854511,1706,preferred,6.0,0
S00382,OTHH,25.565183,52.074308,B737-800,narrow_body,2374,weather,890,critical,0.75,712.5,712.5,1238.684964,aircraft_fuel,OBBI,3956,60,asphalt,ILS,1,1,advanced,1,major,1,1,1,1,1,1,1,open,none,safe,civil,0,163.523041,1582,preferred,7.0,0
S00383,OOMS,23.131844,58.040047,A330-300,wide_body,2913,security,821,low,0.9,1170.0,821.0,1340.935312,emergency,OTHH,4850,60,asphalt,ILS,1,1,advanced,1,major,1,1,1,1,1,1,1,open,none,safe,civil,0,694.320269,1937,preferred,1.0,1
S00383,OOMS,23.131844,58.040047,A330-300,wide_body,2913,security,821,low,0.9,1170.0,821.0,1340.935312,emergency,OMDB,4447,60,asphalt,ILS,1,1,advanced,1,major,1,1,1,1,1,1,1,open,none,safe,civil,1,358.80088,1534,preferred,2.0,0
S00383,OOMS,23.131844,58.040047,A330-300,wide_body,2913,security,821,low,0.9,1170.0,821.0,1340.935312,emergency,OKKK,4580,60,asphalt,ILS,1,1,advanced,1,major,1,1,1,1,1,1,1,open,none,safe,civil,0,1211.05055,1667,extended,3.0,0
S00383,OOMS,23.131844,58.040047,A330-300,wide_body,2913,security,821,low,0.9,1170.0,821.0,1340.935312,emergency,OMAA,4106,60,asphalt,ILS,1,1,advanced,1,major,1,1,1,1,1,1,1,open,none,safe,civil,0,374.446627,1193,preferred,4.0,0
S00383,OOMS,23.131844,58.040047,A330-300,wide_body,2913,security,821,low,0.9,1170.0,821.0,1340.935312,emergency,OOMS,4080,45,asphalt,ILS,1,1,advanced,1,major,1,1,1,1,1,1,1,open,none,safe,civil,0,57.783762,1167,preferred,5.0,0
S00383,OOMS,23.131844,58.040047,A330-300,wide_body,2913,security,821,low,0.9,1170.0,821.0,1340.935312,emergency,OERK,4205,60,asphalt,ILS,1,1,advanced,1,major,1,1,1,1,1,1,1,open,none,safe,civil,0,1169.03335,1292,extended,6.0,0
S00383,OOMS,23.131844,58.040047,A330-300,wide_body,2913,security,821,low,0.9,1170.0,821.0,1340.935312,emergency,OBBI,3956,60,asphalt,ILS,1,1,advanced,1,major,1,1,1,1,1,1,1,open,none,safe,civil,0,824.864877,1043,extended,7.0,0
S00383,OOMS,23.131844,58.040047,A330-300,wide_body,2913,security,821,low,0.9,1170.0,821.0,1340.935312,emergency,OPKC,3400,46,concrete,RNAV,0,1,basic,1,basic,1,1,1,1,1,1,1,open,none,caution,civil,0,946.93045,487,extended,8.0,0
S00384,EDDF,49.819562,8.428548,A319,narrow_body,2097,mechanical,481,normal,1.0,900.0,481.0,830.864496,emergency,LFPG,4215,45,asphalt,ILS,1,1,advanced,1,major,1,1,1,1,1,1,1,open,none,safe,civil,1,434.297654,2118,preferred,1.0,1
S00384,EDDF,49.819562,8.428548,A319,narrow_body,2097,mechanical,481,normal,1.0,900.0,481.0,830.864496,emergency,EDDF,4000,60,asphalt,ILS,1,1,advanced,1,major,1,1,1,0,1,1,1,open,none,safe,civil,1,24.837143,1903,preferred,2.0,0
S00384,EDDF,49.819562,8.428548,A319,narrow_body,2097,mechanical,481,normal,1.0,900.0,481.0,830.864496,emergency,EHAM,3800,60,asphalt,ILS,1,1,advanced,1,major,1,1,1,1,1,1,1,open,none,safe,civil,1,376.975825,1703,preferred,3.0,0
S00384,EDDF,49.819562,8.428548,A319,narrow_body,2097,mechanical,481,normal,1.0,900.0,481.0,830.864496,emergency,EGLL,3901,50,asphalt,ILS,1,1,advanced,1,major,1,1,1,1,1,1,1,open,none,safe,civil,1,652.600155,1804,extended,4.0,0
S00384,EDDF,49.819562,8.428548,A319,narrow_body,2097,mechanical,481,normal,1.0,900.0,481.0,830.864496,emergency,EGKK,3317,45,asphalt,ILS,1,1,advanced,1,major,1,1,1,1,1,1,1,open,none,safe,civil,1,626.741803,1220,extended,5.0,0
S00385,RJTT,35.188601,139.491533,A220-300,narrow_body,2127,fuel,435,low,0.9,855.0,435.0,659.994474,emergency,RJAA,4000,60,asphalt,ILS,1,1,advanced,1,major,1,1,1,0,1,1,1,open,none,safe,civil,1,103.724192,1873,preferred,1.0,1
S00385,RJTT,35.188601,139.491533,A220-300,narrow_body,2127,fuel,435,low,0.9,855.0,435.0,659.994474,emergency,RJTT,3360,61,asphalt,ILS,1,1,advanced,1,major,1,1,1,1,1,1,1,open,none,safe,civil,1,48.265451,1233,preferred,2.0,0
S00386,DTTA,36.881167,9.373222,B737-800,narrow_body,2237,operational_constraints,923,low,0.9,855.0,855.0,1450.248482,aircraft_fuel,LEMD,4350,60,asphalt,ILS,1,1,advanced,1,major,1,1,1,1,1,1,1,open,none,safe,civil,1,1191.846254,2113,extended,1.0,1
S00386,DTTA,36.881167,9.373222,B737-800,narrow_body,2237,operational_constraints,923,low,0.9,855.0,855.0,1450.248482,aircraft_fuel,LIRF,3902,60,asphalt,ILS,1,1,basic,1,major,1,1,1,1,1,1,1,open,none,safe,civil,1,600.725674,1665,preferred,2.0,0
S00386,DTTA,36.881167,9.373222,B737-800,narrow_body,2237,operational_constraints,923,low,0.9,855.0,855.0,1450.248482,aircraft_fuel,LGAV,4000,45,asphalt,ILS,1,1,advanced,1,major,1,1,1,1,1,1,1,open,none,safe,civil,0,1291.009391,1763,extended,3.0,0
S00386,DTTA,36.881167,9.373222,B737-800,narrow_body,2237,operational_constraints,923,low,0.9,855.0,855.0,1450.248482,aircraft_fuel,DAAG,3500,60,asphalt,RNAV,0,1,basic,1,basic,1,1,1,1,1,1,0,open,none,safe,civil,0,548.742187,1263,preferred,4.0,0
S00386,DTTA,36.881167,9.373222,B737-800,narrow_body,2237,operational_constraints,923,low,0.9,855.0,855.0,1450.248482,aircraft_fuel,DTTA,3200,45,asphalt,RNAV,0,1,basic,1,basic,1,0,1,1,1,1,1,open,none,safe,civil,0,76.043963,963,preferred,5.0,0
S00387,EGLL,52.0796,-0.317318,CRJ900,regional_jet,1913,weather,755,critical,0.75,525.0,525.0,756.946002,aircraft_fuel,LFPG,4215,45,asphalt,ILS,1,1,advanced,1,major,1,1,1,1,1,1,1,open,none,safe,civil,1,397.104148,2302,preferred,1.0,1
S00387,EGLL,52.0796,-0.317318,CRJ900,regional_jet,1913,weather,755,critical,0.75,525.0,525.0,756.946002,aircraft_fuel,EGLL,3901,50,asphalt,ILS,1,1,advanced,1,major,1,1,1,1,1,1,1,open,none,safe,civil,1,68.408336,1988,preferred,2.0,0
S00387,EGLL,52.0796,-0.317318,CRJ900,regional_jet,1913,weather,755,critical,0.75,525.0,525.0,756.946002,aircraft_fuel,EHAM,3800,60,asphalt,ILS,1,1,advanced,1,major,1,1,1,1,1,1,1,open,none,safe,civil,1,347.204003,1887,preferred,3.0,0
S00387,EGLL,52.0796,-0.317318,CRJ900,regional_jet,1913,weather,755,critical,0.75,525.0,525.0,756.946002,aircraft_fuel,EDDF,4000,60,asphalt,ILS,1,1,advanced,1,major,1,1,1,0,1,1,1,open,none,safe,civil,1,660.520152,2087,extended,4.0,0
S00387,EGLL,52.0796,-0.317318,CRJ900,regional_jet,1913,weather,755,critical,0.75,525.0,525.0,756.946002,aircraft_fuel,EGKK,3317,45,asphalt,ILS,1,1,advanced,1,major,1,1,1,1,1,1,1,open,none,safe,civil,1,103.904366,1404,preferred,5.0,0
S00387,EGLL,52.0796,-0.317318,CRJ900,regional_jet,1913,weather,755,critical,0.75,525.0,525.0,756.946002,aircraft_fuel,EIDW,3110,45,concrete,ILS,1,1,advanced,1,major,1,1,1,1,1,1,1,open,none,safe,civil,0,427.120561,1197,preferred,6.0,0
S00387,EGLL,52.0796,-0.317318,CRJ900,regional_jet,1913,weather,755,critical,0.75,525.0,525.0,756.946002,aircraft_fuel,EGCC,3048,46,asphalt,ILS,1,1,advanced,1,major,1,1,1,1,1,1,1,open,none,safe,civil,1,193.531594,1135,preferred,7.0,0
S00388,GMMN,32.654806,-7.733848,B737-800,narrow_body,2479,security,581,normal,1.0,950.0,581.0,910.530749,emergency,GMMN,3720,45,asphalt,ILS,1,1,advanced,1,major,1,1,1,1,1,1,1,open,none,safe,civil,0,80.375472,1241,preferred,1.0,1
S00388,GMMN,32.654806,-7.733848,B737-800,narrow_body,2479,security,581,normal,1.0,950.0,581.0,910.530749,emergency,LPPT,3707,45,asphalt,ILS,1,1,advanced,1,major,1,1,1,1,1,1,1,open,none,safe,civil,0,692.866436,1228,extended,2.0,0
S00389,DGAA,6.024188,-0.649281,A330-300,wide_body,2804,weather,536,critical,0.75,975.0,536.0,872.836428,emergency,DNMM,3900,60,asphalt,ILS,1,1,advanced,1,major,1,1,1,1,1,1,1,open,none,caution,civil,0,443.113329,1096,preferred,1.0,1
S00389,DGAA,6.024188,-0.649281,A330-300,wide_body,2804,weather,536,critical,0.75,975.0,536.0,872.836428,emergency,DGAA,3403,61,asphalt,RNAV,0,0,none,1,basic,1,0,1,1,1,1,0,open,none,safe,civil,0,70.848727,599,preferred,2.0,0
S00390,FACT,-33.542765,18.494787,CRJ900,regional_jet,1765,mechanical,972,normal,1.0,700.0,700.0,1110.996256,aircraft_fuel,FACT,3201,61,asphalt,RNAV,0,1,basic,1,basic,1,0,1,1,1,1,1,open,none,safe,civil,0,49.012134,1436,preferred,1.0,1
S00391,OMAA,24.947198,54.635182,CRJ900,regional_jet,1840,weather,937,low,0.9,630.0,630.0,1052.552066,aircraft_fuel,OTHH,4850,60,asphalt,ILS,1,1,advanced,1,major,1,1,1,1,1,1,1,open,none,safe,civil,0,306.929349,3010,preferred,1.0,1
S00391,OMAA,24.947198,54.635182,CRJ900,regional_jet,1840,weather,937,low,0.9,630.0,630.0,1052.552066,aircraft_fuel,OMDB,4447,60,asphalt,ILS,1,1,advanced,1,major,1,1,1,1,1,1,1,open,none,safe,civil,1,81.37472,2607,preferred,2.0,0
S00391,OMAA,24.947198,54.635182,CRJ900,regional_jet,1840,weather,937,low,0.9,630.0,630.0,1052.552066,aircraft_fuel,OKKK,4580,60,asphalt,ILS,1,1,advanced,1,major,1,1,1,1,1,1,1,open,none,safe,civil,0,813.124862,2740,extended,3.0,0
S00391,OMAA,24.947198,54.635182,CRJ900,regional_jet,1840,weather,937,low,0.9,630.0,630.0,1052.552066,aircraft_fuel,OMAA,4106,60,asphalt,ILS,1,1,advanced,1,major,1,1,1,1,1,1,1,open,none,safe,civil,0,56.308336,2266,preferred,4.0,0
S00391,OMAA,24.947198,54.635182,CRJ900,regional_jet,1840,weather,937,low,0.9,630.0,630.0,1052.552066,aircraft_fuel,OOMS,4080,45,asphalt,ILS,1,1,advanced,1,major,1,1,1,1,1,1,1,open,none,safe,civil,0,399.132796,2240,preferred,5.0,0
S00391,OMAA,24.947198,54.635182,CRJ900,regional_jet,1840,weather,937,low,0.9,630.0,630.0,1052.552066,aircraft_fuel,OBBI,3956,60,asphalt,ILS,1,1,advanced,1,major,1,1,1,1,1,1,1,open,none,safe,civil,0,426.849027,2116,preferred,6.0,0
S00391,OMAA,24.947198,54.635182,CRJ900,regional_jet,1840,weather,937,low,0.9,630.0,630.0,1052.552066,aircraft_fuel,OERK,4205,60,asphalt,ILS,1,1,advanced,1,major,1,1,1,1,1,1,1,open,none,safe,civil,0,799.999897,2365,extended,7.0,0
S00392,EGKK,50.548118,0.56511,B737-800,narrow_body,2408,fuel,349,normal,1.0,950.0,349.0,538.035259,emergency,LFPG,4215,45,asphalt,ILS,1,1,advanced,1,major,1,1,1,1,1,1,1,open,none,safe,civil,1,222.891056,1807,preferred,1.0,1
S00392,EGKK,50.548118,0.56511,B737-800,narrow_body,2408,fuel,349,normal,1.0,950.0,349.0,538.035259,emergency,EGLL,3901,50,asphalt,ILS,1,1,advanced,1,major,1,1,1,1,1,1,1,open,none,safe,civil,1,125.168618,1493,preferred,2.0,0
S00392,EGKK,50.548118,0.56511,B737-800,narrow_body,2408,fuel,349,normal,1.0,950.0,349.0,538.035259,emergency,EHAM,3800,60,asphalt,ILS,1,1,advanced,1,major,1,1,1,1,1,1,1,open,none,safe,civil,1,350.710079,1392,extended,3.0,0
S00392,EGKK,50.548118,0.56511,B737-800,narrow_body,2408,fuel,349,normal,1.0,950.0,349.0,538.035259,emergency,EGKK,3317,45,asphalt,ILS,1,1,advanced,1,major,1,1,1,1,1,1,1,open,none,safe,civil,1,85.08246,909,preferred,4.0,0
S00392,EGKK,50.548118,0.56511,B737-800,narrow_body,2408,fuel,349,normal,1.0,950.0,349.0,538.035259,emergency,EGCC,3048,46,asphalt,ILS,1,1,advanced,1,major,1,1,1,1,1,1,1,open,none,safe,civil,1,367.642684,640,extended,5.0,0
S00393,UUEE,55.73274,38.200065,B787-9,wide_body,2808,weather,1096,normal,1.0,1400.0,1096.0,2013.13086,emergency,LTFM,4100,60,asphalt,ILS,1,1,advanced,1,major,1,1,1,1,1,1,0,open,none,safe,civil,0,1748.693189,1292,extended,1.0,1
S00393,UUEE,55.73274,38.200065,B787-9,wide_body,2808,weather,1096,normal,1.0,1400.0,1096.0,2013.13086,emergency,EFHK,3440,60,asphalt,ILS,1,1,advanced,1,major,1,1,1,1,1,1,1,open,none,safe,civil,0,928.823291,632,preferred,2.0,0
S00393,UUEE,55.73274,38.200065,B787-9,wide_body,2808,weather,1096,normal,1.0,1400.0,1096.0,2013.13086,emergency,ULLI,3780,60,concrete,ILS,1,1,advanced,1,major,1,1,1,1,1,1,1,open,none,caution,civil,0,652.024713,972,preferred,3.0,0
S00393,UUEE,55.73274,38.200065,B787-9,wide_body,2808,weather,1096,normal,1.0,1400.0,1096.0,2013.13086,emergency,UUEE,3700,60,concrete,ILS,1,1,advanced,1,major,1,1,1,1,1,1,1,open,none,caution,civil,0,56.221288,892,preferred,4.0,0
S00393,UUEE,55.73274,38.200065,B787-9,wide_body,2808,weather,1096,normal,1.0,1400.0,1096.0,2013.13086,emergency,ENGM,3600,45,asphalt,ILS,1,1,advanced,1,major,1,1,1,1,1,1,1,open,none,safe,civil,0,1660.065671,792,extended,5.0,0
S00393,UUEE,55.73274,38.200065,B787-9,wide_body,2808,weather,1096,normal,1.0,1400.0,1096.0,2013.13086,emergency,LTAC,3750,45,asphalt,ILS,1,1,advanced,1,major,1,1,1,1,1,1,1,open,none,safe,joint,0,1776.716056,942,extended,6.0,0
S00393,UUEE,55.73274,38.200065,B787-9,wide_body,2808,weather,1096,normal,1.0,1400.0,1096.0,2013.13086,emergency,ESSA,3301,45,asphalt,ILS,1,1,advanced,1,major,1,1,1,1,1,1,1,open,none,safe,civil,0,1274.935118,493,extended,7.0,0
S00394,CYYZ,44.907082,-80.752802,A321,narrow_body,2335,security,773,low,0.9,900.0,773.0,1297.349708,emergency,KJFK,4423,61,asphalt,ILS,1,1,advanced,1,major,1,1,1,1,1,1,1,open,none,safe,civil,1,740.572605,2088,preferred,1.0,1
S00394,CYYZ,44.907082,-80.752802,A321,narrow_body,2335,security,773,low,0.9,900.0,773.0,1297.349708,emergency,KORD,3962,46,concrete,ILS,1,1,advanced,1,major,1,1,1,1,1,1,1,open,none,safe,civil,0,662.546253,1627,preferred,2.0,0
S00394,CYYZ,44.907082,-80.752802,A321,narrow_body,2335,security,773,low,0.9,900.0,773.0,1297.349708,emergency,KATL,3776,46,concrete,ILS,1,1,advanced,1,major,1,1,1,1,1,1,1,open,none,safe,civil,0,1292.145901,1441,extended,3.0,0
S00394,CYYZ,44.907082,-80.752802,A321,narrow_body,2335,security,773,low,0.9,900.0,773.0,1297.349708,emergency,CYYZ,3389,61,asphalt,ILS,1,1,advanced,1,major,1,1,1,1,1,1,1,open,none,safe,civil,1,163.506188,1054,preferred,4.0,0
S00395,HELX,25.450404,33.2348,B777-300ER,wide_body,3244,technical,843,normal,1.0,1500.0,843.0,1632.648115,emergency,OKKK,4580,60,asphalt,ILS,1,1,advanced,1,major,1,1,1,1,1,1,1,open,none,safe,civil,0,1513.490606,1336,extended,1.0,1
S00395,HELX,25.450404,33.2348,B777-300ER,wide_body,3244,technical,843,normal,1.0,1500.0,843.0,1632.648115,emergency,HECA,4000,60,asphalt,ILS,1,1,basic,1,major,1,1,1,1,1,1,1,open,none,safe,civil,0,548.902812,756,preferred,2.0,0
S00395,HELX,25.450404,33.2348,B777-300ER,wide_body,3244,technical,843,normal,1.0,1500.0,843.0,1632.648115,emergency,OERK,4205,60,asphalt,ILS,1,1,advanced,1,major,1,1,1,1,1,1,1,open,none,safe,civil,0,1355.13145,961,extended,3.0,0
S00395,HELX,25.450404,33.2348,B777-300ER,wide_body,3244,technical,843,normal,1.0,1500.0,843.0,1632.648115,emergency,OJAI,3660,61,asphalt,ILS,1,1,advanced,1,major,1,1,1,1,1,1,1,open,none,safe,civil,0,747.539774,416,preferred,4.0,0
S00395,HELX,25.450404,33.2348,B777-300ER,wide_body,3244,technical,843,normal,1.0,1500.0,843.0,1632.648115,emergency,LTAC,3750,45,asphalt,ILS,1,1,advanced,1,major,1,1,1,1,1,1,1,open,none,safe,joint,0,1632.237351,506,extended,5.0,0
S00396,YMML,-38.174842,144.335523,A320,narrow_body,2248,medical,573,critical,0.75,712.5,573.0,927.956043,emergency,YMML,3657,60,asphalt,ILS,1,1,advanced,1,major,1,1,1,1,1,1,1,open,none,safe,civil,0,71.30119,1409,preferred,1.0,1
S00396,YMML,-38.174842,144.335523,A320,narrow_body,2248,medical,573,critical,0.75,712.5,573.0,927.956043,emergency,YSSY,3962,45,asphalt,ILS,1,1,advanced,1,major,1,1,1,0,1,1,1,open,none,safe,civil,1,773.756161,1714,extended,2.0,0
S00397,ZBAA,39.464834,117.396909,A330-300,wide_body,3072,technical,563,normal,1.0,1300.0,563.0,1025.613738,emergency,ZBAA,3810,60,asphalt,ILS,1,1,advanced,1,major,1,1,1,1,1,1,1,open,none,safe,civil,1,96.518247,738,preferred,1.0,1
S00397,ZBAA,39.464834,117.396909,A330-300,wide_body,3072,technical,563,normal,1.0,1300.0,563.0,1025.613738,emergency,RKSI,4000,60,asphalt,ILS,1,1,advanced,1,major,1,1,1,1,1,1,1,open,none,safe,civil,1,818.491095,928,extended,2.0,0
S00397,ZBAA,39.464834,117.396909,A330-300,wide_body,3072,technical,563,normal,1.0,1300.0,563.0,1025.613738,emergency,ZSPD,4000,60,concrete,ILS,1,1,advanced,1,major,1,1,1,1,1,1,1,open,none,safe,civil,1,1007.701895,928,extended,3.0,0
S00398,CYYZ,43.75816,-79.238415,A320,narrow_body,2323,technical,745,low,0.9,855.0,745.0,1154.935424,emergency,KJFK,4423,61,asphalt,ILS,1,1,advanced,1,major,1,1,1,1,1,1,1,open,none,safe,civil,1,567.664546,2100,preferred,1.0,1
S00398,CYYZ,43.75816,-79.238415,A320,narrow_body,2323,technical,745,low,0.9,855.0,745.0,1154.935424,emergency,KORD,3962,46,concrete,ILS,1,1,advanced,1,major,1,1,1,1,1,1,1,open,none,safe,civil,0,733.080319,1639,preferred,2.0,0
S00398,CYYZ,43.75816,-79.238415,A320,narrow_body,2323,technical,745,low,0.9,855.0,745.0,1154.935424,emergency,CYYZ,3389,61,asphalt,ILS,1,1,advanced,1,major,1,1,1,1,1,1,1,open,none,safe,civil,1,32.727187,1066,preferred,3.0,0
S00399,OJAI,31.526137,34.810423,B767-300ER,wide_body,3017,mechanical,712,normal,1.0,1250.0,712.0,1125.795496,emergency,HECA,4000,60,asphalt,ILS,1,1,basic,1,major,1,1,1,1,1,1,1,open,none,safe,civil,0,361.926895,983,preferred,1.0,1
S00399,OJAI,31.526137,34.810423,B767-300ER,wide_body,3017,mechanical,712,normal,1.0,1250.0,712.0,1125.795496,emergency,OJAI,3660,61,asphalt,ILS,1,1,advanced,1,major,1,1,1,1,1,1,1,open,none,safe,civil,0,114.098799,643,preferred,2.0,0
S00399,OJAI,31.526137,34.810423,B767-300ER,wide_body,3017,mechanical,712,normal,1.0,1250.0,712.0,1125.795496,emergency,LTAC,3750,45,asphalt,ILS,1,1,advanced,1,major,1,1,1,1,1,1,1,open,none,safe,joint,0,970.328467,733,extended,3.0,0
S00400,WIMM,3.961154,98.575846,B737-800,narrow_body,2380,security,998,low,0.9,855.0,855.0,1329.631148,aircraft_fuel,WMKK,4124,60,asphalt,ILS,1,1,advanced,1,major,1,1,1,1,1,1,1,open,none,safe,civil,0,373.233294,1744,preferred,1.0,1
S00400,WIMM,3.961154,98.575846,B737-800,narrow_body,2380,security,998,low,0.9,855.0,855.0,1329.631148,aircraft_fuel,WSSS,4000,60,asphalt,ILS,1,1,advanced,1,major,1,1,1,1,1,1,1,open,none,safe,civil,1,668.145378,1620,preferred,2.0,0
S00400,WIMM,3.961154,98.575846,B737-800,narrow_body,2380,security,998,low,0.9,855.0,855.0,1329.631148,aircraft_fuel,VTBS,4000,60,asphalt,ILS,1,1,advanced,1,major,1,1,1,1,1,1,1,open,none,safe,civil,0,1106.758565,1620,extended,3.0,0
S00400,WIMM,3.961154,98.575846,B737-800,narrow_body,2380,security,998,low,0.9,855.0,855.0,1329.631148,aircraft_fuel,WIMM,3000,60,asphalt,RNAV,1,1,basic,1,basic,1,0,1,1,0,1,1,open,none,safe,civil,0,49.406718,620,preferred,4.0,0
S00401,OMAA,23.953397,54.781401,B737-800,narrow_body,2332,mechanical,614,normal,1.0,950.0,614.0,984.396624,emergency,OTHH,4850,60,asphalt,ILS,1,1,advanced,1,major,1,1,1,1,1,1,1,open,none,safe,civil,0,352.749876,2518,preferred,1.0,1
S00401,OMAA,23.953397,54.781401,B737-800,narrow_body,2332,mechanical,614,normal,1.0,950.0,614.0,984.396624,emergency,OMDB,4447,60,asphalt,ILS,1,1,advanced,1,major,1,1,1,1,1,1,1,open,none,safe,civil,1,155.989722,2115,preferred,2.0,0
S00401,OMAA,23.953397,54.781401,B737-800,narrow_body,2332,mechanical,614,normal,1.0,950.0,614.0,984.396624,emergency,OKKK,4580,60,asphalt,ILS,1,1,advanced,1,major,1,1,1,1,1,1,1,open,none,safe,civil,0,895.326074,2248,extended,3.0,0
S00401,OMAA,23.953397,54.781401,B737-800,narrow_body,2332,mechanical,614,normal,1.0,950.0,614.0,984.396624,emergency,OMAA,4106,60,asphalt,ILS,1,1,advanced,1,major,1,1,1,1,1,1,1,open,none,safe,civil,0,55.847778,1774,preferred,4.0,0
S00401,OMAA,23.953397,54.781401,B737-800,narrow_body,2332,mechanical,614,normal,1.0,950.0,614.0,984.396624,emergency,OOMS,4080,45,asphalt,ILS,1,1,advanced,1,major,1,1,1,1,1,1,1,open,none,safe,civil,0,358.689513,1748,preferred,5.0,0
S00401,OMAA,23.953397,54.781401,B737-800,narrow_body,2332,mechanical,614,normal,1.0,950.0,614.0,984.396624,emergency,OBBI,3956,60,asphalt,ILS,1,1,advanced,1,major,1,1,1,1,1,1,1,open,none,safe,civil,0,490.121483,1624,preferred,6.0,0
S00401,OMAA,23.953397,54.781401,B737-800,narrow_body,2332,mechanical,614,normal,1.0,950.0,614.0,984.396624,emergency,OERK,4205,60,asphalt,ILS,1,1,advanced,1,major,1,1,1,1,1,1,1,open,none,safe,civil,0,825.564677,1873,extended,7.0,0
S00402,EGLL,51.889141,-0.99186,A330-300,wide_body,3115,operational_constraints,939,low,0.9,1170.0,939.0,1643.969695,emergency,LFPG,4215,45,asphalt,ILS,1,1,advanced,1,major,1,1,1,1,1,1,1,open,none,safe,civil,1,406.843086,1100,preferred,1.0,1
S00402,EGLL,51.889141,-0.99186,A330-300,wide_body,3115,operational_constraints,939,low,0.9,1170.0,939.0,1643.969695,emergency,EDDF,4000,60,asphalt,ILS,1,1,advanced,1,major,1,1,1,0,1,1,1,open,none,safe,civil,1,699.624809,885,preferred,2.0,0
S00402,EGLL,51.889141,-0.99186,A330-300,wide_body,3115,operational_constraints,939,low,0.9,1170.0,939.0,1643.969695,emergency,LEMD,4350,60,asphalt,ILS,1,1,advanced,1,major,1,1,1,1,1,1,1,open,none,safe,civil,1,1282.402684,1235,extended,3.0,0
S00402,EGLL,51.889141,-0.99186,A330-300,wide_body,3115,operational_constraints,939,low,0.9,1170.0,939.0,1643.969695,emergency,EGLL,3901,50,asphalt,ILS,1,1,advanced,1,major,1,1,1,1,1,1,1,open,none,safe,civil,1,59.241193,786,preferred,4.0,0
S00402,EGLL,51.889141,-0.99186,A330-300,wide_body,3115,operational_constraints,939,low,0.9,1170.0,939.0,1643.969695,emergency,EHAM,3800,60,asphalt,ILS,1,1,advanced,1,major,1,1,1,1,1,1,1,open,none,safe,civil,1,395.808288,685,preferred,5.0,0
S00402,EGLL,51.889141,-0.99186,A330-300,wide_body,3115,operational_constraints,939,low,0.9,1170.0,939.0,1643.969695,emergency,LIRF,3902,60,asphalt,ILS,1,1,basic,1,major,1,1,1,1,1,1,1,open,none,safe,civil,1,1502.648526,787,extended,6.0,0
S00402,EGLL,51.889141,-0.99186,A330-300,wide_body,3115,operational_constraints,939,low,0.9,1170.0,939.0,1643.969695,emergency,LPPT,3707,45,asphalt,ILS,1,1,advanced,1,major,1,1,1,1,1,1,1,open,none,safe,civil,0,1588.097514,592,extended,7.0,0
S00402,EGLL,51.889141,-0.99186,A330-300,wide_body,3115,operational_constraints,939,low,0.9,1170.0,939.0,1643.969695,emergency,EGKK,3317,45,asphalt,ILS,1,1,advanced,1,major,1,1,1,1,1,1,1,open,none,safe,civil,1,99.442163,202,preferred,8.0,0
S00402,EGLL,51.889141,-0.99186,A330-300,wide_body,3115,operational_constraints,939,low,0.9,1170.0,939.0,1643.969695,emergency,ENGM,3600,45,asphalt,ILS,1,1,advanced,1,major,1,1,1,1,1,1,1,open,none,safe,civil,0,1186.556529,485,extended,9.0,0
S00402,EGLL,51.889141,-0.99186,A330-300,wide_body,3115,operational_constraints,939,low,0.9,1170.0,939.0,1643.969695,emergency,ESSA,3301,45,asphalt,ILS,1,1,advanced,1,major,1,1,1,1,1,1,1,open,none,safe,civil,0,1456.167649,186,extended,10.0,0
S00403,DAAG,36.848116,3.536675,A320,narrow_body,2251,medical,588,normal,1.0,950.0,588.0,982.186182,emergency,LEMD,4350,60,asphalt,ILS,1,1,advanced,1,major,1,1,1,1,1,1,1,open,none,safe,civil,1,737.986195,2099,extended,1.0,1
S00403,DAAG,36.848116,3.536675,A320,narrow_body,2251,medical,588,normal,1.0,950.0,588.0,982.186182,emergency,DAAG,3500,60,asphalt,RNAV,0,1,basic,1,basic,1,1,1,1,1,1,0,open,none,safe,civil,0,33.428036,1249,preferred,2.0,0
S00403,DAAG,36.848116,3.536675,A320,narrow_body,2251,medical,588,normal,1.0,950.0,588.0,982.186182,emergency,LIRF,3902,60,asphalt,ILS,1,1,basic,1,major,1,1,1,1,1,1,1,open,none,safe,civil,1,929.634116,1651,extended,3.0,0
S00403,DAAG,36.848116,3.536675,A320,narrow_body,2251,medical,588,normal,1.0,950.0,588.0,982.186182,emergency,DTTA,3200,45,asphalt,RNAV,0,1,basic,1,basic,1,0,1,1,1,1,1,open,none,safe,civil,0,595.198702,949,extended,4.0,0
S00404,OOMS,23.694382,58.47504,B737-800,narrow_body,2386,medical,942,normal,1.0,950.0,942.0,1492.506418,emergency,OTHH,4850,60,asphalt,ILS,1,1,advanced,1,major,1,1,1,1,1,1,1,open,none,safe,civil,0,716.637233,2464,preferred,1.0,1
S00404,OOMS,23.694382,58.47504,B737-800,narrow_body,2386,medical,942,normal,1.0,950.0,942.0,1492.506418,emergency,OMDB,4447,60,asphalt,ILS,1,1,advanced,1,major,1,1,1,1,1,1,1,open,none,safe,civil,1,358.59052,2061,preferred,2.0,0
S00404,OOMS,23.694382,58.47504,B737-800,narrow_body,2386,medical,942,normal,1.0,950.0,942.0,1492.506418,emergency,OKKK,4580,60,asphalt,ILS,1,1,advanced,1,major,1,1,1,1,1,1,1,open,none,safe,civil,0,1212.296443,2194,extended,3.0,0
S00404,OOMS,23.694382,58.47504,B737-800,narrow_body,2386,medical,942,normal,1.0,950.0,942.0,1492.506418,emergency,OOMS,4080,45,asphalt,ILS,1,1,advanced,1,major,1,1,1,1,1,1,1,open,none,safe,civil,0,21.983498,1694,preferred,4.0,0
S00404,OOMS,23.694382,58.47504,B737-800,narrow_body,2386,medical,942,normal,1.0,950.0,942.0,1492.506418,emergency,OMAA,4106,60,asphalt,ILS,1,1,advanced,1,major,1,1,1,1,1,1,1,open,none,safe,civil,0,397.182853,1720,preferred,5.0,0
S00404,OOMS,23.694382,58.47504,B737-800,narrow_body,2386,medical,942,normal,1.0,950.0,942.0,1492.506418,emergency,OBBI,3956,60,asphalt,ILS,1,1,advanced,1,major,1,1,1,1,1,1,1,open,none,safe,civil,0,839.95627,1570,preferred,6.0,0
S00404,OOMS,23.694382,58.47504,B737-800,narrow_body,2386,medical,942,normal,1.0,950.0,942.0,1492.506418,emergency,OERK,4205,60,asphalt,ILS,1,1,advanced,1,major,1,1,1,1,1,1,1,open,none,safe,civil,0,1201.045295,1819,extended,7.0,0
S00404,OOMS,23.694382,58.47504,B737-800,narrow_body,2386,medical,942,normal,1.0,950.0,942.0,1492.506418,emergency,OPKC,3400,46,concrete,RNAV,0,1,basic,1,basic,1,1,1,1,1,1,1,open,none,caution,civil,0,890.332729,1014,preferred,8.0,0
S00405,MMMX,19.87569,-98.058532,E190,regional_jet,1841,medical,964,normal,1.0,800.0,800.0,1323.766706,aircraft_fuel,MMMX,3952,45,asphalt,ILS,1,1,basic,1,major,1,1,1,1,1,1,1,open,none,safe,civil,0,116.695417,2111,preferred,1.0,1
S00406,OBBI,25.794163,50.30966,B737-800,narrow_body,2327,medical,802,critical,0.75,712.5,712.5,1136.784811,aircraft_fuel,OTHH,4850,60,asphalt,ILS,1,1,advanced,1,major,1,1,1,1,1,1,1,open,none,safe,civil,0,142.578484,2523,preferred,1.0,1
S00406,OBBI,25.794163,50.30966,B737-800,narrow_body,2327,medical,802,critical,0.75,712.5,712.5,1136.784811,aircraft_fuel,OKKK,4580,60,asphalt,ILS,1,1,advanced,1,major,1,1,1,1,1,1,1,open,none,safe,civil,0,445.772481,2253,preferred,2.0,0
S00406,OBBI,25.794163,50.30966,B737-800,narrow_body,2327,medical,802,critical,0.75,712.5,712.5,1136.784811,aircraft_fuel,OMDB,4447,60,asphalt,ILS,1,1,advanced,1,major,1,1,1,1,1,1,1,open,none,safe,civil,1,511.437873,2120,preferred,3.0,0
S00406,OBBI,25.794163,50.30966,B737-800,narrow_body,2327,medical,802,critical,0.75,712.5,712.5,1136.784811,aircraft_fuel,OERK,4205,60,asphalt,ILS,1,1,advanced,1,major,1,1,1,1,1,1,1,open,none,safe,civil,0,374.490635,1878,preferred,4.0,0
S00406,OBBI,25.794163,50.30966,B737-800,narrow_body,2327,medical,802,critical,0.75,712.5,712.5,1136.784811,aircraft_fuel,OMAA,4106,60,asphalt,ILS,1,1,advanced,1,major,1,1,1,1,1,1,1,open,none,safe,civil,0,462.060059,1779,preferred,5.0,0
S00406,OBBI,25.794163,50.30966,B737-800,narrow_body,2327,medical,802,critical,0.75,712.5,712.5,1136.784811,aircraft_fuel,OBBI,3956,60,asphalt,ILS,1,1,advanced,1,major,1,1,1,1,1,1,1,open,none,safe,civil,0,61.981231,1629,preferred,6.0,0
S00406,OBBI,25.794163,50.30966,B737-800,narrow_body,2327,medical,802,critical,0.75,712.5,712.5,1136.784811,aircraft_fuel,OOMS,4080,45,asphalt,ILS,1,1,advanced,1,major,1,1,1,1,1,1,1,open,none,safe,civil,0,841.662521,1753,extended,7.0,0
S00407,EDDF,50.458277,8.802855,A321,narrow_body,2371,medical,702,normal,1.0,1000.0,702.0,1114.346575,emergency,LFPG,4215,45,asphalt,ILS,1,1,advanced,1,major,1,1,1,1,1,1,1,open,none,safe,civil,1,476.95609,1844,preferred,1.0,1
S00407,EDDF,50.458277,8.802855,A321,narrow_body,2371,medical,702,normal,1.0,1000.0,702.0,1114.346575,emergency,EDDF,4000,60,asphalt,ILS,1,1,advanced,1,major,1,1,1,0,1,1,1,open,none,safe,civil,1,51.041339,1629,preferred,2.0,0
S00407,EDDF,50.458277,8.802855,A321,narrow_body,2371,medical,702,normal,1.0,1000.0,702.0,1114.346575,emergency,EGLL,3901,50,asphalt,ILS,1,1,advanced,1,major,1,1,1,1,1,1,1,open,none,safe,civil,1,657.908805,1530,preferred,3.0,0
S00407,EDDF,50.458277,8.802855,A321,narrow_body,2371,medical,702,normal,1.0,1000.0,702.0,1114.346575,emergency,EHAM,3800,60,asphalt,ILS,1,1,advanced,1,major,1,1,1,1,1,1,1,open,none,safe,civil,1,347.616654,1429,preferred,4.0,0
S00407,EDDF,50.458277,8.802855,A321,narrow_body,2371,medical,702,normal,1.0,1000.0,702.0,1114.346575,emergency,LIRF,3902,60,asphalt,ILS,1,1,basic,1,major,1,1,1,1,1,1,1,open,none,safe,civil,1,997.993196,1531,extended,5.0,0
S00407,EDDF,50.458277,8.802855,A321,narrow_body,2371,medical,702,normal,1.0,1000.0,702.0,1114.346575,emergency,EGKK,3317,45,asphalt,ILS,1,1,advanced,1,major,1,1,1,1,1,1,1,open,none,safe,civil,1,635.898488,946,preferred,6.0,0
S00407,EDDF,50.458277,8.802855,A321,narrow_body,2371,medical,702,normal,1.0,1000.0,702.0,1114.346575,emergency,ENGM,3600,45,asphalt,ILS,1,1,advanced,1,major,1,1,1,1,1,1,1,open,none,safe,civil,0,1092.094663,1229,extended,7.0,0
S00407,EDDF,50.458277,8.802855,A321,narrow_body,2371,medical,702,normal,1.0,1000.0,702.0,1114.346575,emergency,EIDW,3110,45,concrete,ILS,1,1,advanced,1,major,1,1,1,1,1,1,1,open,none,safe,civil,0,1081.75487,739,extended,8.0,0
S00407,EDDF,50.458277,8.802855,A321,narrow_body,2371,medical,702,normal,1.0,1000.0,702.0,1114.346575,emergency,EGCC,3048,46,asphalt,ILS,1,1,advanced,1,major,1,1,1,1,1,1,1,open,none,safe,civil,1,824.234068,677,extended,9.0,0
S00408,OKKK,28.809445,47.217589,B737-800,narrow_body,2222,fuel,344,critical,0.75,712.5,344.0,572.129418,emergency,OKKK,4580,60,asphalt,ILS,1,1,advanced,1,major,1,1,1,1,1,1,1,open,none,safe,civil,0,86.486362,2358,preferred,1.0,1
S00408,OKKK,28.809445,47.217589,B737-800,narrow_body,2222,fuel,344,critical,0.75,712.5,344.0,572.129418,emergency,OERK,4205,60,asphalt,ILS,1,1,advanced,1,major,1,1,1,1,1,1,1,open,none,safe,civil,0,431.382999,1983,extended,2.0,0
S00408,OKKK,28.809445,47.217589,B737-800,narrow_body,2222,fuel,344,critical,0.75,712.5,344.0,572.129418,emergency,OBBI,3956,60,asphalt,ILS,1,1,advanced,1,major,1,1,1,1,1,1,1,open,none,safe,civil,0,439.967396,1734,extended,3.0,0
S00409,DNKN,12.089949,7.684646,A320,narrow_body,2329,mechanical,529,normal,1.0,950.0,529.0,896.207932,emergency,DNAA,3609,60,asphalt,RNAV,0,0,none,1,basic,1,0,1,1,1,1,1,open,none,safe,joint,0,345.912965,1280,preferred,1.0,1
S00409,DNKN,12.089949,7.684646,A320,narrow_body,2329,mechanical,529,normal,1.0,950.0,529.0,896.207932,emergency,DNMM,3900,60,asphalt,ILS,1,1,advanced,1,major,1,1,1,1,1,1,1,open,none,caution,civil,0,777.665372,1571,extended,2.0,0
S00409,DNKN,12.089949,7.684646,A320,narrow_body,2329,mechanical,529,normal,1.0,950.0,529.0,896.207932,emergency,DNKN,3200,46,asphalt,RNAV,0,0,none,1,basic,1,0,1,0,0,1,1,open,none,safe,joint,0,91.45771,871,preferred,3.0,0
S00410,RCTP,25.008282,120.64484,E175,regional_jet,1834,security,879,low,0.9,675.0,675.0,1029.912111,aircraft_fuel,RCTP,3660,60,concrete,ILS,1,1,advanced,1,major,1,1,1,1,1,1,1,open,none,safe,civil,0,59.752958,1826,preferred,1.0,1
S00410,RCTP,25.008282,120.64484,E175,regional_jet,1834,security,879,low,0.9,675.0,675.0,1029.912111,aircraft_fuel,ZSPD,4000,60,concrete,ILS,1,1,advanced,1,major,1,1,1,1,1,1,1,open,none,safe,civil,1,691.607811,2166,extended,2.0,0
S00411,RJCC,42.056269,140.748982,B737 MAX 8,narrow_body,2480,security,749,normal,1.0,1000.0,749.0,1254.355537,emergency,RJAA,4000,60,asphalt,ILS,1,1,advanced,1,major,1,1,1,0,1,1,1,open,none,safe,civil,1,699.851566,1520,preferred,1.0,1
S00411,RJCC,42.056269,140.748982,B737 MAX 8,narrow_body,2480,security,749,normal,1.0,1000.0,749.0,1254.355537,emergency,RJTT,3360,61,asphalt,ILS,1,1,advanced,1,major,1,1,1,1,1,1,1,open,none,safe,civil,1,728.271679,880,preferred,2.0,0
S00411,RJCC,42.056269,140.748982,B737 MAX 8,narrow_body,2480,security,749,normal,1.0,1000.0,749.0,1254.355537,emergency,RJCC,3000,61,asphalt,RNAV,0,1,basic,1,basic,1,1,1,1,1,1,1,open,none,safe,joint,0,111.153991,520,preferred,3.0,0
S00412,UAAA,43.039149,77.139513,B737-800,narrow_body,2366,weather,1125,low,0.9,855.0,855.0,1439.900568,aircraft_fuel,UAAA,4500,45,asphalt,RNAV,0,1,basic,1,basic,1,1,1,1,1,1,1,open,none,safe,civil,0,35.905343,2134,preferred,1.0,1
S00412,UAAA,43.039149,77.139513,B737-800,narrow_body,2366,weather,1125,low,0.9,855.0,855.0,1439.900568,aircraft_fuel,UACC,3500,45,asphalt,RNAV,0,1,basic,1,basic,1,1,1,1,1,1,1,open,none,safe,civil,0,986.062055,1134,extended,2.0,0
S00412,UAAA,43.039149,77.139513,B737-800,narrow_body,2366,weather,1125,low,0.9,855.0,855.0,1439.900568,aircraft_fuel,OPLA,3360,46,concrete,RNAV,0,0,none,1,basic,1,0,1,1,1,1,1,open,none,caution,civil,0,1303.158616,994,extended,3.0,0
S00413,GMMN,33.275136,-7.048336,A330-300,wide_body,2935,operational_constraints,1053,normal,1.0,1300.0,1053.0,1994.724601,emergency,LEMD,4350,60,asphalt,ILS,1,1,advanced,1,major,1,1,1,1,1,1,1,open,none,safe,civil,1,859.914194,1415,preferred,1.0,1
S00413,GMMN,33.275136,-7.048336,A330-300,wide_body,2935,operational_constraints,1053,normal,1.0,1300.0,1053.0,1994.724601,emergency,LFPG,4215,45,asphalt,ILS,1,1,advanced,1,major,1,1,1,1,1,1,1,open,none,safe,civil,1,1921.799048,1280,extended,2.0,0
S00413,GMMN,33.275136,-7.048336,A330-300,wide_body,2935,operational_constraints,1053,normal,1.0,1300.0,1053.0,1994.724601,emergency,GMMN,3720,45,asphalt,ILS,1,1,advanced,1,major,1,1,1,1,1,1,1,open,none,safe,civil,0,51.36305,785,preferred,3.0,0
S00413,GMMN,33.275136,-7.048336,A330-300,wide_body,2935,operational_constraints,1053,normal,1.0,1300.0,1053.0,1994.724601,emergency,LPPT,3707,45,asphalt,ILS,1,1,advanced,1,major,1,1,1,1,1,1,1,open,none,safe,civil,0,640.335718,772,preferred,4.0,0
S00413,GMMN,33.275136,-7.048336,A330-300,wide_body,2935,operational_constraints,1053,normal,1.0,1300.0,1053.0,1994.724601,emergency,LIRF,3902,60,asphalt,ILS,1,1,basic,1,major,1,1,1,1,1,1,1,open,none,safe,civil,1,1941.710528,967,extended,5.0,0
S00413,GMMN,33.275136,-7.048336,A330-300,wide_body,2935,operational_constraints,1053,normal,1.0,1300.0,1053.0,1994.724601,emergency,DAAG,3500,60,asphalt,RNAV,0,1,basic,1,basic,1,1,1,1,1,1,0,open,none,safe,civil,0,1008.603748,565,preferred,6.0,0
S00413,GMMN,33.275136,-7.048336,A330-300,wide_body,2935,operational_constraints,1053,normal,1.0,1300.0,1053.0,1994.724601,emergency,DTTA,3200,45,asphalt,RNAV,0,1,basic,1,basic,1,0,1,1,1,1,1,open,none,safe,civil,0,1619.303358,265,extended,7.0,0
S00414,UACC,51.398001,73.138999,A321,narrow_body,2385,fuel,679,critical,0.75,750.0,679.0,1148.940154,emergency,UAAA,4500,45,asphalt,RNAV,0,1,basic,1,basic,1,1,1,1,1,1,1,open,none,safe,civil,0,941.136391,2115,extended,1.0,1
S00414,UACC,51.398001,73.138999,A321,narrow_body,2385,fuel,679,critical,0.75,750.0,679.0,1148.940154,emergency,UACC,3500,45,asphalt,RNAV,0,1,basic,1,basic,1,1,1,1,1,1,1,open,none,safe,civil,0,123.544638,1115,preferred,2.0,0
S00415,RJCC,42.96831,140.42696,B777-300ER,wide_body,3246,fuel,535,low,0.9,1350.0,535.0,910.586132,emergency,RJAA,4000,60,asphalt,ILS,1,1,advanced,1,major,1,1,1,0,1,1,1,open,none,safe,civil,1,800.580173,754,extended,1.0,1
S00415,RJCC,42.96831,140.42696,B777-300ER,wide_body,3246,fuel,535,low,0.9,1350.0,535.0,910.586132,emergency,RJTT,3360,61,asphalt,ILS,1,1,advanced,1,major,1,1,1,1,1,1,1,open,none,safe,civil,1,826.744839,114,extended,2.0,0
S00416,UUEE,56.591284,36.45895,A220-300,narrow_body,2103,security,816,low,0.9,855.0,816.0,1362.211336,emergency,EFHK,3440,60,asphalt,ILS,1,1,advanced,1,major,1,1,1,1,1,1,1,open,none,safe,civil,0,785.157685,1337,preferred,1.0,1
S00416,UUEE,56.591284,36.45895,A220-300,narrow_body,2103,security,816,low,0.9,855.0,816.0,1362.211336,emergency,ULLI,3780,60,concrete,ILS,1,1,advanced,1,major,1,1,1,1,1,1,1,open,none,caution,civil,0,508.711216,1677,preferred,2.0,0
S00416,UUEE,56.591284,36.45895,A220-300,narrow_body,2103,security,816,low,0.9,855.0,816.0,1362.211336,emergency,UUEE,3700,60,concrete,ILS,1,1,advanced,1,major,1,1,1,1,1,1,1,open,none,caution,civil,0,90.121903,1597,preferred,3.0,0
S00416,UUEE,56.591284,36.45895,A220-300,narrow_body,2103,security,816,low,0.9,855.0,816.0,1362.211336,emergency,ESSA,3301,45,asphalt,ILS,1,1,advanced,1,major,1,1,1,1,1,1,1,open,none,safe,civil,0,1135.729764,1198,extended,4.0,0
S00417,VTBS,13.686789,100.033319,A350-900,wide_body,3073,medical,619,normal,1.0,1500.0,619.0,1087.547516,emergency,VTBS,4000,60,asphalt,ILS,1,1,advanced,1,major,1,1,1,1,1,1,1,open,none,safe,civil,0,77.107957,927,preferred,1.0,1
S00418,OKKK,29.012681,48.214154,CRJ900,regional_jet,1795,medical,891,normal,1.0,700.0,700.0,985.235305,aircraft_fuel,OTHH,4850,60,asphalt,ILS,1,1,advanced,1,major,1,1,1,1,1,1,1,open,none,safe,civil,0,534.426429,3055,preferred,1.0,1
S00418,OKKK,29.012681,48.214154,CRJ900,regional_jet,1795,medical,891,normal,1.0,700.0,700.0,985.235305,aircraft_fuel,OKKK,4580,60,asphalt,ILS,1,1,advanced,1,major,1,1,1,1,1,1,1,open,none,safe,civil,0,33.437474,2785,preferred,2.0,0
S00418,OKKK,29.012681,48.214154,CRJ900,regional_jet,1795,medical,891,normal,1.0,700.0,700.0,985.235305,aircraft_fuel,OERK,4205,60,asphalt,ILS,1,1,advanced,1,major,1,1,1,1,1,1,1,open,none,safe,civil,0,475.230575,2410,preferred,3.0,0
S00418,OKKK,29.012681,48.214154,CRJ900,regional_jet,1795,medical,891,normal,1.0,700.0,700.0,985.235305,aircraft_fuel,OMDB,4447,60,asphalt,ILS,1,1,advanced,1,major,1,1,1,1,1,1,1,open,none,safe,civil,1,822.321309,2652,extended,4.0,0
S00418,OKKK,29.012681,48.214154,CRJ900,regional_jet,1795,medical,891,normal,1.0,700.0,700.0,985.235305,aircraft_fuel,OBBI,3956,60,asphalt,ILS,1,1,advanced,1,major,1,1,1,1,1,1,1,open,none,safe,civil,0,387.505064,2161,preferred,5.0,0
S00418,OKKK,29.012681,48.214154,CRJ900,regional_jet,1795,medical,891,normal,1.0,700.0,700.0,985.235305,aircraft_fuel,OMAA,4106,60,asphalt,ILS,1,1,advanced,1,major,1,1,1,1,1,1,1,open,none,safe,civil,0,816.334159,2311,extended,6.0,0
S00419,EHAM,51.144572,4.486488,A320,narrow_body,2328,medical,515,low,0.9,855.0,515.0,864.950314,emergency,LFPG,4215,45,asphalt,ILS,1,1,advanced,1,major,1,1,1,1,1,1,1,open,none,safe,civil,1,274.57963,1887,preferred,1.0,1
S00419,EHAM,51.144572,4.486488,A320,narrow_body,2328,medical,515,low,0.9,855.0,515.0,864.950314,emergency,EDDF,4000,60,asphalt,ILS,1,1,advanced,1,major,1,1,1,0,1,1,1,open,none,safe,civil,1,313.141373,1672,preferred,2.0,0
S00419,EHAM,51.144572,4.486488,A320,narrow_body,2328,medical,515,low,0.9,855.0,515.0,864.950314,emergency,EGLL,3901,50,asphalt,ILS,1,1,advanced,1,major,1,1,1,1,1,1,1,open,none,safe,civil,1,345.675272,1573,preferred,3.0,0
S00419,EHAM,51.144572,4.486488,A320,narrow_body,2328,medical,515,low,0.9,855.0,515.0,864.950314,emergency,EHAM,3800,60,asphalt,ILS,1,1,advanced,1,major,1,1,1,1,1,1,1,open,none,safe,civil,1,130.836416,1472,preferred,4.0,0
S00419,EHAM,51.144572,4.486488,A320,narrow_body,2328,medical,515,low,0.9,855.0,515.0,864.950314,emergency,EGKK,3317,45,asphalt,ILS,1,1,advanced,1,major,1,1,1,1,1,1,1,open,none,safe,civil,1,325.860547,989,preferred,5.0,0
S00419,EHAM,51.144572,4.486488,A320,narrow_body,2328,medical,515,low,0.9,855.0,515.0,864.950314,emergency,EIDW,3110,45,concrete,ILS,1,1,advanced,1,major,1,1,1,1,1,1,1,open,none,safe,civil,0,773.062557,782,extended,6.0,0
S00419,EHAM,51.144572,4.486488,A320,narrow_body,2328,medical,515,low,0.9,855.0,515.0,864.950314,emergency,EGCC,3048,46,asphalt,ILS,1,1,advanced,1,major,1,1,1,1,1,1,1,open,none,safe,civil,1,521.44533,720,extended,7.0,0
S00420,LIRF,41.135503,12.126473,A350-900,wide_body,2867,operational_constraints,712,normal,1.0,1500.0,712.0,1156.966885,emergency,LIRF,3902,60,asphalt,ILS,1,1,basic,1,major,1,1,1,1,1,1,1,open,none,safe,civil,1,75.124171,1035,preferred,1.0,1
S00420,LIRF,41.135503,12.126473,A350-900,wide_body,2867,operational_constraints,712,normal,1.0,1500.0,712.0,1156.966885,emergency,LFPG,4215,45,asphalt,ILS,1,1,advanced,1,major,1,1,1,1,1,1,1,open,none,safe,civil,1,1152.080513,1348,extended,2.0,0
S00420,LIRF,41.135503,12.126473,A350-900,wide_body,2867,operational_constraints,712,normal,1.0,1500.0,712.0,1156.966885,emergency,EDDF,4000,60,asphalt,ILS,1,1,advanced,1,major,1,1,1,0,1,1,1,open,none,safe,civil,1,1026.59718,1133,extended,3.0,0
S00420,LIRF,41.135503,12.126473,A350-900,wide_body,2867,operational_constraints,712,normal,1.0,1500.0,712.0,1156.966885,emergency,LGAV,4000,45,asphalt,ILS,1,1,advanced,1,major,1,1,1,1,1,1,1,open,none,safe,civil,0,1073.019817,1133,extended,4.0,0
S00420,LIRF,41.135503,12.126473,A350-900,wide_body,2867,operational_constraints,712,normal,1.0,1500.0,712.0,1156.966885,emergency,DTTA,3200,45,asphalt,RNAV,0,1,basic,1,basic,1,0,1,1,1,1,1,open,none,safe,civil,0,503.860087,333,preferred,5.0,0
S00420,LIRF,41.135503,12.126473,A350-900,wide_body,2867,operational_constraints,712,normal,1.0,1500.0,712.0,1156.966885,emergency,DAAG,3500,60,asphalt,RNAV,0,1,basic,1,basic,1,1,1,1,1,1,0,open,none,safe,civil,0,914.924861,633,extended,6.0,0
S00421,EHAM,52.548049,6.024614,A220-300,narrow_body,2168,fuel,600,critical,0.75,712.5,600.0,937.375545,emergency,LFPG,4215,45,asphalt,ILS,1,1,advanced,1,major,1,1,1,1,1,1,1,open,none,safe,civil,1,462.917106,2047,preferred,1.0,1
S00421,EHAM,52.548049,6.024614,A220-300,narrow_body,2168,fuel,600,critical,0.75,712.5,600.0,937.375545,emergency,EDDF,4000,60,asphalt,ILS,1,1,advanced,1,major,1,1,1,0,1,1,1,open,none,safe,civil,1,331.086381,1832,preferred,2.0,0
S00421,EHAM,52.548049,6.024614,A220-300,narrow_body,2168,fuel,600,critical,0.75,712.5,600.0,937.375545,emergency,EGLL,3901,50,asphalt,ILS,1,1,advanced,1,major,1,1,1,1,1,1,1,open,none,safe,civil,1,459.529379,1733,preferred,3.0,0
S00421,EHAM,52.548049,6.024614,A220-300,narrow_body,2168,fuel,600,critical,0.75,712.5,600.0,937.375545,emergency,EHAM,3800,60,asphalt,ILS,1,1,advanced,1,major,1,1,1,1,1,1,1,open,none,safe,civil,1,89.528291,1632,preferred,4.0,0
S00421,EHAM,52.548049,6.024614,A220-300,narrow_body,2168,fuel,600,critical,0.75,712.5,600.0,937.375545,emergency,EGKK,3317,45,asphalt,ILS,1,1,advanced,1,major,1,1,1,1,1,1,1,open,none,safe,civil,1,453.900108,1149,preferred,5.0,0
S00421,EHAM,52.548049,6.024614,A220-300,narrow_body,2168,fuel,600,critical,0.75,712.5,600.0,937.375545,emergency,ENGM,3600,45,asphalt,ILS,1,1,advanced,1,major,1,1,1,1,1,1,1,open,none,safe,civil,0,905.170861,1432,extended,6.0,0
S00421,EHAM,52.548049,6.024614,A220-300,narrow_body,2168,fuel,600,critical,0.75,712.5,600.0,937.375545,emergency,EGCC,3048,46,asphalt,ILS,1,1,advanced,1,major,1,1,1,1,1,1,1,open,none,safe,civil,1,562.865309,880,preferred,7.0,0
S00421,EHAM,52.548049,6.024614,A220-300,narrow_body,2168,fuel,600,critical,0.75,712.5,600.0,937.375545,emergency,EIDW,3110,45,concrete,ILS,1,1,advanced,1,major,1,1,1,1,1,1,1,open,none,safe,civil,0,827.194367,942,extended,8.0,0
S00422,OJAI,31.184828,35.79178,A330-300,wide_body,2979,technical,446,critical,0.75,975.0,446.0,752.350303,emergency,HECA,4000,60,asphalt,ILS,1,1,basic,1,major,1,1,1,1,1,1,1,open,none,safe,civil,0,437.017189,1021,preferred,1.0,1
S00422,OJAI,31.184828,35.79178,A330-300,wide_body,2979,technical,446,critical,0.75,975.0,446.0,752.350303,emergency,OJAI,3660,61,asphalt,ILS,1,1,advanced,1,major,1,1,1,1,1,1,1,open,none,safe,civil,0,62.775632,681,preferred,2.0,0
S00422,OJAI,31.184828,35.79178,A330-300,wide_body,2979,technical,446,critical,0.75,975.0,446.0,752.350303,emergency,LCLK,2987,45,asphalt,ILS,1,0,none,1,basic,1,0,1,1,1,1,1,open,none,safe,civil,0,457.330578,8,extended,3.0,0
S00422,OJAI,31.184828,35.79178,A330-300,wide_body,2979,technical,446,critical,0.75,975.0,446.0,752.350303,emergency,HELX,3000,45,asphalt,RNAV,0,0,none,1,basic,1,0,1,0,0,1,1,open,none,safe,joint,0,683.215209,21,extended,4.0,0
S00423,WMKK,3.120763,101.833277,A321,narrow_body,2456,technical,767,critical,0.75,750.0,750.0,1184.491303,aircraft_fuel,WMKK,4124,60,asphalt,ILS,1,1,advanced,1,major,1,1,1,1,1,1,1,open,none,safe,civil,0,43.9072,1668,preferred,1.0,1
S00423,WMKK,3.120763,101.833277,A321,narrow_body,2456,technical,767,critical,0.75,750.0,750.0,1184.491303,aircraft_fuel,WSSS,4000,60,asphalt,ILS,1,1,advanced,1,major,1,1,1,1,1,1,1,open,none,safe,civil,1,310.474645,1544,preferred,2.0,0
S00423,WMKK,3.120763,101.833277,A321,narrow_body,2456,technical,767,critical,0.75,750.0,750.0,1184.491303,aircraft_fuel,VTBS,4000,60,asphalt,ILS,1,1,advanced,1,major,1,1,1,1,1,1,1,open,none,safe,civil,0,1180.301739,1544,extended,3.0,0
S00423,WMKK,3.120763,101.833277,A321,narrow_body,2456,technical,767,critical,0.75,750.0,750.0,1184.491303,aircraft_fuel,WIMM,3000,60,asphalt,RNAV,1,1,basic,1,basic,1,0,1,1,0,1,1,open,none,safe,civil,0,332.320673,544,preferred,4.0,0
S00424,FMMI,-18.778729,47.122371,E190,regional_jet,1976,weather,1248,normal,1.0,800.0,800.0,1249.487972,aircraft_fuel,FMMI,3100,45,asphalt,VOR,0,0,none,0,none,0,0,1,1,1,1,0,open,none,caution,civil,0,37.575924,1124,preferred,1.0,1
S00425,OPLA,31.146281,74.485694,A321,narrow_body,2478,medical,852,normal,1.0,1000.0,852.0,1462.5848,emergency,VIDP,4430,60,asphalt,ILS,1,1,advanced,1,major,1,1,1,1,1,1,1,open,none,safe,civil,1,382.483675,1952,preferred,1.0,1
S00425,OPLA,31.146281,74.485694,A321,narrow_body,2478,medical,852,normal,1.0,1000.0,852.0,1462.5848,emergency,UAAA,4500,45,asphalt,RNAV,0,1,basic,1,basic,1,1,1,1,1,1,1,open,none,safe,civil,0,1376.011284,2022,extended,2.0,0
S00425,OPLA,31.146281,74.485694,A321,narrow_body,2478,medical,852,normal,1.0,1000.0,852.0,1462.5848,emergency,VABB,3509,60,asphalt,ILS,1,1,advanced,1,major,1,1,1,1,1,1,1,open,none,safe,civil,1,1350.539089,1031,extended,3.0,0
S00425,OPLA,31.146281,74.485694,A321,narrow_body,2478,medical,852,normal,1.0,1000.0,852.0,1462.5848,emergency,OPKC,3400,46,concrete,RNAV,0,1,basic,1,basic,1,1,1,1,1,1,1,open,none,caution,civil,0,998.613605,922,extended,4.0,0
S00426,RKSI,37.337533,126.492108,B777-300ER,wide_body,3169,mechanical,774,normal,1.0,1500.0,774.0,1287.646492,emergency,RKSI,4000,60,asphalt,ILS,1,1,advanced,1,major,1,1,1,1,1,1,1,open,none,safe,civil,1,15.073668,831,preferred,1.0,1
S00426,RKSI,37.337533,126.492108,B777-300ER,wide_body,3169,mechanical,774,normal,1.0,1500.0,774.0,1287.646492,emergency,ZSPD,4000,60,concrete,ILS,1,1,advanced,1,major,1,1,1,1,1,1,1,open,none,safe,civil,1,812.12943,831,extended,2.0,0
S00426,RKSI,37.337533,126.492108,B777-300ER,wide_body,3169,mechanical,774,normal,1.0,1500.0,774.0,1287.646492,emergency,RJAA,4000,60,asphalt,ILS,1,1,advanced,1,major,1,1,1,0,1,1,1,open,none,safe,civil,1,1252.319307,831,extended,3.0,0
S00426,RKSI,37.337533,126.492108,B777-300ER,wide_body,3169,mechanical,774,normal,1.0,1500.0,774.0,1287.646492,emergency,ZBAA,3810,60,asphalt,ILS,1,1,advanced,1,major,1,1,1,1,1,1,1,open,none,safe,civil,1,910.458996,641,extended,4.0,0
S00426,RKSI,37.337533,126.492108,B777-300ER,wide_body,3169,mechanical,774,normal,1.0,1500.0,774.0,1287.646492,emergency,RJTT,3360,61,asphalt,ILS,1,1,advanced,1,major,1,1,1,1,1,1,1,open,none,safe,civil,1,1204.667413,191,extended,5.0,0
S00427,WIMM,2.878322,98.725747,E175,regional_jet,1836,medical,789,normal,1.0,750.0,750.0,1166.372471,aircraft_fuel,WMKK,4124,60,asphalt,ILS,1,1,advanced,1,major,1,1,1,1,1,1,1,open,none,safe,civil,0,331.762472,2288,preferred,1.0,1
S00427,WIMM,2.878322,98.725747,E175,regional_jet,1836,medical,789,normal,1.0,750.0,750.0,1166.372471,aircraft_fuel,WSSS,4000,60,asphalt,ILS,1,1,advanced,1,major,1,1,1,1,1,1,1,open,none,safe,civil,1,609.549624,2164,preferred,2.0,0
S00427,WIMM,2.878322,98.725747,E175,regional_jet,1836,medical,789,normal,1.0,750.0,750.0,1166.372471,aircraft_fuel,WIMM,3000,60,asphalt,RNAV,1,1,basic,1,basic,1,0,1,1,0,1,1,open,none,safe,civil,0,86.697858,1164,preferred,3.0,0
S00428,RJTT,34.993513,140.078765,A321,narrow_body,2387,operational_constraints,587,low,0.9,900.0,587.0,987.370736,emergency,RJAA,4000,60,asphalt,ILS,1,1,advanced,1,major,1,1,1,0,1,1,1,open,none,safe,civil,1,90.648584,1613,preferred,1.0,1
S00428,RJTT,34.993513,140.078765,A321,narrow_body,2387,operational_constraints,587,low,0.9,900.0,587.0,987.370736,emergency,RJTT,3360,61,asphalt,ILS,1,1,advanced,1,major,1,1,1,1,1,1,1,open,none,safe,civil,1,67.277599,973,preferred,2.0,0
S00428,RJTT,34.993513,140.078765,A321,narrow_body,2387,operational_constraints,587,low,0.9,900.0,587.0,987.370736,emergency,RJCC,3000,61,asphalt,RNAV,0,1,basic,1,basic,1,1,1,1,1,1,1,open,none,safe,joint,0,876.356885,613,extended,3.0,0
S00429,ZSPD,30.678526,121.998709,A320,narrow_body,2466,security,926,normal,1.0,950.0,926.0,1461.724073,emergency,ZSPD,4000,60,concrete,ILS,1,1,advanced,1,major,1,1,1,1,1,1,1,open,none,safe,civil,1,54.895684,1534,preferred,1.0,1
S00429,ZSPD,30.678526,121.998709,A320,narrow_body,2466,security,926,normal,1.0,950.0,926.0,1461.724073,emergency,RKSI,4000,60,asphalt,ILS,1,1,advanced,1,major,1,1,1,1,1,1,1,open,none,safe,civil,1,858.958922,1534,preferred,2.0,0
S00429,ZSPD,30.678526,121.998709,A320,narrow_body,2466,security,926,normal,1.0,950.0,926.0,1461.724073,emergency,RCTP,3660,60,concrete,ILS,1,1,advanced,1,major,1,1,1,1,1,1,1,open,none,safe,civil,0,627.307877,1194,preferred,3.0,0
S00429,ZSPD,30.678526,121.998709,A320,narrow_body,2466,security,926,normal,1.0,950.0,926.0,1461.724073,emergency,ZBAA,3810,60,asphalt,ILS,1,1,advanced,1,major,1,1,1,1,1,1,1,open,none,safe,civil,1,1153.555376,1344,extended,4.0,0
S00430,KJFK,40.524894,-73.863094,B737-800,narrow_body,2283,weather,742,normal,1.0,950.0,742.0,1242.907519,emergency,KJFK,4423,61,asphalt,ILS,1,1,advanced,1,major,1,1,1,1,1,1,1,open,none,safe,civil,1,14.570655,2140,preferred,1.0,1
S00430,KJFK,40.524894,-73.863094,B737-800,narrow_body,2283,weather,742,normal,1.0,950.0,742.0,1242.907519,emergency,KORD,3962,46,concrete,ILS,1,1,advanced,1,major,1,1,1,1,1,1,1,open,none,safe,civil,0,1183.570863,1679,extended,2.0,0
S00430,KJFK,40.524894,-73.863094,B737-800,narrow_body,2283,weather,742,normal,1.0,950.0,742.0,1242.907519,emergency,KATL,3776,46,concrete,ILS,1,1,advanced,1,major,1,1,1,1,1,1,1,open,none,safe,civil,0,1208.822483,1493,extended,3.0,0
S00430,KJFK,40.524894,-73.863094,B737-800,narrow_body,2283,weather,742,normal,1.0,950.0,742.0,1242.907519,emergency,CYYZ,3389,61,asphalt,ILS,1,1,advanced,1,major,1,1,1,1,1,1,1,open,none,safe,civil,1,590.604254,1106,preferred,4.0,0
S00431,CYVR,48.877122,-124.186311,B737-800,narrow_body,2354,mechanical,888,low,0.9,855.0,855.0,1531.64388,aircraft_fuel,CYVR,3505,61,asphalt,ILS,1,1,advanced,1,major,1,1,1,1,1,1,1,open,none,safe,civil,0,81.113439,1151,preferred,1.0,1
S00432,DTTA,37.949237,9.942356,B747-8,very_large,3661,security,831,critical,0.75,1162.5,831.0,1349.6761,emergency,LEMD,4350,60,asphalt,ILS,1,1,advanced,1,major,1,1,1,1,1,1,1,open,none,safe,civil,1,1196.746853,689,extended,1.0,1
S00432,DTTA,37.949237,9.942356,B747-8,very_large,3661,security,831,critical,0.75,1162.5,831.0,1349.6761,emergency,LIRF,3902,60,asphalt,ILS,1,1,basic,1,major,1,1,1,1,1,1,1,open,none,safe,civil,1,471.77482,241,preferred,2.0,0
S00432,DTTA,37.949237,9.942356,B747-8,very_large,3661,security,831,critical,0.75,1162.5,831.0,1349.6761,emergency,LGAV,4000,45,asphalt,ILS,1,1,advanced,1,major,1,1,1,1,1,1,1,open,none,safe,civil,0,1226.70472,339,extended,3.0,0
S00432,DTTA,37.949237,9.942356,B747-8,very_large,3661,security,831,critical,0.75,1162.5,831.0,1349.6761,emergency,EDDF,4000,60,asphalt,ILS,1,1,advanced,1,major,1,1,1,0,1,1,1,open,none,safe,civil,1,1347.445887,339,extended,4.0,0
S00433,EFHK,59.956017,24.752591,A319,narrow_body,2215,technical,1066,critical,0.75,675.0,675.0,1117.190686,aircraft_fuel,EFHK,3440,60,asphalt,ILS,1,1,advanced,1,major,1,1,1,1,1,1,1,open,none,safe,civil,0,41.946606,1225,preferred,1.0,1
S00433,EFHK,59.956017,24.752591,A319,narrow_body,2215,technical,1066,critical,0.75,675.0,675.0,1117.190686,aircraft_fuel,ULLI,3780,60,concrete,ILS,1,1,advanced,1,major,1,1,1,1,1,1,1,open,none,caution,civil,0,307.86235,1565,preferred,2.0,0
S00433,EFHK,59.956017,24.752591,A319,narrow_body,2215,technical,1066,critical,0.75,675.0,675.0,1117.190686,aircraft_fuel,ESSA,3301,45,asphalt,ILS,1,1,advanced,1,major,1,1,1,1,1,1,1,open,none,safe,civil,0,383.006025,1086,preferred,3.0,0
S00433,EFHK,59.956017,24.752591,A319,narrow_body,2215,technical,1066,critical,0.75,675.0,675.0,1117.190686,aircraft_fuel,ENGM,3600,45,asphalt,ILS,1,1,advanced,1,major,1,1,1,1,1,1,1,open,none,safe,civil,0,756.416905,1385,extended,4.0,0
S00433,EFHK,59.956017,24.752591,A319,narrow_body,2215,technical,1066,critical,0.75,675.0,675.0,1117.190686,aircraft_fuel,UUEE,3700,60,concrete,ILS,1,1,advanced,1,major,1,1,1,1,1,1,1,open,none,caution,civil,0,865.803892,1485,extended,5.0,0
S00434,HKJK,-1.585013,36.569456,A321,narrow_body,2406,fuel,377,low,0.9,900.0,377.0,581.749873,emergency,HKJK,4117,45,asphalt,RNAV,0,1,basic,1,basic,1,0,1,1,1,1,1,open,none,safe,civil,0,49.660909,1711,preferred,1.0,1
S00435,LTFM,40.719802,28.018568,A380-800,very_large,3666,medical,996,low,0.9,1440.0,996.0,1809.153813,emergency,LTFM,4100,60,asphalt,ILS,1,1,advanced,1,major,1,1,1,1,1,1,0,open,none,safe,civil,0,85.997685,434,preferred,1.0,1
S00435,LTFM,40.719802,28.018568,A380-800,very_large,3666,medical,996,low,0.9,1440.0,996.0,1809.153813,emergency,LGAV,4000,45,asphalt,ILS,1,1,advanced,1,major,1,1,1,1,1,1,1,open,none,safe,civil,0,467.430832,334,preferred,2.0,0
S00435,LTFM,40.719802,28.018568,A380-800,very_large,3666,medical,996,low,0.9,1440.0,996.0,1809.153813,emergency,HECA,4000,60,asphalt,ILS,1,1,basic,1,major,1,1,1,1,1,1,1,open,none,safe,civil,0,1218.380822,334,extended,3.0,0
S00435,LTFM,40.719802,28.018568,A380-800,very_large,3666,medical,996,low,0.9,1440.0,996.0,1809.153813,emergency,LIRF,3902,60,asphalt,ILS,1,1,basic,1,major,1,1,1,1,1,1,1,open,none,safe,civil,1,1321.48723,236,extended,4.0,0
S00435,LTFM,40.719802,28.018568,A380-800,very_large,3666,medical,996,low,0.9,1440.0,996.0,1809.153813,emergency,LTAC,3750,45,asphalt,ILS,1,1,advanced,1,major,1,1,1,1,1,1,1,open,none,safe,joint,0,426.304751,84,preferred,5.0,0
S00436,OOMS,23.513198,59.049277,A319,narrow_body,2000,technical,726,low,0.9,810.0,726.0,1243.012131,emergency,OTHH,4850,60,asphalt,ILS,1,1,advanced,1,major,1,1,1,1,1,1,1,open,none,safe,civil,0,778.424189,2850,extended,1.0,1
S00436,OOMS,23.513198,59.049277,A319,narrow_body,2000,technical,726,low,0.9,810.0,726.0,1243.012131,emergency,OMDB,4447,60,asphalt,ILS,1,1,advanced,1,major,1,1,1,1,1,1,1,open,none,safe,civil,1,419.572584,2447,preferred,2.0,0
S00436,OOMS,23.513198,59.049277,A319,narrow_body,2000,technical,726,low,0.9,810.0,726.0,1243.012131,emergency,OMAA,4106,60,asphalt,ILS,1,1,advanced,1,major,1,1,1,1,1,1,1,open,none,safe,civil,0,458.766459,2106,preferred,3.0,0
S00436,OOMS,23.513198,59.049277,A319,narrow_body,2000,technical,726,low,0.9,810.0,726.0,1243.012131,emergency,OOMS,4080,45,asphalt,ILS,1,1,advanced,1,major,1,1,1,1,1,1,1,open,none,safe,civil,0,78.473033,2080,preferred,4.0,0
S00436,OOMS,23.513198,59.049277,A319,narrow_body,2000,technical,726,low,0.9,810.0,726.0,1243.012131,emergency,OBBI,3956,60,asphalt,ILS,1,1,advanced,1,major,1,1,1,1,1,1,1,open,none,safe,civil,0,901.776028,1956,extended,5.0,0
S00436,OOMS,23.513198,59.049277,A319,narrow_body,2000,technical,726,low,0.9,810.0,726.0,1243.012131,emergency,OPKC,3400,46,concrete,RNAV,0,1,basic,1,basic,1,1,1,1,1,1,1,open,none,caution,civil,0,836.948293,1400,extended,6.0,0
S00437,OKKK,29.919036,47.886838,B747-8,very_large,3578,weather,1119,normal,1.0,1550.0,1119.0,2072.62418,emergency,OTHH,4850,60,asphalt,ILS,1,1,advanced,1,major,1,1,1,1,1,1,1,open,none,safe,civil,0,633.415392,1272,preferred,1.0,1
S00437,OKKK,29.919036,47.886838,B747-8,very_large,3578,weather,1119,normal,1.0,1550.0,1119.0,2072.62418,emergency,OKKK,4580,60,asphalt,ILS,1,1,advanced,1,major,1,1,1,1,1,1,1,open,none,safe,civil,0,77.646088,1002,preferred,2.0,0
S00437,OKKK,29.919036,47.886838,B747-8,very_large,3578,weather,1119,normal,1.0,1550.0,1119.0,2072.62418,emergency,OMDB,4447,60,asphalt,ILS,1,1,advanced,1,major,1,1,1,1,1,1,1,open,none,safe,civil,1,901.615069,869,preferred,3.0,0
S00437,OKKK,29.919036,47.886838,B747-8,very_large,3578,weather,1119,normal,1.0,1550.0,1119.0,2072.62418,emergency,OERK,4205,60,asphalt,ILS,1,1,advanced,1,major,1,1,1,1,1,1,1,open,none,safe,civil,0,563.9932,627,preferred,4.0,0
S00437,OKKK,29.919036,47.886838,B747-8,very_large,3578,weather,1119,normal,1.0,1550.0,1119.0,2072.62418,emergency,OMAA,4106,60,asphalt,ILS,1,1,advanced,1,major,1,1,1,1,1,1,1,open,none,safe,civil,0,904.304786,528,preferred,5.0,0
S00437,OKKK,29.919036,47.886838,B747-8,very_large,3578,weather,1119,normal,1.0,1550.0,1119.0,2072.62418,emergency,OBBI,3956,60,asphalt,ILS,1,1,advanced,1,major,1,1,1,1,1,1,1,open,none,safe,civil,0,487.487851,378,preferred,6.0,0
S00437,OKKK,29.919036,47.886838,B747-8,very_large,3578,weather,1119,normal,1.0,1550.0,1119.0,2072.62418,emergency,OOMS,4080,45,asphalt,ILS,1,1,advanced,1,major,1,1,1,1,1,1,1,open,none,safe,civil,0,1247.825773,502,extended,7.0,0
S00437,OKKK,29.919036,47.886838,B747-8,very_large,3578,weather,1119,normal,1.0,1550.0,1119.0,2072.62418,emergency,HECA,4000,60,asphalt,ILS,1,1,basic,1,major,1,1,1,1,1,1,1,open,none,safe,civil,0,1586.480653,422,extended,8.0,0
S00437,OKKK,29.919036,47.886838,B747-8,very_large,3578,weather,1119,normal,1.0,1550.0,1119.0,2072.62418,emergency,OJAI,3660,61,asphalt,ILS,1,1,advanced,1,major,1,1,1,1,1,1,1,open,none,safe,civil,0,1152.68494,82,extended,9.0,0
S00437,OKKK,29.919036,47.886838,B747-8,very_large,3578,weather,1119,normal,1.0,1550.0,1119.0,2072.62418,emergency,LTAC,3750,45,asphalt,ILS,1,1,advanced,1,major,1,1,1,1,1,1,1,open,none,safe,joint,0,1764.087955,172,extended,10.0,0
S00438,OPLA,30.967754,74.24126,A321,narrow_body,2402,weather,1155,normal,1.0,1000.0,1000.0,1718.199743,aircraft_fuel,VIDP,4430,60,asphalt,ILS,1,1,advanced,1,major,1,1,1,1,1,1,1,open,none,safe,civil,1,384.454559,2028,preferred,1.0,1
S00438,OPLA,30.967754,74.24126,A321,narrow_body,2402,weather,1155,normal,1.0,1000.0,1000.0,1718.199743,aircraft_fuel,UAAA,4500,45,asphalt,RNAV,0,1,basic,1,basic,1,1,1,1,1,1,1,open,none,safe,civil,0,1399.277594,2098,extended,2.0,0
S00438,OPLA,30.967754,74.24126,A321,narrow_body,2402,weather,1155,normal,1.0,1000.0,1000.0,1718.199743,aircraft_fuel,VABB,3509,60,asphalt,ILS,1,1,advanced,1,major,1,1,1,1,1,1,1,open,none,safe,civil,1,1328.075647,1107,extended,3.0,0
S00438,OPLA,30.967754,74.24126,A321,narrow_body,2402,weather,1155,normal,1.0,1000.0,1000.0,1718.199743,aircraft_fuel,OPKC,3400,46,concrete,RNAV,0,1,basic,1,basic,1,1,1,1,1,1,1,open,none,caution,civil,0,968.031979,998,preferred,4.0,0
S00438,OPLA,30.967754,74.24126,A321,narrow_body,2402,weather,1155,normal,1.0,1000.0,1000.0,1718.199743,aircraft_fuel,OPLA,3360,46,concrete,RNAV,0,0,none,1,basic,1,0,1,1,1,1,1,open,none,caution,civil,0,63.489355,958,preferred,5.0,0
S00438,OPLA,30.967754,74.24126,A321,narrow_body,2402,weather,1155,normal,1.0,1000.0,1000.0,1718.199743,aircraft_fuel,VNKT,3350,45,asphalt,VOR,0,0,none,0,none,0,0,1,1,1,1,1,open,none,caution,civil,0,1136.822072,948,extended,6.0,0
S00439,DNMM,6.343972,4.25164,B737-800,narrow_body,2440,medical,1024,low,0.9,855.0,855.0,1299.28405,aircraft_fuel,DNMM,3900,60,asphalt,ILS,1,1,advanced,1,major,1,1,1,1,1,1,1,open,none,caution,civil,0,106.032649,1460,preferred,1.0,1
S00440,YMML,-37.722707,143.959069,B737 MAX 8,narrow_body,2461,security,857,critical,0.75,750.0,750.0,1137.593111,aircraft_fuel,YMML,3657,60,asphalt,ILS,1,1,advanced,1,major,1,1,1,1,1,1,1,open,none,safe,civil,0,77.538227,1196,preferred,1.0,1
S00440,YMML,-37.722707,143.959069,B737 MAX 8,narrow_body,2461,security,857,critical,0.75,750.0,750.0,1137.593111,aircraft_fuel,YSSY,3962,45,asphalt,ILS,1,1,advanced,1,major,1,1,1,0,1,1,1,open,none,safe,civil,1,774.04333,1501,extended,2.0,0
S00441,KATL,33.219717,-84.808319,B737-800,narrow_body,2353,fuel,605,critical,0.75,712.5,605.0,1033.695983,emergency,KATL,3776,46,concrete,ILS,1,1,advanced,1,major,1,1,1,1,1,1,1,open,none,safe,civil,0,58.265119,1423,preferred,1.0,1
S00441,KATL,33.219717,-84.808319,B737-800,narrow_body,2353,fuel,605,critical,0.75,712.5,605.0,1033.695983,emergency,KORD,3962,46,concrete,ILS,1,1,advanced,1,major,1,1,1,1,1,1,1,open,none,safe,civil,0,1011.224358,1609,extended,2.0,0
S00442,OOMS,24.126532,58.165249,A319,narrow_body,2065,medical,994,normal,1.0,900.0,900.0,1549.473771,aircraft_fuel,OTHH,4850,60,asphalt,ILS,1,1,advanced,1,major,1,1,1,1,1,1,1,open,none,safe,civil,0,674.495226,2785,preferred,1.0,1
S00442,OOMS,24.126532,58.165249,A319,narrow_body,2065,medical,994,normal,1.0,900.0,900.0,1549.473771,aircraft_fuel,OMDB,4447,60,asphalt,ILS,1,1,advanced,1,major,1,1,1,1,1,1,1,open,none,safe,civil,1,308.691417,2382,preferred,2.0,0
S00442,OOMS,24.126532,58.165249,A319,narrow_body,2065,medical,994,normal,1.0,900.0,900.0,1549.473771,aircraft_fuel,OKKK,4580,60,asphalt,ILS,1,1,advanced,1,major,1,1,1,1,1,1,1,open,none,safe,civil,0,1160.086473,2515,extended,3.0,0
S00442,OOMS,24.126532,58.165249,A319,narrow_body,2065,medical,994,normal,1.0,900.0,900.0,1549.473771,aircraft_fuel,OMAA,4106,60,asphalt,ILS,1,1,advanced,1,major,1,1,1,1,1,1,1,open,none,safe,civil,0,358.071193,2041,preferred,4.0,0
S00442,OOMS,24.126532,58.165249,A319,narrow_body,2065,medical,994,normal,1.0,900.0,900.0,1549.473771,aircraft_fuel,OOMS,4080,45,asphalt,ILS,1,1,advanced,1,major,1,1,1,1,1,1,1,open,none,safe,civil,0,59.782482,2015,preferred,5.0,0
S00442,OOMS,24.126532,58.165249,A319,narrow_body,2065,medical,994,normal,1.0,900.0,900.0,1549.473771,aircraft_fuel,OBBI,3956,60,asphalt,ILS,1,1,advanced,1,major,1,1,1,1,1,1,1,open,none,safe,civil,0,793.750732,1891,preferred,6.0,0
S00442,OOMS,24.126532,58.165249,A319,narrow_body,2065,medical,994,normal,1.0,900.0,900.0,1549.473771,aircraft_fuel,OERK,4205,60,asphalt,ILS,1,1,advanced,1,major,1,1,1,1,1,1,1,open,none,safe,civil,0,1163.147395,2140,extended,7.0,0
S00442,OOMS,24.126532,58.165249,A319,narrow_body,2065,medical,994,normal,1.0,900.0,900.0,1549.473771,aircraft_fuel,OPKC,3400,46,concrete,RNAV,0,1,basic,1,basic,1,1,1,1,1,1,1,open,none,caution,civil,0,914.02889,1335,extended,8.0,0
S00443,UAAA,43.617718,77.172138,A330-300,wide_body,3019,mechanical,1059,normal,1.0,1300.0,1059.0,1876.907801,emergency,UAAA,4500,45,asphalt,RNAV,0,1,basic,1,basic,1,1,1,1,1,1,1,open,none,safe,civil,0,31.096541,1481,preferred,1.0,1
S00443,UAAA,43.617718,77.172138,A330-300,wide_body,3019,mechanical,1059,normal,1.0,1300.0,1059.0,1876.907801,emergency,VIDP,4430,60,asphalt,ILS,1,1,advanced,1,major,1,1,1,1,1,1,1,open,none,safe,civil,1,1674.841829,1411,extended,2.0,0
S00443,UAAA,43.617718,77.172138,A330-300,wide_body,3019,mechanical,1059,normal,1.0,1300.0,1059.0,1876.907801,emergency,UACC,3500,45,asphalt,RNAV,0,1,basic,1,basic,1,1,1,1,1,1,1,open,none,safe,civil,0,928.679164,481,preferred,3.0,0
S00443,UAAA,43.617718,77.172138,A330-300,wide_body,3019,mechanical,1059,normal,1.0,1300.0,1059.0,1876.907801,emergency,OPLA,3360,46,concrete,RNAV,0,0,none,1,basic,1,0,1,1,1,1,1,open,none,caution,civil,0,1366.753539,341,extended,4.0,0
S00444,EGLL,50.981795,-0.610269,E190,regional_jet,1930,mechanical,1078,low,0.9,720.0,720.0,1124.601743,aircraft_fuel,LFPG,4215,45,asphalt,ILS,1,1,advanced,1,major,1,1,1,1,1,1,1,open,none,safe,civil,1,315.044416,2285,preferred,1.0,1
S00444,EGLL,50.981795,-0.610269,E190,regional_jet,1930,mechanical,1078,low,0.9,720.0,720.0,1124.601743,aircraft_fuel,EDDF,4000,60,asphalt,ILS,1,1,advanced,1,major,1,1,1,0,1,1,1,open,none,safe,civil,1,656.618242,2070,preferred,2.0,0
S00444,EGLL,50.981795,-0.610269,E190,regional_jet,1930,mechanical,1078,low,0.9,720.0,720.0,1124.601743,aircraft_fuel,EGLL,3901,50,asphalt,ILS,1,1,advanced,1,major,1,1,1,1,1,1,1,open,none,safe,civil,1,55.368072,1971,preferred,3.0,0
S00444,EGLL,50.981795,-0.610269,E190,regional_jet,1930,mechanical,1078,low,0.9,720.0,720.0,1124.601743,aircraft_fuel,EHAM,3800,60,asphalt,ILS,1,1,advanced,1,major,1,1,1,1,1,1,1,open,none,safe,civil,1,398.964695,1870,preferred,4.0,0
S00444,EGLL,50.981795,-0.610269,E190,regional_jet,1930,mechanical,1078,low,0.9,720.0,720.0,1124.601743,aircraft_fuel,EGKK,3317,45,asphalt,ILS,1,1,advanced,1,major,1,1,1,1,1,1,1,open,none,safe,civil,1,34.995158,1387,preferred,5.0,0
S00444,EGLL,50.981795,-0.610269,E190,regional_jet,1930,mechanical,1078,low,0.9,720.0,720.0,1124.601743,aircraft_fuel,EIDW,3110,45,concrete,ILS,1,1,advanced,1,major,1,1,1,1,1,1,1,open,none,safe,civil,0,471.33127,1180,preferred,6.0,0
S00444,EGLL,50.981795,-0.610269,E190,regional_jet,1930,mechanical,1078,low,0.9,720.0,720.0,1124.601743,aircraft_fuel,EGCC,3048,46,asphalt,ILS,1,1,advanced,1,major,1,1,1,1,1,1,1,open,none,safe,civil,1,287.126787,1118,preferred,7.0,0
S00445,OOMS,24.565394,57.684036,A319,narrow_body,2010,technical,541,normal,1.0,900.0,541.0,918.296011,emergency,OTHH,4850,60,asphalt,ILS,1,1,advanced,1,major,1,1,1,1,1,1,1,open,none,safe,civil,0,617.69506,2840,extended,1.0,1
S00445,OOMS,24.565394,57.684036,A319,narrow_body,2010,technical,541,normal,1.0,900.0,541.0,918.296011,emergency,OMDB,4447,60,asphalt,ILS,1,1,advanced,1,major,1,1,1,1,1,1,1,open,none,safe,civil,1,245.370834,2437,preferred,2.0,0
S00445,OOMS,24.565394,57.684036,A319,narrow_body,2010,technical,541,normal,1.0,900.0,541.0,918.296011,emergency,OMAA,4106,60,asphalt,ILS,1,1,advanced,1,major,1,1,1,1,1,1,1,open,none,safe,civil,0,307.367816,2096,preferred,3.0,0
S00445,OOMS,24.565394,57.684036,A319,narrow_body,2010,technical,541,normal,1.0,900.0,541.0,918.296011,emergency,OOMS,4080,45,asphalt,ILS,1,1,advanced,1,major,1,1,1,1,1,1,1,open,none,safe,civil,0,123.463564,2070,preferred,4.0,0
S00445,OOMS,24.565394,57.684036,A319,narrow_body,2010,technical,541,normal,1.0,900.0,541.0,918.296011,emergency,OBBI,3956,60,asphalt,ILS,1,1,advanced,1,major,1,1,1,1,1,1,1,open,none,safe,civil,0,732.432699,1946,extended,5.0,0
S00446,WSSS,1.160618,103.512759,A330-300,wide_body,3036,technical,698,normal,1.0,1300.0,698.0,1162.686983,emergency,WMKK,4124,60,asphalt,ILS,1,1,advanced,1,major,1,1,1,1,1,1,1,open,none,safe,civil,0,266.822999,1088,preferred,1.0,1
S00446,WSSS,1.160618,103.512759,A330-300,wide_body,3036,technical,698,normal,1.0,1300.0,698.0,1162.686983,emergency,WSSS,4000,60,asphalt,ILS,1,1,advanced,1,major,1,1,1,1,1,1,1,open,none,safe,civil,1,57.502073,964,preferred,2.0,0
S00447,OTHH,24.869105,51.193708,B767-300ER,wide_body,3046,medical,847,critical,0.75,937.5,847.0,1291.070659,emergency,OTHH,4850,60,asphalt,ILS,1,1,advanced,1,major,1,1,1,1,1,1,1,open,none,safe,civil,0,61.311918,1804,preferred,1.0,1
S00447,OTHH,24.869105,51.193708,B767-300ER,wide_body,3046,medical,847,critical,0.75,937.5,847.0,1291.070659,emergency,OKKK,4580,60,asphalt,ILS,1,1,advanced,1,major,1,1,1,1,1,1,1,open,none,safe,civil,0,579.988689,1534,preferred,2.0,0
S00447,OTHH,24.869105,51.193708,B767-300ER,wide_body,3046,medical,847,critical,0.75,937.5,847.0,1291.070659,emergency,OMDB,4447,60,asphalt,ILS,1,1,advanced,1,major,1,1,1,1,1,1,1,open,none,safe,civil,1,422.875504,1401,preferred,3.0,0
S00447,OTHH,24.869105,51.193708,B767-300ER,wide_body,3046,medical,847,critical,0.75,937.5,847.0,1291.070659,emergency,OERK,4205,60,asphalt,ILS,1,1,advanced,1,major,1,1,1,1,1,1,1,open,none,safe,civil,0,453.387676,1159,preferred,4.0,0
S00447,OTHH,24.869105,51.193708,B767-300ER,wide_body,3046,medical,847,critical,0.75,937.5,847.0,1291.070659,emergency,OMAA,4106,60,asphalt,ILS,1,1,advanced,1,major,1,1,1,1,1,1,1,open,none,safe,civil,0,352.428313,1060,preferred,5.0,0
S00447,OTHH,24.869105,51.193708,B767-300ER,wide_body,3046,medical,847,critical,0.75,937.5,847.0,1291.070659,emergency,OOMS,4080,45,asphalt,ILS,1,1,advanced,1,major,1,1,1,1,1,1,1,open,none,safe,civil,0,732.665451,1034,preferred,6.0,0
S00447,OTHH,24.869105,51.193708,B767-300ER,wide_body,3046,medical,847,critical,0.75,937.5,847.0,1291.070659,emergency,OBBI,3956,60,asphalt,ILS,1,1,advanced,1,major,1,1,1,1,1,1,1,open,none,safe,civil,0,165.173315,910,preferred,7.0,0
S00448,VIDP,28.273096,76.953836,B787-9,wide_body,2880,weather,582,normal,1.0,1400.0,582.0,1075.758556,emergency,VIDP,4430,60,asphalt,ILS,1,1,advanced,1,major,1,1,1,1,1,1,1,open,none,safe,civil,1,34.323427,1550,preferred,1.0,1
S00448,VIDP,28.273096,76.953836,B787-9,wide_body,2880,weather,582,normal,1.0,1400.0,582.0,1075.758556,emergency,OPLA,3360,46,concrete,RNAV,0,0,none,1,basic,1,0,1,1,1,1,1,open,none,caution,civil,0,436.895926,480,preferred,2.0,0
S00448,VIDP,28.273096,76.953836,B787-9,wide_body,2880,weather,582,normal,1.0,1400.0,582.0,1075.758556,emergency,OPKC,3400,46,concrete,RNAV,0,1,basic,1,basic,1,1,1,1,1,1,1,open,none,caution,civil,0,1042.789965,520,extended,3.0,0
S00448,VIDP,28.273096,76.953836,B787-9,wide_body,2880,weather,582,normal,1.0,1400.0,582.0,1075.758556,emergency,VNKT,3350,45,asphalt,VOR,0,0,none,0,none,0,0,1,1,1,1,1,open,none,caution,civil,0,827.655428,470,extended,4.0,0
S00449,HECA,30.081751,32.09637,CRJ900,regional_jet,1856,mechanical,967,normal,1.0,700.0,700.0,1141.802382,aircraft_fuel,HECA,4000,60,asphalt,ILS,1,1,basic,1,major,1,1,1,1,1,1,1,open,none,safe,civil,0,67.392744,2144,preferred,1.0,1
S00449,HECA,30.081751,32.09637,CRJ900,regional_jet,1856,mechanical,967,normal,1.0,700.0,700.0,1141.802382,aircraft_fuel,OJAI,3660,61,asphalt,ILS,1,1,advanced,1,major,1,1,1,1,1,1,1,open,none,safe,civil,0,414.112618,1804,preferred,2.0,0
S00449,HECA,30.081751,32.09637,CRJ900,regional_jet,1856,mechanical,967,normal,1.0,700.0,700.0,1141.802382,aircraft_fuel,LTAC,3750,45,asphalt,ILS,1,1,advanced,1,major,1,1,1,1,1,1,1,open,none,safe,joint,0,1120.071814,1894,extended,3.0,0
S00449,HECA,30.081751,32.09637,CRJ900,regional_jet,1856,mechanical,967,normal,1.0,700.0,700.0,1141.802382,aircraft_fuel,LCLK,2987,45,asphalt,ILS,1,0,none,1,basic,1,0,1,1,1,1,1,open,none,safe,civil,0,551.920273,1131,preferred,4.0,0
S00449,HECA,30.081751,32.09637,CRJ900,regional_jet,1856,mechanical,967,normal,1.0,700.0,700.0,1141.802382,aircraft_fuel,HELX,3000,45,asphalt,RNAV,0,0,none,1,basic,1,0,1,0,0,1,1,open,none,safe,joint,0,494.103902,1144,preferred,5.0,0
S00450,EGKK,51.552439,1.186249,A319,narrow_body,2067,technical,609,critical,0.75,675.0,609.0,985.535185,emergency,LFPG,4215,45,asphalt,ILS,1,1,advanced,1,major,1,1,1,1,1,1,1,open,none,safe,civil,1,299.043075,2148,preferred,1.0,1
S00450,EGKK,51.552439,1.186249,A319,narrow_body,2067,technical,609,critical,0.75,675.0,609.0,985.535185,emergency,EDDF,4000,60,asphalt,ILS,1,1,advanced,1,major,1,1,1,0,1,1,1,open,none,safe,civil,1,544.995222,1933,preferred,2.0,0
S00450,EGKK,51.552439,1.186249,A319,narrow_body,2067,technical,609,critical,0.75,675.0,609.0,985.535185,emergency,EGLL,3901,50,asphalt,ILS,1,1,advanced,1,major,1,1,1,1,1,1,1,open,none,safe,civil,1,114.277972,1834,preferred,3.0,0
S00450,EGKK,51.552439,1.186249,A319,narrow_body,2067,technical,609,critical,0.75,675.0,609.0,985.535185,emergency,EHAM,3800,60,asphalt,ILS,1,1,advanced,1,major,1,1,1,1,1,1,1,open,none,safe,civil,1,259.276571,1733,preferred,4.0,0
S00450,EGKK,51.552439,1.186249,A319,narrow_body,2067,technical,609,critical,0.75,675.0,609.0,985.535185,emergency,EGKK,3317,45,asphalt,ILS,1,1,advanced,1,major,1,1,1,1,1,1,1,open,none,safe,civil,1,105.323003,1250,preferred,5.0,0
S00450,EGKK,51.552439,1.186249,A319,narrow_body,2067,technical,609,critical,0.75,675.0,609.0,985.535185,emergency,EIDW,3110,45,concrete,ILS,1,1,advanced,1,major,1,1,1,1,1,1,1,open,none,safe,civil,0,545.416404,1043,preferred,6.0,0
S00450,EGKK,51.552439,1.186249,A319,narrow_body,2067,technical,609,critical,0.75,675.0,609.0,985.535185,emergency,EGCC,3048,46,asphalt,ILS,1,1,advanced,1,major,1,1,1,1,1,1,1,open,none,safe,civil,1,308.367847,981,preferred,7.0,0
S00451,LTFM,41.125517,28.802272,E190,regional_jet,1983,weather,731,normal,1.0,800.0,731.0,1154.470112,emergency,LTFM,4100,60,asphalt,ILS,1,1,advanced,1,major,1,1,1,1,1,1,0,open,none,safe,civil,0,17.61389,2117,preferred,1.0,1
S00451,LTFM,41.125517,28.802272,E190,regional_jet,1983,weather,731,normal,1.0,800.0,731.0,1154.470112,emergency,LGAV,4000,45,asphalt,ILS,1,1,advanced,1,major,1,1,1,1,1,1,1,open,none,safe,civil,0,546.936963,2017,preferred,2.0,0
S00451,LTFM,41.125517,28.802272,E190,regional_jet,1983,weather,731,normal,1.0,800.0,731.0,1154.470112,emergency,LTAC,3750,45,asphalt,ILS,1,1,advanced,1,major,1,1,1,1,1,1,1,open,none,safe,joint,0,370.77459,1767,preferred,3.0,0
S00451,LTFM,41.125517,28.802272,E190,regional_jet,1983,weather,731,normal,1.0,800.0,731.0,1154.470112,emergency,LCLK,2987,45,asphalt,ILS,1,0,none,1,basic,1,0,1,1,1,1,1,open,none,safe,civil,0,813.061868,1004,extended,4.0,0
S00452,OBBI,25.387916,51.050909,B787-9,wide_body,2868,security,858,low,0.9,1260.0,858.0,1561.405048,emergency,OTHH,4850,60,asphalt,ILS,1,1,advanced,1,major,1,1,1,1,1,1,1,open,none,safe,civil,0,57.433579,1982,preferred,1.0,1
S00452,OBBI,25.387916,51.050909,B787-9,wide_body,2868,security,858,low,0.9,1260.0,858.0,1561.405048,emergency,OKKK,4580,60,asphalt,ILS,1,1,advanced,1,major,1,1,1,1,1,1,1,open,none,safe,civil,0,524.024262,1712,preferred,2.0,0
S00452,OBBI,25.387916,51.050909,B787-9,wide_body,2868,security,858,low,0.9,1260.0,858.0,1561.405048,emergency,OMDB,4447,60,asphalt,ILS,1,1,advanced,1,major,1,1,1,1,1,1,1,open,none,safe,civil,1,434.480305,1579,preferred,3.0,0
S00452,OBBI,25.387916,51.050909,B787-9,wide_body,2868,security,858,low,0.9,1260.0,858.0,1561.405048,emergency,OERK,4205,60,asphalt,ILS,1,1,advanced,1,major,1,1,1,1,1,1,1,open,none,safe,civil,0,440.558554,1337,preferred,4.0,0
S00452,OBBI,25.387916,51.050909,B787-9,wide_body,2868,security,858,low,0.9,1260.0,858.0,1561.405048,emergency,OMAA,4106,60,asphalt,ILS,1,1,advanced,1,major,1,1,1,1,1,1,1,open,none,safe,civil,0,377.831528,1238,preferred,5.0,0
S00452,OBBI,25.387916,51.050909,B787-9,wide_body,2868,security,858,low,0.9,1260.0,858.0,1561.405048,emergency,OOMS,4080,45,asphalt,ILS,1,1,advanced,1,major,1,1,1,1,1,1,1,open,none,safe,civil,0,758.411746,1212,preferred,6.0,0
S00452,OBBI,25.387916,51.050909,B787-9,wide_body,2868,security,858,low,0.9,1260.0,858.0,1561.405048,emergency,OBBI,3956,60,asphalt,ILS,1,1,advanced,1,major,1,1,1,1,1,1,1,open,none,safe,civil,0,106.1709,1088,preferred,7.0,0
S00453,LFPG,48.40878,3.203693,A321,narrow_body,2463,medical,810,normal,1.0,1000.0,810.0,1400.952401,emergency,LFPG,4215,45,asphalt,ILS,1,1,advanced,1,major,1,1,1,1,1,1,1,open,none,safe,civil,1,82.009092,1752,preferred,1.0,1
S00453,LFPG,48.40878,3.203693,A321,narrow_body,2463,medical,810,normal,1.0,1000.0,810.0,1400.952401,emergency,EDDF,4000,60,asphalt,ILS,1,1,advanced,1,major,1,1,1,0,1,1,1,open,none,safe,civil,1,428.376335,1537,preferred,2.0,0
S00453,LFPG,48.40878,3.203693,A321,narrow_body,2463,medical,810,normal,1.0,1000.0,810.0,1400.952401,emergency,LEMD,4350,60,asphalt,ILS,1,1,advanced,1,major,1,1,1,1,1,1,1,open,none,safe,civil,1,1030.528431,1887,extended,3.0,0
S00453,LFPG,48.40878,3.203693,A321,narrow_body,2463,medical,810,normal,1.0,1000.0,810.0,1400.952401,emergency,EGLL,3901,50,asphalt,ILS,1,1,advanced,1,major,1,1,1,1,1,1,1,open,none,safe,civil,1,429.608879,1438,preferred,4.0,0
S00453,LFPG,48.40878,3.203693,A321,narrow_body,2463,medical,810,normal,1.0,1000.0,810.0,1400.952401,emergency,EHAM,3800,60,asphalt,ILS,1,1,advanced,1,major,1,1,1,1,1,1,1,open,none,safe,civil,1,447.513386,1337,preferred,5.0,0
S00453,LFPG,48.40878,3.203693,A321,narrow_body,2463,medical,810,normal,1.0,1000.0,810.0,1400.952401,emergency,LIRF,3902,60,asphalt,ILS,1,1,basic,1,major,1,1,1,1,1,1,1,open,none,safe,civil,1,1020.181018,1439,extended,6.0,0
S00453,LFPG,48.40878,3.203693,A321,narrow_body,2463,medical,810,normal,1.0,1000.0,810.0,1400.952401,emergency,EGKK,3317,45,asphalt,ILS,1,1,advanced,1,major,1,1,1,1,1,1,1,open,none,safe,civil,1,389.852468,854,preferred,7.0,0
S00453,LFPG,48.40878,3.203693,A321,narrow_body,2463,medical,810,normal,1.0,1000.0,810.0,1400.952401,emergency,DAAG,3500,60,asphalt,RNAV,0,1,basic,1,basic,1,1,1,1,1,1,0,open,none,safe,civil,0,1302.637078,1037,extended,8.0,0
S00453,LFPG,48.40878,3.203693,A321,narrow_body,2463,medical,810,normal,1.0,1000.0,810.0,1400.952401,emergency,EGCC,3048,46,asphalt,ILS,1,1,advanced,1,major,1,1,1,1,1,1,1,open,none,safe,civil,1,670.446138,585,preferred,9.0,0
S00453,LFPG,48.40878,3.203693,A321,narrow_body,2463,medical,810,normal,1.0,1000.0,810.0,1400.952401,emergency,EIDW,3110,45,concrete,ILS,1,1,advanced,1,major,1,1,1,1,1,1,1,open,none,safe,civil,0,865.858276,647,extended,10.0,0
S00454,EHAM,51.801838,5.490821,A319,narrow_body,2117,medical,957,critical,0.75,675.0,675.0,1043.226712,aircraft_fuel,LFPG,4215,45,asphalt,ILS,1,1,advanced,1,major,1,1,1,1,1,1,1,open,none,safe,civil,1,373.775146,2098,preferred,1.0,1
S00454,EHAM,51.801838,5.490821,A319,narrow_body,2117,medical,957,critical,0.75,675.0,675.0,1043.226712,aircraft_fuel,EDDF,4000,60,asphalt,ILS,1,1,advanced,1,major,1,1,1,0,1,1,1,open,none,safe,civil,1,291.859501,1883,preferred,2.0,0
S00454,EHAM,51.801838,5.490821,A319,narrow_body,2117,medical,957,critical,0.75,675.0,675.0,1043.226712,aircraft_fuel,EGLL,3901,50,asphalt,ILS,1,1,advanced,1,major,1,1,1,1,1,1,1,open,none,safe,civil,1,412.209843,1784,preferred,3.0,0
S00454,EHAM,51.801838,5.490821,A319,narrow_body,2117,medical,957,critical,0.75,675.0,675.0,1043.226712,aircraft_fuel,EHAM,3800,60,asphalt,ILS,1,1,advanced,1,major,1,1,1,1,1,1,1,open,none,safe,civil,1,75.136874,1683,preferred,4.0,0
S00454,EHAM,51.801838,5.490821,A319,narrow_body,2117,medical,957,critical,0.75,675.0,675.0,1043.226712,aircraft_fuel,EGKK,3317,45,asphalt,ILS,1,1,advanced,1,major,1,1,1,1,1,1,1,open,none,safe,civil,1,399.689204,1200,preferred,5.0,0
S00454,EHAM,51.801838,5.490821,A319,narrow_body,2117,medical,957,critical,0.75,675.0,675.0,1043.226712,aircraft_fuel,ENGM,3600,45,asphalt,ILS,1,1,advanced,1,major,1,1,1,1,1,1,1,open,none,safe,civil,0,995.355443,1483,extended,6.0,0
S00454,EHAM,51.801838,5.490821,A319,narrow_body,2117,medical,957,critical,0.75,675.0,675.0,1043.226712,aircraft_fuel,EGCC,3048,46,asphalt,ILS,1,1,advanced,1,major,1,1,1,1,1,1,1,open,none,safe,civil,1,552.055638,931,preferred,7.0,0
S00454,EHAM,51.801838,5.490821,A319,narrow_body,2117,medical,957,critical,0.75,675.0,675.0,1043.226712,aircraft_fuel,EIDW,3110,45,concrete,ILS,1,1,advanced,1,major,1,1,1,1,1,1,1,open,none,safe,civil,0,812.825896,993,extended,8.0,0
S00455,KJFK,40.313906,-74.061174,B737-800,narrow_body,2352,technical,881,low,0.9,855.0,855.0,1452.366467,aircraft_fuel,KJFK,4423,61,asphalt,ILS,1,1,advanced,1,major,1,1,1,1,1,1,1,open,none,safe,civil,1,43.343773,2071,preferred,1.0,1
S00455,KJFK,40.313906,-74.061174,B737-800,narrow_body,2352,technical,881,low,0.9,855.0,855.0,1452.366467,aircraft_fuel,KORD,3962,46,concrete,ILS,1,1,advanced,1,major,1,1,1,1,1,1,1,open,none,safe,civil,0,1172.518527,1610,extended,2.0,0
S00455,KJFK,40.313906,-74.061174,B737-800,narrow_body,2352,technical,881,low,0.9,855.0,855.0,1452.366467,aircraft_fuel,KATL,3776,46,concrete,ILS,1,1,advanced,1,major,1,1,1,1,1,1,1,open,none,safe,civil,0,1181.496877,1424,extended,3.0,0
S00455,KJFK,40.313906,-74.061174,B737-800,narrow_body,2352,technical,881,low,0.9,855.0,855.0,1452.366467,aircraft_fuel,CYYZ,3389,61,asphalt,ILS,1,1,advanced,1,major,1,1,1,1,1,1,1,open,none,safe,civil,1,592.64112,1037,preferred,4.0,0
S00456,LCLK,34.852301,33.474676,B737-800,narrow_body,2407,mechanical,957,normal,1.0,950.0,950.0,1519.610212,aircraft_fuel,OKKK,4580,60,asphalt,ILS,1,1,advanced,1,major,1,1,1,1,1,1,1,open,none,safe,civil,0,1500.765585,2173,extended,1.0,1
S00456,LCLK,34.852301,33.474676,B737-800,narrow_body,2407,mechanical,957,normal,1.0,950.0,950.0,1519.610212,aircraft_fuel,LTFM,4100,60,asphalt,ILS,1,1,advanced,1,major,1,1,1,1,1,1,0,open,none,safe,civil,0,825.746136,1693,preferred,2.0,0
S00456,LCLK,34.852301,33.474676,B737-800,narrow_body,2407,mechanical,957,normal,1.0,950.0,950.0,1519.610212,aircraft_fuel,HECA,4000,60,asphalt,ILS,1,1,basic,1,major,1,1,1,1,1,1,1,open,none,safe,civil,0,561.986276,1593,preferred,3.0,0
S00456,LCLK,34.852301,33.474676,B737-800,narrow_body,2407,mechanical,957,normal,1.0,950.0,950.0,1519.610212,aircraft_fuel,LGAV,4000,45,asphalt,ILS,1,1,advanced,1,major,1,1,1,1,1,1,1,open,none,safe,civil,0,918.794896,1593,preferred,4.0,0
S00456,LCLK,34.852301,33.474676,B737-800,narrow_body,2407,mechanical,957,normal,1.0,950.0,950.0,1519.610212,aircraft_fuel,OJAI,3660,61,asphalt,ILS,1,1,advanced,1,major,1,1,1,1,1,1,1,open,none,safe,civil,0,419.377027,1253,preferred,5.0,0
S00456,LCLK,34.852301,33.474676,B737-800,narrow_body,2407,mechanical,957,normal,1.0,950.0,950.0,1519.610212,aircraft_fuel,LTAC,3750,45,asphalt,ILS,1,1,advanced,1,major,1,1,1,1,1,1,1,open,none,safe,joint,0,588.163159,1343,preferred,6.0,0
S00456,LCLK,34.852301,33.474676,B737-800,narrow_body,2407,mechanical,957,normal,1.0,950.0,950.0,1519.610212,aircraft_fuel,LCLK,2987,45,asphalt,ILS,1,0,none,1,basic,1,0,1,1,1,1,1,open,none,safe,civil,0,13.938542,580,preferred,7.0,0
S00456,LCLK,34.852301,33.474676,B737-800,narrow_body,2407,mechanical,957,normal,1.0,950.0,950.0,1519.610212,aircraft_fuel,HELX,3000,45,asphalt,RNAV,0,0,none,1,basic,1,0,1,0,0,1,1,open,none,safe,joint,0,1023.564228,593,extended,8.0,0
S00457,UUEE,55.719879,37.443097,A320,narrow_body,2238,security,1038,normal,1.0,950.0,950.0,1440.311729,aircraft_fuel,EFHK,3440,60,asphalt,ILS,1,1,advanced,1,major,1,1,1,1,1,1,1,open,none,safe,civil,0,893.073704,1202,preferred,1.0,1
S00457,UUEE,55.719879,37.443097,A320,narrow_body,2238,security,1038,normal,1.0,950.0,950.0,1440.311729,aircraft_fuel,ULLI,3780,60,concrete,ILS,1,1,advanced,1,major,1,1,1,1,1,1,1,open,none,caution,civil,0,621.6646,1542,preferred,2.0,0
S00457,UUEE,55.719879,37.443097,A320,narrow_body,2238,security,1038,normal,1.0,950.0,950.0,1440.311729,aircraft_fuel,UUEE,3700,60,concrete,ILS,1,1,advanced,1,major,1,1,1,1,1,1,1,open,none,caution,civil,0,28.644004,1462,preferred,3.0,0
S00457,UUEE,55.719879,37.443097,A320,narrow_body,2238,security,1038,normal,1.0,950.0,950.0,1440.311729,aircraft_fuel,ESSA,3301,45,asphalt,ILS,1,1,advanced,1,major,1,1,1,1,1,1,1,open,none,safe,civil,0,1233.958138,1063,extended,4.0,0
S00458,OMAA,24.944099,53.710299,CRJ900,regional_jet,1861,technical,621,critical,0.75,525.0,525.0,740.456384,aircraft_fuel,OTHH,4850,60,asphalt,ILS,1,1,advanced,1,major,1,1,1,1,1,1,1,open,none,safe,civil,0,214.804483,2989,preferred,1.0,1
S00458,OMAA,24.944099,53.710299,CRJ900,regional_jet,1861,technical,621,critical,0.75,525.0,525.0,740.456384,aircraft_fuel,OMDB,4447,60,asphalt,ILS,1,1,advanced,1,major,1,1,1,1,1,1,1,open,none,safe,civil,1,170.645376,2586,preferred,2.0,0
S00458,OMAA,24.944099,53.710299,CRJ900,regional_jet,1861,technical,621,critical,0.75,525.0,525.0,740.456384,aircraft_fuel,OMAA,4106,60,asphalt,ILS,1,1,advanced,1,major,1,1,1,1,1,1,1,open,none,safe,civil,0,110.127031,2245,preferred,3.0,0
S00458,OMAA,24.944099,53.710299,CRJ900,regional_jet,1861,technical,621,critical,0.75,525.0,525.0,740.456384,aircraft_fuel,OOMS,4080,45,asphalt,ILS,1,1,advanced,1,major,1,1,1,1,1,1,1,open,none,safe,civil,0,487.189982,2219,preferred,4.0,0
S00458,OMAA,24.944099,53.710299,CRJ900,regional_jet,1861,technical,621,critical,0.75,525.0,525.0,740.456384,aircraft_fuel,OBBI,3956,60,asphalt,ILS,1,1,advanced,1,major,1,1,1,1,1,1,1,open,none,safe,civil,0,341.420376,2095,preferred,5.0,0
S00458,OMAA,24.944099,53.710299,CRJ900,regional_jet,1861,technical,621,critical,0.75,525.0,525.0,740.456384,aircraft_fuel,OERK,4205,60,asphalt,ILS,1,1,advanced,1,major,1,1,1,1,1,1,1,open,none,safe,civil,0,706.802128,2344,extended,6.0,0
S00459,KLAX,33.174243,-117.760124,A321,narrow_body,2391,fuel,860,critical,0.75,750.0,750.0,1214.319995,aircraft_fuel,KLAX,3939,46,concrete,ILS,1,1,advanced,1,major,1,1,1,1,1,1,1,open,none,safe,civil,0,104.410071,1548,preferred,1.0,1
S00460,LCLK,34.617133,33.809769,E175,regional_jet,1832,fuel,656,normal,1.0,750.0,656.0,1058.954007,emergency,HECA,4000,60,asphalt,ILS,1,1,basic,1,major,1,1,1,1,1,1,1,open,none,safe,civil,0,549.823893,2168,preferred,1.0,1
S00460,LCLK,34.617133,33.809769,E175,regional_jet,1832,fuel,656,normal,1.0,750.0,656.0,1058.954007,emergency,LTFM,4100,60,asphalt,ILS,1,1,advanced,1,major,1,1,1,1,1,1,0,open,none,safe,civil,0,863.49115,2268,extended,2.0,0
S00460,LCLK,34.617133,33.809769,E175,regional_jet,1832,fuel,656,normal,1.0,750.0,656.0,1058.954007,emergency,OJAI,3660,61,asphalt,ILS,1,1,advanced,1,major,1,1,1,1,1,1,1,open,none,safe,civil,0,380.619045,1828,preferred,3.0,0
S00460,LCLK,34.617133,33.809769,E175,regional_jet,1832,fuel,656,normal,1.0,750.0,656.0,1058.954007,emergency,LGAV,4000,45,asphalt,ILS,1,1,advanced,1,major,1,1,1,1,1,1,1,open,none,safe,civil,0,957.618306,2168,extended,4.0,0
S00460,LCLK,34.617133,33.809769,E175,regional_jet,1832,fuel,656,normal,1.0,750.0,656.0,1058.954007,emergency,LTAC,3750,45,asphalt,ILS,1,1,advanced,1,major,1,1,1,1,1,1,1,open,none,safe,joint,0,616.996921,1918,preferred,5.0,0
S00460,LCLK,34.617133,33.809769,E175,regional_jet,1832,fuel,656,normal,1.0,750.0,656.0,1058.954007,emergency,LCLK,2987,45,asphalt,ILS,1,0,none,1,basic,1,0,1,1,1,1,1,open,none,safe,civil,0,33.288164,1155,preferred,6.0,0
S00460,LCLK,34.617133,33.809769,E175,regional_jet,1832,fuel,656,normal,1.0,750.0,656.0,1058.954007,emergency,HELX,3000,45,asphalt,RNAV,0,0,none,1,basic,1,0,1,0,0,1,1,open,none,safe,joint,0,1000.38144,1168,extended,7.0,0
S00461,OJAI,31.790011,36.160403,A320,narrow_body,2476,weather,913,critical,0.75,712.5,712.5,1091.018837,aircraft_fuel,HECA,4000,60,asphalt,ILS,1,1,basic,1,major,1,1,1,1,1,1,1,open,none,safe,civil,0,491.058363,1524,preferred,1.0,1
S00461,OJAI,31.790011,36.160403,A320,narrow_body,2476,weather,913,critical,0.75,712.5,712.5,1091.018837,aircraft_fuel,OJAI,3660,61,asphalt,ILS,1,1,advanced,1,major,1,1,1,1,1,1,1,open,none,safe,civil,0,17.495945,1184,preferred,2.0,0
S00461,OJAI,31.790011,36.160403,A320,narrow_body,2476,weather,913,critical,0.75,712.5,712.5,1091.018837,aircraft_fuel,LTAC,3750,45,asphalt,ILS,1,1,advanced,1,major,1,1,1,1,1,1,1,open,none,safe,joint,0,969.742716,1274,extended,3.0,0
S00461,OJAI,31.790011,36.160403,A320,narrow_body,2476,weather,913,critical,0.75,712.5,712.5,1091.018837,aircraft_fuel,LCLK,2987,45,asphalt,ILS,1,0,none,1,basic,1,0,1,1,1,1,1,open,none,safe,civil,0,416.093042,511,preferred,4.0,0
S00461,OJAI,31.790011,36.160403,A320,narrow_body,2476,weather,913,critical,0.75,712.5,712.5,1091.018837,aircraft_fuel,HELX,3000,45,asphalt,RNAV,0,0,none,1,basic,1,0,1,0,0,1,1,open,none,safe,joint,0,759.043021,524,extended,5.0,0
S00462,WMKK,2.872587,101.957891,A320,narrow_body,2272,fuel,727,normal,1.0,950.0,727.0,1266.725884,emergency,WMKK,4124,60,asphalt,ILS,1,1,advanced,1,major,1,1,1,1,1,1,1,open,none,safe,civil,0,30.942095,1852,preferred,1.0,1
S00462,WMKK,2.872587,101.957891,A320,narrow_body,2272,fuel,727,normal,1.0,950.0,727.0,1266.725884,emergency,WSSS,4000,60,asphalt,ILS,1,1,advanced,1,major,1,1,1,1,1,1,1,open,none,safe,civil,1,282.565809,1728,preferred,2.0,0
S00462,WMKK,2.872587,101.957891,A320,narrow_body,2272,fuel,727,normal,1.0,950.0,727.0,1266.725884,emergency,VTBS,4000,60,asphalt,ILS,1,1,advanced,1,major,1,1,1,1,1,1,1,open,none,safe,civil,0,1209.191973,1728,extended,3.0,0
S00462,WMKK,2.872587,101.957891,A320,narrow_body,2272,fuel,727,normal,1.0,950.0,727.0,1266.725884,emergency,WIMM,3000,60,asphalt,RNAV,1,1,basic,1,basic,1,0,1,1,0,1,1,open,none,safe,civil,0,351.663603,728,preferred,4.0,0
S00463,UAAA,44.001705,76.910626,B737 MAX 8,narrow_body,2482,medical,743,normal,1.0,1000.0,743.0,1222.745384,emergency,UAAA,4500,45,asphalt,RNAV,0,1,basic,1,basic,1,1,1,1,1,1,1,open,none,safe,civil,0,72.77259,2018,preferred,1.0,1
S00463,UAAA,44.001705,76.910626,B737 MAX 8,narrow_body,2482,medical,743,normal,1.0,1000.0,743.0,1222.745384,emergency,UACC,3500,45,asphalt,RNAV,0,1,basic,1,basic,1,1,1,1,1,1,1,open,none,safe,civil,0,881.106462,1018,extended,2.0,0
S00464,LCLK,35.082511,33.46727,A321,narrow_body,2393,mechanical,924,normal,1.0,1000.0,924.0,1571.228001,emergency,OKKK,4580,60,asphalt,ILS,1,1,advanced,1,major,1,1,1,1,1,1,1,open,none,safe,civil,0,1510.593851,2187,extended,1.0,1
S00464,LCLK,35.082511,33.46727,A321,narrow_body,2393,mechanical,924,normal,1.0,1000.0,924.0,1571.228001,emergency,LTFM,4100,60,asphalt,ILS,1,1,advanced,1,major,1,1,1,1,1,1,0,open,none,safe,civil,0,803.061314,1707,preferred,2.0,0
S00464,LCLK,35.082511,33.46727,A321,narrow_body,2393,mechanical,924,normal,1.0,1000.0,924.0,1571.228001,emergency,HECA,4000,60,asphalt,ILS,1,1,basic,1,major,1,1,1,1,1,1,1,open,none,safe,civil,0,585.747857,1607,preferred,3.0,0
S00464,LCLK,35.082511,33.46727,A321,narrow_body,2393,mechanical,924,normal,1.0,1000.0,924.0,1571.228001,emergency,LGAV,4000,45,asphalt,ILS,1,1,advanced,1,major,1,1,1,1,1,1,1,open,none,safe,civil,0,907.780449,1607,preferred,4.0,0
S00464,LCLK,35.082511,33.46727,A321,narrow_body,2393,mechanical,924,normal,1.0,1000.0,924.0,1571.228001,emergency,OJAI,3660,61,asphalt,ILS,1,1,advanced,1,major,1,1,1,1,1,1,1,open,none,safe,civil,0,441.045539,1267,preferred,5.0,0
S00464,LCLK,35.082511,33.46727,A321,narrow_body,2393,mechanical,924,normal,1.0,1000.0,924.0,1571.228001,emergency,LTAC,3750,45,asphalt,ILS,1,1,advanced,1,major,1,1,1,1,1,1,1,open,none,safe,joint,0,562.581006,1357,preferred,6.0,0
S00464,LCLK,35.082511,33.46727,A321,narrow_body,2393,mechanical,924,normal,1.0,1000.0,924.0,1571.228001,emergency,LCLK,2987,45,asphalt,ILS,1,0,none,1,basic,1,0,1,1,1,1,1,open,none,safe,civil,0,27.169194,594,preferred,7.0,0
S00464,LCLK,35.082511,33.46727,A321,narrow_body,2393,mechanical,924,normal,1.0,1000.0,924.0,1571.228001,emergency,HELX,3000,45,asphalt,RNAV,0,0,none,1,basic,1,0,1,0,0,1,1,open,none,safe,joint,0,1049.041634,607,extended,8.0,0
S00465,OMAA,25.062425,54.883981,E170,regional_jet,1664,mechanical,797,low,0.9,630.0,630.0,949.707441,aircraft_fuel,OTHH,4850,60,asphalt,ILS,1,1,advanced,1,major,1,1,1,1,1,1,1,open,none,safe,civil,0,330.50769,3186,preferred,1.0,1
S00465,OMAA,25.062425,54.883981,E170,regional_jet,1664,mechanical,797,low,0.9,630.0,630.0,949.707441,aircraft_fuel,OMDB,4447,60,asphalt,ILS,1,1,advanced,1,major,1,1,1,1,1,1,1,open,none,safe,civil,1,53.260737,2783,preferred,2.0,0
S00465,OMAA,25.062425,54.883981,E170,regional_jet,1664,mechanical,797,low,0.9,630.0,630.0,949.707441,aircraft_fuel,OKKK,4580,60,asphalt,ILS,1,1,advanced,1,major,1,1,1,1,1,1,1,open,none,safe,civil,0,825.685017,2916,extended,3.0,0
S00465,OMAA,25.062425,54.883981,E170,regional_jet,1664,mechanical,797,low,0.9,630.0,630.0,949.707441,aircraft_fuel,OMAA,4106,60,asphalt,ILS,1,1,advanced,1,major,1,1,1,1,1,1,1,open,none,safe,civil,0,73.055618,2442,preferred,4.0,0
S00465,OMAA,25.062425,54.883981,E170,regional_jet,1664,mechanical,797,low,0.9,630.0,630.0,949.707441,aircraft_fuel,OOMS,4080,45,asphalt,ILS,1,1,advanced,1,major,1,1,1,1,1,1,1,open,none,safe,civil,0,381.021331,2416,preferred,5.0,0
S00465,OMAA,25.062425,54.883981,E170,regional_jet,1664,mechanical,797,low,0.9,630.0,630.0,949.707441,aircraft_fuel,OBBI,3956,60,asphalt,ILS,1,1,advanced,1,major,1,1,1,1,1,1,1,open,none,safe,civil,0,446.148064,2292,preferred,6.0,0
S00465,OMAA,25.062425,54.883981,E170,regional_jet,1664,mechanical,797,low,0.9,630.0,630.0,949.707441,aircraft_fuel,OERK,4205,60,asphalt,ILS,1,1,advanced,1,major,1,1,1,1,1,1,1,open,none,safe,civil,0,824.766056,2541,extended,7.0,0
S00466,OERK,24.782076,47.073223,A320,narrow_body,2384,medical,865,normal,1.0,950.0,865.0,1453.423741,emergency,OTHH,4850,60,asphalt,ILS,1,1,advanced,1,major,1,1,1,1,1,1,1,open,none,safe,civil,0,460.130136,2466,preferred,1.0,1
S00466,OERK,24.782076,47.073223,A320,narrow_body,2384,medical,865,normal,1.0,950.0,865.0,1453.423741,emergency,OKKK,4580,60,asphalt,ILS,1,1,advanced,1,major,1,1,1,1,1,1,1,open,none,safe,civil,0,501.889557,2196,preferred,2.0,0
S00466,OERK,24.782076,47.073223,A320,narrow_body,2384,medical,865,normal,1.0,950.0,865.0,1453.423741,emergency,OMDB,4447,60,asphalt,ILS,1,1,advanced,1,major,1,1,1,1,1,1,1,open,none,safe,civil,1,837.595814,2063,preferred,3.0,0
S00466,OERK,24.782076,47.073223,A320,narrow_body,2384,medical,865,normal,1.0,950.0,865.0,1453.423741,emergency,OERK,4205,60,asphalt,ILS,1,1,advanced,1,major,1,1,1,1,1,1,1,open,none,safe,civil,0,42.51747,1821,preferred,4.0,0
S00466,OERK,24.782076,47.073223,A320,narrow_body,2384,medical,865,normal,1.0,950.0,865.0,1453.423741,emergency,OMAA,4106,60,asphalt,ILS,1,1,advanced,1,major,1,1,1,1,1,1,1,open,none,safe,civil,0,766.723002,1722,preferred,5.0,0
S00466,OERK,24.782076,47.073223,A320,narrow_body,2384,medical,865,normal,1.0,950.0,865.0,1453.423741,emergency,OBBI,3956,60,asphalt,ILS,1,1,advanced,1,major,1,1,1,1,1,1,1,open,none,safe,civil,0,393.924222,1572,preferred,6.0,0
S00466,OERK,24.782076,47.073223,A320,narrow_body,2384,medical,865,normal,1.0,950.0,865.0,1453.423741,emergency,OOMS,4080,45,asphalt,ILS,1,1,advanced,1,major,1,1,1,1,1,1,1,open,none,safe,civil,0,1144.471736,1696,extended,7.0,0
S00466,OERK,24.782076,47.073223,A320,narrow_body,2384,medical,865,normal,1.0,950.0,865.0,1453.423741,emergency,OJAI,3660,61,asphalt,ILS,1,1,advanced,1,major,1,1,1,1,1,1,1,open,none,safe,civil,0,1330.374739,1276,extended,8.0,0
S00467,LIRF,42.557423,11.753652,CRJ900,regional_jet,1756,mechanical,493,low,0.9,630.0,493.0,735.0621,emergency,LIRF,3902,60,asphalt,ILS,1,1,basic,1,major,1,1,1,1,1,1,1,open,none,safe,civil,1,93.245509,2146,preferred,1.0,1
S00467,LIRF,42.557423,11.753652,CRJ900,regional_jet,1756,mechanical,493,low,0.9,630.0,493.0,735.0621,emergency,DTTA,3200,45,asphalt,RNAV,0,1,basic,1,basic,1,0,1,1,1,1,1,open,none,safe,civil,0,647.789186,1444,extended,2.0,0
S00468,CYYZ,43.772298,-79.517383,A320,narrow_body,2269,technical,513,low,0.9,855.0,513.0,827.240924,emergency,KJFK,4423,61,asphalt,ILS,1,1,advanced,1,major,1,1,1,1,1,1,1,open,none,safe,civil,1,586.895925,2154,extended,1.0,1
S00468,CYYZ,43.772298,-79.517383,A320,narrow_body,2269,technical,513,low,0.9,855.0,513.0,827.240924,emergency,KORD,3962,46,concrete,ILS,1,1,advanced,1,major,1,1,1,1,1,1,1,open,none,safe,civil,0,711.60913,1693,extended,2.0,0
S00468,CYYZ,43.772298,-79.517383,A320,narrow_body,2269,technical,513,low,0.9,855.0,513.0,827.240924,emergency,CYYZ,3389,61,asphalt,ILS,1,1,advanced,1,major,1,1,1,1,1,1,1,open,none,safe,civil,1,13.995333,1120,preferred,3.0,0
S00469,DNMM,6.649816,3.89251,E190,regional_jet,1901,technical,782,critical,0.75,600.0,600.0,889.403537,aircraft_fuel,DNMM,3900,60,asphalt,ILS,1,1,advanced,1,major,1,1,1,1,1,1,1,open,none,caution,civil,0,63.620506,1999,preferred,1.0,1
S00469,DNMM,6.649816,3.89251,E190,regional_jet,1901,technical,782,critical,0.75,600.0,600.0,889.403537,aircraft_fuel,DGAA,3403,61,asphalt,RNAV,0,0,none,1,basic,1,0,1,1,1,1,0,open,none,safe,civil,0,463.575351,1502,preferred,2.0,0
S00469,DNMM,6.649816,3.89251,E190,regional_jet,1901,technical,782,critical,0.75,600.0,600.0,889.403537,aircraft_fuel,DNAA,3609,60,asphalt,RNAV,0,0,none,1,basic,1,0,1,1,1,1,1,open,none,safe,joint,0,454.461982,1708,preferred,3.0,0
S00469,DNMM,6.649816,3.89251,E190,regional_jet,1901,technical,782,critical,0.75,600.0,600.0,889.403537,aircraft_fuel,DNKN,3200,46,asphalt,RNAV,0,0,none,1,basic,1,0,1,0,0,1,1,open,none,safe,joint,0,786.340126,1299,extended,4.0,0
S00470,VIDP,29.071409,76.887901,B737 MAX 8,narrow_body,2514,fuel,566,critical,0.75,750.0,566.0,967.503997,emergency,VIDP,4430,60,asphalt,ILS,1,1,advanced,1,major,1,1,1,1,1,1,1,open,none,safe,civil,1,60.803928,1916,preferred,1.0,1
S00470,VIDP,29.071409,76.887901,B737 MAX 8,narrow_body,2514,fuel,566,critical,0.75,750.0,566.0,967.503997,emergency,OPLA,3360,46,concrete,RNAV,0,0,none,1,basic,1,0,1,1,1,1,1,open,none,caution,civil,0,362.073945,846,preferred,2.0,0
S00470,VIDP,29.071409,76.887901,B737 MAX 8,narrow_body,2514,fuel,566,critical,0.75,750.0,566.0,967.503997,emergency,VNKT,3350,45,asphalt,VOR,0,0,none,0,none,0,0,1,1,1,1,1,open,none,caution,civil,0,842.491204,836,extended,3.0,0
S00471,LPPT,39.000103,-9.725817,A380-800,very_large,3656,medical,995,normal,1.0,1600.0,995.0,1806.886565,emergency,LEMD,4350,60,asphalt,ILS,1,1,advanced,1,major,1,1,1,1,1,1,1,open,none,safe,civil,1,551.541056,694,preferred,1.0,1
S00471,LPPT,39.000103,-9.725817,A380-800,very_large,3656,medical,995,normal,1.0,1600.0,995.0,1806.886565,emergency,LFPG,4215,45,asphalt,ILS,1,1,advanced,1,major,1,1,1,1,1,1,1,open,none,safe,civil,1,1480.587773,559,extended,2.0,0
S00471,LPPT,39.000103,-9.725817,A380-800,very_large,3656,medical,995,normal,1.0,1600.0,995.0,1806.886565,emergency,LPPT,3707,45,asphalt,ILS,1,1,advanced,1,major,1,1,1,1,1,1,1,open,none,safe,civil,0,56.555049,51,preferred,3.0,0
S00471,LPPT,39.000103,-9.725817,A380-800,very_large,3656,medical,995,normal,1.0,1600.0,995.0,1806.886565,emergency,GMMN,3720,45,asphalt,ILS,1,1,advanced,1,major,1,1,1,1,1,1,1,open,none,safe,civil,0,654.934251,64,preferred,4.0,0
S00471,LPPT,39.000103,-9.725817,A380-800,very_large,3656,medical,995,normal,1.0,1600.0,995.0,1806.886565,emergency,EGLL,3901,50,asphalt,ILS,1,1,advanced,1,major,1,1,1,1,1,1,1,open,none,safe,civil,1,1562.133373,245,extended,5.0,0
S00472,DNKN,11.800971,8.073485,A330-300,wide_body,2911,security,553,low,0.9,1170.0,553.0,918.830656,emergency,DNAA,3609,60,asphalt,RNAV,0,0,none,1,basic,1,0,1,1,1,1,1,open,none,safe,joint,0,323.087877,698,preferred,1.0,1
S00472,DNKN,11.800971,8.073485,A330-300,wide_body,2911,security,553,low,0.9,1170.0,553.0,918.830656,emergency,DNMM,3900,60,asphalt,ILS,1,1,advanced,1,major,1,1,1,1,1,1,1,open,none,caution,civil,0,780.56836,989,extended,2.0,0
S00472,DNKN,11.800971,8.073485,A330-300,wide_body,2911,security,553,low,0.9,1170.0,553.0,918.830656,emergency,DNKN,3200,46,asphalt,RNAV,0,0,none,1,basic,1,0,1,0,0,1,1,open,none,safe,joint,0,56.22326,289,preferred,3.0,0
S00473,WIMM,3.317846,99.228664,B737 MAX 8,narrow_body,2398,medical,438,low,0.9,900.0,438.0,706.182096,emergency,WMKK,4124,60,asphalt,ILS,1,1,advanced,1,major,1,1,1,1,1,1,1,open,none,safe,civil,0,282.777139,1726,preferred,1.0,1
S00473,WIMM,3.317846,99.228664,B737 MAX 8,narrow_body,2398,medical,438,low,0.9,900.0,438.0,706.182096,emergency,WSSS,4000,60,asphalt,ILS,1,1,advanced,1,major,1,1,1,1,1,1,1,open,none,safe,civil,1,572.844945,1602,extended,2.0,0
S00473,WIMM,3.317846,99.228664,B737 MAX 8,narrow_body,2398,medical,438,low,0.9,900.0,438.0,706.182096,emergency,WIMM,3000,60,asphalt,RNAV,1,1,basic,1,basic,1,0,1,1,0,1,1,open,none,safe,civil,0,52.428813,602,preferred,3.0,0
S00474,LEMD,40.642718,-2.848405,A319,narrow_body,2072,security,1081,normal,1.0,900.0,900.0,1566.798911,aircraft_fuel,LEMD,4350,60,asphalt,ILS,1,1,advanced,1,major,1,1,1,1,1,1,1,open,none,safe,civil,1,63.355125,2278,preferred,1.0,1
S00474,LEMD,40.642718,-2.848405,A319,narrow_body,2072,security,1081,normal,1.0,900.0,900.0,1566.798911,aircraft_fuel,LFPG,4215,45,asphalt,ILS,1,1,advanced,1,major,1,1,1,1,1,1,1,open,none,safe,civil,1,1022.55447,2143,extended,2.0,0
S00474,LEMD,40.642718,-2.848405,A319,narrow_body,2072,security,1081,normal,1.0,900.0,900.0,1566.798911,aircraft_fuel,LPPT,3707,45,asphalt,ILS,1,1,advanced,1,major,1,1,1,1,1,1,1,open,none,safe,civil,0,576.106793,1635,preferred,3.0,0
S00474,LEMD,40.642718,-2.848405,A319,narrow_body,2072,security,1081,normal,1.0,900.0,900.0,1566.798911,aircraft_fuel,EDDF,4000,60,asphalt,ILS,1,1,advanced,1,major,1,1,1,0,1,1,1,open,none,safe,civil,1,1369.381089,1928,extended,4.0,0
S00474,LEMD,40.642718,-2.848405,A319,narrow_body,2072,security,1081,normal,1.0,900.0,900.0,1566.798911,aircraft_fuel,LIRF,3902,60,asphalt,ILS,1,1,basic,1,major,1,1,1,1,1,1,1,open,none,safe,civil,1,1267.849306,1830,extended,5.0,0
S00474,LEMD,40.642718,-2.848405,A319,narrow_body,2072,security,1081,normal,1.0,900.0,900.0,1566.798911,aircraft_fuel,EGLL,3901,50,asphalt,ILS,1,1,advanced,1,major,1,1,1,1,1,1,1,open,none,safe,civil,1,1217.869364,1829,extended,6.0,0
S00474,LEMD,40.642718,-2.848405,A319,narrow_body,2072,security,1081,normal,1.0,900.0,900.0,1566.798911,aircraft_fuel,DAAG,3500,60,asphalt,RNAV,0,1,basic,1,basic,1,1,1,1,1,1,0,open,none,safe,civil,0,685.163002,1428,preferred,7.0,0
S00474,LEMD,40.642718,-2.848405,A319,narrow_body,2072,security,1081,normal,1.0,900.0,900.0,1566.798911,aircraft_fuel,EHAM,3800,60,asphalt,ILS,1,1,advanced,1,major,1,1,1,1,1,1,1,open,none,safe,civil,1,1420.258059,1728,extended,8.0,0
S00474,LEMD,40.642718,-2.848405,A319,narrow_body,2072,security,1081,normal,1.0,900.0,900.0,1566.798911,aircraft_fuel,GMMN,3720,45,asphalt,ILS,1,1,advanced,1,major,1,1,1,1,1,1,1,open,none,safe,civil,0,911.604998,1648,extended,9.0,0
S00474,LEMD,40.642718,-2.848405,A319,narrow_body,2072,security,1081,normal,1.0,900.0,900.0,1566.798911,aircraft_fuel,EGKK,3317,45,asphalt,ILS,1,1,advanced,1,major,1,1,1,1,1,1,1,open,none,safe,civil,1,1186.038142,1245,extended,10.0,0
S00474,LEMD,40.642718,-2.848405,A319,narrow_body,2072,security,1081,normal,1.0,900.0,900.0,1566.798911,aircraft_fuel,DTTA,3200,45,asphalt,RNAV,0,1,basic,1,basic,1,0,1,1,1,1,1,open,none,safe,civil,0,1208.325611,1128,extended,11.0,0
S00474,LEMD,40.642718,-2.848405,A319,narrow_body,2072,security,1081,normal,1.0,900.0,900.0,1566.798911,aircraft_fuel,EIDW,3110,45,concrete,ILS,1,1,advanced,1,major,1,1,1,1,1,1,1,open,none,safe,civil,0,1444.649976,1038,extended,12.0,0
S00474,LEMD,40.642718,-2.848405,A319,narrow_body,2072,security,1081,normal,1.0,900.0,900.0,1566.798911,aircraft_fuel,EGCC,3048,46,asphalt,ILS,1,1,advanced,1,major,1,1,1,1,1,1,1,open,none,safe,civil,1,1414.058255,976,extended,13.0,0
S00475,DNAA,8.857169,7.433647,B737 MAX 8,narrow_body,2421,medical,968,normal,1.0,1000.0,968.0,1578.670311,emergency,DNMM,3900,60,asphalt,ILS,1,1,advanced,1,major,1,1,1,1,1,1,1,open,none,caution,civil,0,519.20551,1479,preferred,1.0,1
S00476,LFPG,49.013656,1.163895,B737 MAX 8,narrow_body,2490,fuel,572,critical,0.75,750.0,572.0,972.494025,emergency,LFPG,4215,45,asphalt,ILS,1,1,advanced,1,major,1,1,1,1,1,1,1,open,none,safe,civil,1,101.3942,1725,preferred,1.0,1
S00476,LFPG,49.013656,1.163895,B737 MAX 8,narrow_body,2490,fuel,572,critical,0.75,750.0,572.0,972.494025,emergency,EDDF,4000,60,asphalt,ILS,1,1,advanced,1,major,1,1,1,0,1,1,1,open,none,safe,civil,1,545.284879,1510,preferred,2.0,0
S00476,LFPG,49.013656,1.163895,B737 MAX 8,narrow_body,2490,fuel,572,critical,0.75,750.0,572.0,972.494025,emergency,EGLL,3901,50,asphalt,ILS,1,1,advanced,1,major,1,1,1,1,1,1,1,open,none,safe,civil,1,296.59765,1411,preferred,3.0,0
S00476,LFPG,49.013656,1.163895,B737 MAX 8,narrow_body,2490,fuel,572,critical,0.75,750.0,572.0,972.494025,emergency,EHAM,3800,60,asphalt,ILS,1,1,advanced,1,major,1,1,1,1,1,1,1,open,none,safe,civil,1,445.551537,1310,preferred,4.0,0
S00476,LFPG,49.013656,1.163895,B737 MAX 8,narrow_body,2490,fuel,572,critical,0.75,750.0,572.0,972.494025,emergency,EGKK,3317,45,asphalt,ILS,1,1,advanced,1,major,1,1,1,1,1,1,1,open,none,safe,civil,1,256.187532,827,preferred,5.0,0
S00476,LFPG,49.013656,1.163895,B737 MAX 8,narrow_body,2490,fuel,572,critical,0.75,750.0,572.0,972.494025,emergency,EGCC,3048,46,asphalt,ILS,1,1,advanced,1,major,1,1,1,1,1,1,1,open,none,safe,civil,1,538.686589,558,preferred,6.0,0
S00476,LFPG,49.013656,1.163895,B737 MAX 8,narrow_body,2490,fuel,572,critical,0.75,750.0,572.0,972.494025,emergency,EIDW,3110,45,concrete,ILS,1,1,advanced,1,major,1,1,1,1,1,1,1,open,none,safe,civil,0,712.39372,620,extended,7.0,0
S00477,VABB,19.264277,72.526742,A220-300,narrow_body,2089,fuel,761,low,0.9,855.0,761.0,1289.556653,emergency,VIDP,4430,60,asphalt,ILS,1,1,advanced,1,major,1,1,1,1,1,1,1,open,none,safe,civil,1,1132.383722,2341,extended,1.0,1
S00477,VABB,19.264277,72.526742,A220-300,narrow_body,2089,fuel,761,low,0.9,855.0,761.0,1289.556653,emergency,VABB,3509,60,asphalt,ILS,1,1,advanced,1,major,1,1,1,1,1,1,1,open,none,safe,civil,1,40.803579,1420,preferred,2.0,0
S00477,VABB,19.264277,72.526742,A220-300,narrow_body,2089,fuel,761,low,0.9,855.0,761.0,1289.556653,emergency,OPKC,3400,46,concrete,RNAV,0,1,basic,1,basic,1,1,1,1,1,1,1,open,none,caution,civil,0,835.999483,1311,extended,3.0,0
S00478,EGCC,53.669008,-1.147042,B787-9,wide_body,3022,mechanical,472,low,0.9,1260.0,472.0,871.46092,emergency,EGLL,3901,50,asphalt,ILS,1,1,advanced,1,major,1,1,1,1,1,1,1,open,none,safe,civil,1,248.804299,879,preferred,1.0,1
S00478,EGCC,53.669008,-1.147042,B787-9,wide_body,3022,mechanical,472,low,0.9,1260.0,472.0,871.46092,emergency,LFPG,4215,45,asphalt,ILS,1,1,advanced,1,major,1,1,1,1,1,1,1,open,none,safe,civil,1,578.258688,1193,extended,2.0,0
S00478,EGCC,53.669008,-1.147042,B787-9,wide_body,3022,mechanical,472,low,0.9,1260.0,472.0,871.46092,emergency,EHAM,3800,60,asphalt,ILS,1,1,advanced,1,major,1,1,1,1,1,1,1,open,none,safe,civil,1,423.42746,778,preferred,3.0,0
S00478,EGCC,53.669008,-1.147042,B787-9,wide_body,3022,mechanical,472,low,0.9,1260.0,472.0,871.46092,emergency,EDDF,4000,60,asphalt,ILS,1,1,advanced,1,major,1,1,1,0,1,1,1,open,none,safe,civil,1,779.067558,978,extended,4.0,0
S00478,EGCC,53.669008,-1.147042,B787-9,wide_body,3022,mechanical,472,low,0.9,1260.0,472.0,871.46092,emergency,EGKK,3317,45,asphalt,ILS,1,1,advanced,1,major,1,1,1,1,1,1,1,open,none,safe,civil,1,287.719394,295,preferred,5.0,0
S00478,EGCC,53.669008,-1.147042,B787-9,wide_body,3022,mechanical,472,low,0.9,1260.0,472.0,871.46092,emergency,EIDW,3110,45,concrete,ILS,1,1,advanced,1,major,1,1,1,1,1,1,1,open,none,safe,civil,0,338.908529,88,preferred,6.0,0
S00478,EGCC,53.669008,-1.147042,B787-9,wide_body,3022,mechanical,472,low,0.9,1260.0,472.0,871.46092,emergency,EGCC,3048,46,asphalt,ILS,1,1,advanced,1,major,1,1,1,1,1,1,1,open,none,safe,civil,1,82.408084,26,preferred,7.0,0
S00479,SAEZ,-34.688266,-58.610294,CRJ900,regional_jet,1752,security,1039,low,0.9,630.0,630.0,941.71202,aircraft_fuel,SAEZ,3300,60,asphalt,ILS,1,1,basic,1,major,1,1,1,1,1,1,1,open,none,safe,civil,0,16.374082,1548,preferred,1.0,1
S00480,OMDB,25.093171,55.702843,CRJ900,regional_jet,1759,medical,647,normal,1.0,700.0,647.0,982.580429,emergency,OTHH,4850,60,asphalt,ILS,1,1,advanced,1,major,1,1,1,1,1,1,1,open,none,safe,civil,0,412.511623,3091,preferred,1.0,1
S00480,OMDB,25.093171,55.702843,CRJ900,regional_jet,1759,medical,647,normal,1.0,700.0,647.0,982.580429,emergency,OMDB,4447,60,asphalt,ILS,1,1,advanced,1,major,1,1,1,1,1,1,1,open,none,safe,civil,1,37.664123,2688,preferred,2.0,0
S00480,OMDB,25.093171,55.702843,CRJ900,regional_jet,1759,medical,647,normal,1.0,700.0,647.0,982.580429,emergency,OKKK,4580,60,asphalt,ILS,1,1,advanced,1,major,1,1,1,1,1,1,1,open,none,safe,civil,0,892.031835,2821,extended,3.0,0
S00480,OMDB,25.093171,55.702843,CRJ900,regional_jet,1759,medical,647,normal,1.0,700.0,647.0,982.580429,emergency,OMAA,4106,60,asphalt,ILS,1,1,advanced,1,major,1,1,1,1,1,1,1,open,none,safe,civil,0,128.74689,2347,preferred,4.0,0
S00480,OMDB,25.093171,55.702843,CRJ900,regional_jet,1759,medical,647,normal,1.0,700.0,647.0,982.580429,emergency,OOMS,4080,45,asphalt,ILS,1,1,advanced,1,major,1,1,1,1,1,1,1,open,none,safe,civil,0,309.827878,2321,preferred,5.0,0
S00480,OMDB,25.093171,55.702843,CRJ900,regional_jet,1759,medical,647,normal,1.0,700.0,647.0,982.580429,emergency,OBBI,3956,60,asphalt,ILS,1,1,advanced,1,major,1,1,1,1,1,1,1,open,none,safe,civil,0,524.069763,2197,preferred,6.0,0
S00480,OMDB,25.093171,55.702843,CRJ900,regional_jet,1759,medical,647,normal,1.0,700.0,647.0,982.580429,emergency,OERK,4205,60,asphalt,ILS,1,1,advanced,1,major,1,1,1,1,1,1,1,open,none,safe,civil,0,907.168962,2446,extended,7.0,0
S00481,UOOO,69.457068,86.719847,A320,narrow_body,2318,technical,907,low,0.9,855.0,855.0,1389.410124,aircraft_fuel,UOOO,2800,45,concrete,VOR,0,0,none,1,basic,1,0,1,0,0,1,0,open,restricted,caution,joint,0,28.952269,482,preferred,1.0,1
S00482,SAEZ,-34.778969,-57.873245,B737-800,narrow_body,2246,medical,571,normal,1.0,950.0,571.0,868.427456,emergency,SAEZ,3300,60,asphalt,ILS,1,1,basic,1,major,1,1,1,1,1,1,1,open,none,safe,civil,0,60.686469,1054,preferred,1.0,1
S00483,KATL,34.44483,-84.580383,A320,narrow_body,2381,mechanical,457,low,0.9,855.0,457.0,743.660964,emergency,KATL,3776,46,concrete,ILS,1,1,advanced,1,major,1,1,1,1,1,1,1,open,none,safe,civil,0,90.94879,1395,preferred,1.0,1
S00484,OERK,24.456183,45.970187,A320,narrow_body,2317,mechanical,748,critical,0.75,712.5,712.5,1122.786202,aircraft_fuel,OTHH,4850,60,asphalt,ILS,1,1,advanced,1,major,1,1,1,1,1,1,1,open,none,safe,civil,0,575.950045,2533,preferred,1.0,1
S00484,OERK,24.456183,45.970187,A320,narrow_body,2317,mechanical,748,critical,0.75,712.5,712.5,1122.786202,aircraft_fuel,OKKK,4580,60,asphalt,ILS,1,1,advanced,1,major,1,1,1,1,1,1,1,open,none,safe,civil,0,566.07705,2263,preferred,2.0,0
S00484,OERK,24.456183,45.970187,A320,narrow_body,2317,mechanical,748,critical,0.75,712.5,712.5,1122.786202,aircraft_fuel,OERK,4205,60,asphalt,ILS,1,1,advanced,1,major,1,1,1,1,1,1,1,open,none,safe,civil,0,92.334828,1888,preferred,3.0,0
S00484,OERK,24.456183,45.970187,A320,narrow_body,2317,mechanical,748,critical,0.75,712.5,712.5,1122.786202,aircraft_fuel,OMDB,4447,60,asphalt,ILS,1,1,advanced,1,major,1,1,1,1,1,1,1,open,none,safe,civil,1,952.409864,2130,extended,4.0,0
S00484,OERK,24.456183,45.970187,A320,narrow_body,2317,mechanical,748,critical,0.75,712.5,712.5,1122.786202,aircraft_fuel,OBBI,3956,60,asphalt,ILS,1,1,advanced,1,major,1,1,1,1,1,1,1,open,none,safe,civil,0,510.336061,1639,preferred,5.0,0
S00484,OERK,24.456183,45.970187,A320,narrow_body,2317,mechanical,748,critical,0.75,712.5,712.5,1122.786202,aircraft_fuel,OMAA,4106,60,asphalt,ILS,1,1,advanced,1,major,1,1,1,1,1,1,1,open,none,safe,civil,0,878.389315,1789,extended,6.0,0
S00485,WIMM,2.680067,98.566076,B737-800,narrow_body,2353,fuel,829,low,0.9,855.0,829.0,1375.763431,emergency,WMKK,4124,60,asphalt,ILS,1,1,advanced,1,major,1,1,1,1,1,1,1,open,none,safe,civil,0,349.272365,1771,preferred,1.0,1
S00485,WIMM,2.680067,98.566076,B737-800,narrow_body,2353,fuel,829,low,0.9,855.0,829.0,1375.763431,emergency,WSSS,4000,60,asphalt,ILS,1,1,advanced,1,major,1,1,1,1,1,1,1,open,none,safe,civil,1,621.03319,1647,preferred,2.0,0
S00485,WIMM,2.680067,98.566076,B737-800,narrow_body,2353,fuel,829,low,0.9,855.0,829.0,1375.763431,emergency,VTBS,4000,60,asphalt,ILS,1,1,advanced,1,major,1,1,1,1,1,1,1,open,none,safe,civil,0,1246.512645,1647,extended,3.0,0
S00485,WIMM,2.680067,98.566076,B737-800,narrow_body,2353,fuel,829,low,0.9,855.0,829.0,1375.763431,emergency,WIMM,3000,60,asphalt,RNAV,1,1,basic,1,basic,1,0,1,1,0,1,1,open,none,safe,civil,0,112.634594,647,preferred,4.0,0
S00486,VABB,19.335404,73.608916,A320,narrow_body,2249,medical,677,critical,0.75,712.5,677.0,1035.847467,emergency,VABB,3509,60,asphalt,ILS,1,1,advanced,1,major,1,1,1,1,1,1,1,open,none,safe,civil,1,82.502667,1260,preferred,1.0,1
S00486,VABB,19.335404,73.608916,A320,narrow_body,2249,medical,677,critical,0.75,712.5,677.0,1035.847467,emergency,OPKC,3400,46,concrete,RNAV,0,1,basic,1,basic,1,1,1,1,1,1,1,open,none,caution,civil,0,907.940077,1151,extended,2.0,0
S00487,EHAM,52.270678,4.481074,A380-800,very_large,3614,mechanical,1139,normal,1.0,1600.0,1139.0,2061.832141,emergency,LFPG,4215,45,asphalt,ILS,1,1,advanced,1,major,1,1,1,1,1,1,1,open,none,safe,civil,1,387.270661,601,preferred,1.0,1
S00487,EHAM,52.270678,4.481074,A380-800,very_large,3614,mechanical,1139,normal,1.0,1600.0,1139.0,2061.832141,emergency,EDDF,4000,60,asphalt,ILS,1,1,advanced,1,major,1,1,1,0,1,1,1,open,none,safe,civil,1,378.238762,386,preferred,2.0,0
S00487,EHAM,52.270678,4.481074,A380-800,very_large,3614,mechanical,1139,normal,1.0,1600.0,1139.0,2061.832141,emergency,LEMD,4350,60,asphalt,ILS,1,1,advanced,1,major,1,1,1,1,1,1,1,open,none,safe,civil,1,1445.844979,736,extended,3.0,0
S00487,EHAM,52.270678,4.481074,A380-800,very_large,3614,mechanical,1139,normal,1.0,1600.0,1139.0,2061.832141,emergency,EGLL,3901,50,asphalt,ILS,1,1,advanced,1,major,1,1,1,1,1,1,1,open,none,safe,civil,1,350.617056,287,preferred,4.0,0
S00487,EHAM,52.270678,4.481074,A380-800,very_large,3614,mechanical,1139,normal,1.0,1600.0,1139.0,2061.832141,emergency,EHAM,3800,60,asphalt,ILS,1,1,advanced,1,major,1,1,1,1,1,1,1,open,none,safe,civil,1,19.692393,186,preferred,5.0,0
S00487,EHAM,52.270678,4.481074,A380-800,very_large,3614,mechanical,1139,normal,1.0,1600.0,1139.0,2061.832141,emergency,LIRF,3902,60,asphalt,ILS,1,1,basic,1,major,1,1,1,1,1,1,1,open,none,safe,civil,1,1302.531652,288,extended,6.0,0
S00487,EHAM,52.270678,4.481074,A380-800,very_large,3614,mechanical,1139,normal,1.0,1600.0,1139.0,2061.832141,emergency,LPPT,3707,45,asphalt,ILS,1,1,advanced,1,major,1,1,1,1,1,1,1,open,none,safe,civil,0,1830.56629,93,extended,7.0,0
S00487,EHAM,52.270678,4.481074,A380-800,very_large,3614,mechanical,1139,normal,1.0,1600.0,1139.0,2061.832141,emergency,ULLI,3780,60,concrete,ILS,1,1,advanced,1,major,1,1,1,1,1,1,1,open,none,caution,civil,0,1791.191304,166,extended,8.0,0
S00488,OTHH,25.10418,52.352847,CRJ900,regional_jet,1722,technical,533,normal,1.0,700.0,533.0,832.084719,emergency,OTHH,4850,60,asphalt,ILS,1,1,advanced,1,major,1,1,1,1,1,1,1,open,none,safe,civil,0,77.258712,3128,preferred,1.0,1
S00488,OTHH,25.10418,52.352847,CRJ900,regional_jet,1722,technical,533,normal,1.0,700.0,533.0,832.084719,emergency,OMDB,4447,60,asphalt,ILS,1,1,advanced,1,major,1,1,1,1,1,1,1,open,none,safe,civil,1,304.144294,2725,preferred,2.0,0
S00488,OTHH,25.10418,52.352847,CRJ900,regional_jet,1722,technical,533,normal,1.0,700.0,533.0,832.084719,emergency,OKKK,4580,60,asphalt,ILS,1,1,advanced,1,major,1,1,1,1,1,1,1,open,none,safe,civil,0,630.686413,2858,extended,3.0,0
S00488,OTHH,25.10418,52.352847,CRJ900,regional_jet,1722,technical,533,normal,1.0,700.0,533.0,832.084719,emergency,OMAA,4106,60,asphalt,ILS,1,1,advanced,1,major,1,1,1,1,1,1,1,open,none,safe,civil,0,243.290744,2384,preferred,4.0,0
S00488,OTHH,25.10418,52.352847,CRJ900,regional_jet,1722,technical,533,normal,1.0,700.0,533.0,832.084719,emergency,OBBI,3956,60,asphalt,ILS,1,1,advanced,1,major,1,1,1,1,1,1,1,open,none,safe,civil,0,215.095667,2234,preferred,5.0,0
S00488,OTHH,25.10418,52.352847,CRJ900,regional_jet,1722,technical,533,normal,1.0,700.0,533.0,832.084719,emergency,OERK,4205,60,asphalt,ILS,1,1,advanced,1,major,1,1,1,1,1,1,1,open,none,safe,civil,0,569.845166,2483,extended,6.0,0
S00488,OTHH,25.10418,52.352847,CRJ900,regional_jet,1722,technical,533,normal,1.0,700.0,533.0,832.084719,emergency,OOMS,4080,45,asphalt,ILS,1,1,advanced,1,major,1,1,1,1,1,1,1,open,none,safe,civil,0,623.727925,2358,extended,7.0,0
S00489,LTAC,40.657346,32.93639,B737 MAX 8,narrow_body,2450,mechanical,887,critical,0.75,750.0,750.0,1142.70249,aircraft_fuel,LTFM,4100,60,asphalt,ILS,1,1,advanced,1,major,1,1,1,1,1,1,0,open,none,safe,civil,0,359.579385,1650,preferred,1.0,1
S00489,LTAC,40.657346,32.93639,B737 MAX 8,narrow_body,2450,mechanical,887,critical,0.75,750.0,750.0,1142.70249,aircraft_fuel,LGAV,4000,45,asphalt,ILS,1,1,advanced,1,major,1,1,1,1,1,1,1,open,none,safe,civil,0,830.309046,1550,extended,2.0,0
S00489,LTAC,40.657346,32.93639,B737 MAX 8,narrow_body,2450,mechanical,887,critical,0.75,750.0,750.0,1142.70249,aircraft_fuel,LTAC,3750,45,asphalt,ILS,1,1,advanced,1,major,1,1,1,1,1,1,1,open,none,safe,joint,0,59.059005,1300,preferred,3.0,0
S00489,LTAC,40.657346,32.93639,B737 MAX 8,narrow_body,2450,mechanical,887,critical,0.75,750.0,750.0,1142.70249,aircraft_fuel,OJAI,3660,61,asphalt,ILS,1,1,advanced,1,major,1,1,1,1,1,1,1,open,none,safe,civil,0,1030.479204,1210,extended,4.0,0
S00489,LTAC,40.657346,32.93639,B737 MAX 8,narrow_body,2450,mechanical,887,critical,0.75,750.0,750.0,1142.70249,aircraft_fuel,LCLK,2987,45,asphalt,ILS,1,0,none,1,basic,1,0,1,1,1,1,1,open,none,safe,civil,0,645.791896,537,preferred,5.0,0
S00490,ESSA,59.882073,19.387806,E175,regional_jet,1769,mechanical,793,low,0.9,675.0,675.0,1036.291121,aircraft_fuel,ENGM,3600,45,asphalt,ILS,1,1,advanced,1,major,1,1,1,1,1,1,1,open,none,safe,civil,0,461.227798,1831,preferred,1.0,1
S00490,ESSA,59.882073,19.387806,E175,regional_jet,1769,mechanical,793,low,0.9,675.0,675.0,1036.291121,aircraft_fuel,EFHK,3440,60,asphalt,ILS,1,1,advanced,1,major,1,1,1,1,1,1,1,open,none,safe,civil,0,312.732596,1671,preferred,2.0,0
S00490,ESSA,59.882073,19.387806,E175,regional_jet,1769,mechanical,793,low,0.9,675.0,675.0,1036.291121,aircraft_fuel,ULLI,3780,60,concrete,ILS,1,1,advanced,1,major,1,1,1,1,1,1,1,open,none,caution,civil,0,606.891306,2011,preferred,3.0,0
S00490,ESSA,59.882073,19.387806,E175,regional_jet,1769,mechanical,793,low,0.9,675.0,675.0,1036.291121,aircraft_fuel,ESSA,3301,45,asphalt,ILS,1,1,advanced,1,major,1,1,1,1,1,1,1,open,none,safe,civil,0,85.717873,1532,preferred,4.0,0
S00491,RPLL,14.478494,121.405476,E170,regional_jet,1677,fuel,862,normal,1.0,700.0,700.0,1113.843723,aircraft_fuel,RPLL,3737,60,concrete,ILS,1,1,basic,1,basic,1,1,1,1,1,1,1,open,none,caution,civil,0,41.634018,2060,preferred,1.0,1
S00492,RCTP,24.503308,121.260583,E175,regional_jet,1757,security,1129,low,0.9,675.0,675.0,1126.659419,aircraft_fuel,RCTP,3660,60,concrete,ILS,1,1,advanced,1,major,1,1,1,1,1,1,1,open,none,safe,civil,0,63.930133,1903,preferred,1.0,1
S00492,RCTP,24.503308,121.260583,E175,regional_jet,1757,security,1129,low,0.9,675.0,675.0,1126.659419,aircraft_fuel,ZSPD,4000,60,concrete,ILS,1,1,advanced,1,major,1,1,1,1,1,1,1,open,none,safe,civil,1,740.279047,2243,extended,2.0,0
S00492,RCTP,24.503308,121.260583,E175,regional_jet,1757,security,1129,low,0.9,675.0,675.0,1126.659419,aircraft_fuel,RPLL,3737,60,concrete,ILS,1,1,basic,1,basic,1,1,1,1,1,1,1,open,none,caution,civil,0,1111.645866,1980,extended,3.0,0
S00493,EIDW,54.063763,-6.14234,B737 MAX 8,narrow_body,2526,weather,1284,normal,1.0,1000.0,1000.0,1568.060032,aircraft_fuel,LFPG,4215,45,asphalt,ILS,1,1,advanced,1,major,1,1,1,1,1,1,1,open,none,safe,civil,1,822.154397,1689,preferred,1.0,1
S00493,EIDW,54.063763,-6.14234,B737 MAX 8,narrow_body,2526,weather,1284,normal,1.0,1000.0,1000.0,1568.060032,aircraft_fuel,LEMD,4350,60,asphalt,ILS,1,1,advanced,1,major,1,1,1,1,1,1,1,open,none,safe,civil,1,1521.096621,1824,extended,2.0,0
S00493,EIDW,54.063763,-6.14234,B737 MAX 8,narrow_body,2526,weather,1284,normal,1.0,1000.0,1000.0,1568.060032,aircraft_fuel,EGLL,3901,50,asphalt,ILS,1,1,advanced,1,major,1,1,1,1,1,1,1,open,none,safe,civil,1,478.605502,1375,preferred,3.0,0
S00493,EIDW,54.063763,-6.14234,B737 MAX 8,narrow_body,2526,weather,1284,normal,1.0,1000.0,1000.0,1568.060032,aircraft_fuel,EHAM,3800,60,asphalt,ILS,1,1,advanced,1,major,1,1,1,1,1,1,1,open,none,safe,civil,1,751.577907,1274,preferred,4.0,0
S00493,EIDW,54.063763,-6.14234,B737 MAX 8,narrow_body,2526,weather,1284,normal,1.0,1000.0,1000.0,1568.060032,aircraft_fuel,EDDF,4000,60,asphalt,ILS,1,1,advanced,1,major,1,1,1,0,1,1,1,open,none,safe,civil,1,1098.339595,1474,extended,5.0,0
S00493,EIDW,54.063763,-6.14234,B737 MAX 8,narrow_body,2526,weather,1284,normal,1.0,1000.0,1000.0,1568.060032,aircraft_fuel,EGKK,3317,45,asphalt,ILS,1,1,advanced,1,major,1,1,1,1,1,1,1,open,none,safe,civil,1,516.284798,791,preferred,6.0,0
S00493,EIDW,54.063763,-6.14234,B737 MAX 8,narrow_body,2526,weather,1284,normal,1.0,1000.0,1000.0,1568.060032,aircraft_fuel,ENGM,3600,45,asphalt,ILS,1,1,advanced,1,major,1,1,1,1,1,1,1,open,none,safe,civil,0,1238.274676,1074,extended,7.0,0
S00493,EIDW,54.063763,-6.14234,B737 MAX 8,narrow_body,2526,weather,1284,normal,1.0,1000.0,1000.0,1568.060032,aircraft_fuel,EIDW,3110,45,concrete,ILS,1,1,advanced,1,major,1,1,1,1,1,1,1,open,none,safe,civil,0,71.05222,584,preferred,8.0,0
S00493,EIDW,54.063763,-6.14234,B737 MAX 8,narrow_body,2526,weather,1284,normal,1.0,1000.0,1000.0,1568.060032,aircraft_fuel,EGCC,3048,46,asphalt,ILS,1,1,advanced,1,major,1,1,1,1,1,1,1,open,none,safe,civil,1,266.455762,522,preferred,9.0,0
S00493,EIDW,54.063763,-6.14234,B737 MAX 8,narrow_body,2526,weather,1284,normal,1.0,1000.0,1000.0,1568.060032,aircraft_fuel,BIKF,3065,60,asphalt,RNAV,0,1,basic,1,basic,1,0,1,1,1,1,1,open,none,safe,joint,0,1442.073981,539,extended,10.0,0
S00494,CYVR,48.973629,-121.913676,A321,narrow_body,2461,fuel,354,critical,0.75,750.0,354.0,575.744277,emergency,CYVR,3505,61,asphalt,ILS,1,1,advanced,1,major,1,1,1,1,1,1,1,open,none,safe,civil,0,95.700626,1044,preferred,1.0,1
S00495,ULLI,59.988931,29.06531,E190,regional_jet,1953,technical,974,normal,1.0,800.0,800.0,1155.289667,aircraft_fuel,EFHK,3440,60,asphalt,ILS,1,1,advanced,1,major,1,1,1,1,1,1,1,open,none,safe,civil,0,229.896464,1487,preferred,1.0,1
S00495,ULLI,59.988931,29.06531,E190,regional_jet,1953,technical,974,normal,1.0,800.0,800.0,1155.289667,aircraft_fuel,ULLI,3780,60,concrete,ILS,1,1,advanced,1,major,1,1,1,1,1,1,1,open,none,caution,civil,0,69.988373,1827,preferred,2.0,0
S00495,ULLI,59.988931,29.06531,E190,regional_jet,1953,technical,974,normal,1.0,800.0,800.0,1155.289667,aircraft_fuel,UUEE,3700,60,concrete,ILS,1,1,advanced,1,major,1,1,1,1,1,1,1,open,none,caution,civil,0,663.276027,1747,preferred,3.0,0
S00495,ULLI,59.988931,29.06531,E190,regional_jet,1953,technical,974,normal,1.0,800.0,800.0,1155.289667,aircraft_fuel,ESSA,3301,45,asphalt,ILS,1,1,advanced,1,major,1,1,1,1,1,1,1,open,none,safe,civil,0,622.959695,1348,preferred,4.0,0
S00495,ULLI,59.988931,29.06531,E190,regional_jet,1953,technical,974,normal,1.0,800.0,800.0,1155.289667,aircraft_fuel,ENGM,3600,45,asphalt,ILS,1,1,advanced,1,major,1,1,1,1,1,1,1,open,none,safe,civil,0,993.227795,1647,extended,5.0,0
S00496,EIDW,53.720667,-6.572248,E175,regional_jet,1736,weather,956,normal,1.0,750.0,750.0,1121.612679,aircraft_fuel,EGLL,3901,50,asphalt,ILS,1,1,advanced,1,major,1,1,1,1,1,1,1,open,none,safe,civil,1,482.492294,2165,preferred,1.0,1
S00496,EIDW,53.720667,-6.572248,E175,regional_jet,1736,weather,956,normal,1.0,750.0,750.0,1121.612679,aircraft_fuel,LFPG,4215,45,asphalt,ILS,1,1,advanced,1,major,1,1,1,1,1,1,1,open,none,safe,civil,1,821.058211,2479,extended,2.0,0
S00496,EIDW,53.720667,-6.572248,E175,regional_jet,1736,weather,956,normal,1.0,750.0,750.0,1121.612679,aircraft_fuel,EDDF,4000,60,asphalt,ILS,1,1,advanced,1,major,1,1,1,0,1,1,1,open,none,safe,civil,1,1114.277638,2264,extended,3.0,0
S00496,EIDW,53.720667,-6.572248,E175,regional_jet,1736,weather,956,normal,1.0,750.0,750.0,1121.612679,aircraft_fuel,EHAM,3800,60,asphalt,ILS,1,1,advanced,1,major,1,1,1,1,1,1,1,open,none,safe,civil,1,773.535796,2064,extended,4.0,0
S00496,EIDW,53.720667,-6.572248,E175,regional_jet,1736,weather,956,normal,1.0,750.0,750.0,1121.612679,aircraft_fuel,EGKK,3317,45,asphalt,ILS,1,1,advanced,1,major,1,1,1,1,1,1,1,open,none,safe,civil,1,518.576713,1581,preferred,5.0,0
S00496,EIDW,53.720667,-6.572248,E175,regional_jet,1736,weather,956,normal,1.0,750.0,750.0,1121.612679,aircraft_fuel,EIDW,3110,45,concrete,ILS,1,1,advanced,1,major,1,1,1,1,1,1,1,open,none,safe,civil,0,38.38177,1374,preferred,6.0,0
S00496,EIDW,53.720667,-6.572248,E175,regional_jet,1736,weather,956,normal,1.0,750.0,750.0,1121.612679,aircraft_fuel,EGCC,3048,46,asphalt,ILS,1,1,advanced,1,major,1,1,1,1,1,1,1,open,none,safe,civil,1,286.849294,1312,preferred,7.0,0
S00497,VABB,18.273957,73.357996,A350-900,wide_body,3069,fuel,918,low,0.9,1350.0,918.0,1685.924652,emergency,VIDP,4430,60,asphalt,ILS,1,1,advanced,1,major,1,1,1,1,1,1,1,open,none,safe,civil,1,1204.93359,1361,extended,1.0,1
S00497,VABB,18.273957,73.357996,A350-900,wide_body,3069,fuel,918,low,0.9,1350.0,918.0,1685.924652,emergency,OOMS,4080,45,asphalt,ILS,1,1,advanced,1,major,1,1,1,1,1,1,1,open,none,safe,civil,0,1672.340862,1011,extended,2.0,0
S00497,VABB,18.273957,73.357996,A350-900,wide_body,3069,fuel,918,low,0.9,1350.0,918.0,1685.924652,emergency,VABB,3509,60,asphalt,ILS,1,1,advanced,1,major,1,1,1,1,1,1,1,open,none,safe,civil,1,104.271768,440,preferred,3.0,0
S00497,VABB,18.273957,73.357996,A350-900,wide_body,3069,fuel,918,low,0.9,1350.0,918.0,1685.924652,emergency,OPKC,3400,46,concrete,RNAV,0,1,basic,1,basic,1,1,1,1,1,1,1,open,none,caution,civil,0,976.598766,331,extended,4.0,0
S00497,VABB,18.273957,73.357996,A350-900,wide_body,3069,fuel,918,low,0.9,1350.0,918.0,1685.924652,emergency,OPLA,3360,46,concrete,RNAV,0,0,none,1,basic,1,0,1,1,1,1,1,open,none,caution,civil,0,1476.813355,291,extended,5.0,0
S00497,VABB,18.273957,73.357996,A350-900,wide_body,3069,fuel,918,low,0.9,1350.0,918.0,1685.924652,emergency,VNKT,3350,45,asphalt,VOR,0,0,none,0,none,0,0,1,1,1,1,1,open,none,caution,civil,0,1612.740177,281,extended,6.0,0
S00498,KATL,33.172107,-83.5831,B787-9,wide_body,2885,mechanical,585,low,0.9,1260.0,585.0,1046.386934,emergency,KATL,3776,46,concrete,ILS,1,1,advanced,1,major,1,1,1,1,1,1,1,open,none,safe,civil,0,93.921416,891,preferred,1.0,1
S00499,KORD,42.02733,-88.209418,CRJ900,regional_jet,1758,fuel,625,critical,0.75,525.0,525.0,743.162206,aircraft_fuel,KORD,3962,46,concrete,ILS,1,1,advanced,1,major,1,1,1,1,1,1,1,open,none,safe,civil,0,25.747219,2204,preferred,1.0,1
S00499,KORD,42.02733,-88.209418,CRJ900,regional_jet,1758,fuel,625,critical,0.75,525.0,525.0,743.162206,aircraft_fuel,CYYZ,3389,61,asphalt,ILS,1,1,advanced,1,major,1,1,1,1,1,1,1,open,none,safe,civil,1,722.679817,1631,extended,2.0,0
S00500,LTFM,41.183132,28.518615,E170,regional_jet,1771,medical,1046,normal,1.0,700.0,700.0,1138.137038,aircraft_fuel,LTFM,4100,60,asphalt,ILS,1,1,advanced,1,major,1,1,1,1,1,1,0,open,none,safe,civil,0,20.564798,2329,preferred,1.0,1
S00500,LTFM,41.183132,28.518615,E170,regional_jet,1771,medical,1046,normal,1.0,700.0,700.0,1138.137038,aircraft_fuel,LGAV,4000,45,asphalt,ILS,1,1,advanced,1,major,1,1,1,1,1,1,1,open,none,safe,civil,0,532.859024,2229,preferred,2.0,0
S00500,LTFM,41.183132,28.518615,E170,regional_jet,1771,medical,1046,normal,1.0,700.0,700.0,1138.137038,aircraft_fuel,LTAC,3750,45,asphalt,ILS,1,1,advanced,1,major,1,1,1,1,1,1,1,open,none,safe,joint,0,395.369681,1979,preferred,3.0,0
S00501,GMMN,33.007261,-7.017704,B737-800,narrow_body,2247,technical,826,normal,1.0,950.0,826.0,1468.388316,emergency,LEMD,4350,60,asphalt,ILS,1,1,advanced,1,major,1,1,1,1,1,1,1,open,none,safe,civil,1,887.011202,2103,extended,1.0,1
S00501,GMMN,33.007261,-7.017704,B737-800,narrow_body,2247,technical,826,normal,1.0,950.0,826.0,1468.388316,emergency,GMMN,3720,45,asphalt,ILS,1,1,advanced,1,major,1,1,1,1,1,1,1,open,none,safe,civil,0,66.63675,1473,preferred,2.0,0
S00501,GMMN,33.007261,-7.017704,B737-800,narrow_body,2247,technical,826,normal,1.0,950.0,826.0,1468.388316,emergency,LPPT,3707,45,asphalt,ILS,1,1,advanced,1,major,1,1,1,1,1,1,1,open,none,safe,civil,0,669.7364,1460,preferred,3.0,0
S00501,GMMN,33.007261,-7.017704,B737-800,narrow_body,2247,technical,826,normal,1.0,950.0,826.0,1468.388316,emergency,DAAG,3500,60,asphalt,RNAV,0,1,basic,1,basic,1,1,1,1,1,1,0,open,none,safe,civil,0,1018.999015,1253,extended,4.0,0
S00502,ZSPD,30.8503,121.72389,A321,narrow_body,2343,medical,1020,normal,1.0,1000.0,1000.0,1803.293259,aircraft_fuel,ZSPD,4000,60,concrete,ILS,1,1,advanced,1,major,1,1,1,1,1,1,1,open,none,safe,civil,1,33.495635,1657,preferred,1.0,1
S00502,ZSPD,30.8503,121.72389,A321,narrow_body,2343,medical,1020,normal,1.0,1000.0,1000.0,1803.293259,aircraft_fuel,RKSI,4000,60,asphalt,ILS,1,1,advanced,1,major,1,1,1,1,1,1,1,open,none,safe,civil,1,854.578992,1657,preferred,2.0,0
S00502,ZSPD,30.8503,121.72389,A321,narrow_body,2343,medical,1020,normal,1.0,1000.0,1000.0,1803.293259,aircraft_fuel,RCTP,3660,60,concrete,ILS,1,1,advanced,1,major,1,1,1,1,1,1,1,open,none,safe,civil,0,643.689005,1317,preferred,3.0,0
S00502,ZSPD,30.8503,121.72389,A321,narrow_body,2343,medical,1020,normal,1.0,1000.0,1000.0,1803.293259,aircraft_fuel,ZBAA,3810,60,asphalt,ILS,1,1,advanced,1,major,1,1,1,1,1,1,1,open,none,safe,civil,1,1125.643647,1467,extended,4.0,0
S00502,ZSPD,30.8503,121.72389,A321,narrow_body,2343,medical,1020,normal,1.0,1000.0,1000.0,1803.293259,aircraft_fuel,RJTT,3360,61,asphalt,ILS,1,1,advanced,1,major,1,1,1,1,1,1,1,open,none,safe,civil,1,1756.98356,1017,extended,5.0,0
S00503,VIDP,27.990607,77.697562,B777-300ER,wide_body,3301,fuel,507,low,0.9,1350.0,507.0,848.571765,emergency,VIDP,4430,60,asphalt,ILS,1,1,advanced,1,major,1,1,1,1,1,1,1,open,none,safe,civil,1,86.180427,1129,preferred,1.0,1
S00503,VIDP,27.990607,77.697562,B777-300ER,wide_body,3301,fuel,507,low,0.9,1350.0,507.0,848.571765,emergency,OPLA,3360,46,concrete,RNAV,0,0,none,1,basic,1,0,1,1,1,1,1,open,none,caution,civil,0,505.169716,59,preferred,2.0,0
S00503,VIDP,27.990607,77.697562,B777-300ER,wide_body,3301,fuel,507,low,0.9,1350.0,507.0,848.571765,emergency,VNKT,3350,45,asphalt,VOR,0,0,none,0,none,0,0,1,1,1,1,1,open,none,caution,civil,0,753.878377,49,extended,3.0,0
S00504,KLAX,34.304102,-118.15906,A330-300,wide_body,3066,technical,565,low,0.9,1170.0,565.0,982.275874,emergency,KLAX,3939,46,concrete,ILS,1,1,advanced,1,major,1,1,1,1,1,1,1,open,none,safe,civil,0,46.279417,873,preferred,1.0,1
S00505,OPKC,25.331461,67.380715,A321,narrow_body,2413,technical,533,normal,1.0,1000.0,533.0,902.725357,emergency,VABB,3509,60,asphalt,ILS,1,1,advanced,1,major,1,1,1,1,1,1,1,open,none,safe,civil,1,894.672867,1096,extended,1.0,1
S00505,OPKC,25.331461,67.380715,A321,narrow_body,2413,technical,533,normal,1.0,1000.0,533.0,902.725357,emergency,OPKC,3400,46,concrete,RNAV,0,1,basic,1,basic,1,1,1,1,1,1,1,open,none,caution,civil,0,52.18352,987,preferred,2.0,0
S00506,ENGM,59.882458,11.546559,E190,regional_jet,1813,operational_constraints,677,low,0.9,720.0,677.0,1027.761449,emergency,ENGM,3600,45,asphalt,ILS,1,1,advanced,1,major,1,1,1,1,1,1,1,open,none,safe,civil,0,42.581264,1787,preferred,1.0,1
S00506,ENGM,59.882458,11.546559,E190,regional_jet,1813,operational_constraints,677,low,0.9,720.0,677.0,1027.761449,emergency,EHAM,3800,60,asphalt,ILS,1,1,advanced,1,major,1,1,1,1,1,1,1,open,none,safe,civil,1,940.283109,1987,extended,2.0,0
S00506,ENGM,59.882458,11.546559,E190,regional_jet,1813,operational_constraints,677,low,0.9,720.0,677.0,1027.761449,emergency,ESSA,3301,45,asphalt,ILS,1,1,advanced,1,major,1,1,1,1,1,1,1,open,none,safe,civil,0,358.156506,1488,preferred,3.0,0
S00506,ENGM,59.882458,11.546559,E190,regional_jet,1813,operational_constraints,677,low,0.9,720.0,677.0,1027.761449,emergency,EFHK,3440,60,asphalt,ILS,1,1,advanced,1,major,1,1,1,1,1,1,1,open,none,safe,civil,0,743.958278,1627,extended,4.0,0
S00507,SAEZ,-35.008523,-57.233089,E170,regional_jet,1752,operational_constraints,890,low,0.9,630.0,630.0,971.90022,aircraft_fuel,SAEZ,3300,60,asphalt,ILS,1,1,basic,1,major,1,1,1,1,1,1,1,open,none,safe,civil,0,120.573135,1548,preferred,1.0,1
S00508,WSSS,2.297517,105.255141,A350-900,wide_body,3041,fuel,850,normal,1.0,1500.0,850.0,1470.053971,emergency,WMKK,4124,60,asphalt,ILS,1,1,advanced,1,major,1,1,1,1,1,1,1,open,none,safe,civil,0,396.958006,1083,preferred,1.0,1
S00508,WSSS,2.297517,105.255141,A350-900,wide_body,3041,fuel,850,normal,1.0,1500.0,850.0,1470.053971,emergency,WSSS,4000,60,asphalt,ILS,1,1,advanced,1,major,1,1,1,1,1,1,1,open,none,safe,civil,1,175.330462,959,preferred,2.0,0
S00508,WSSS,2.297517,105.255141,A350-900,wide_body,3041,fuel,850,normal,1.0,1500.0,850.0,1470.053971,emergency,VTBS,4000,60,asphalt,ILS,1,1,advanced,1,major,1,1,1,1,1,1,1,open,none,safe,civil,0,1359.341397,959,extended,3.0,0
S00509,RPLL,14.170593,120.751162,A321,narrow_body,2325,weather,542,critical,0.75,750.0,542.0,857.781379,emergency,RPLL,3737,60,concrete,ILS,1,1,basic,1,basic,1,1,1,1,1,1,1,open,none,caution,civil,0,47.44879,1412,preferred,1.0,1
S00510,LIRF,41.497496,12.863382,A330-300,wide_body,3052,security,911,normal,1.0,1300.0,911.0,1661.157462,emergency,LEMD,4350,60,asphalt,ILS,1,1,advanced,1,major,1,1,1,1,1,1,1,open,none,safe,civil,1,1381.787791,1298,extended,1.0,1
S00510,LIRF,41.497496,12.863382,A330-300,wide_body,3052,security,911,normal,1.0,1300.0,911.0,1661.157462,emergency,LIRF,3902,60,asphalt,ILS,1,1,basic,1,major,1,1,1,1,1,1,1,open,none,safe,civil,1,61.203931,850,preferred,2.0,0
S00510,LIRF,41.497496,12.863382,A330-300,wide_body,3052,security,911,normal,1.0,1300.0,911.0,1661.157462,emergency,LFPG,4215,45,asphalt,ILS,1,1,advanced,1,major,1,1,1,1,1,1,1,open,none,safe,civil,1,1159.390622,1163,extended,3.0,0
S00510,LIRF,41.497496,12.863382,A330-300,wide_body,3052,security,911,normal,1.0,1300.0,911.0,1661.157462,emergency,LTFM,4100,60,asphalt,ILS,1,1,advanced,1,major,1,1,1,1,1,1,0,open,none,safe,civil,0,1322.243265,1048,extended,4.0,0
S00510,LIRF,41.497496,12.863382,A330-300,wide_body,3052,security,911,normal,1.0,1300.0,911.0,1661.157462,emergency,EDDF,4000,60,asphalt,ILS,1,1,advanced,1,major,1,1,1,0,1,1,1,open,none,safe,civil,1,1005.044368,948,extended,5.0,0
S00510,LIRF,41.497496,12.863382,A330-300,wide_body,3052,security,911,normal,1.0,1300.0,911.0,1661.157462,emergency,LGAV,4000,45,asphalt,ILS,1,1,advanced,1,major,1,1,1,1,1,1,1,open,none,safe,civil,0,1026.194987,948,extended,6.0,0
S00510,LIRF,41.497496,12.863382,A330-300,wide_body,3052,security,911,normal,1.0,1300.0,911.0,1661.157462,emergency,EGLL,3901,50,asphalt,ILS,1,1,advanced,1,major,1,1,1,1,1,1,1,open,none,safe,civil,1,1502.177966,849,extended,7.0,0
S00510,LIRF,41.497496,12.863382,A330-300,wide_body,3052,security,911,normal,1.0,1300.0,911.0,1661.157462,emergency,EHAM,3800,60,asphalt,ILS,1,1,advanced,1,major,1,1,1,1,1,1,1,open,none,safe,civil,1,1348.502784,748,extended,8.0,0
S00510,LIRF,41.497496,12.863382,A330-300,wide_body,3052,security,911,normal,1.0,1300.0,911.0,1661.157462,emergency,DTTA,3200,45,asphalt,RNAV,0,1,basic,1,basic,1,0,1,1,1,1,1,open,none,safe,civil,0,564.35385,148,preferred,9.0,0
S00510,LIRF,41.497496,12.863382,A330-300,wide_body,3052,security,911,normal,1.0,1300.0,911.0,1661.157462,emergency,DAAG,3500,60,asphalt,RNAV,0,1,basic,1,basic,1,1,1,1,1,1,0,open,none,safe,civil,0,988.323869,448,extended,10.0,0
S00510,LIRF,41.497496,12.863382,A330-300,wide_body,3052,security,911,normal,1.0,1300.0,911.0,1661.157462,emergency,EGKK,3317,45,asphalt,ILS,1,1,advanced,1,major,1,1,1,1,1,1,1,open,none,safe,civil,1,1464.005662,265,extended,11.0,0
S00511,OKKK,28.997268,47.564876,B747-8,very_large,3665,fuel,677,critical,0.75,1162.5,677.0,1221.860928,emergency,OTHH,4850,60,asphalt,ILS,1,1,advanced,1,major,1,1,1,1,1,1,1,open,none,safe,civil,0,575.71958,1185,preferred,1.0,1
S00511,OKKK,28.997268,47.564876,B747-8,very_large,3665,fuel,677,critical,0.75,1162.5,677.0,1221.860928,emergency,OKKK,4580,60,asphalt,ILS,1,1,advanced,1,major,1,1,1,1,1,1,1,open,none,safe,civil,0,46.753742,915,preferred,2.0,0
S00511,OKKK,28.997268,47.564876,B747-8,very_large,3665,fuel,677,critical,0.75,1162.5,677.0,1221.860928,emergency,OERK,4205,60,asphalt,ILS,1,1,advanced,1,major,1,1,1,1,1,1,1,open,none,safe,civil,0,457.310085,540,preferred,3.0,0
S00511,OKKK,28.997268,47.564876,B747-8,very_large,3665,fuel,677,critical,0.75,1162.5,677.0,1221.860928,emergency,OMDB,4447,60,asphalt,ILS,1,1,advanced,1,major,1,1,1,1,1,1,1,open,none,safe,civil,1,877.433176,782,extended,4.0,0
S00511,OKKK,28.997268,47.564876,B747-8,very_large,3665,fuel,677,critical,0.75,1162.5,677.0,1221.860928,emergency,OBBI,3956,60,asphalt,ILS,1,1,advanced,1,major,1,1,1,1,1,1,1,open,none,safe,civil,0,428.651592,291,preferred,5.0,0
S00511,OKKK,28.997268,47.564876,B747-8,very_large,3665,fuel,677,critical,0.75,1162.5,677.0,1221.860928,emergency,OMAA,4106,60,asphalt,ILS,1,1,advanced,1,major,1,1,1,1,1,1,1,open,none,safe,civil,0,866.712609,441,extended,6.0,0
S00512,SAEZ,-35.255251,-58.434,A320,narrow_body,2364,medical,804,normal,1.0,950.0,804.0,1378.415524,emergency,SAEZ,3300,60,asphalt,ILS,1,1,basic,1,major,1,1,1,1,1,1,1,open,none,safe,civil,0,49.03688,936,preferred,1.0,1
S00513,EGKK,51.383362,0.206698,A319,narrow_body,2157,mechanical,829,normal,1.0,900.0,829.0,1319.058857,emergency,LFPG,4215,45,asphalt,ILS,1,1,advanced,1,major,1,1,1,1,1,1,1,open,none,safe,civil,1,312.417492,2058,preferred,1.0,1
S00513,EGKK,51.383362,0.206698,A319,narrow_body,2157,mechanical,829,normal,1.0,900.0,829.0,1319.058857,emergency,EDDF,4000,60,asphalt,ILS,1,1,advanced,1,major,1,1,1,0,1,1,1,open,none,safe,civil,1,606.796397,1843,preferred,2.0,0
S00513,EGKK,51.383362,0.206698,A319,narrow_body,2157,mechanical,829,normal,1.0,900.0,829.0,1319.058857,emergency,LEMD,4350,60,asphalt,ILS,1,1,advanced,1,major,1,1,1,1,1,1,1,open,none,safe,civil,1,1245.227336,2193,extended,3.0,0
S00513,EGKK,51.383362,0.206698,A319,narrow_body,2157,mechanical,829,normal,1.0,900.0,829.0,1319.058857,emergency,EGLL,3901,50,asphalt,ILS,1,1,advanced,1,major,1,1,1,1,1,1,1,open,none,safe,civil,1,47.226908,1744,preferred,4.0,0
S00513,EGKK,51.383362,0.206698,A319,narrow_body,2157,mechanical,829,normal,1.0,900.0,829.0,1319.058857,emergency,EHAM,3800,60,asphalt,ILS,1,1,advanced,1,major,1,1,1,1,1,1,1,open,none,safe,civil,1,329.455411,1643,preferred,5.0,0
S00513,EGKK,51.383362,0.206698,A319,narrow_body,2157,mechanical,829,normal,1.0,900.0,829.0,1319.058857,emergency,EGKK,3317,45,asphalt,ILS,1,1,advanced,1,major,1,1,1,1,1,1,1,open,none,safe,civil,1,37.763682,1160,preferred,6.0,0
S00513,EGKK,51.383362,0.206698,A319,narrow_body,2157,mechanical,829,normal,1.0,900.0,829.0,1319.058857,emergency,ENGM,3600,45,asphalt,ILS,1,1,advanced,1,major,1,1,1,1,1,1,1,open,none,safe,civil,0,1189.886459,1443,extended,7.0,0
S00513,EGKK,51.383362,0.206698,A319,narrow_body,2157,mechanical,829,normal,1.0,900.0,829.0,1319.058857,emergency,EIDW,3110,45,concrete,ILS,1,1,advanced,1,major,1,1,1,1,1,1,1,open,none,safe,civil,0,493.997831,953,preferred,8.0,0
S00513,EGKK,51.383362,0.206698,A319,narrow_body,2157,mechanical,829,normal,1.0,900.0,829.0,1319.058857,emergency,EGCC,3048,46,asphalt,ILS,1,1,advanced,1,major,1,1,1,1,1,1,1,open,none,safe,civil,1,276.354248,891,preferred,9.0,0
S00514,OERK,24.9911,47.085828,A330-300,wide_body,2959,weather,1106,normal,1.0,1300.0,1106.0,1972.448242,emergency,OTHH,4850,60,asphalt,ILS,1,1,advanced,1,major,1,1,1,1,1,1,1,open,none,safe,civil,0,456.300973,1891,preferred,1.0,1
S00514,OERK,24.9911,47.085828,A330-300,wide_body,2959,weather,1106,normal,1.0,1300.0,1106.0,1972.448242,emergency,OKKK,4580,60,asphalt,ILS,1,1,advanced,1,major,1,1,1,1,1,1,1,open,none,safe,civil,0,478.787327,1621,preferred,2.0,0
S00514,OERK,24.9911,47.085828,A330-300,wide_body,2959,weather,1106,normal,1.0,1300.0,1106.0,1972.448242,emergency,OMDB,4447,60,asphalt,ILS,1,1,advanced,1,major,1,1,1,1,1,1,1,open,none,safe,civil,1,834.49578,1488,preferred,3.0,0
S00514,OERK,24.9911,47.085828,A330-300,wide_body,2959,weather,1106,normal,1.0,1300.0,1106.0,1972.448242,emergency,OERK,4205,60,asphalt,ILS,1,1,advanced,1,major,1,1,1,1,1,1,1,open,none,safe,civil,0,39.189118,1246,preferred,4.0,0
S00514,OERK,24.9911,47.085828,A330-300,wide_body,2959,weather,1106,normal,1.0,1300.0,1106.0,1972.448242,emergency,OMAA,4106,60,asphalt,ILS,1,1,advanced,1,major,1,1,1,1,1,1,1,open,none,safe,civil,0,766.312124,1147,preferred,5.0,0
S00514,OERK,24.9911,47.085828,A330-300,wide_body,2959,weather,1106,normal,1.0,1300.0,1106.0,1972.448242,emergency,OBBI,3956,60,asphalt,ILS,1,1,advanced,1,major,1,1,1,1,1,1,1,open,none,safe,civil,0,383.298982,997,preferred,6.0,0
S00514,OERK,24.9911,47.085828,A330-300,wide_body,2959,weather,1106,normal,1.0,1300.0,1106.0,1972.448242,emergency,OOMS,4080,45,asphalt,ILS,1,1,advanced,1,major,1,1,1,1,1,1,1,open,none,safe,civil,0,1145.168268,1121,extended,7.0,0
S00514,OERK,24.9911,47.085828,A330-300,wide_body,2959,weather,1106,normal,1.0,1300.0,1106.0,1972.448242,emergency,HECA,4000,60,asphalt,ILS,1,1,basic,1,major,1,1,1,1,1,1,1,open,none,safe,civil,0,1646.326482,1041,extended,8.0,0
S00514,OERK,24.9911,47.085828,A330-300,wide_body,2959,weather,1106,normal,1.0,1300.0,1106.0,1972.448242,emergency,OJAI,3660,61,asphalt,ILS,1,1,advanced,1,major,1,1,1,1,1,1,1,open,none,safe,civil,0,1317.219683,701,extended,9.0,0
S00514,OERK,24.9911,47.085828,A330-300,wide_body,2959,weather,1106,normal,1.0,1300.0,1106.0,1972.448242,emergency,LCLK,2987,45,asphalt,ILS,1,0,none,1,basic,1,0,1,1,1,1,1,open,none,safe,civil,0,1697.108493,28,extended,10.0,0
S00514,OERK,24.9911,47.085828,A330-300,wide_body,2959,weather,1106,normal,1.0,1300.0,1106.0,1972.448242,emergency,HELX,3000,45,asphalt,RNAV,0,0,none,1,basic,1,0,1,0,0,1,1,open,none,safe,joint,0,1446.429721,41,extended,11.0,0
S00515,LFPG,48.476863,2.98704,B767-300ER,wide_body,3037,medical,693,low,0.9,1125.0,693.0,1050.869975,emergency,LFPG,4215,45,asphalt,ILS,1,1,advanced,1,major,1,1,1,1,1,1,1,open,none,safe,civil,1,67.144292,1178,preferred,1.0,1
S00515,LFPG,48.476863,2.98704,B767-300ER,wide_body,3037,medical,693,low,0.9,1125.0,693.0,1050.869975,emergency,EDDF,4000,60,asphalt,ILS,1,1,advanced,1,major,1,1,1,0,1,1,1,open,none,safe,civil,1,439.4211,963,preferred,2.0,0
S00515,LFPG,48.476863,2.98704,B767-300ER,wide_body,3037,medical,693,low,0.9,1125.0,693.0,1050.869975,emergency,LEMD,4350,60,asphalt,ILS,1,1,advanced,1,major,1,1,1,1,1,1,1,open,none,safe,civil,1,1028.083683,1313,extended,3.0,0
S00515,LFPG,48.476863,2.98704,B767-300ER,wide_body,3037,medical,693,low,0.9,1125.0,693.0,1050.869975,emergency,EGLL,3901,50,asphalt,ILS,1,1,advanced,1,major,1,1,1,1,1,1,1,open,none,safe,civil,1,414.133342,864,preferred,4.0,0
S00515,LFPG,48.476863,2.98704,B767-300ER,wide_body,3037,medical,693,low,0.9,1125.0,693.0,1050.869975,emergency,EHAM,3800,60,asphalt,ILS,1,1,advanced,1,major,1,1,1,1,1,1,1,open,none,safe,civil,1,444.261964,763,preferred,5.0,0
S00515,LFPG,48.476863,2.98704,B767-300ER,wide_body,3037,medical,693,low,0.9,1125.0,693.0,1050.869975,emergency,LIRF,3902,60,asphalt,ILS,1,1,basic,1,major,1,1,1,1,1,1,1,open,none,safe,civil,1,1037.082759,865,extended,6.0,0
S00515,LFPG,48.476863,2.98704,B767-300ER,wide_body,3037,medical,693,low,0.9,1125.0,693.0,1050.869975,emergency,EGKK,3317,45,asphalt,ILS,1,1,advanced,1,major,1,1,1,1,1,1,1,open,none,safe,civil,1,374.217161,280,preferred,7.0,0
S00515,LFPG,48.476863,2.98704,B767-300ER,wide_body,3037,medical,693,low,0.9,1125.0,693.0,1050.869975,emergency,EGCC,3048,46,asphalt,ILS,1,1,advanced,1,major,1,1,1,1,1,1,1,open,none,safe,civil,1,655.469126,11,preferred,8.0,0
S00515,LFPG,48.476863,2.98704,B767-300ER,wide_body,3037,medical,693,low,0.9,1125.0,693.0,1050.869975,emergency,EIDW,3110,45,concrete,ILS,1,1,advanced,1,major,1,1,1,1,1,1,1,open,none,safe,civil,0,849.082263,73,extended,9.0,0
S00516,OMDB,25.090143,55.367925,B787-9,wide_body,2846,mechanical,470,low,0.9,1260.0,470.0,846.685121,emergency,OTHH,4850,60,asphalt,ILS,1,1,advanced,1,major,1,1,1,1,1,1,1,open,none,safe,civil,0,378.879507,2004,preferred,1.0,1
S00516,OMDB,25.090143,55.367925,B787-9,wide_body,2846,mechanical,470,low,0.9,1260.0,470.0,846.685121,emergency,OMDB,4447,60,asphalt,ILS,1,1,advanced,1,major,1,1,1,1,1,1,1,open,none,safe,civil,1,17.75462,1601,preferred,2.0,0
S00516,OMDB,25.090143,55.367925,B787-9,wide_body,2846,mechanical,470,low,0.9,1260.0,470.0,846.685121,emergency,OMAA,4106,60,asphalt,ILS,1,1,advanced,1,major,1,1,1,1,1,1,1,open,none,safe,civil,0,102.353459,1260,preferred,3.0,0
S00516,OMDB,25.090143,55.367925,B787-9,wide_body,2846,mechanical,470,low,0.9,1260.0,470.0,846.685121,emergency,OOMS,4080,45,asphalt,ILS,1,1,advanced,1,major,1,1,1,1,1,1,1,open,none,safe,civil,0,338.799066,1234,preferred,4.0,0
S00516,OMDB,25.090143,55.367925,B787-9,wide_body,2846,mechanical,470,low,0.9,1260.0,470.0,846.685121,emergency,OBBI,3956,60,asphalt,ILS,1,1,advanced,1,major,1,1,1,1,1,1,1,open,none,safe,civil,0,491.738048,1110,extended,5.0,0
S00517,YMML,-37.561413,144.454025,A319,narrow_body,2019,mechanical,988,low,0.9,810.0,810.0,1333.995168,aircraft_fuel,YSSY,3962,45,asphalt,ILS,1,1,advanced,1,major,1,1,1,0,1,1,1,open,none,safe,civil,1,727.463207,1943,preferred,1.0,1
S00517,YMML,-37.561413,144.454025,A319,narrow_body,2019,mechanical,988,low,0.9,810.0,810.0,1333.995168,aircraft_fuel,YMML,3657,60,asphalt,ILS,1,1,advanced,1,major,1,1,1,1,1,1,1,open,none,safe,civil,0,35.930031,1638,preferred,2.0,0
S00518,LIRF,41.399066,11.497344,B737-800,narrow_body,2405,medical,816,critical,0.75,712.5,712.5,1115.044083,aircraft_fuel,LIRF,3902,60,asphalt,ILS,1,1,basic,1,major,1,1,1,1,1,1,1,open,none,safe,civil,1,77.266108,1497,preferred,1.0,1
S00518,LIRF,41.399066,11.497344,B737-800,narrow_body,2405,medical,816,critical,0.75,712.5,712.5,1115.044083,aircraft_fuel,LFPG,4215,45,asphalt,ILS,1,1,advanced,1,major,1,1,1,1,1,1,1,open,none,safe,civil,1,1097.057907,1810,extended,2.0,0
S00518,LIRF,41.399066,11.497344,B737-800,narrow_body,2405,medical,816,critical,0.75,712.5,712.5,1115.044083,aircraft_fuel,EDDF,4000,60,asphalt,ILS,1,1,advanced,1,major,1,1,1,0,1,1,1,open,none,safe,civil,1,985.904551,1595,extended,3.0,0
S00518,LIRF,41.399066,11.497344,B737-800,narrow_body,2405,medical,816,critical,0.75,712.5,712.5,1115.044083,aircraft_fuel,DTTA,3200,45,asphalt,RNAV,0,1,basic,1,basic,1,0,1,1,1,1,1,open,none,safe,civil,0,517.435817,795,preferred,4.0,0
S00518,LIRF,41.399066,11.497344,B737-800,narrow_body,2405,medical,816,critical,0.75,712.5,712.5,1115.044083,aircraft_fuel,DAAG,3500,60,asphalt,RNAV,0,1,basic,1,basic,1,1,1,1,1,1,0,open,none,safe,civil,0,885.525333,1095,extended,5.0,0
S00519,LTFM,40.846296,28.147004,B737-800,narrow_body,2304,technical,1150,normal,1.0,950.0,950.0,1619.279188,aircraft_fuel,LTFM,4100,60,asphalt,ILS,1,1,advanced,1,major,1,1,1,1,1,1,0,open,none,safe,civil,0,68.394513,1796,preferred,1.0,1
S00519,LTFM,40.846296,28.147004,B737-800,narrow_body,2304,technical,1150,normal,1.0,950.0,950.0,1619.279188,aircraft_fuel,LGAV,4000,45,asphalt,ILS,1,1,advanced,1,major,1,1,1,1,1,1,1,open,none,safe,civil,0,484.777426,1696,preferred,2.0,0
S00519,LTFM,40.846296,28.147004,B737-800,narrow_body,2304,technical,1150,normal,1.0,950.0,950.0,1619.279188,aircraft_fuel,HECA,4000,60,asphalt,ILS,1,1,basic,1,major,1,1,1,1,1,1,1,open,none,safe,civil,0,1229.122325,1696,extended,3.0,0
S00519,LTFM,40.846296,28.147004,B737-800,narrow_body,2304,technical,1150,normal,1.0,950.0,950.0,1619.279188,aircraft_fuel,LIRF,3902,60,asphalt,ILS,1,1,basic,1,major,1,1,1,1,1,1,1,open,none,safe,civil,1,1329.661159,1598,extended,4.0,0
S00519,LTFM,40.846296,28.147004,B737-800,narrow_body,2304,technical,1150,normal,1.0,950.0,950.0,1619.279188,aircraft_fuel,LTAC,3750,45,asphalt,ILS,1,1,advanced,1,major,1,1,1,1,1,1,1,open,none,safe,joint,0,417.646568,1446,preferred,5.0,0
S00519,LTFM,40.846296,28.147004,B737-800,narrow_body,2304,technical,1150,normal,1.0,950.0,950.0,1619.279188,aircraft_fuel,OJAI,3660,61,asphalt,ILS,1,1,advanced,1,major,1,1,1,1,1,1,1,open,none,safe,civil,0,1233.214114,1356,extended,6.0,0
S00519,LTFM,40.846296,28.147004,B737-800,narrow_body,2304,technical,1150,normal,1.0,950.0,950.0,1619.279188,aircraft_fuel,LCLK,2987,45,asphalt,ILS,1,0,none,1,basic,1,0,1,1,1,1,1,open,none,safe,civil,0,819.426736,683,preferred,7.0,0
S00519,LTFM,40.846296,28.147004,B737-800,narrow_body,2304,technical,1150,normal,1.0,950.0,950.0,1619.279188,aircraft_fuel,DTTA,3200,45,asphalt,RNAV,0,1,basic,1,basic,1,0,1,1,1,1,1,open,none,safe,civil,0,1610.881326,896,extended,8.0,0
S00520,UAAA,42.841478,77.351885,E190,regional_jet,1919,operational_constraints,799,normal,1.0,800.0,799.0,1209.065408,emergency,UAAA,4500,45,asphalt,RNAV,0,1,basic,1,basic,1,1,1,1,1,1,1,open,none,safe,civil,0,62.296757,2581,preferred,1.0,1
S00520,UAAA,42.841478,77.351885,E190,regional_jet,1919,operational_constraints,799,normal,1.0,800.0,799.0,1209.065408,emergency,UACC,3500,45,asphalt,RNAV,0,1,basic,1,basic,1,1,1,1,1,1,1,open,none,safe,civil,0,1013.16213,1581,extended,2.0,0
S00521,UUEE,55.426438,36.335159,E190,regional_jet,1930,mechanical,985,low,0.9,720.0,720.0,1183.819246,aircraft_fuel,ULLI,3780,60,concrete,ILS,1,1,advanced,1,major,1,1,1,1,1,1,1,open,none,caution,civil,0,605.580655,1850,preferred,1.0,1
S00521,UUEE,55.426438,36.335159,E190,regional_jet,1930,mechanical,985,low,0.9,720.0,720.0,1183.819246,aircraft_fuel,UUEE,3700,60,concrete,ILS,1,1,advanced,1,major,1,1,1,1,1,1,1,open,none,caution,civil,0,91.057905,1770,preferred,2.0,0
S00521,UUEE,55.426438,36.335159,E190,regional_jet,1930,mechanical,985,low,0.9,720.0,720.0,1183.819246,aircraft_fuel,EFHK,3440,60,asphalt,ILS,1,1,advanced,1,major,1,1,1,1,1,1,1,open,none,safe,civil,0,862.942223,1510,extended,3.0,0
S00522,WMKK,2.460105,101.775454,B737-800,narrow_body,2303,technical,656,normal,1.0,950.0,656.0,1071.196965,emergency,WMKK,4124,60,asphalt,ILS,1,1,advanced,1,major,1,1,1,1,1,1,1,open,none,safe,civil,0,32.565402,1821,preferred,1.0,1
S00522,WMKK,2.460105,101.775454,B737-800,narrow_body,2303,technical,656,normal,1.0,950.0,656.0,1071.196965,emergency,WSSS,4000,60,asphalt,ILS,1,1,advanced,1,major,1,1,1,1,1,1,1,open,none,safe,civil,1,275.715801,1697,preferred,2.0,0
S00522,WMKK,2.460105,101.775454,B737-800,narrow_body,2303,technical,656,normal,1.0,950.0,656.0,1071.196965,emergency,WIMM,3000,60,asphalt,RNAV,1,1,basic,1,basic,1,0,1,1,0,1,1,open,none,safe,civil,0,346.766032,697,preferred,3.0,0
S00523,OKKK,28.78516,48.014521,E190,regional_jet,1901,technical,566,critical,0.75,600.0,566.0,794.65367,emergency,OTHH,4850,60,asphalt,ILS,1,1,advanced,1,major,1,1,1,1,1,1,1,open,none,safe,civil,0,528.32317,2949,preferred,1.0,1
S00523,OKKK,28.78516,48.014521,E190,regional_jet,1901,technical,566,critical,0.75,600.0,566.0,794.65367,emergency,OKKK,4580,60,asphalt,ILS,1,1,advanced,1,major,1,1,1,1,1,1,1,open,none,safe,civil,0,49.04403,2679,preferred,2.0,0
S00523,OKKK,28.78516,48.014521,E190,regional_jet,1901,technical,566,critical,0.75,600.0,566.0,794.65367,emergency,OERK,4205,60,asphalt,ILS,1,1,advanced,1,major,1,1,1,1,1,1,1,open,none,safe,civil,0,445.151523,2304,preferred,3.0,0
S00523,OKKK,28.78516,48.014521,E190,regional_jet,1901,technical,566,critical,0.75,600.0,566.0,794.65367,emergency,OBBI,3956,60,asphalt,ILS,1,1,advanced,1,major,1,1,1,1,1,1,1,open,none,safe,civil,0,381.140403,2055,preferred,4.0,0
S00524,EDDF,50.561045,7.21012,A220-300,narrow_body,2157,technical,1051,critical,0.75,712.5,712.5,1264.711766,aircraft_fuel,LFPG,4215,45,asphalt,ILS,1,1,advanced,1,major,1,1,1,1,1,1,1,open,none,safe,civil,1,376.100897,2058,preferred,1.0,1
S00524,EDDF,50.561045,7.21012,A220-300,narrow_body,2157,technical,1051,critical,0.75,712.5,712.5,1264.711766,aircraft_fuel,EDDF,4000,60,asphalt,ILS,1,1,advanced,1,major,1,1,1,0,1,1,1,open,none,safe,civil,1,112.70448,1843,preferred,2.0,0
S00524,EDDF,50.561045,7.21012,A220-300,narrow_body,2157,technical,1051,critical,0.75,712.5,712.5,1264.711766,aircraft_fuel,EGLL,3901,50,asphalt,ILS,1,1,advanced,1,major,1,1,1,1,1,1,1,open,none,safe,civil,1,545.726627,1744,preferred,3.0,0
S00524,EDDF,50.561045,7.21012,A220-300,narrow_body,2157,technical,1051,critical,0.75,712.5,712.5,1264.711766,aircraft_fuel,EHAM,3800,60,asphalt,ILS,1,1,advanced,1,major,1,1,1,1,1,1,1,open,none,safe,civil,1,257.873997,1643,preferred,4.0,0
S00524,EDDF,50.561045,7.21012,A220-300,narrow_body,2157,technical,1051,critical,0.75,712.5,712.5,1264.711766,aircraft_fuel,LIRF,3902,60,asphalt,ILS,1,1,basic,1,major,1,1,1,1,1,1,1,open,none,safe,civil,1,1047.577309,1745,extended,5.0,0
S00524,EDDF,50.561045,7.21012,A220-300,narrow_body,2157,technical,1051,critical,0.75,712.5,712.5,1264.711766,aircraft_fuel,EGKK,3317,45,asphalt,ILS,1,1,advanced,1,major,1,1,1,1,1,1,1,open,none,safe,civil,1,523.027751,1160,preferred,6.0,0
S00524,EDDF,50.561045,7.21012,A220-300,narrow_body,2157,technical,1051,critical,0.75,712.5,712.5,1264.711766,aircraft_fuel,ENGM,3600,45,asphalt,ILS,1,1,advanced,1,major,1,1,1,1,1,1,1,open,none,safe,civil,0,1098.480425,1443,extended,7.0,0
S00524,EDDF,50.561045,7.21012,A220-300,narrow_body,2157,technical,1051,critical,0.75,712.5,712.5,1264.711766,aircraft_fuel,ESSA,3301,45,asphalt,ILS,1,1,advanced,1,major,1,1,1,1,1,1,1,open,none,safe,civil,0,1215.758543,1144,extended,8.0,0
S00524,EDDF,50.561045,7.21012,A220-300,narrow_body,2157,technical,1051,critical,0.75,712.5,712.5,1264.711766,aircraft_fuel,EIDW,3110,45,concrete,ILS,1,1,advanced,1,major,1,1,1,1,1,1,1,open,none,safe,civil,0,974.168249,953,extended,9.0,0
S00524,EDDF,50.561045,7.21012,A220-300,narrow_body,2157,technical,1051,critical,0.75,712.5,712.5,1264.711766,aircraft_fuel,EGCC,3048,46,asphalt,ILS,1,1,advanced,1,major,1,1,1,1,1,1,1,open,none,safe,civil,1,719.566467,891,extended,10.0,0
S00525,WIMM,3.87103,98.266521,B737 MAX 8,narrow_body,2448,operational_constraints,1034,normal,1.0,1000.0,1000.0,1583.125757,aircraft_fuel,WMKK,4124,60,asphalt,ILS,1,1,advanced,1,major,1,1,1,1,1,1,1,open,none,safe,civil,0,402.216714,1676,preferred,1.0,1
S00525,WIMM,3.87103,98.266521,B737 MAX 8,narrow_body,2448,operational_constraints,1034,normal,1.0,1000.0,1000.0,1583.125757,aircraft_fuel,WSSS,4000,60,asphalt,ILS,1,1,advanced,1,major,1,1,1,1,1,1,1,open,none,safe,civil,1,695.170701,1552,preferred,2.0,0
S00525,WIMM,3.87103,98.266521,B737 MAX 8,narrow_body,2448,operational_constraints,1034,normal,1.0,1000.0,1000.0,1583.125757,aircraft_fuel,VTBS,4000,60,asphalt,ILS,1,1,advanced,1,major,1,1,1,1,1,1,1,open,none,safe,civil,0,1124.286117,1552,extended,3.0,0
S00525,WIMM,3.87103,98.266521,B737 MAX 8,narrow_body,2448,operational_constraints,1034,normal,1.0,1000.0,1000.0,1583.125757,aircraft_fuel,WIMM,3000,60,asphalt,RNAV,1,1,basic,1,basic,1,0,1,1,0,1,1,open,none,safe,civil,0,73.237452,552,preferred,4.0,0
S00526,FACT,-33.769138,18.317677,B767-300ER,wide_body,3075,security,553,normal,1.0,1250.0,553.0,842.816178,emergency,FACT,3201,61,asphalt,RNAV,0,1,basic,1,basic,1,0,1,1,1,1,1,open,none,safe,civil,0,34.920875,126,preferred,1.0,1
S00527,KLAX,34.911619,-118.250581,A321,narrow_body,2491,mechanical,568,normal,1.0,1000.0,568.0,977.431391,emergency,KLAX,3939,46,concrete,ILS,1,1,advanced,1,major,1,1,1,1,1,1,1,open,none,safe,civil,0,108.723861,1448,preferred,1.0,1
S00528,EGLL,52.126693,0.57681,A330-300,wide_body,3091,fuel,722,critical,0.75,975.0,722.0,1317.746084,emergency,LFPG,4215,45,asphalt,ILS,1,1,advanced,1,major,1,1,1,1,1,1,1,open,none,safe,civil,1,373.710445,1124,preferred,1.0,1
S00528,EGLL,52.126693,0.57681,A330-300,wide_body,3091,fuel,722,critical,0.75,975.0,722.0,1317.746084,emergency,EDDF,4000,60,asphalt,ILS,1,1,advanced,1,major,1,1,1,0,1,1,1,open,none,safe,civil,1,604.108407,909,preferred,2.0,0
S00528,EGLL,52.126693,0.57681,A330-300,wide_body,3091,fuel,722,critical,0.75,975.0,722.0,1317.746084,emergency,EGLL,3901,50,asphalt,ILS,1,1,advanced,1,major,1,1,1,1,1,1,1,open,none,safe,civil,1,101.989657,810,preferred,3.0,0
S00528,EGLL,52.126693,0.57681,A330-300,wide_body,3091,fuel,722,critical,0.75,975.0,722.0,1317.746084,emergency,EHAM,3800,60,asphalt,ILS,1,1,advanced,1,major,1,1,1,1,1,1,1,open,none,safe,civil,1,285.921209,709,preferred,4.0,0
S00528,EGLL,52.126693,0.57681,A330-300,wide_body,3091,fuel,722,critical,0.75,975.0,722.0,1317.746084,emergency,EGKK,3317,45,asphalt,ILS,1,1,advanced,1,major,1,1,1,1,1,1,1,open,none,safe,civil,1,120.805382,226,preferred,5.0,0
S00528,EGLL,52.126693,0.57681,A330-300,wide_body,3091,fuel,722,critical,0.75,975.0,722.0,1317.746084,emergency,ENGM,3600,45,asphalt,ILS,1,1,advanced,1,major,1,1,1,1,1,1,1,open,none,safe,civil,0,1105.931968,509,extended,6.0,0
S00528,EGLL,52.126693,0.57681,A330-300,wide_body,3091,fuel,722,critical,0.75,975.0,722.0,1317.746084,emergency,EIDW,3110,45,concrete,ILS,1,1,advanced,1,major,1,1,1,1,1,1,1,open,none,safe,civil,0,482.027189,19,preferred,7.0,0
S00529,FACT,-33.541994,18.1776,E170,regional_jet,1705,operational_constraints,995,normal,1.0,700.0,700.0,1160.724712,aircraft_fuel,FACT,3201,61,asphalt,RNAV,0,1,basic,1,basic,1,0,1,1,1,1,1,open,none,safe,civil,0,62.162246,1496,preferred,1.0,1
S00530,LGAV,38.516625,23.527432,A330-300,wide_body,2975,technical,1078,low,0.9,1170.0,1078.0,1869.56653,emergency,LTFM,4100,60,asphalt,ILS,1,1,advanced,1,major,1,1,1,1,1,1,0,open,none,safe,civil,0,539.482865,1125,preferred,1.0,1
S00530,LGAV,38.516625,23.527432,A330-300,wide_body,2975,technical,1078,low,0.9,1170.0,1078.0,1869.56653,emergency,LGAV,4000,45,asphalt,ILS,1,1,advanced,1,major,1,1,1,1,1,1,1,open,none,safe,civil,0,74.093101,1025,preferred,2.0,0
S00530,LGAV,38.516625,23.527432,A330-300,wide_body,2975,technical,1078,low,0.9,1170.0,1078.0,1869.56653,emergency,LIRF,3902,60,asphalt,ILS,1,1,basic,1,major,1,1,1,1,1,1,1,open,none,safe,civil,1,1024.57305,927,preferred,3.0,0
S00530,LGAV,38.516625,23.527432,A330-300,wide_body,2975,technical,1078,low,0.9,1170.0,1078.0,1869.56653,emergency,HECA,4000,60,asphalt,ILS,1,1,basic,1,major,1,1,1,1,1,1,1,open,none,safe,civil,0,1180.388271,1025,extended,4.0,0
S00530,LGAV,38.516625,23.527432,A330-300,wide_body,2975,technical,1078,low,0.9,1170.0,1078.0,1869.56653,emergency,EDDF,4000,60,asphalt,ILS,1,1,advanced,1,major,1,1,1,0,1,1,1,open,none,safe,civil,1,1742.450918,1025,extended,5.0,0
S00530,LGAV,38.516625,23.527432,A330-300,wide_body,2975,technical,1078,low,0.9,1170.0,1078.0,1869.56653,emergency,LTAC,3750,45,asphalt,ILS,1,1,advanced,1,major,1,1,1,1,1,1,1,open,none,safe,joint,0,833.441771,775,preferred,6.0,0
S00530,LGAV,38.516625,23.527432,A330-300,wide_body,2975,technical,1078,low,0.9,1170.0,1078.0,1869.56653,emergency,OJAI,3660,61,asphalt,ILS,1,1,advanced,1,major,1,1,1,1,1,1,1,open,none,safe,civil,0,1360.429989,685,extended,7.0,0
S00530,LGAV,38.516625,23.527432,A330-300,wide_body,2975,technical,1078,low,0.9,1170.0,1078.0,1869.56653,emergency,DAAG,3500,60,asphalt,RNAV,0,1,basic,1,basic,1,1,1,1,1,1,0,open,none,safe,civil,0,1797.15145,525,extended,8.0,0
S00530,LGAV,38.516625,23.527432,A330-300,wide_body,2975,technical,1078,low,0.9,1170.0,1078.0,1869.56653,emergency,LCLK,2987,45,asphalt,ILS,1,0,none,1,basic,1,0,1,1,1,1,1,open,none,safe,civil,0,986.393009,12,preferred,9.0,0
S00530,LGAV,38.516625,23.527432,A330-300,wide_body,2975,technical,1078,low,0.9,1170.0,1078.0,1869.56653,emergency,DTTA,3200,45,asphalt,RNAV,0,1,basic,1,basic,1,0,1,1,1,1,1,open,none,safe,civil,0,1183.887119,225,extended,10.0,0
S00530,LGAV,38.516625,23.527432,A330-300,wide_body,2975,technical,1078,low,0.9,1170.0,1078.0,1869.56653,emergency,HELX,3000,45,asphalt,RNAV,0,0,none,1,basic,1,0,1,0,0,1,1,open,none,safe,joint,0,1667.5238,25,extended,11.0,0
S00531,RKSI,37.231346,126.083475,A321,narrow_body,2508,technical,1050,normal,1.0,1000.0,1000.0,1648.11377,aircraft_fuel,RKSI,4000,60,asphalt,ILS,1,1,advanced,1,major,1,1,1,1,1,1,1,open,none,safe,civil,1,41.884226,1492,preferred,1.0,1
S00531,RKSI,37.231346,126.083475,A321,narrow_body,2508,technical,1050,normal,1.0,1000.0,1000.0,1648.11377,aircraft_fuel,ZSPD,4000,60,concrete,ILS,1,1,advanced,1,major,1,1,1,1,1,1,1,open,none,safe,civil,1,782.790802,1492,preferred,2.0,0
S00531,RKSI,37.231346,126.083475,A321,narrow_body,2508,technical,1050,normal,1.0,1000.0,1000.0,1648.11377,aircraft_fuel,ZBAA,3810,60,asphalt,ILS,1,1,advanced,1,major,1,1,1,1,1,1,1,open,none,safe,civil,1,881.906285,1302,preferred,3.0,0
S00531,RKSI,37.231346,126.083475,A321,narrow_body,2508,technical,1050,normal,1.0,1000.0,1000.0,1648.11377,aircraft_fuel,RJAA,4000,60,asphalt,ILS,1,1,advanced,1,major,1,1,1,0,1,1,1,open,none,safe,civil,1,1287.713863,1492,extended,4.0,0
S00531,RKSI,37.231346,126.083475,A321,narrow_body,2508,technical,1050,normal,1.0,1000.0,1000.0,1648.11377,aircraft_fuel,RCTP,3660,60,concrete,ILS,1,1,advanced,1,major,1,1,1,1,1,1,1,open,none,safe,civil,0,1427.470365,1152,extended,5.0,0
S00531,RKSI,37.231346,126.083475,A321,narrow_body,2508,technical,1050,normal,1.0,1000.0,1000.0,1648.11377,aircraft_fuel,RJTT,3360,61,asphalt,ILS,1,1,advanced,1,major,1,1,1,1,1,1,1,open,none,safe,civil,1,1239.648836,852,extended,6.0,0
S00531,RKSI,37.231346,126.083475,A321,narrow_body,2508,technical,1050,normal,1.0,1000.0,1000.0,1648.11377,aircraft_fuel,RJCC,3000,61,asphalt,RNAV,0,1,basic,1,basic,1,1,1,1,1,1,1,open,none,safe,joint,0,1462.285174,492,extended,7.0,0
S00532,CYYZ,43.745716,-80.914964,E170,regional_jet,1661,technical,837,low,0.9,630.0,630.0,1035.967014,aircraft_fuel,KJFK,4423,61,asphalt,ILS,1,1,advanced,1,major,1,1,1,1,1,1,1,open,none,safe,civil,1,681.458014,2762,extended,1.0,1
S00532,CYYZ,43.745716,-80.914964,E170,regional_jet,1661,technical,837,low,0.9,630.0,630.0,1035.967014,aircraft_fuel,KORD,3962,46,concrete,ILS,1,1,advanced,1,major,1,1,1,1,1,1,1,open,none,safe,civil,0,602.409553,2301,preferred,2.0,0
S00532,CYYZ,43.745716,-80.914964,E170,regional_jet,1661,technical,837,low,0.9,630.0,630.0,1035.967014,aircraft_fuel,CYYZ,3389,61,asphalt,ILS,1,1,advanced,1,major,1,1,1,1,1,1,1,open,none,safe,civil,1,103.616375,1728,preferred,3.0,0
S00533,BIKF,64.152092,-22.983315,A320,narrow_body,2284,fuel,828,critical,0.75,712.5,712.5,1280.410626,aircraft_fuel,BIKF,3065,60,asphalt,RNAV,0,1,basic,1,basic,1,0,1,1,1,1,1,open,none,safe,joint,0,26.125178,781,preferred,1.0,1
S00534,VABB,19.280952,73.232298,E170,regional_jet,1698,medical,811,normal,1.0,700.0,700.0,1088.644888,aircraft_fuel,VABB,3509,60,asphalt,ILS,1,1,advanced,1,major,1,1,1,1,1,1,1,open,none,safe,civil,1,43.835274,1811,preferred,1.0,1
S00534,VABB,19.280952,73.232298,E170,regional_jet,1698,medical,811,normal,1.0,700.0,700.0,1088.644888,aircraft_fuel,OPKC,3400,46,concrete,RNAV,0,1,basic,1,basic,1,1,1,1,1,1,1,open,none,caution,civil,0,884.35094,1702,extended,2.0,0
S00535,RKSI,37.971169,126.142633,E175,regional_jet,1772,operational_constraints,509,low,0.9,675.0,509.0,796.814809,emergency,RKSI,4000,60,asphalt,ILS,1,1,advanced,1,major,1,1,1,1,1,1,1,open,none,safe,civil,1,62.066996,2228,preferred,1.0,1
S00536,VABB,18.619561,72.5081,A330-300,wide_body,3150,technical,697,normal,1.0,1300.0,697.0,1292.857025,emergency,VIDP,4430,60,asphalt,ILS,1,1,advanced,1,major,1,1,1,1,1,1,1,open,none,safe,civil,1,1199.290126,1280,extended,1.0,1
S00536,VABB,18.619561,72.5081,A330-300,wide_body,3150,technical,697,normal,1.0,1300.0,697.0,1292.857025,emergency,VABB,3509,60,asphalt,ILS,1,1,advanced,1,major,1,1,1,1,1,1,1,open,none,safe,civil,1,64.45703,359,preferred,2.0,0
S00536,VABB,18.619561,72.5081,A330-300,wide_body,3150,technical,697,normal,1.0,1300.0,697.0,1292.857025,emergency,OPKC,3400,46,concrete,RNAV,0,1,basic,1,basic,1,1,1,1,1,1,1,open,none,caution,civil,0,890.59734,250,extended,3.0,0
S00537,HKJK,-1.59791,36.55771,A320,narrow_body,2274,mechanical,690,critical,0.75,712.5,690.0,1056.058492,emergency,HKJK,4117,45,asphalt,RNAV,0,1,basic,1,basic,1,0,1,1,1,1,1,open,none,safe,civil,0,51.565259,1843,preferred,1.0,1
S00538,DAAG,37.091559,3.383915,B787-9,wide_body,2798,mechanical,795,low,0.9,1260.0,795.0,1462.805556,emergency,LEMD,4350,60,asphalt,ILS,1,1,advanced,1,major,1,1,1,1,1,1,1,open,none,safe,civil,1,711.3751,1552,preferred,1.0,1
S00538,DAAG,37.091559,3.383915,B787-9,wide_body,2798,mechanical,795,low,0.9,1260.0,795.0,1462.805556,emergency,LFPG,4215,45,asphalt,ILS,1,1,advanced,1,major,1,1,1,1,1,1,1,open,none,safe,civil,1,1326.846385,1417,extended,2.0,0
S00538,DAAG,37.091559,3.383915,B787-9,wide_body,2798,mechanical,795,low,0.9,1260.0,795.0,1462.805556,emergency,DAAG,3500,60,asphalt,RNAV,0,1,basic,1,basic,1,1,1,1,1,1,0,open,none,safe,civil,0,46.714422,702,preferred,3.0,0
S00538,DAAG,37.091559,3.383915,B787-9,wide_body,2798,mechanical,795,low,0.9,1260.0,795.0,1462.805556,emergency,LIRF,3902,60,asphalt,ILS,1,1,basic,1,major,1,1,1,1,1,1,1,open,none,safe,civil,1,923.576906,1104,extended,4.0,0
S00538,DAAG,37.091559,3.383915,B787-9,wide_body,2798,mechanical,795,low,0.9,1260.0,795.0,1462.805556,emergency,GMMN,3720,45,asphalt,ILS,1,1,advanced,1,major,1,1,1,1,1,1,1,open,none,safe,civil,0,1078.471685,922,extended,5.0,0
S00538,DAAG,37.091559,3.383915,B787-9,wide_body,2798,mechanical,795,low,0.9,1260.0,795.0,1462.805556,emergency,LPPT,3707,45,asphalt,ILS,1,1,advanced,1,major,1,1,1,1,1,1,1,open,none,safe,civil,0,1113.006778,909,extended,6.0,0
S00538,DAAG,37.091559,3.383915,B787-9,wide_body,2798,mechanical,795,low,0.9,1260.0,795.0,1462.805556,emergency,DTTA,3200,45,asphalt,RNAV,0,1,basic,1,basic,1,0,1,1,1,1,1,open,none,safe,civil,0,608.398314,402,preferred,7.0,0
S00539,EFHK,60.269503,25.249251,B787-9,wide_body,2853,operational_constraints,868,normal,1.0,1400.0,868.0,1489.114466,emergency,ENGM,3600,45,asphalt,ILS,1,1,advanced,1,major,1,1,1,1,1,1,1,open,none,safe,civil,0,779.671768,747,preferred,1.0,1
S00539,EFHK,60.269503,25.249251,B787-9,wide_body,2853,operational_constraints,868,normal,1.0,1400.0,868.0,1489.114466,emergency,EFHK,3440,60,asphalt,ILS,1,1,advanced,1,major,1,1,1,1,1,1,1,open,none,safe,civil,0,16.664887,587,preferred,2.0,0
S00539,EFHK,60.269503,25.249251,B787-9,wide_body,2853,operational_constraints,868,normal,1.0,1400.0,868.0,1489.114466,emergency,ULLI,3780,60,concrete,ILS,1,1,advanced,1,major,1,1,1,1,1,1,1,open,none,caution,civil,0,283.202632,927,preferred,3.0,0
S00539,EFHK,60.269503,25.249251,B787-9,wide_body,2853,operational_constraints,868,normal,1.0,1400.0,868.0,1489.114466,emergency,UUEE,3700,60,concrete,ILS,1,1,advanced,1,major,1,1,1,1,1,1,1,open,none,caution,civil,0,856.973195,847,preferred,4.0,0
S00539,EFHK,60.269503,25.249251,B787-9,wide_body,2853,operational_constraints,868,normal,1.0,1400.0,868.0,1489.114466,emergency,ESSA,3301,45,asphalt,ILS,1,1,advanced,1,major,1,1,1,1,1,1,1,open,none,safe,civil,0,413.086187,448,preferred,5.0,0
S00540,DNKN,12.185829,8.699613,E170,regional_jet,1726,medical,764,low,0.9,630.0,630.0,896.722099,aircraft_fuel,DNMM,3900,60,asphalt,ILS,1,1,advanced,1,major,1,1,1,1,1,1,1,open,none,caution,civil,0,858.357256,2174,extended,1.0,1
S00541,KATL,33.560707,-83.431152,A321,narrow_body,2392,operational_constraints,932,low,0.9,900.0,900.0,1421.649205,aircraft_fuel,KJFK,4423,61,asphalt,ILS,1,1,advanced,1,major,1,1,1,1,1,1,1,open,none,safe,civil,1,1161.515559,2031,extended,1.0,1
S00541,KATL,33.560707,-83.431152,A321,narrow_body,2392,operational_constraints,932,low,0.9,900.0,900.0,1421.649205,aircraft_fuel,KATL,3776,46,concrete,ILS,1,1,advanced,1,major,1,1,1,1,1,1,1,open,none,safe,civil,0,92.720905,1384,preferred,2.0,0
S00541,KATL,33.560707,-83.431152,A321,narrow_body,2392,operational_constraints,932,low,0.9,900.0,900.0,1421.649205,aircraft_fuel,KORD,3962,46,concrete,ILS,1,1,advanced,1,major,1,1,1,1,1,1,1,open,none,safe,civil,0,1014.869549,1570,extended,3.0,0
S00541,KATL,33.560707,-83.431152,A321,narrow_body,2392,operational_constraints,932,low,0.9,900.0,900.0,1421.649205,aircraft_fuel,CYYZ,3389,61,asphalt,ILS,1,1,advanced,1,major,1,1,1,1,1,1,1,open,none,safe,civil,1,1171.895214,997,extended,4.0,0
S00542,BIKF,64.121377,-21.897258,B737 MAX 8,narrow_body,2406,mechanical,1178,normal,1.0,1000.0,1000.0,1694.573467,aircraft_fuel,BIKF,3065,60,asphalt,RNAV,0,1,basic,1,basic,1,0,1,1,1,1,1,open,none,safe,joint,0,37.650715,659,preferred,1.0,1
S00542,BIKF,64.121377,-21.897258,B737 MAX 8,narrow_body,2406,mechanical,1178,normal,1.0,1000.0,1000.0,1694.573467,aircraft_fuel,EIDW,3110,45,concrete,ILS,1,1,advanced,1,major,1,1,1,1,1,1,1,open,none,safe,civil,0,1483.456633,704,extended,2.0,0
S00542,BIKF,64.121377,-21.897258,B737 MAX 8,narrow_body,2406,mechanical,1178,normal,1.0,1000.0,1000.0,1694.573467,aircraft_fuel,EGCC,3048,46,asphalt,ILS,1,1,advanced,1,major,1,1,1,1,1,1,1,open,none,safe,civil,1,1634.659155,642,extended,3.0,0
S00543,OPLA,31.880508,73.786123,A320,narrow_body,2210,operational_constraints,952,normal,1.0,950.0,950.0,1614.283632,aircraft_fuel,VIDP,4430,60,asphalt,ILS,1,1,advanced,1,major,1,1,1,1,1,1,1,open,none,safe,civil,1,487.560014,2220,preferred,1.0,1
S00543,OPLA,31.880508,73.786123,A320,narrow_body,2210,operational_constraints,952,normal,1.0,950.0,950.0,1614.283632,aircraft_fuel,UAAA,4500,45,asphalt,RNAV,0,1,basic,1,basic,1,1,1,1,1,1,1,open,none,safe,civil,0,1307.375602,2290,extended,2.0,0
S00543,OPLA,31.880508,73.786123,A320,narrow_body,2210,operational_constraints,952,normal,1.0,950.0,950.0,1614.283632,aircraft_fuel,VABB,3509,60,asphalt,ILS,1,1,advanced,1,major,1,1,1,1,1,1,1,open,none,safe,civil,1,1425.346403,1299,extended,3.0,0
S00543,OPLA,31.880508,73.786123,A320,narrow_body,2210,operational_constraints,952,normal,1.0,950.0,950.0,1614.283632,aircraft_fuel,OPLA,3360,46,concrete,RNAV,0,0,none,1,basic,1,0,1,1,1,1,1,open,none,caution,civil,0,70.747173,1150,preferred,4.0,0
S00543,OPLA,31.880508,73.786123,A320,narrow_body,2210,operational_constraints,952,normal,1.0,950.0,950.0,1614.283632,aircraft_fuel,OPKC,3400,46,concrete,RNAV,0,1,basic,1,basic,1,1,1,1,1,1,1,open,none,caution,civil,0,1010.09258,1190,extended,5.0,0
S00543,OPLA,31.880508,73.786123,A320,narrow_body,2210,operational_constraints,952,normal,1.0,950.0,950.0,1614.283632,aircraft_fuel,VNKT,3350,45,asphalt,VOR,0,0,none,0,none,0,0,1,1,1,1,1,open,none,caution,civil,0,1208.953828,1140,extended,6.0,0
S00544,EHAM,52.783632,4.754042,E190,regional_jet,1991,technical,1013,normal,1.0,800.0,800.0,1120.660116,aircraft_fuel,LFPG,4215,45,asphalt,ILS,1,1,advanced,1,major,1,1,1,1,1,1,1,open,none,safe,civil,1,447.128629,2224,preferred,1.0,1
S00544,EHAM,52.783632,4.754042,E190,regional_jet,1991,technical,1013,normal,1.0,800.0,800.0,1120.660116,aircraft_fuel,EDDF,4000,60,asphalt,ILS,1,1,advanced,1,major,1,1,1,0,1,1,1,open,none,safe,civil,1,404.374688,2009,preferred,2.0,0
S00544,EHAM,52.783632,4.754042,E190,regional_jet,1991,technical,1013,normal,1.0,800.0,800.0,1120.660116,aircraft_fuel,EGLL,3901,50,asphalt,ILS,1,1,advanced,1,major,1,1,1,1,1,1,1,open,none,safe,civil,1,384.585755,1910,preferred,3.0,0
S00544,EHAM,52.783632,4.754042,E190,regional_jet,1991,technical,1013,normal,1.0,800.0,800.0,1120.660116,aircraft_fuel,EHAM,3800,60,asphalt,ILS,1,1,advanced,1,major,1,1,1,1,1,1,1,open,none,safe,civil,1,52.825235,1809,preferred,4.0,0
S00544,EHAM,52.783632,4.754042,E190,regional_jet,1991,technical,1013,normal,1.0,800.0,800.0,1120.660116,aircraft_fuel,EGKK,3317,45,asphalt,ILS,1,1,advanced,1,major,1,1,1,1,1,1,1,open,none,safe,civil,1,384.043853,1326,preferred,5.0,0
S00544,EHAM,52.783632,4.754042,E190,regional_jet,1991,technical,1013,normal,1.0,800.0,800.0,1120.660116,aircraft_fuel,ENGM,3600,45,asphalt,ILS,1,1,advanced,1,major,1,1,1,1,1,1,1,open,none,safe,civil,0,910.481104,1609,extended,6.0,0
S00544,EHAM,52.783632,4.754042,E190,regional_jet,1991,technical,1013,normal,1.0,800.0,800.0,1120.660116,aircraft_fuel,EIDW,3110,45,concrete,ILS,1,1,advanced,1,major,1,1,1,1,1,1,1,open,none,safe,civil,0,738.117885,1119,preferred,7.0,0
S00544,EHAM,52.783632,4.754042,E190,regional_jet,1991,technical,1013,normal,1.0,800.0,800.0,1120.660116,aircraft_fuel,EGCC,3048,46,asphalt,ILS,1,1,advanced,1,major,1,1,1,1,1,1,1,open,none,safe,civil,1,473.683797,1057,preferred,8.0,0
S00544,EHAM,52.783632,4.754042,E190,regional_jet,1991,technical,1013,normal,1.0,800.0,800.0,1120.660116,aircraft_fuel,ESSA,3301,45,asphalt,ILS,1,1,advanced,1,major,1,1,1,1,1,1,1,open,none,safe,civil,0,1112.722244,1310,extended,9.0,0
S00545,HECA,29.669883,31.072897,A320,narrow_body,2264,medical,897,normal,1.0,950.0,897.0,1613.221748,emergency,HECA,4000,60,asphalt,ILS,1,1,basic,1,major,1,1,1,1,1,1,1,open,none,safe,civil,0,58.190246,1736,preferred,1.0,1
S00545,HECA,29.669883,31.072897,A320,narrow_body,2264,medical,897,normal,1.0,950.0,897.0,1613.221748,emergency,LTFM,4100,60,asphalt,ILS,1,1,advanced,1,major,1,1,1,1,1,1,0,open,none,safe,civil,0,1307.560724,1836,extended,2.0,0
S00545,HECA,29.669883,31.072897,A320,narrow_body,2264,medical,897,normal,1.0,950.0,897.0,1613.221748,emergency,OJAI,3660,61,asphalt,ILS,1,1,advanced,1,major,1,1,1,1,1,1,1,open,none,safe,civil,0,522.821122,1396,preferred,3.0,0
S00545,HECA,29.669883,31.072897,A320,narrow_body,2264,medical,897,normal,1.0,950.0,897.0,1613.221748,emergency,LGAV,4000,45,asphalt,ILS,1,1,advanced,1,major,1,1,1,1,1,1,1,open,none,safe,civil,0,1129.954435,1736,extended,4.0,0
S00545,HECA,29.669883,31.072897,A320,narrow_body,2264,medical,897,normal,1.0,950.0,897.0,1613.221748,emergency,LTAC,3750,45,asphalt,ILS,1,1,advanced,1,major,1,1,1,1,1,1,1,open,none,safe,joint,0,1175.949536,1486,extended,5.0,0
S00546,MMMX,19.712629,-98.987204,E170,regional_jet,1762,mechanical,1061,normal,1.0,700.0,700.0,1119.63108,aircraft_fuel,MMMX,3952,45,asphalt,ILS,1,1,basic,1,major,1,1,1,1,1,1,1,open,none,safe,civil,0,31.98791,2190,preferred,1.0,1
S00547,HELX,26.089254,33.012956,E175,regional_jet,1736,fuel,486,normal,1.0,750.0,486.0,705.201931,emergency,HECA,4000,60,asphalt,ILS,1,1,basic,1,major,1,1,1,1,1,1,1,open,none,safe,civil,0,474.502771,2264,preferred,1.0,1
S00547,HELX,26.089254,33.012956,E175,regional_jet,1736,fuel,486,normal,1.0,750.0,486.0,705.201931,emergency,OJAI,3660,61,asphalt,ILS,1,1,advanced,1,major,1,1,1,1,1,1,1,open,none,safe,civil,0,690.218187,1924,extended,2.0,0
S00547,HELX,26.089254,33.012956,E175,regional_jet,1736,fuel,486,normal,1.0,750.0,486.0,705.201931,emergency,HELX,3000,45,asphalt,RNAV,0,0,none,1,basic,1,0,1,0,0,1,1,open,none,safe,joint,0,55.698384,1264,preferred,3.0,0
S00548,HAAB,9.215672,38.072814,E175,regional_jet,1803,fuel,630,critical,0.75,562.5,562.5,870.287544,aircraft_fuel,HAAB,3800,45,asphalt,ILS,1,0,none,1,basic,1,0,1,1,1,1,1,open,restricted,caution,joint,0,84.033499,1997,preferred,1.0,1
S00549,KATL,32.727251,-83.861489,A319,narrow_body,2131,fuel,556,normal,1.0,900.0,556.0,914.488844,emergency,KATL,3776,46,concrete,ILS,1,1,advanced,1,major,1,1,1,1,1,1,1,open,none,safe,civil,0,114.047684,1645,preferred,1.0,1
S00550,HECA,30.816428,31.014372,A320,narrow_body,2327,mechanical,1069,critical,0.75,712.5,712.5,1216.160694,aircraft_fuel,HECA,4000,60,asphalt,ILS,1,1,basic,1,major,1,1,1,1,1,1,1,open,none,safe,civil,0,86.522972,1673,preferred,1.0,1
S00550,HECA,30.816428,31.014372,A320,narrow_body,2327,mechanical,1069,critical,0.75,712.5,712.5,1216.160694,aircraft_fuel,LTFM,4100,60,asphalt,ILS,1,1,advanced,1,major,1,1,1,1,1,1,0,open,none,safe,civil,0,1180.759958,1773,extended,2.0,0
S00550,HECA,30.816428,31.014372,A320,narrow_body,2327,mechanical,1069,critical,0.75,712.5,712.5,1216.160694,aircraft_fuel,OJAI,3660,61,asphalt,ILS,1,1,advanced,1,major,1,1,1,1,1,1,1,open,none,safe,civil,0,483.758282,1333,preferred,3.0,0
S00550,HECA,30.816428,31.014372,A320,narrow_body,2327,mechanical,1069,critical,0.75,712.5,712.5,1216.160694,aircraft_fuel,LGAV,4000,45,asphalt,ILS,1,1,advanced,1,major,1,1,1,1,1,1,1,open,none,safe,civil,0,1022.891015,1673,extended,4.0,0
S00550,HECA,30.816428,31.014372,A320,narrow_body,2327,mechanical,1069,critical,0.75,712.5,712.5,1216.160694,aircraft_fuel,LTAC,3750,45,asphalt,ILS,1,1,advanced,1,major,1,1,1,1,1,1,1,open,none,safe,joint,0,1050.746598,1423,extended,5.0,0
S00550,HECA,30.816428,31.014372,A320,narrow_body,2327,mechanical,1069,critical,0.75,712.5,712.5,1216.160694,aircraft_fuel,LCLK,2987,45,asphalt,ILS,1,0,none,1,basic,1,0,1,1,1,1,1,open,none,safe,civil,0,512.922498,660,preferred,6.0,0
S00550,HECA,30.816428,31.014372,A320,narrow_body,2327,mechanical,1069,critical,0.75,712.5,712.5,1216.160694,aircraft_fuel,HELX,3000,45,asphalt,RNAV,0,0,none,1,basic,1,0,1,0,0,1,1,open,none,safe,joint,0,595.645373,673,preferred,7.0,0
S00551,EDDF,49.563147,8.453931,A220-300,narrow_body,2096,mechanical,943,normal,1.0,950.0,943.0,1562.385063,emergency,LFPG,4215,45,asphalt,ILS,1,1,advanced,1,major,1,1,1,1,1,1,1,open,none,safe,civil,1,432.215151,2119,preferred,1.0,1
S00551,EDDF,49.563147,8.453931,A220-300,narrow_body,2096,mechanical,943,normal,1.0,950.0,943.0,1562.385063,emergency,EDDF,4000,60,asphalt,ILS,1,1,advanced,1,major,1,1,1,0,1,1,1,open,none,safe,civil,1,52.087467,1904,preferred,2.0,0
S00551,EDDF,49.563147,8.453931,A220-300,narrow_body,2096,mechanical,943,normal,1.0,950.0,943.0,1562.385063,emergency,LEMD,4350,60,asphalt,ILS,1,1,advanced,1,major,1,1,1,1,1,1,1,open,none,safe,civil,1,1378.840732,2254,extended,3.0,0
S00551,EDDF,49.563147,8.453931,A220-300,narrow_body,2096,mechanical,943,normal,1.0,950.0,943.0,1562.385063,emergency,LIRF,3902,60,asphalt,ILS,1,1,basic,1,major,1,1,1,1,1,1,1,open,none,safe,civil,1,911.463565,1806,preferred,4.0,0
S00551,EDDF,49.563147,8.453931,A220-300,narrow_body,2096,mechanical,943,normal,1.0,950.0,943.0,1562.385063,emergency,EGLL,3901,50,asphalt,ILS,1,1,advanced,1,major,1,1,1,1,1,1,1,open,none,safe,civil,1,664.467034,1805,preferred,5.0,0
S00551,EDDF,49.563147,8.453931,A220-300,narrow_body,2096,mechanical,943,normal,1.0,950.0,943.0,1562.385063,emergency,EHAM,3800,60,asphalt,ILS,1,1,advanced,1,major,1,1,1,1,1,1,1,open,none,safe,civil,1,399.9657,1704,preferred,6.0,0
S00551,EDDF,49.563147,8.453931,A220-300,narrow_body,2096,mechanical,943,normal,1.0,950.0,943.0,1562.385063,emergency,EGKK,3317,45,asphalt,ILS,1,1,advanced,1,major,1,1,1,1,1,1,1,open,none,safe,civil,1,637.356025,1221,preferred,7.0,0
S00551,EDDF,49.563147,8.453931,A220-300,narrow_body,2096,mechanical,943,normal,1.0,950.0,943.0,1562.385063,emergency,ENGM,3600,45,asphalt,ILS,1,1,advanced,1,major,1,1,1,1,1,1,1,open,none,safe,civil,0,1193.9027,1504,extended,8.0,0
S00551,EDDF,49.563147,8.453931,A220-300,narrow_body,2096,mechanical,943,normal,1.0,950.0,943.0,1562.385063,emergency,DAAG,3500,60,asphalt,RNAV,0,1,basic,1,basic,1,1,1,1,1,1,0,open,none,safe,civil,0,1491.881153,1404,extended,9.0,0
S00551,EDDF,49.563147,8.453931,A220-300,narrow_body,2096,mechanical,943,normal,1.0,950.0,943.0,1562.385063,emergency,EGCC,3048,46,asphalt,ILS,1,1,advanced,1,major,1,1,1,1,1,1,1,open,none,safe,civil,1,853.266377,952,preferred,10.0,0
S00551,EDDF,49.563147,8.453931,A220-300,narrow_body,2096,mechanical,943,normal,1.0,950.0,943.0,1562.385063,emergency,ESSA,3301,45,asphalt,ILS,1,1,advanced,1,major,1,1,1,1,1,1,1,open,none,safe,civil,0,1273.870408,1205,extended,11.0,0
S00551,EDDF,49.563147,8.453931,A220-300,narrow_body,2096,mechanical,943,normal,1.0,950.0,943.0,1562.385063,emergency,DTTA,3200,45,asphalt,RNAV,0,1,basic,1,basic,1,0,1,1,1,1,1,open,none,safe,civil,0,1420.704259,1104,extended,12.0,0
S00551,EDDF,49.563147,8.453931,A220-300,narrow_body,2096,mechanical,943,normal,1.0,950.0,943.0,1562.385063,emergency,EIDW,3110,45,concrete,ILS,1,1,advanced,1,major,1,1,1,1,1,1,1,open,none,safe,civil,0,1103.103399,1014,extended,13.0,0
S00552,LEMD,39.900362,-2.588546,B777-300ER,wide_body,3211,mechanical,516,normal,1.0,1500.0,516.0,908.083503,emergency,LEMD,4350,60,asphalt,ILS,1,1,advanced,1,major,1,1,1,1,1,1,1,open,none,safe,civil,1,106.437252,1139,preferred,1.0,1
S00552,LEMD,39.900362,-2.588546,B777-300ER,wide_body,3211,mechanical,516,normal,1.0,1500.0,516.0,908.083503,emergency,GMMN,3720,45,asphalt,ILS,1,1,advanced,1,major,1,1,1,1,1,1,1,open,none,safe,civil,0,852.192141,509,extended,2.0,0
S00552,LEMD,39.900362,-2.588546,B777-300ER,wide_body,3211,mechanical,516,normal,1.0,1500.0,516.0,908.083503,emergency,LPPT,3707,45,asphalt,ILS,1,1,advanced,1,major,1,1,1,1,1,1,1,open,none,safe,civil,0,576.493117,496,extended,3.0,0
S00552,LEMD,39.900362,-2.588546,B777-300ER,wide_body,3211,mechanical,516,normal,1.0,1500.0,516.0,908.083503,emergency,DAAG,3500,60,asphalt,RNAV,0,1,basic,1,basic,1,1,1,1,1,1,0,open,none,safe,civil,0,619.114769,289,extended,4.0,0
S00553,OMDB,25.021625,55.960556,E175,regional_jet,1758,security,1016,low,0.9,675.0,675.0,1093.377782,aircraft_fuel,OTHH,4850,60,asphalt,ILS,1,1,advanced,1,major,1,1,1,1,1,1,1,open,none,safe,civil,0,438.975303,3092,preferred,1.0,1
S00553,OMDB,25.021625,55.960556,E175,regional_jet,1758,security,1016,low,0.9,675.0,675.0,1093.377782,aircraft_fuel,OMDB,4447,60,asphalt,ILS,1,1,advanced,1,major,1,1,1,1,1,1,1,open,none,safe,civil,1,64.54394,2689,preferred,2.0,0
S00553,OMDB,25.021625,55.960556,E175,regional_jet,1758,security,1016,low,0.9,675.0,675.0,1093.377782,aircraft_fuel,OKKK,4580,60,asphalt,ILS,1,1,advanced,1,major,1,1,1,1,1,1,1,open,none,safe,civil,0,918.196232,2822,extended,3.0,0
S00553,OMDB,25.021625,55.960556,E175,regional_jet,1758,security,1016,low,0.9,675.0,675.0,1093.377782,aircraft_fuel,OMAA,4106,60,asphalt,ILS,1,1,advanced,1,major,1,1,1,1,1,1,1,open,none,safe,civil,0,147.337319,2348,preferred,4.0,0
S00553,OMDB,25.021625,55.960556,E175,regional_jet,1758,security,1016,low,0.9,675.0,675.0,1093.377782,aircraft_fuel,OOMS,4080,45,asphalt,ILS,1,1,advanced,1,major,1,1,1,1,1,1,1,open,none,safe,civil,0,283.672437,2322,preferred,5.0,0
S00553,OMDB,25.021625,55.960556,E175,regional_jet,1758,security,1016,low,0.9,675.0,675.0,1093.377782,aircraft_fuel,OBBI,3956,60,asphalt,ILS,1,1,advanced,1,major,1,1,1,1,1,1,1,open,none,safe,civil,0,551.212291,2198,preferred,6.0,0
S00553,OMDB,25.021625,55.960556,E175,regional_jet,1758,security,1016,low,0.9,675.0,675.0,1093.377782,aircraft_fuel,OERK,4205,60,asphalt,ILS,1,1,advanced,1,major,1,1,1,1,1,1,1,open,none,safe,civil,0,933.294701,2447,extended,7.0,0
S00554,OOMS,24.119826,58.735103,B737-800,narrow_body,2287,technical,896,normal,1.0,950.0,896.0,1530.748994,emergency,OTHH,4850,60,asphalt,ILS,1,1,advanced,1,major,1,1,1,1,1,1,1,open,none,safe,civil,0,731.236169,2563,preferred,1.0,1
S00554,OOMS,24.119826,58.735103,B737-800,narrow_body,2287,technical,896,normal,1.0,950.0,896.0,1530.748994,emergency,OMDB,4447,60,asphalt,ILS,1,1,advanced,1,major,1,1,1,1,1,1,1,open,none,safe,civil,1,362.352854,2160,preferred,2.0,0
S00554,OOMS,24.119826,58.735103,B737-800,narrow_body,2287,technical,896,normal,1.0,950.0,896.0,1530.748994,emergency,OKKK,4580,60,asphalt,ILS,1,1,advanced,1,major,1,1,1,1,1,1,1,open,none,safe,civil,0,1210.107992,2293,extended,3.0,0
S00554,OOMS,24.119826,58.735103,B737-800,narrow_body,2287,technical,896,normal,1.0,950.0,896.0,1530.748994,emergency,OMAA,4106,60,asphalt,ILS,1,1,advanced,1,major,1,1,1,1,1,1,1,open,none,safe,civil,0,415.66058,1819,preferred,4.0,0
S00554,OOMS,24.119826,58.735103,B737-800,narrow_body,2287,technical,896,normal,1.0,950.0,896.0,1530.748994,emergency,OOMS,4080,45,asphalt,ILS,1,1,advanced,1,major,1,1,1,1,1,1,1,open,none,safe,civil,0,73.694024,1793,preferred,5.0,0
S00554,OOMS,24.119826,58.735103,B737-800,narrow_body,2287,technical,896,normal,1.0,950.0,896.0,1530.748994,emergency,OBBI,3956,60,asphalt,ILS,1,1,advanced,1,major,1,1,1,1,1,1,1,open,none,safe,civil,0,848.823587,1669,preferred,6.0,0
S00554,OOMS,24.119826,58.735103,B737-800,narrow_body,2287,technical,896,normal,1.0,950.0,896.0,1530.748994,emergency,OERK,4205,60,asphalt,ILS,1,1,advanced,1,major,1,1,1,1,1,1,1,open,none,safe,civil,0,1220.649714,1918,extended,7.0,0
S00554,OOMS,24.119826,58.735103,B737-800,narrow_body,2287,technical,896,normal,1.0,950.0,896.0,1530.748994,emergency,OPKC,3400,46,concrete,RNAV,0,1,basic,1,basic,1,1,1,1,1,1,1,open,none,caution,civil,0,856.782111,1113,preferred,8.0,0
S00555,KLAX,34.519044,-118.523698,E170,regional_jet,1703,weather,1258,low,0.9,630.0,630.0,927.451827,aircraft_fuel,KLAX,3939,46,concrete,ILS,1,1,advanced,1,major,1,1,1,1,1,1,1,open,none,safe,civil,0,64.985069,2236,preferred,1.0,1
S00557,EGCC,53.607614,-2.373816,E190,regional_jet,1921,technical,849,low,0.9,720.0,720.0,1075.894445,aircraft_fuel,LFPG,4215,45,asphalt,ILS,1,1,advanced,1,major,1,1,1,1,1,1,1,open,none,safe,civil,1,615.15227,2294,preferred,1.0,1
S00557,EGCC,53.607614,-2.373816,E190,regional_jet,1921,technical,849,low,0.9,720.0,720.0,1075.894445,aircraft_fuel,EGLL,3901,50,asphalt,ILS,1,1,advanced,1,major,1,1,1,1,1,1,1,open,none,safe,civil,1,270.554094,1980,preferred,2.0,0
S00557,EGCC,53.607614,-2.373816,E190,regional_jet,1921,technical,849,low,0.9,720.0,720.0,1075.894445,aircraft_fuel,EHAM,3800,60,asphalt,ILS,1,1,advanced,1,major,1,1,1,1,1,1,1,open,none,safe,civil,1,499.20266,1879,preferred,3.0,0
S00557,EGCC,53.607614,-2.373816,E190,regional_jet,1921,technical,849,low,0.9,720.0,720.0,1075.894445,aircraft_fuel,EDDF,4000,60,asphalt,ILS,1,1,advanced,1,major,1,1,1,0,1,1,1,open,none,safe,civil,1,849.171675,2079,extended,4.0,0
S00557,EGCC,53.607614,-2.373816,E190,regional_jet,1921,technical,849,low,0.9,720.0,720.0,1075.894445,aircraft_fuel,EGKK,3317,45,asphalt,ILS,1,1,advanced,1,major,1,1,1,1,1,1,1,open,none,safe,civil,1,311.1145,1396,preferred,5.0,0
S00557,EGCC,53.607614,-2.373816,E190,regional_jet,1921,technical,849,low,0.9,720.0,720.0,1075.894445,aircraft_fuel,EIDW,3110,45,concrete,ILS,1,1,advanced,1,major,1,1,1,1,1,1,1,open,none,safe,civil,0,257.803333,1189,preferred,6.0,0
S00557,EGCC,53.607614,-2.373816,E190,regional_jet,1921,technical,849,low,0.9,720.0,720.0,1075.894445,aircraft_fuel,EGCC,3048,46,asphalt,ILS,1,1,advanced,1,major,1,1,1,1,1,1,1,open,none,safe,civil,1,28.977158,1127,preferred,7.0,0
S00558,RJTT,36.306709,139.665199,E190,regional_jet,1841,weather,1034,normal,1.0,800.0,800.0,1315.778602,aircraft_fuel,RJAA,4000,60,asphalt,ILS,1,1,advanced,1,major,1,1,1,0,1,1,1,open,none,safe,civil,1,88.388827,2159,preferred,1.0,1
S00558,RJTT,36.306709,139.665199,E190,regional_jet,1841,weather,1034,normal,1.0,800.0,800.0,1315.778602,aircraft_fuel,RKSI,4000,60,asphalt,ILS,1,1,advanced,1,major,1,1,1,1,1,1,1,open,none,safe,civil,1,1181.30139,2159,extended,2.0,0
S00558,RJTT,36.306709,139.665199,E190,regional_jet,1841,weather,1034,normal,1.0,800.0,800.0,1315.778602,aircraft_fuel,RJTT,3360,61,asphalt,ILS,1,1,advanced,1,major,1,1,1,1,1,1,1,open,none,safe,civil,1,84.888896,1519,preferred,3.0,0
S00558,RJTT,36.306709,139.665199,E190,regional_jet,1841,weather,1034,normal,1.0,800.0,800.0,1315.778602,aircraft_fuel,RJCC,3000,61,asphalt,RNAV,0,1,basic,1,basic,1,1,1,1,1,1,1,open,none,safe,joint,0,739.816408,1159,preferred,4.0,0
S00560,WIMM,3.122222,99.105544,A220-300,narrow_body,2106,medical,858,normal,1.0,950.0,858.0,1327.195603,emergency,WMKK,4124,60,asphalt,ILS,1,1,advanced,1,major,1,1,1,1,1,1,1,open,none,safe,civil,0,292.238523,2018,preferred,1.0,1
S00560,WIMM,3.122222,99.105544,A220-300,narrow_body,2106,medical,858,normal,1.0,950.0,858.0,1327.195603,emergency,WSSS,4000,60,asphalt,ILS,1,1,advanced,1,major,1,1,1,1,1,1,1,open,none,safe,civil,1,577.773082,1894,preferred,2.0,0
S00560,WIMM,3.122222,99.105544,A220-300,narrow_body,2106,medical,858,normal,1.0,950.0,858.0,1327.195603,emergency,VTBS,4000,60,asphalt,ILS,1,1,advanced,1,major,1,1,1,1,1,1,1,open,none,safe,civil,0,1187.855421,1894,extended,3.0,0
S00560,WIMM,3.122222,99.105544,A220-300,narrow_body,2106,medical,858,normal,1.0,950.0,858.0,1327.195603,emergency,WIMM,3000,60,asphalt,RNAV,1,1,basic,1,basic,1,0,1,1,0,1,1,open,none,safe,civil,0,62.714682,894,preferred,4.0,0
S00561,RCTP,24.142238,121.438766,A319,narrow_body,2151,technical,1012,low,0.9,810.0,810.0,1444.850017,aircraft_fuel,ZSPD,4000,60,concrete,ILS,1,1,advanced,1,major,1,1,1,1,1,1,1,open,none,safe,civil,1,779.327203,1849,preferred,1.0,1
S00561,RCTP,24.142238,121.438766,A319,narrow_body,2151,technical,1012,low,0.9,810.0,810.0,1444.850017,aircraft_fuel,RCTP,3660,60,concrete,ILS,1,1,advanced,1,major,1,1,1,1,1,1,1,open,none,safe,civil,0,106.078109,1509,preferred,2.0,0
S00561,RCTP,24.142238,121.438766,A319,narrow_body,2151,technical,1012,low,0.9,810.0,810.0,1444.850017,aircraft_fuel,RPLL,3737,60,concrete,ILS,1,1,basic,1,basic,1,1,1,1,1,1,1,open,none,caution,civil,0,1072.109622,1586,extended,3.0,0
S00562,FACT,-33.974753,17.896104,B787-9,wide_body,2842,fuel,912,low,0.9,1260.0,912.0,1701.570472,emergency,FAOR,4418,61,asphalt,ILS,1,1,advanced,1,major,1,1,1,1,1,1,1,open,none,safe,civil,0,1321.937944,1576,extended,1.0,1
S00562,FACT,-33.974753,17.896104,B787-9,wide_body,2842,fuel,912,low,0.9,1260.0,912.0,1701.570472,emergency,FACT,3201,61,asphalt,RNAV,0,1,basic,1,basic,1,0,1,1,1,1,1,open,none,safe,civil,0,65.307525,359,preferred,2.0,0
S00563,DGAA,5.53774,0.817492,E190,regional_jet,1926,mechanical,735,normal,1.0,800.0,735.0,1128.508395,emergency,DNMM,3900,60,asphalt,ILS,1,1,advanced,1,major,1,1,1,1,1,1,1,open,none,caution,civil,0,300.003676,1974,preferred,1.0,1
S00563,DGAA,5.53774,0.817492,E190,regional_jet,1926,mechanical,735,normal,1.0,800.0,735.0,1128.508395,emergency,DGAA,3403,61,asphalt,RNAV,0,0,none,1,basic,1,0,1,1,1,1,0,open,none,safe,civil,0,109.187557,1477,preferred,2.0,0
S00563,DGAA,5.53774,0.817492,E190,regional_jet,1926,mechanical,735,normal,1.0,800.0,735.0,1128.508395,emergency,DNAA,3609,60,asphalt,RNAV,0,0,none,1,basic,1,0,1,1,1,1,1,open,none,safe,joint,0,808.759072,1683,extended,3.0,0
S00563,DGAA,5.53774,0.817492,E190,regional_jet,1926,mechanical,735,normal,1.0,800.0,735.0,1128.508395,emergency,DNKN,3200,46,asphalt,RNAV,0,0,none,1,basic,1,0,1,0,0,1,1,open,none,safe,joint,0,1113.733561,1274,extended,4.0,0
S00564,UACC,50.862088,71.801968,E170,regional_jet,1758,medical,591,low,0.9,630.0,591.0,832.917146,emergency,UACC,3500,45,asphalt,RNAV,0,1,basic,1,basic,1,1,1,1,1,1,1,open,none,safe,civil,0,29.779913,1742,preferred,1.0,1
S00565,WSSS,1.717636,103.427281,B777-300ER,wide_body,3214,fuel,694,normal,1.0,1500.0,694.0,1205.294753,emergency,WMKK,4124,60,asphalt,ILS,1,1,advanced,1,major,1,1,1,1,1,1,1,open,none,safe,civil,0,222.422518,910,preferred,1.0,1
S00565,WSSS,1.717636,103.427281,B777-300ER,wide_body,3214,fuel,694,normal,1.0,1500.0,694.0,1205.294753,emergency,WSSS,4000,60,asphalt,ILS,1,1,advanced,1,major,1,1,1,1,1,1,1,open,none,safe,civil,1,75.084093,786,preferred,2.0,0
S00566,KJFK,40.408913,-73.790539,A350-900,wide_body,2860,medical,610,critical,0.75,1125.0,610.0,1094.310744,emergency,KJFK,4423,61,asphalt,ILS,1,1,advanced,1,major,1,1,1,1,1,1,1,open,none,safe,civil,1,25.651754,1563,preferred,1.0,1
S00566,KJFK,40.408913,-73.790539,A350-900,wide_body,2860,medical,610,critical,0.75,1125.0,610.0,1094.310744,emergency,CYYZ,3389,61,asphalt,ILS,1,1,advanced,1,major,1,1,1,1,1,1,1,open,none,safe,civil,1,603.447309,529,preferred,2.0,0
S00567,EIDW,53.244282,-6.210653,A220-300,narrow_body,2112,medical,845,normal,1.0,950.0,845.0,1329.979125,emergency,LFPG,4215,45,asphalt,ILS,1,1,advanced,1,major,1,1,1,1,1,1,1,open,none,safe,civil,1,771.050014,2103,preferred,1.0,1
S00567,EIDW,53.244282,-6.210653,A220-300,narrow_body,2112,medical,845,normal,1.0,950.0,845.0,1329.979125,emergency,EGLL,3901,50,asphalt,ILS,1,1,advanced,1,major,1,1,1,1,1,1,1,open,none,safe,civil,1,437.32682,1789,preferred,2.0,0
S00567,EIDW,53.244282,-6.210653,A220-300,narrow_body,2112,medical,845,normal,1.0,950.0,845.0,1329.979125,emergency,EHAM,3800,60,asphalt,ILS,1,1,advanced,1,major,1,1,1,1,1,1,1,open,none,safe,civil,1,744.736392,1688,preferred,3.0,0
S00567,EIDW,53.244282,-6.210653,A220-300,narrow_body,2112,medical,845,normal,1.0,950.0,845.0,1329.979125,emergency,EDDF,4000,60,asphalt,ILS,1,1,advanced,1,major,1,1,1,0,1,1,1,open,none,safe,civil,1,1077.87204,1888,extended,4.0,0
S00567,EIDW,53.244282,-6.210653,A220-300,narrow_body,2112,medical,845,normal,1.0,950.0,845.0,1329.979125,emergency,EGKK,3317,45,asphalt,ILS,1,1,advanced,1,major,1,1,1,1,1,1,1,open,none,safe,civil,1,471.925201,1205,preferred,5.0,0
S00567,EIDW,53.244282,-6.210653,A220-300,narrow_body,2112,medical,845,normal,1.0,950.0,845.0,1329.979125,emergency,ENGM,3600,45,asphalt,ILS,1,1,advanced,1,major,1,1,1,1,1,1,1,open,none,safe,civil,0,1302.337282,1488,extended,6.0,0
S00567,EIDW,53.244282,-6.210653,A220-300,narrow_body,2112,medical,845,normal,1.0,950.0,845.0,1329.979125,emergency,EIDW,3110,45,concrete,ILS,1,1,advanced,1,major,1,1,1,1,1,1,1,open,none,safe,civil,0,20.790556,998,preferred,7.0,0
S00567,EIDW,53.244282,-6.210653,A220-300,narrow_body,2112,medical,845,normal,1.0,950.0,845.0,1329.979125,emergency,EGCC,3048,46,asphalt,ILS,1,1,advanced,1,major,1,1,1,1,1,1,1,open,none,safe,civil,1,261.794449,936,preferred,8.0,0
S00568,WSSS,1.542761,103.422587,A319,narrow_body,2170,security,666,low,0.9,810.0,666.0,1066.463425,emergency,WMKK,4124,60,asphalt,ILS,1,1,advanced,1,major,1,1,1,1,1,1,1,open,none,safe,civil,0,232.594625,1954,preferred,1.0,1
S00568,WSSS,1.542761,103.422587,A319,narrow_body,2170,security,666,low,0.9,810.0,666.0,1066.463425,emergency,WSSS,4000,60,asphalt,ILS,1,1,advanced,1,major,1,1,1,1,1,1,1,open,none,safe,civil,1,67.030481,1830,preferred,2.0,0
S00568,WSSS,1.542761,103.422587,A319,narrow_body,2170,security,666,low,0.9,810.0,666.0,1066.463425,emergency,WIMM,3000,60,asphalt,RNAV,1,1,basic,1,basic,1,0,1,1,0,1,1,open,none,safe,civil,0,555.398241,830,preferred,3.0,0
S00569,OPKC,25.081902,67.089196,B777-300ER,wide_body,3007,mechanical,637,normal,1.0,1500.0,637.0,1047.016864,emergency,OOMS,4080,45,asphalt,ILS,1,1,advanced,1,major,1,1,1,1,1,1,1,open,none,safe,civil,0,906.833955,1073,extended,1.0,1
S00569,OPKC,25.081902,67.089196,B777-300ER,wide_body,3007,mechanical,637,normal,1.0,1500.0,637.0,1047.016864,emergency,VABB,3509,60,asphalt,ILS,1,1,advanced,1,major,1,1,1,1,1,1,1,open,none,safe,civil,1,893.364304,502,extended,2.0,0
S00569,OPKC,25.081902,67.089196,B777-300ER,wide_body,3007,mechanical,637,normal,1.0,1500.0,637.0,1047.016864,emergency,OPKC,3400,46,concrete,RNAV,0,1,basic,1,basic,1,1,1,1,1,1,1,open,none,caution,civil,0,20.795918,393,preferred,3.0,0
S00569,OPKC,25.081902,67.089196,B777-300ER,wide_body,3007,mechanical,637,normal,1.0,1500.0,637.0,1047.016864,emergency,OPLA,3360,46,concrete,RNAV,0,0,none,1,basic,1,0,1,1,1,1,1,open,none,caution,civil,0,1012.116689,353,extended,4.0,0
S00570,SAEZ,-34.916268,-58.717741,A320,narrow_body,2364,mechanical,603,critical,0.75,712.5,603.0,979.436092,emergency,SAEZ,3300,60,asphalt,ILS,1,1,basic,1,major,1,1,1,1,1,1,1,open,none,safe,civil,0,19.619472,936,preferred,1.0,1
S00571,HAAB,8.862231,38.437303,B777-300ER,wide_body,3160,security,763,normal,1.0,1500.0,763.0,1318.094601,emergency,HKJK,4117,45,asphalt,RNAV,0,1,basic,1,basic,1,0,1,1,1,1,1,open,none,safe,civil,0,1144.371022,957,extended,1.0,1
S00571,HAAB,8.862231,38.437303,B777-300ER,wide_body,3160,security,763,normal,1.0,1500.0,763.0,1318.094601,emergency,HAAB,3800,45,asphalt,ILS,1,0,none,1,basic,1,0,1,1,1,1,1,open,restricted,caution,joint,0,41.793455,640,preferred,2.0,0
S00572,LCLK,34.763668,33.855484,B737-800,narrow_body,2288,weather,1187,low,0.9,855.0,855.0,1426.671225,aircraft_fuel,LTFM,4100,60,asphalt,ILS,1,1,advanced,1,major,1,1,1,1,1,1,0,open,none,safe,civil,0,851.442492,1812,preferred,1.0,1
S00572,LCLK,34.763668,33.855484,B737-800,narrow_body,2288,weather,1187,low,0.9,855.0,855.0,1426.671225,aircraft_fuel,HECA,4000,60,asphalt,ILS,1,1,basic,1,major,1,1,1,1,1,1,1,open,none,safe,civil,0,566.365605,1712,preferred,2.0,0
S00572,LCLK,34.763668,33.855484,B737-800,narrow_body,2288,weather,1187,low,0.9,855.0,855.0,1426.671225,aircraft_fuel,OJAI,3660,61,asphalt,ILS,1,1,advanced,1,major,1,1,1,1,1,1,1,open,none,safe,civil,0,392.232563,1372,preferred,3.0,0
S00572,LCLK,34.763668,33.855484,B737-800,narrow_body,2288,weather,1187,low,0.9,855.0,855.0,1426.671225,aircraft_fuel,LGAV,4000,45,asphalt,ILS,1,1,advanced,1,major,1,1,1,1,1,1,1,open,none,safe,civil,0,954.5068,1712,extended,4.0,0
S00572,LCLK,34.763668,33.855484,B737-800,narrow_body,2288,weather,1187,low,0.9,855.0,855.0,1426.671225,aircraft_fuel,LTAC,3750,45,asphalt,ILS,1,1,advanced,1,major,1,1,1,1,1,1,1,open,none,safe,joint,0,601.30451,1462,preferred,5.0,0
S00572,LCLK,34.763668,33.855484,B737-800,narrow_body,2288,weather,1187,low,0.9,855.0,855.0,1426.671225,aircraft_fuel,LCLK,2987,45,asphalt,ILS,1,0,none,1,basic,1,0,1,1,1,1,1,open,none,safe,civil,0,24.425138,699,preferred,6.0,0
S00572,LCLK,34.763668,33.855484,B737-800,narrow_body,2288,weather,1187,low,0.9,855.0,855.0,1426.671225,aircraft_fuel,HELX,3000,45,asphalt,RNAV,0,0,none,1,basic,1,0,1,0,0,1,1,open,none,safe,joint,0,1017.041766,712,extended,7.0,0
S00573,KATL,33.857836,-84.647692,A321,narrow_body,2470,weather,1177,low,0.9,900.0,900.0,1538.662906,aircraft_fuel,KJFK,4423,61,asphalt,ILS,1,1,advanced,1,major,1,1,1,1,1,1,1,open,none,safe,civil,1,1220.692779,1953,extended,1.0,1
S00573,KATL,33.857836,-84.647692,A321,narrow_body,2470,weather,1177,low,0.9,900.0,900.0,1538.662906,aircraft_fuel,KATL,3776,46,concrete,ILS,1,1,advanced,1,major,1,1,1,1,1,1,1,open,none,safe,civil,0,31.887903,1306,preferred,2.0,0
S00573,KATL,33.857836,-84.647692,A321,narrow_body,2470,weather,1177,low,0.9,900.0,900.0,1538.662906,aircraft_fuel,KORD,3962,46,concrete,ILS,1,1,advanced,1,major,1,1,1,1,1,1,1,open,none,safe,civil,0,946.903204,1492,extended,3.0,0
S00573,KATL,33.857836,-84.647692,A321,narrow_body,2470,weather,1177,low,0.9,900.0,900.0,1538.662906,aircraft_fuel,CYYZ,3389,61,asphalt,ILS,1,1,advanced,1,major,1,1,1,1,1,1,1,open,none,safe,civil,1,1174.624109,919,extended,4.0,0
S00574,YMML,-37.168831,144.594775,B737 MAX 8,narrow_body,2315,operational_constraints,867,critical,0.75,750.0,750.0,1206.695376,aircraft_fuel,YSSY,3962,45,asphalt,ILS,1,1,advanced,1,major,1,1,1,0,1,1,1,open,none,safe,civil,1,694.685121,1647,preferred,1.0,1
S00574,YMML,-37.168831,144.594775,B737 MAX 8,narrow_body,2315,operational_constraints,867,critical,0.75,750.0,750.0,1206.695376,aircraft_fuel,YMML,3657,60,asphalt,ILS,1,1,advanced,1,major,1,1,1,1,1,1,1,open,none,safe,civil,0,59.796356,1342,preferred,2.0,0
S00575,OBBI,26.356128,51.649387,B737-800,narrow_body,2468,operational_constraints,1125,normal,1.0,950.0,950.0,1497.79617,aircraft_fuel,OTHH,4850,60,asphalt,ILS,1,1,advanced,1,major,1,1,1,1,1,1,1,open,none,safe,civil,0,120.503149,2382,preferred,1.0,1
S00575,OBBI,26.356128,51.649387,B737-800,narrow_body,2468,operational_constraints,1125,normal,1.0,950.0,950.0,1497.79617,aircraft_fuel,OKKK,4580,60,asphalt,ILS,1,1,advanced,1,major,1,1,1,1,1,1,1,open,none,safe,civil,0,482.370392,2112,preferred,2.0,0
S00575,OBBI,26.356128,51.649387,B737-800,narrow_body,2468,operational_constraints,1125,normal,1.0,950.0,950.0,1497.79617,aircraft_fuel,OMDB,4447,60,asphalt,ILS,1,1,advanced,1,major,1,1,1,1,1,1,1,open,none,safe,civil,1,392.327607,1979,preferred,3.0,0
S00575,OBBI,26.356128,51.649387,B737-800,narrow_body,2468,operational_constraints,1125,normal,1.0,950.0,950.0,1497.79617,aircraft_fuel,OERK,4205,60,asphalt,ILS,1,1,advanced,1,major,1,1,1,1,1,1,1,open,none,safe,civil,0,519.954617,1737,preferred,4.0,0
S00575,OBBI,26.356128,51.649387,B737-800,narrow_body,2468,operational_constraints,1125,normal,1.0,950.0,950.0,1497.79617,aircraft_fuel,OMAA,4106,60,asphalt,ILS,1,1,advanced,1,major,1,1,1,1,1,1,1,open,none,safe,civil,0,368.958856,1638,preferred,5.0,0
S00575,OBBI,26.356128,51.649387,B737-800,narrow_body,2468,operational_constraints,1125,normal,1.0,950.0,950.0,1497.79617,aircraft_fuel,OOMS,4080,45,asphalt,ILS,1,1,advanced,1,major,1,1,1,1,1,1,1,open,none,safe,civil,0,735.562237,1612,preferred,6.0,0
S00575,OBBI,26.356128,51.649387,B737-800,narrow_body,2468,operational_constraints,1125,normal,1.0,950.0,950.0,1497.79617,aircraft_fuel,OBBI,3956,60,asphalt,ILS,1,1,advanced,1,major,1,1,1,1,1,1,1,open,none,safe,civil,0,101.327882,1488,preferred,7.0,0
S00576,WIMM,3.17654,99.438997,B737-800,narrow_body,2303,security,871,normal,1.0,950.0,871.0,1405.938039,emergency,WMKK,4124,60,asphalt,ILS,1,1,advanced,1,major,1,1,1,1,1,1,1,open,none,safe,civil,0,256.698681,1821,preferred,1.0,1
S00576,WIMM,3.17654,99.438997,B737-800,narrow_body,2303,security,871,normal,1.0,950.0,871.0,1405.938039,emergency,WSSS,4000,60,asphalt,ILS,1,1,advanced,1,major,1,1,1,1,1,1,1,open,none,safe,civil,1,545.303071,1697,preferred,2.0,0
S00576,WIMM,3.17654,99.438997,B737-800,narrow_body,2303,security,871,normal,1.0,950.0,871.0,1405.938039,emergency,VTBS,4000,60,asphalt,ILS,1,1,advanced,1,major,1,1,1,1,1,1,1,open,none,safe,civil,0,1176.854738,1697,extended,3.0,0
S00576,WIMM,3.17654,99.438997,B737-800,narrow_body,2303,security,871,normal,1.0,950.0,871.0,1405.938039,emergency,WIMM,3000,60,asphalt,RNAV,1,1,basic,1,basic,1,0,1,1,0,1,1,open,none,safe,civil,0,80.325042,697,preferred,4.0,0
S00577,LGAV,37.562404,23.888074,E175,regional_jet,1795,medical,856,normal,1.0,750.0,750.0,1165.467371,aircraft_fuel,LTFM,4100,60,asphalt,ILS,1,1,advanced,1,major,1,1,1,1,1,1,0,open,none,safe,civil,0,585.946236,2305,preferred,1.0,1
S00577,LGAV,37.562404,23.888074,E175,regional_jet,1795,medical,856,normal,1.0,750.0,750.0,1165.467371,aircraft_fuel,LGAV,4000,45,asphalt,ILS,1,1,advanced,1,major,1,1,1,1,1,1,1,open,none,safe,civil,0,41.881434,2205,preferred,2.0,0
S00577,LGAV,37.562404,23.888074,E175,regional_jet,1795,medical,856,normal,1.0,750.0,750.0,1165.467371,aircraft_fuel,HECA,4000,60,asphalt,ILS,1,1,basic,1,major,1,1,1,1,1,1,1,open,none,safe,civil,0,1079.60835,2205,extended,3.0,0
S00577,LGAV,37.562404,23.888074,E175,regional_jet,1795,medical,856,normal,1.0,750.0,750.0,1165.467371,aircraft_fuel,LIRF,3902,60,asphalt,ILS,1,1,basic,1,major,1,1,1,1,1,1,1,open,none,safe,civil,1,1100.557898,2107,extended,4.0,0
S00577,LGAV,37.562404,23.888074,E175,regional_jet,1795,medical,856,normal,1.0,750.0,750.0,1165.467371,aircraft_fuel,LTAC,3750,45,asphalt,ILS,1,1,advanced,1,major,1,1,1,1,1,1,1,open,none,safe,joint,0,838.221806,1955,extended,5.0,0
S00578,UAAA,43.521911,77.28751,B737-800,narrow_body,2325,operational_constraints,963,normal,1.0,950.0,950.0,1580.968465,aircraft_fuel,UAAA,4500,45,asphalt,RNAV,0,1,basic,1,basic,1,1,1,1,1,1,1,open,none,safe,civil,0,27.162147,2175,preferred,1.0,1
S00578,UAAA,43.521911,77.28751,B737-800,narrow_body,2325,operational_constraints,963,normal,1.0,950.0,950.0,1580.968465,aircraft_fuel,UACC,3500,45,asphalt,RNAV,0,1,basic,1,basic,1,1,1,1,1,1,1,open,none,safe,civil,0,942.300929,1175,preferred,2.0,0
S00578,UAAA,43.521911,77.28751,B737-800,narrow_body,2325,operational_constraints,963,normal,1.0,950.0,950.0,1580.968465,aircraft_fuel,OPLA,3360,46,concrete,RNAV,0,0,none,1,basic,1,0,1,1,1,1,1,open,none,caution,civil,0,1358.152281,1035,extended,3.0,0
S00579,KORD,42.467823,-87.272955,B737 MAX 8,narrow_body,2355,mechanical,1103,critical,0.75,750.0,750.0,1287.37589,aircraft_fuel,KJFK,4423,61,asphalt,ILS,1,1,advanced,1,major,1,1,1,1,1,1,1,open,none,safe,civil,1,1139.793516,2068,extended,1.0,1
S00579,KORD,42.467823,-87.272955,B737 MAX 8,narrow_body,2355,mechanical,1103,critical,0.75,750.0,750.0,1287.37589,aircraft_fuel,KORD,3962,46,concrete,ILS,1,1,advanced,1,major,1,1,1,1,1,1,1,open,none,safe,civil,0,75.273753,1607,preferred,2.0,0
S00579,KORD,42.467823,-87.272955,B737 MAX 8,narrow_body,2355,mechanical,1103,critical,0.75,750.0,750.0,1287.37589,aircraft_fuel,KATL,3776,46,concrete,ILS,1,1,advanced,1,major,1,1,1,1,1,1,1,open,none,safe,civil,0,1012.902763,1421,extended,3.0,0
S00579,KORD,42.467823,-87.272955,B737 MAX 8,narrow_body,2355,mechanical,1103,critical,0.75,750.0,750.0,1287.37589,aircraft_fuel,CYYZ,3389,61,asphalt,ILS,1,1,advanced,1,major,1,1,1,1,1,1,1,open,none,safe,civil,1,634.982131,1034,preferred,4.0,0
S00580,MMMX,19.14126,-98.903415,E175,regional_jet,1775,technical,918,low,0.9,675.0,675.0,1071.470788,aircraft_fuel,MMMX,3952,45,asphalt,ILS,1,1,basic,1,major,1,1,1,1,1,1,1,open,none,safe,civil,0,37.144315,2177,preferred,1.0,1
S00581,WMKK,2.034932,101.398243,E190,regional_jet,1831,fuel,905,low,0.9,720.0,720.0,1137.641369,aircraft_fuel,WMKK,4124,60,asphalt,ILS,1,1,advanced,1,major,1,1,1,1,1,1,1,open,none,safe,civil,0,86.277668,2293,preferred,1.0,1
S00581,WMKK,2.034932,101.398243,E190,regional_jet,1831,fuel,905,low,0.9,720.0,720.0,1137.641369,aircraft_fuel,WSSS,4000,60,asphalt,ILS,1,1,advanced,1,major,1,1,1,1,1,1,1,open,none,safe,civil,1,298.385572,2169,preferred,2.0,0
S00581,WMKK,2.034932,101.398243,E190,regional_jet,1831,fuel,905,low,0.9,720.0,720.0,1137.641369,aircraft_fuel,WIMM,3000,60,asphalt,RNAV,1,1,basic,1,basic,1,0,1,1,0,1,1,open,none,safe,civil,0,331.365435,1169,preferred,3.0,0
S00582,RCTP,25.005359,120.671122,A350-900,wide_body,2885,fuel,922,critical,0.75,1125.0,922.0,1596.646832,emergency,ZSPD,4000,60,concrete,ILS,1,1,advanced,1,major,1,1,1,1,1,1,1,open,none,safe,civil,1,691.509895,1115,preferred,1.0,1
S00582,RCTP,25.005359,120.671122,A350-900,wide_body,2885,fuel,922,critical,0.75,1125.0,922.0,1596.646832,emergency,RCTP,3660,60,concrete,ILS,1,1,advanced,1,major,1,1,1,1,1,1,1,open,none,safe,civil,0,57.173974,775,preferred,2.0,0
S00582,RCTP,25.005359,120.671122,A350-900,wide_body,2885,fuel,922,critical,0.75,1125.0,922.0,1596.646832,emergency,RKSI,4000,60,asphalt,ILS,1,1,advanced,1,major,1,1,1,1,1,1,1,open,none,safe,civil,1,1490.008078,1115,extended,3.0,0
S00582,RCTP,25.005359,120.671122,A350-900,wide_body,2885,fuel,922,critical,0.75,1125.0,922.0,1596.646832,emergency,RPLL,3737,60,concrete,ILS,1,1,basic,1,basic,1,1,1,1,1,1,1,open,none,caution,civil,0,1167.755,852,extended,4.0,0
S00583,LGAV,36.98343,23.36564,A319,narrow_body,2040,operational_constraints,1117,low,0.9,810.0,810.0,1429.62594,aircraft_fuel,LTFM,4100,60,asphalt,ILS,1,1,advanced,1,major,1,1,1,1,1,1,0,open,none,safe,civil,0,664.544009,2060,preferred,1.0,1
S00583,LGAV,36.98343,23.36564,A319,narrow_body,2040,operational_constraints,1117,low,0.9,810.0,810.0,1429.62594,aircraft_fuel,LGAV,4000,45,asphalt,ILS,1,1,advanced,1,major,1,1,1,1,1,1,1,open,none,safe,civil,0,117.63918,1960,preferred,2.0,0
S00583,LGAV,36.98343,23.36564,A319,narrow_body,2040,operational_constraints,1117,low,0.9,810.0,810.0,1429.62594,aircraft_fuel,HECA,4000,60,asphalt,ILS,1,1,basic,1,major,1,1,1,1,1,1,1,open,none,safe,civil,0,1065.826478,1960,extended,3.0,0
S00583,LGAV,36.98343,23.36564,A319,narrow_body,2040,operational_constraints,1117,low,0.9,810.0,810.0,1429.62594,aircraft_fuel,LIRF,3902,60,asphalt,ILS,1,1,basic,1,major,1,1,1,1,1,1,1,open,none,safe,civil,1,1093.914761,1862,extended,4.0,0
S00583,LGAV,36.98343,23.36564,A319,narrow_body,2040,operational_constraints,1117,low,0.9,810.0,810.0,1429.62594,aircraft_fuel,OJAI,3660,61,asphalt,ILS,1,1,advanced,1,major,1,1,1,1,1,1,1,open,none,safe,civil,0,1296.902991,1620,extended,5.0,0
S00583,LGAV,36.98343,23.36564,A319,narrow_body,2040,operational_constraints,1117,low,0.9,810.0,810.0,1429.62594,aircraft_fuel,LTAC,3750,45,asphalt,ILS,1,1,advanced,1,major,1,1,1,1,1,1,1,open,none,safe,joint,0,906.769852,1710,extended,6.0,0
S00583,LGAV,36.98343,23.36564,A319,narrow_body,2040,operational_constraints,1117,low,0.9,810.0,810.0,1429.62594,aircraft_fuel,DTTA,3200,45,asphalt,RNAV,0,1,basic,1,basic,1,0,1,1,1,1,1,open,none,safe,civil,0,1167.183993,1160,extended,7.0,0
S00583,LGAV,36.98343,23.36564,A319,narrow_body,2040,operational_constraints,1117,low,0.9,810.0,810.0,1429.62594,aircraft_fuel,LCLK,2987,45,asphalt,ILS,1,0,none,1,basic,1,0,1,1,1,1,1,open,none,safe,civil,0,952.477497,947,extended,8.0,0
S00584,DNKN,11.278569,8.511618,B737-800,narrow_body,2378,weather,1225,low,0.9,855.0,855.0,1365.461881,aircraft_fuel,DNMM,3900,60,asphalt,ILS,1,1,advanced,1,major,1,1,1,1,1,1,1,open,none,caution,civil,0,773.400334,1522,preferred,1.0,1
S00584,DNKN,11.278569,8.511618,B737-800,narrow_body,2378,weather,1225,low,0.9,855.0,855.0,1365.461881,aircraft_fuel,DNAA,3609,60,asphalt,RNAV,0,0,none,1,basic,1,0,1,1,1,1,1,open,none,safe,joint,0,287.198409,1231,preferred,2.0,0
S00584,DNKN,11.278569,8.511618,B737-800,narrow_body,2378,weather,1225,low,0.9,855.0,855.0,1365.461881,aircraft_fuel,DGAA,3403,61,asphalt,RNAV,0,0,none,1,basic,1,0,1,1,1,1,0,open,none,safe,civil,0,1143.803292,1025,extended,3.0,0
S00584,DNKN,11.278569,8.511618,B737-800,narrow_body,2378,weather,1225,low,0.9,855.0,855.0,1365.461881,aircraft_fuel,DNKN,3200,46,asphalt,RNAV,0,0,none,1,basic,1,0,1,0,0,1,1,open,none,safe,joint,0,85.524067,822,preferred,4.0,0
S00585,EGCC,53.92448,-1.993314,E190,regional_jet,1866,medical,1064,normal,1.0,800.0,800.0,1317.915894,aircraft_fuel,LFPG,4215,45,asphalt,ILS,1,1,advanced,1,major,1,1,1,1,1,1,1,open,none,safe,civil,1,630.553824,2349,preferred,1.0,1
S00585,EGCC,53.92448,-1.993314,E190,regional_jet,1866,medical,1064,normal,1.0,800.0,800.0,1317.915894,aircraft_fuel,EGLL,3901,50,asphalt,ILS,1,1,advanced,1,major,1,1,1,1,1,1,1,open,none,safe,civil,1,291.735918,2035,preferred,2.0,0
S00585,EGCC,53.92448,-1.993314,E190,regional_jet,1866,medical,1064,normal,1.0,800.0,800.0,1317.915894,aircraft_fuel,EHAM,3800,60,asphalt,ILS,1,1,advanced,1,major,1,1,1,1,1,1,1,open,none,safe,civil,1,485.195788,1934,preferred,3.0,0
S00585,EGCC,53.92448,-1.993314,E190,regional_jet,1866,medical,1064,normal,1.0,800.0,800.0,1317.915894,aircraft_fuel,EDDF,4000,60,asphalt,ILS,1,1,advanced,1,major,1,1,1,0,1,1,1,open,none,safe,civil,1,841.486658,2134,extended,4.0,0
S00585,EGCC,53.92448,-1.993314,E190,regional_jet,1866,medical,1064,normal,1.0,800.0,800.0,1317.915894,aircraft_fuel,EGKK,3317,45,asphalt,ILS,1,1,advanced,1,major,1,1,1,1,1,1,1,open,none,safe,civil,1,331.950414,1451,preferred,5.0,0
S00585,EGCC,53.92448,-1.993314,E190,regional_jet,1866,medical,1064,normal,1.0,800.0,800.0,1317.915894,aircraft_fuel,ENGM,3600,45,asphalt,ILS,1,1,advanced,1,major,1,1,1,1,1,1,1,open,none,safe,civil,0,1051.559488,1734,extended,6.0,0
S00585,EGCC,53.92448,-1.993314,E190,regional_jet,1866,medical,1064,normal,1.0,800.0,800.0,1317.915894,aircraft_fuel,EIDW,3110,45,concrete,ILS,1,1,advanced,1,major,1,1,1,1,1,1,1,open,none,safe,civil,0,286.473107,1244,preferred,7.0,0
S00585,EGCC,53.92448,-1.993314,E190,regional_jet,1866,medical,1064,normal,1.0,800.0,800.0,1317.915894,aircraft_fuel,EGCC,3048,46,asphalt,ILS,1,1,advanced,1,major,1,1,1,1,1,1,1,open,none,safe,civil,1,66.123008,1182,preferred,8.0,0
S00586,LTFM,41.586689,29.669334,E190,regional_jet,1897,medical,622,normal,1.0,800.0,622.0,966.377104,emergency,LTFM,4100,60,asphalt,ILS,1,1,advanced,1,major,1,1,1,1,1,1,0,open,none,safe,civil,0,85.480203,2203,preferred,1.0,1
S00586,LTFM,41.586689,29.669334,E190,regional_jet,1897,medical,622,normal,1.0,800.0,622.0,966.377104,emergency,LGAV,4000,45,asphalt,ILS,1,1,advanced,1,major,1,1,1,1,1,1,1,open,none,safe,civil,0,635.510717,2103,extended,2.0,0
S00586,LTFM,41.586689,29.669334,E190,regional_jet,1897,medical,622,normal,1.0,800.0,622.0,966.377104,emergency,LTAC,3750,45,asphalt,ILS,1,1,advanced,1,major,1,1,1,1,1,1,1,open,none,safe,joint,0,323.286531,1853,preferred,3.0,0
S00587,LGAV,38.165957,23.71189,B737-800,narrow_body,2246,medical,394,normal,1.0,950.0,394.0,617.67924,emergency,LGAV,4000,45,asphalt,ILS,1,1,advanced,1,major,1,1,1,1,1,1,1,open,none,safe,civil,0,32.655642,1754,preferred,1.0,1
S00587,LGAV,38.165957,23.71189,B737-800,narrow_body,2246,medical,394,normal,1.0,950.0,394.0,617.67924,emergency,LTFM,4100,60,asphalt,ILS,1,1,advanced,1,major,1,1,1,1,1,1,0,open,none,safe,civil,0,551.070322,1854,extended,2.0,0
S00588,KORD,42.692146,-87.51562,E170,regional_jet,1750,technical,710,normal,1.0,700.0,700.0,1032.873677,aircraft_fuel,KORD,3962,46,concrete,ILS,1,1,advanced,1,major,1,1,1,1,1,1,1,open,none,safe,civil,0,85.54846,2212,preferred,1.0,1
S00588,KORD,42.692146,-87.51562,E170,regional_jet,1750,technical,710,normal,1.0,700.0,700.0,1032.873677,aircraft_fuel,CYYZ,3389,61,asphalt,ILS,1,1,advanced,1,major,1,1,1,1,1,1,1,open,none,safe,civil,1,648.432442,1639,preferred,2.0,0
S00589,RJCC,42.515289,141.197868,E170,regional_jet,1604,weather,611,normal,1.0,700.0,611.0,870.744818,emergency,RJAA,4000,60,asphalt,ILS,1,1,advanced,1,major,1,1,1,0,1,1,1,open,none,safe,civil,1,753.427153,2396,extended,1.0,1
S00589,RJCC,42.515289,141.197868,E170,regional_jet,1604,weather,611,normal,1.0,700.0,611.0,870.744818,emergency,RJTT,3360,61,asphalt,ILS,1,1,advanced,1,major,1,1,1,1,1,1,1,open,none,safe,civil,1,784.034496,1756,extended,2.0,0
S00589,RJCC,42.515289,141.197868,E170,regional_jet,1604,weather,611,normal,1.0,700.0,611.0,870.744818,emergency,RJCC,3000,61,asphalt,RNAV,0,1,basic,1,basic,1,1,1,1,1,1,1,open,none,safe,joint,0,49.551209,1396,preferred,3.0,0
S00590,OOMS,23.93388,58.194831,A319,narrow_body,2141,weather,890,low,0.9,810.0,810.0,1321.849437,aircraft_fuel,OTHH,4850,60,asphalt,ILS,1,1,advanced,1,major,1,1,1,1,1,1,1,open,none,safe,civil,0,682.280477,2709,preferred,1.0,1
S00590,OOMS,23.93388,58.194831,A319,narrow_body,2141,weather,890,low,0.9,810.0,810.0,1321.849437,aircraft_fuel,OMDB,4447,60,asphalt,ILS,1,1,advanced,1,major,1,1,1,1,1,1,1,open,none,safe,civil,1,320.812668,2306,preferred,2.0,0
S00590,OOMS,23.93388,58.194831,A319,narrow_body,2141,weather,890,low,0.9,810.0,810.0,1321.849437,aircraft_fuel,OKKK,4580,60,asphalt,ILS,1,1,advanced,1,major,1,1,1,1,1,1,1,open,none,safe,civil,0,1173.946795,2439,extended,3.0,0
S00590,OOMS,23.93388,58.194831,A319,narrow_body,2141,weather,890,low,0.9,810.0,810.0,1321.849437,aircraft_fuel,OOMS,4080,45,asphalt,ILS,1,1,advanced,1,major,1,1,1,1,1,1,1,open,none,safe,civil,0,38.225948,1939,preferred,4.0,0
S00590,OOMS,23.93388,58.194831,A319,narrow_body,2141,weather,890,low,0.9,810.0,810.0,1321.849437,aircraft_fuel,OMAA,4106,60,asphalt,ILS,1,1,advanced,1,major,1,1,1,1,1,1,1,open,none,safe,civil,0,364.022614,1965,preferred,5.0,0
S00590,OOMS,23.93388,58.194831,A319,narrow_body,2141,weather,890,low,0.9,810.0,810.0,1321.849437,aircraft_fuel,OBBI,3956,60,asphalt,ILS,1,1,advanced,1,major,1,1,1,1,1,1,1,open,none,safe,civil,0,803.806781,1815,preferred,6.0,0
S00590,OOMS,23.93388,58.194831,A319,narrow_body,2141,weather,890,low,0.9,810.0,810.0,1321.849437,aircraft_fuel,OERK,4205,60,asphalt,ILS,1,1,advanced,1,major,1,1,1,1,1,1,1,open,none,safe,civil,0,1168.90084,2064,extended,7.0,0
S00590,OOMS,23.93388,58.194831,A319,narrow_body,2141,weather,890,low,0.9,810.0,810.0,1321.849437,aircraft_fuel,OPKC,3400,46,concrete,RNAV,0,1,basic,1,basic,1,1,1,1,1,1,1,open,none,caution,civil,0,914.02368,1259,extended,8.0,0
S00591,OPLA,31.212883,73.642135,B787-9,wide_body,2785,weather,448,normal,1.0,1400.0,448.0,831.409203,emergency,VIDP,4430,60,asphalt,ILS,1,1,advanced,1,major,1,1,1,1,1,1,1,open,none,safe,civil,1,445.066609,1645,preferred,1.0,1
S00591,OPLA,31.212883,73.642135,B787-9,wide_body,2785,weather,448,normal,1.0,1400.0,448.0,831.409203,emergency,OPLA,3360,46,concrete,RNAV,0,0,none,1,basic,1,0,1,1,1,1,1,open,none,caution,civil,0,80.032144,575,preferred,2.0,0
S00592,VIDP,28.519762,76.838419,B737-800,narrow_body,2376,mechanical,1084,critical,0.75,712.5,712.5,1288.731091,aircraft_fuel,VIDP,4430,60,asphalt,ILS,1,1,advanced,1,major,1,1,1,1,1,1,1,open,none,safe,civil,1,25.397798,2054,preferred,1.0,1
S00592,VIDP,28.519762,76.838419,B737-800,narrow_body,2376,mechanical,1084,critical,0.75,712.5,712.5,1288.731091,aircraft_fuel,VABB,3509,60,asphalt,ILS,1,1,advanced,1,major,1,1,1,1,1,1,1,open,none,safe,civil,1,1123.529438,1133,extended,2.0,0
S00592,VIDP,28.519762,76.838419,B737-800,narrow_body,2376,mechanical,1084,critical,0.75,712.5,712.5,1288.731091,aircraft_fuel,OPLA,3360,46,concrete,RNAV,0,0,none,1,basic,1,0,1,1,1,1,1,open,none,caution,civil,0,407.847891,984,preferred,3.0,0
S00592,VIDP,28.519762,76.838419,B737-800,narrow_body,2376,mechanical,1084,critical,0.75,712.5,712.5,1288.731091,aircraft_fuel,OPKC,3400,46,concrete,RNAV,0,1,basic,1,basic,1,1,1,1,1,1,1,open,none,caution,civil,0,1041.363772,1024,extended,4.0,0
S00592,VIDP,28.519762,76.838419,B737-800,narrow_body,2376,mechanical,1084,critical,0.75,712.5,712.5,1288.731091,aircraft_fuel,VNKT,3350,45,asphalt,VOR,0,0,none,0,none,0,0,1,1,1,1,1,open,none,caution,civil,0,840.527174,974,extended,5.0,0
S00593,GMMN,33.895169,-7.658044,B737-800,narrow_body,2327,operational_constraints,1193,low,0.9,855.0,855.0,1425.107192,aircraft_fuel,LEMD,4350,60,asphalt,ILS,1,1,advanced,1,major,1,1,1,1,1,1,1,open,none,safe,civil,1,817.840336,2023,preferred,1.0,1
S00593,GMMN,33.895169,-7.658044,B737-800,narrow_body,2327,operational_constraints,1193,low,0.9,855.0,855.0,1425.107192,aircraft_fuel,GMMN,3720,45,asphalt,ILS,1,1,advanced,1,major,1,1,1,1,1,1,1,open,none,safe,civil,0,59.011631,1393,preferred,2.0,0
S00593,GMMN,33.895169,-7.658044,B737-800,narrow_body,2327,operational_constraints,1193,low,0.9,855.0,855.0,1425.107192,aircraft_fuel,LPPT,3707,45,asphalt,ILS,1,1,advanced,1,major,1,1,1,1,1,1,1,open,none,safe,civil,0,559.181499,1380,preferred,3.0,0
S00593,GMMN,33.895169,-7.658044,B737-800,narrow_body,2327,operational_constraints,1193,low,0.9,855.0,855.0,1425.107192,aircraft_fuel,DAAG,3500,60,asphalt,RNAV,0,1,basic,1,basic,1,1,1,1,1,1,0,open,none,safe,civil,0,1033.960419,1173,extended,4.0,0
S00594,DNAA,9.434823,6.927652,E170,regional_jet,1600,security,743,normal,1.0,700.0,700.0,1078.461955,aircraft_fuel,DNMM,3900,60,asphalt,ILS,1,1,advanced,1,major,1,1,1,1,1,1,1,open,none,caution,civil,0,508.546659,2300,preferred,1.0,1
S00594,DNAA,9.434823,6.927652,E170,regional_jet,1600,security,743,normal,1.0,700.0,700.0,1078.461955,aircraft_fuel,DNAA,3609,60,asphalt,RNAV,0,0,none,1,basic,1,0,1,1,1,1,1,open,none,safe,joint,0,60.178292,2009,preferred,2.0,0
S00594,DNAA,9.434823,6.927652,E170,regional_jet,1600,security,743,normal,1.0,700.0,700.0,1078.461955,aircraft_fuel,DGAA,3403,61,asphalt,RNAV,0,0,none,1,basic,1,0,1,1,1,1,0,open,none,safe,civil,0,890.355624,1803,extended,3.0,0
S00594,DNAA,9.434823,6.927652,E170,regional_jet,1600,security,743,normal,1.0,700.0,700.0,1078.461955,aircraft_fuel,DNKN,3200,46,asphalt,RNAV,0,0,none,1,basic,1,0,1,0,0,1,1,open,none,safe,joint,0,338.877321,1600,preferred,4.0,0
S00595,EGCC,53.880962,-2.433751,E175,regional_jet,1803,fuel,659,low,0.9,675.0,659.0,1021.631416,emergency,LFPG,4215,45,asphalt,ILS,1,1,advanced,1,major,1,1,1,1,1,1,1,open,none,safe,civil,1,642.277333,2412,preferred,1.0,1
S00595,EGCC,53.880962,-2.433751,E175,regional_jet,1803,fuel,659,low,0.9,675.0,659.0,1021.631416,emergency,EGLL,3901,50,asphalt,ILS,1,1,advanced,1,major,1,1,1,1,1,1,1,open,none,safe,civil,1,299.195766,2098,preferred,2.0,0
S00595,EGCC,53.880962,-2.433751,E175,regional_jet,1803,fuel,659,low,0.9,675.0,659.0,1021.631416,emergency,EHAM,3800,60,asphalt,ILS,1,1,advanced,1,major,1,1,1,1,1,1,1,open,none,safe,civil,1,511.134407,1997,preferred,3.0,0
S00595,EGCC,53.880962,-2.433751,E175,regional_jet,1803,fuel,659,low,0.9,675.0,659.0,1021.631416,emergency,EDDF,4000,60,asphalt,ILS,1,1,advanced,1,major,1,1,1,0,1,1,1,open,none,safe,civil,1,865.310043,2197,extended,4.0,0
S00595,EGCC,53.880962,-2.433751,E175,regional_jet,1803,fuel,659,low,0.9,675.0,659.0,1021.631416,emergency,EGKK,3317,45,asphalt,ILS,1,1,advanced,1,major,1,1,1,1,1,1,1,open,none,safe,civil,1,339.722526,1514,preferred,5.0,0
S00595,EGCC,53.880962,-2.433751,E175,regional_jet,1803,fuel,659,low,0.9,675.0,659.0,1021.631416,emergency,EIDW,3110,45,concrete,ILS,1,1,advanced,1,major,1,1,1,1,1,1,1,open,none,safe,civil,0,257.216571,1307,preferred,6.0,0
S00595,EGCC,53.880962,-2.433751,E175,regional_jet,1803,fuel,659,low,0.9,675.0,659.0,1021.631416,emergency,EGCC,3048,46,asphalt,ILS,1,1,advanced,1,major,1,1,1,1,1,1,1,open,none,safe,civil,1,59.55224,1245,preferred,7.0,0
S00596,FACT,-33.255544,18.711667,A320,narrow_body,2322,fuel,440,low,0.9,855.0,440.0,691.999021,emergency,FACT,3201,61,asphalt,RNAV,0,1,basic,1,basic,1,0,1,1,1,1,1,open,none,safe,civil,0,80.507864,879,preferred,1.0,1
S00597,EFHK,60.842023,24.225205,E190,regional_jet,1983,security,705,low,0.9,720.0,705.0,1067.992022,emergency,EFHK,3440,60,asphalt,ILS,1,1,advanced,1,major,1,1,1,1,1,1,1,open,none,safe,civil,0,70.822548,1457,preferred,1.0,1
S00597,EFHK,60.842023,24.225205,E190,regional_jet,1983,security,705,low,0.9,720.0,705.0,1067.992022,emergency,ULLI,3780,60,concrete,ILS,1,1,advanced,1,major,1,1,1,1,1,1,1,open,none,caution,civil,0,351.845432,1797,preferred,2.0,0
S00597,EFHK,60.842023,24.225205,E190,regional_jet,1983,security,705,low,0.9,720.0,705.0,1067.992022,emergency,ESSA,3301,45,asphalt,ILS,1,1,advanced,1,major,1,1,1,1,1,1,1,open,none,safe,civil,0,371.763921,1318,preferred,3.0,0
S00597,EFHK,60.842023,24.225205,E190,regional_jet,1983,security,705,low,0.9,720.0,705.0,1067.992022,emergency,ENGM,3600,45,asphalt,ILS,1,1,advanced,1,major,1,1,1,1,1,1,1,open,none,safe,civil,0,720.632479,1617,extended,4.0,0
S00597,EFHK,60.842023,24.225205,E190,regional_jet,1983,security,705,low,0.9,720.0,705.0,1067.992022,emergency,UUEE,3700,60,concrete,ILS,1,1,advanced,1,major,1,1,1,1,1,1,1,open,none,caution,civil,0,936.773021,1717,extended,5.0,0
S00598,DGAA,5.479577,-0.403858,B747-8,very_large,3542,weather,1107,critical,0.75,1162.5,1107.0,1952.625822,emergency,DNMM,3900,60,asphalt,ILS,1,1,advanced,1,major,1,1,1,1,1,1,1,open,none,caution,civil,0,429.612287,358,preferred,1.0,1
S00598,DGAA,5.479577,-0.403858,B747-8,very_large,3542,weather,1107,critical,0.75,1162.5,1107.0,1952.625822,emergency,DNAA,3609,60,asphalt,RNAV,0,0,none,1,basic,1,0,1,1,1,1,1,open,none,safe,joint,0,932.113113,67,preferred,2.0,0
S00599,KATL,34.107576,-84.344907,B737 MAX 8,narrow_body,2358,medical,965,normal,1.0,1000.0,965.0,1661.227353,emergency,KJFK,4423,61,asphalt,ILS,1,1,advanced,1,major,1,1,1,1,1,1,1,open,none,safe,civil,1,1181.397554,2065,extended,1.0,1
S00599,KATL,34.107576,-84.344907,B737 MAX 8,narrow_body,2358,medical,965,normal,1.0,1000.0,965.0,1661.227353,emergency,KORD,3962,46,concrete,ILS,1,1,advanced,1,major,1,1,1,1,1,1,1,open,none,safe,civil,0,928.840707,1604,preferred,2.0,0
S00599,KATL,34.107576,-84.344907,B737 MAX 8,narrow_body,2358,medical,965,normal,1.0,1000.0,965.0,1661.227353,emergency,KATL,3776,46,concrete,ILS,1,1,advanced,1,major,1,1,1,1,1,1,1,open,none,safe,civil,0,52.919375,1418,preferred,3.0,0
S00599,KATL,34.107576,-84.344907,B737 MAX 8,narrow_body,2358,medical,965,normal,1.0,1000.0,965.0,1661.227353,emergency,CYYZ,3389,61,asphalt,ILS,1,1,advanced,1,major,1,1,1,1,1,1,1,open,none,safe,civil,1,1139.020588,1031,extended,4.0,0
S00600,RJAA,35.350623,140.727816,B737-800,narrow_body,2349,fuel,670,critical,0.75,712.5,670.0,1084.924985,emergency,RJAA,4000,60,asphalt,ILS,1,1,advanced,1,major,1,1,1,0,1,1,1,open,none,safe,civil,1,55.684975,1651,preferred,1.0,1
S00600,RJAA,35.350623,140.727816,B737-800,narrow_body,2349,fuel,670,critical,0.75,712.5,670.0,1084.924985,emergency,RJTT,3360,61,asphalt,ILS,1,1,advanced,1,major,1,1,1,1,1,1,1,open,none,safe,civil,1,88.051397,1011,preferred,2.0,0
S00600,RJAA,35.350623,140.727816,B737-800,narrow_body,2349,fuel,670,critical,0.75,712.5,670.0,1084.924985,emergency,RJCC,3000,61,asphalt,RNAV,0,1,basic,1,basic,1,1,1,1,1,1,1,open,none,safe,joint,0,829.6811,651,extended,3.0,0
S00601,UAAA,43.482083,77.532323,A321,narrow_body,2477,security,455,normal,1.0,1000.0,455.0,696.000179,emergency,UAAA,4500,45,asphalt,RNAV,0,1,basic,1,basic,1,1,1,1,1,1,1,open,none,safe,civil,0,42.012076,2023,preferred,1.0,1
S00602,OERK,25.371748,46.779906,B747-8,very_large,3569,technical,673,normal,1.0,1550.0,673.0,1160.39478,emergency,OTHH,4850,60,asphalt,ILS,1,1,advanced,1,major,1,1,1,1,1,1,1,open,none,safe,civil,0,485.378937,1281,preferred,1.0,1
S00602,OERK,25.371748,46.779906,B747-8,very_large,3569,technical,673,normal,1.0,1550.0,673.0,1160.39478,emergency,OKKK,4580,60,asphalt,ILS,1,1,advanced,1,major,1,1,1,1,1,1,1,open,none,safe,civil,0,444.235971,1011,preferred,2.0,0
S00602,OERK,25.371748,46.779906,B747-8,very_large,3569,technical,673,normal,1.0,1550.0,673.0,1160.39478,emergency,OERK,4205,60,asphalt,ILS,1,1,advanced,1,major,1,1,1,1,1,1,1,open,none,safe,civil,0,46.768991,636,preferred,3.0,0
S00602,OERK,25.371748,46.779906,B747-8,very_large,3569,technical,673,normal,1.0,1550.0,673.0,1160.39478,emergency,OMDB,4447,60,asphalt,ILS,1,1,advanced,1,major,1,1,1,1,1,1,1,open,none,safe,civil,1,863.537997,878,extended,4.0,0
S00602,OERK,25.371748,46.779906,B747-8,very_large,3569,technical,673,normal,1.0,1550.0,673.0,1160.39478,emergency,OBBI,3956,60,asphalt,ILS,1,1,advanced,1,major,1,1,1,1,1,1,1,open,none,safe,civil,0,398.751244,387,preferred,5.0,0
S00602,OERK,25.371748,46.779906,B747-8,very_large,3569,technical,673,normal,1.0,1550.0,673.0,1160.39478,emergency,OMAA,4106,60,asphalt,ILS,1,1,advanced,1,major,1,1,1,1,1,1,1,open,none,safe,civil,0,800.245472,537,extended,6.0,0
S00603,DNAA,8.666152,7.013003,A350-900,wide_body,2974,technical,486,low,0.9,1350.0,486.0,838.709076,emergency,DNMM,3900,60,asphalt,ILS,1,1,advanced,1,major,1,1,1,1,1,1,1,open,none,caution,civil,0,468.489762,926,preferred,1.0,1
S00603,DNAA,8.666152,7.013003,A350-900,wide_body,2974,technical,486,low,0.9,1350.0,486.0,838.709076,emergency,DNAA,3609,60,asphalt,RNAV,0,0,none,1,basic,1,0,1,1,1,1,1,open,none,safe,joint,0,46.799825,635,preferred,2.0,0
S00603,DNAA,8.666152,7.013003,A350-900,wide_body,2974,technical,486,low,0.9,1350.0,486.0,838.709076,emergency,DNKN,3200,46,asphalt,RNAV,0,0,none,1,basic,1,0,1,0,0,1,1,open,none,safe,joint,0,410.738685,226,preferred,3.0,0
S00604,OOMS,24.156322,57.945563,A321,narrow_body,2308,medical,768,critical,0.75,750.0,750.0,1205.590781,aircraft_fuel,OTHH,4850,60,asphalt,ILS,1,1,advanced,1,major,1,1,1,1,1,1,1,open,none,safe,civil,0,652.009064,2542,preferred,1.0,1
S00604,OOMS,24.156322,57.945563,A321,narrow_body,2308,medical,768,critical,0.75,750.0,750.0,1205.590781,aircraft_fuel,OMDB,4447,60,asphalt,ILS,1,1,advanced,1,major,1,1,1,1,1,1,1,open,none,safe,civil,1,287.089291,2139,preferred,2.0,0
S00604,OOMS,24.156322,57.945563,A321,narrow_body,2308,medical,768,critical,0.75,750.0,750.0,1205.590781,aircraft_fuel,OKKK,4580,60,asphalt,ILS,1,1,advanced,1,major,1,1,1,1,1,1,1,open,none,safe,civil,0,1139.368622,2272,extended,3.0,0
S00604,OOMS,24.156322,57.945563,A321,narrow_body,2308,medical,768,critical,0.75,750.0,750.0,1205.590781,aircraft_fuel,OMAA,4106,60,asphalt,ILS,1,1,advanced,1,major,1,1,1,1,1,1,1,open,none,safe,civil,0,335.552239,1798,preferred,4.0,0
S00604,OOMS,24.156322,57.945563,A321,narrow_body,2308,medical,768,critical,0.75,750.0,750.0,1205.590781,aircraft_fuel,OOMS,4080,45,asphalt,ILS,1,1,advanced,1,major,1,1,1,1,1,1,1,open,none,safe,civil,0,70.828696,1772,preferred,5.0,0
S00604,OOMS,24.156322,57.945563,A321,narrow_body,2308,medical,768,critical,0.75,750.0,750.0,1205.590781,aircraft_fuel,OERK,4205,60,asphalt,ILS,1,1,advanced,1,major,1,1,1,1,1,1,1,open,none,safe,civil,0,1140.61977,1897,extended,6.0,0
S00604,OOMS,24.156322,57.945563,A321,narrow_body,2308,medical,768,critical,0.75,750.0,750.0,1205.590781,aircraft_fuel,OBBI,3956,60,asphalt,ILS,1,1,advanced,1,major,1,1,1,1,1,1,1,open,none,safe,civil,0,771.604984,1648,extended,7.0,0
S00604,OOMS,24.156322,57.945563,A321,narrow_body,2308,medical,768,critical,0.75,750.0,750.0,1205.590781,aircraft_fuel,OPKC,3400,46,concrete,RNAV,0,1,basic,1,basic,1,1,1,1,1,1,1,open,none,caution,civil,0,935.733713,1092,extended,8.0,0
S00605,LTFM,41.423039,27.891537,E170,regional_jet,1675,security,833,normal,1.0,700.0,700.0,1067.361142,aircraft_fuel,LTFM,4100,60,asphalt,ILS,1,1,advanced,1,major,1,1,1,1,1,1,0,open,none,safe,civil,0,72.076056,2425,preferred,1.0,1
S00605,LTFM,41.423039,27.891537,E170,regional_jet,1675,security,833,normal,1.0,700.0,700.0,1067.361142,aircraft_fuel,LGAV,4000,45,asphalt,ILS,1,1,advanced,1,major,1,1,1,1,1,1,1,open,none,safe,civil,0,514.080201,2325,preferred,2.0,0
S00605,LTFM,41.423039,27.891537,E170,regional_jet,1675,security,833,normal,1.0,700.0,700.0,1067.361142,aircraft_fuel,LTAC,3750,45,asphalt,ILS,1,1,advanced,1,major,1,1,1,1,1,1,1,open,none,safe,joint,0,453.140993,2075,preferred,3.0,0
S00605,LTFM,41.423039,27.891537,E170,regional_jet,1675,security,833,normal,1.0,700.0,700.0,1067.361142,aircraft_fuel,LCLK,2987,45,asphalt,ILS,1,0,none,1,basic,1,0,1,1,1,1,1,open,none,safe,civil,0,883.525871,1312,extended,4.0,0
S00606,OPLA,31.686645,74.919936,A330-300,wide_body,2886,fuel,678,low,0.9,1170.0,678.0,1117.224672,emergency,VIDP,4430,60,asphalt,ILS,1,1,advanced,1,major,1,1,1,1,1,1,1,open,none,safe,civil,1,406.150792,1544,preferred,1.0,1
S00606,OPLA,31.686645,74.919936,A330-300,wide_body,2886,fuel,678,low,0.9,1170.0,678.0,1117.224672,emergency,OPLA,3360,46,concrete,RNAV,0,0,none,1,basic,1,0,1,1,1,1,1,open,none,caution,civil,0,52.228904,474,preferred,2.0,0
S00606,OPLA,31.686645,74.919936,A330-300,wide_body,2886,fuel,678,low,0.9,1170.0,678.0,1117.224672,emergency,OPKC,3400,46,concrete,RNAV,0,1,basic,1,basic,1,1,1,1,1,1,1,open,none,caution,civil,0,1069.60126,514,extended,3.0,0
S00606,OPLA,31.686645,74.919936,A330-300,wide_body,2886,fuel,678,low,0.9,1170.0,678.0,1117.224672,emergency,VNKT,3350,45,asphalt,VOR,0,0,none,0,none,0,0,1,1,1,1,1,open,none,caution,civil,0,1100.982981,464,extended,4.0,0
S00607,LFPG,48.363263,2.906294,B737 MAX 8,narrow_body,2437,fuel,856,normal,1.0,1000.0,856.0,1339.229921,emergency,LFPG,4215,45,asphalt,ILS,1,1,advanced,1,major,1,1,1,1,1,1,1,open,none,safe,civil,1,76.310729,1778,preferred,1.0,1
S00607,LFPG,48.363263,2.906294,B737 MAX 8,narrow_body,2437,fuel,856,normal,1.0,1000.0,856.0,1339.229921,emergency,EDDF,4000,60,asphalt,ILS,1,1,advanced,1,major,1,1,1,0,1,1,1,open,none,safe,civil,1,450.279842,1563,preferred,2.0,0
S00607,LFPG,48.363263,2.906294,B737 MAX 8,narrow_body,2437,fuel,856,normal,1.0,1000.0,856.0,1339.229921,emergency,LEMD,4350,60,asphalt,ILS,1,1,advanced,1,major,1,1,1,1,1,1,1,open,none,safe,civil,1,1014.236374,1913,extended,3.0,0
S00607,LFPG,48.363263,2.906294,B737 MAX 8,narrow_body,2437,fuel,856,normal,1.0,1000.0,856.0,1339.229921,emergency,EGLL,3901,50,asphalt,ILS,1,1,advanced,1,major,1,1,1,1,1,1,1,open,none,safe,civil,1,421.187234,1464,preferred,4.0,0
S00607,LFPG,48.363263,2.906294,B737 MAX 8,narrow_body,2437,fuel,856,normal,1.0,1000.0,856.0,1339.229921,emergency,EHAM,3800,60,asphalt,ILS,1,1,advanced,1,major,1,1,1,1,1,1,1,open,none,safe,civil,1,458.043016,1363,preferred,5.0,0
S00607,LFPG,48.363263,2.906294,B737 MAX 8,narrow_body,2437,fuel,856,normal,1.0,1000.0,856.0,1339.229921,emergency,LIRF,3902,60,asphalt,ILS,1,1,basic,1,major,1,1,1,1,1,1,1,open,none,safe,civil,1,1033.09926,1465,extended,6.0,0
S00607,LFPG,48.363263,2.906294,B737 MAX 8,narrow_body,2437,fuel,856,normal,1.0,1000.0,856.0,1339.229921,emergency,EGKK,3317,45,asphalt,ILS,1,1,advanced,1,major,1,1,1,1,1,1,1,open,none,safe,civil,1,381.069827,880,preferred,7.0,0
S00607,LFPG,48.363263,2.906294,B737 MAX 8,narrow_body,2437,fuel,856,normal,1.0,1000.0,856.0,1339.229921,emergency,DAAG,3500,60,asphalt,RNAV,0,1,basic,1,basic,1,1,1,1,1,1,0,open,none,safe,civil,0,1297.818328,1063,extended,8.0,0
S00607,LFPG,48.363263,2.906294,B737 MAX 8,narrow_body,2437,fuel,856,normal,1.0,1000.0,856.0,1339.229921,emergency,EIDW,3110,45,concrete,ILS,1,1,advanced,1,major,1,1,1,1,1,1,1,open,none,safe,civil,0,853.639815,673,preferred,9.0,0
S00607,LFPG,48.363263,2.906294,B737 MAX 8,narrow_body,2437,fuel,856,normal,1.0,1000.0,856.0,1339.229921,emergency,EGCC,3048,46,asphalt,ILS,1,1,advanced,1,major,1,1,1,1,1,1,1,open,none,safe,civil,1,663.079181,611,preferred,10.0,0
S00608,EGKK,51.731511,1.08056,E175,regional_jet,1818,weather,1068,normal,1.0,750.0,750.0,1152.551162,aircraft_fuel,LFPG,4215,45,asphalt,ILS,1,1,advanced,1,major,1,1,1,1,1,1,1,open,none,safe,civil,1,320.247524,2397,preferred,1.0,1
S00608,EGKK,51.731511,1.08056,E175,regional_jet,1818,weather,1068,normal,1.0,750.0,750.0,1152.551162,aircraft_fuel,EDDF,4000,60,asphalt,ILS,1,1,advanced,1,major,1,1,1,0,1,1,1,open,none,safe,civil,1,557.522971,2182,preferred,2.0,0
S00608,EGKK,51.731511,1.08056,E175,regional_jet,1818,weather,1068,normal,1.0,750.0,750.0,1152.551162,aircraft_fuel,EGLL,3901,50,asphalt,ILS,1,1,advanced,1,major,1,1,1,1,1,1,1,open,none,safe,civil,1,110.273066,2083,preferred,3.0,0
S00608,EGKK,51.731511,1.08056,E175,regional_jet,1818,weather,1068,normal,1.0,750.0,750.0,1152.551162,aircraft_fuel,EHAM,3800,60,asphalt,ILS,1,1,advanced,1,major,1,1,1,1,1,1,1,open,none,safe,civil,1,260.050231,1982,preferred,4.0,0
S00608,EGKK,51.731511,1.08056,E175,regional_jet,1818,weather,1068,normal,1.0,750.0,750.0,1152.551162,aircraft_fuel,EGKK,3317,45,asphalt,ILS,1,1,advanced,1,major,1,1,1,1,1,1,1,open,none,safe,civil,1,109.09604,1499,preferred,5.0,0
S00608,EGKK,51.731511,1.08056,E175,regional_jet,1818,weather,1068,normal,1.0,750.0,750.0,1152.551162,aircraft_fuel,ENGM,3600,45,asphalt,ILS,1,1,advanced,1,major,1,1,1,1,1,1,1,open,none,safe,civil,0,1126.191333,1782,extended,6.0,0
S00608,EGKK,51.731511,1.08056,E175,regional_jet,1818,weather,1068,normal,1.0,750.0,750.0,1152.551162,aircraft_fuel,EIDW,3110,45,concrete,ILS,1,1,advanced,1,major,1,1,1,1,1,1,1,open,none,safe,civil,0,530.505572,1292,preferred,7.0,0
S00608,EGKK,51.731511,1.08056,E175,regional_jet,1818,weather,1068,normal,1.0,750.0,750.0,1152.551162,aircraft_fuel,EGCC,3048,46,asphalt,ILS,1,1,advanced,1,major,1,1,1,1,1,1,1,open,none,safe,civil,1,289.827637,1230,preferred,8.0,0
S00609,ENGM,59.856788,12.093089,A380-800,very_large,3474,mechanical,464,normal,1.0,1600.0,464.0,858.655432,emergency,ENGM,3600,45,asphalt,ILS,1,1,advanced,1,major,1,1,1,1,1,1,1,open,none,safe,civil,0,66.68117,126,preferred,1.0,1
S00610,DGAA,5.419606,0.410627,A330-300,wide_body,2969,technical,1149,normal,1.0,1300.0,1149.0,2053.538323,emergency,DNMM,3900,60,asphalt,ILS,1,1,advanced,1,major,1,1,1,1,1,1,1,open,none,caution,civil,0,346.649966,931,preferred,1.0,1
S00610,DGAA,5.419606,0.410627,A330-300,wide_body,2969,technical,1149,normal,1.0,1300.0,1149.0,2053.538323,emergency,DGAA,3403,61,asphalt,RNAV,0,0,none,1,basic,1,0,1,1,1,1,0,open,none,safe,civil,0,67.157528,434,preferred,2.0,0
S00610,DGAA,5.419606,0.410627,A330-300,wide_body,2969,technical,1149,normal,1.0,1300.0,1149.0,2053.538323,emergency,DNAA,3609,60,asphalt,RNAV,0,0,none,1,basic,1,0,1,1,1,1,1,open,none,safe,joint,0,854.598078,640,preferred,3.0,0
S00610,DGAA,5.419606,0.410627,A330-300,wide_body,2969,technical,1149,normal,1.0,1300.0,1149.0,2053.538323,emergency,DNKN,3200,46,asphalt,RNAV,0,0,none,1,basic,1,0,1,0,0,1,1,open,none,safe,joint,0,1156.480395,231,extended,4.0,0
S00611,OMAA,24.560845,54.342027,A321,narrow_body,2477,operational_constraints,723,normal,1.0,1000.0,723.0,1219.245946,emergency,OTHH,4850,60,asphalt,ILS,1,1,advanced,1,major,1,1,1,1,1,1,1,open,none,safe,civil,0,286.848096,2373,preferred,1.0,1
S00611,OMAA,24.560845,54.342027,A321,narrow_body,2477,operational_constraints,723,normal,1.0,1000.0,723.0,1219.245946,emergency,OMDB,4447,60,asphalt,ILS,1,1,advanced,1,major,1,1,1,1,1,1,1,open,none,safe,civil,1,128.987481,1970,preferred,2.0,0
S00611,OMAA,24.560845,54.342027,A321,narrow_body,2477,operational_constraints,723,normal,1.0,1000.0,723.0,1219.245946,emergency,OKKK,4580,60,asphalt,ILS,1,1,advanced,1,major,1,1,1,1,1,1,1,open,none,safe,civil,0,817.1782,2103,extended,3.0,0
S00611,OMAA,24.560845,54.342027,A321,narrow_body,2477,operational_constraints,723,normal,1.0,1000.0,723.0,1219.245946,emergency,OMAA,4106,60,asphalt,ILS,1,1,advanced,1,major,1,1,1,1,1,1,1,open,none,safe,civil,0,33.82182,1629,preferred,4.0,0
S00611,OMAA,24.560845,54.342027,A321,narrow_body,2477,operational_constraints,723,normal,1.0,1000.0,723.0,1219.245946,emergency,OOMS,4080,45,asphalt,ILS,1,1,advanced,1,major,1,1,1,1,1,1,1,open,none,safe,civil,0,414.296024,1603,preferred,5.0,0
S00611,OMAA,24.560845,54.342027,A321,narrow_body,2477,operational_constraints,723,normal,1.0,1000.0,723.0,1219.245946,emergency,OBBI,3956,60,asphalt,ILS,1,1,advanced,1,major,1,1,1,1,1,1,1,open,none,safe,civil,0,417.610608,1479,preferred,6.0,0
S00611,OMAA,24.560845,54.342027,A321,narrow_body,2477,operational_constraints,723,normal,1.0,1000.0,723.0,1219.245946,emergency,OERK,4205,60,asphalt,ILS,1,1,advanced,1,major,1,1,1,1,1,1,1,open,none,safe,civil,0,772.91992,1728,extended,7.0,0
S00613,OERK,25.195241,46.300181,E190,regional_jet,1867,technical,599,low,0.9,720.0,599.0,947.695744,emergency,OTHH,4850,60,asphalt,ILS,1,1,advanced,1,major,1,1,1,1,1,1,1,open,none,safe,civil,0,533.922319,2983,preferred,1.0,1
S00613,OERK,25.195241,46.300181,E190,regional_jet,1867,technical,599,low,0.9,720.0,599.0,947.695744,emergency,OKKK,4580,60,asphalt,ILS,1,1,advanced,1,major,1,1,1,1,1,1,1,open,none,safe,civil,0,477.46524,2713,preferred,2.0,0
S00613,OERK,25.195241,46.300181,E190,regional_jet,1867,technical,599,low,0.9,720.0,599.0,947.695744,emergency,OERK,4205,60,asphalt,ILS,1,1,advanced,1,major,1,1,1,1,1,1,1,open,none,safe,civil,0,48.062295,2338,preferred,3.0,0
S00613,OERK,25.195241,46.300181,E190,regional_jet,1867,technical,599,low,0.9,720.0,599.0,947.695744,emergency,OMDB,4447,60,asphalt,ILS,1,1,advanced,1,major,1,1,1,1,1,1,1,open,none,safe,civil,1,912.311937,2580,extended,4.0,0
S00613,OERK,25.195241,46.300181,E190,regional_jet,1867,technical,599,low,0.9,720.0,599.0,947.695744,emergency,OBBI,3956,60,asphalt,ILS,1,1,advanced,1,major,1,1,1,1,1,1,1,open,none,safe,civil,0,450.505693,2089,preferred,5.0,0
S00613,OERK,25.195241,46.300181,E190,regional_jet,1867,technical,599,low,0.9,720.0,599.0,947.695744,emergency,OMAA,4106,60,asphalt,ILS,1,1,advanced,1,major,1,1,1,1,1,1,1,open,none,safe,civil,0,846.655647,2239,extended,6.0,0
S00614,CYYZ,43.337685,-79.708855,A319,narrow_body,2053,fuel,643,critical,0.75,675.0,643.0,1083.190683,emergency,KJFK,4423,61,asphalt,ILS,1,1,advanced,1,major,1,1,1,1,1,1,1,open,none,safe,civil,1,574.402029,2370,preferred,1.0,1
S00614,CYYZ,43.337685,-79.708855,A319,narrow_body,2053,fuel,643,critical,0.75,675.0,643.0,1083.190683,emergency,KORD,3962,46,concrete,ILS,1,1,advanced,1,major,1,1,1,1,1,1,1,open,none,safe,civil,0,686.73013,1909,extended,2.0,0
S00614,CYYZ,43.337685,-79.708855,A319,narrow_body,2053,fuel,643,critical,0.75,675.0,643.0,1083.190683,emergency,CYYZ,3389,61,asphalt,ILS,1,1,advanced,1,major,1,1,1,1,1,1,1,open,none,safe,civil,1,38.153355,1336,preferred,3.0,0
S00615,LTFM,41.654345,28.658161,B767-300ER,wide_body,2973,medical,829,low,0.9,1125.0,829.0,1364.387037,emergency,LTFM,4100,60,asphalt,ILS,1,1,advanced,1,major,1,1,1,1,1,1,0,open,none,safe,civil,0,42.643096,1127,preferred,1.0,1
S00615,LTFM,41.654345,28.658161,B767-300ER,wide_body,2973,medical,829,low,0.9,1125.0,829.0,1364.387037,emergency,LGAV,4000,45,asphalt,ILS,1,1,advanced,1,major,1,1,1,1,1,1,1,open,none,safe,civil,0,576.954827,1027,preferred,2.0,0
S00615,LTFM,41.654345,28.658161,B767-300ER,wide_body,2973,medical,829,low,0.9,1125.0,829.0,1364.387037,emergency,HECA,4000,60,asphalt,ILS,1,1,basic,1,major,1,1,1,1,1,1,1,open,none,safe,civil,0,1306.795213,1027,extended,3.0,0
S00615,LTFM,41.654345,28.658161,B767-300ER,wide_body,2973,medical,829,low,0.9,1125.0,829.0,1364.387037,emergency,LIRF,3902,60,asphalt,ILS,1,1,basic,1,major,1,1,1,1,1,1,1,open,none,safe,civil,1,1359.487057,929,extended,4.0,0
S00615,LTFM,41.654345,28.658161,B767-300ER,wide_body,2973,medical,829,low,0.9,1125.0,829.0,1364.387037,emergency,LTAC,3750,45,asphalt,ILS,1,1,advanced,1,major,1,1,1,1,1,1,1,open,none,safe,joint,0,402.056528,777,preferred,5.0,0
S00615,LTFM,41.654345,28.658161,B767-300ER,wide_body,2973,medical,829,low,0.9,1125.0,829.0,1364.387037,emergency,OJAI,3660,61,asphalt,ILS,1,1,advanced,1,major,1,1,1,1,1,1,1,open,none,safe,civil,0,1282.306977,687,extended,6.0,0
S00616,HKJK,-1.600801,36.763629,B767-300ER,wide_body,2963,technical,477,critical,0.75,937.5,477.0,771.605683,emergency,HKJK,4117,45,asphalt,RNAV,0,1,basic,1,basic,1,0,1,1,1,1,1,open,none,safe,civil,0,36.29674,1154,preferred,1.0,1
S00617,RCTP,25.001658,120.885502,A330-300,wide_body,2949,weather,1265,low,0.9,1170.0,1170.0,2144.505116,aircraft_fuel,ZSPD,4000,60,concrete,ILS,1,1,advanced,1,major,1,1,1,1,1,1,1,open,none,safe,civil,1,688.852933,1051,preferred,1.0,1
S00617,RCTP,25.001658,120.885502,A330-300,wide_body,2949,weather,1265,low,0.9,1170.0,1170.0,2144.505116,aircraft_fuel,RCTP,3660,60,concrete,ILS,1,1,advanced,1,major,1,1,1,1,1,1,1,open,none,safe,civil,0,36.015253,711,preferred,2.0,0
S00617,RCTP,25.001658,120.885502,A330-300,wide_body,2949,weather,1265,low,0.9,1170.0,1170.0,2144.505116,aircraft_fuel,RKSI,4000,60,asphalt,ILS,1,1,advanced,1,major,1,1,1,1,1,1,1,open,none,safe,civil,1,1483.06501,1051,extended,3.0,0
S00617,RCTP,25.001658,120.885502,A330-300,wide_body,2949,weather,1265,low,0.9,1170.0,1170.0,2144.505116,aircraft_fuel,ZBAA,3810,60,asphalt,ILS,1,1,advanced,1,major,1,1,1,1,1,1,1,open,none,safe,civil,1,1723.265656,861,extended,4.0,0
S00617,RCTP,25.001658,120.885502,A330-300,wide_body,2949,weather,1265,low,0.9,1170.0,1170.0,2144.505116,aircraft_fuel,RPLL,3737,60,concrete,ILS,1,1,basic,1,basic,1,1,1,1,1,1,1,open,none,caution,civil,0,1166.859376,788,preferred,5.0,0
S00618,UAAA,43.057899,77.353355,B737-800,narrow_body,2469,weather,1148,normal,1.0,950.0,950.0,1499.191002,aircraft_fuel,UAAA,4500,45,asphalt,RNAV,0,1,basic,1,basic,1,1,1,1,1,1,1,open,none,safe,civil,0,41.466042,2031,preferred,1.0,1
S00618,UAAA,43.057899,77.353355,B737-800,narrow_body,2469,weather,1148,normal,1.0,950.0,950.0,1499.191002,aircraft_fuel,UACC,3500,45,asphalt,RNAV,0,1,basic,1,basic,1,1,1,1,1,1,1,open,none,safe,civil,0,991.280605,1031,extended,2.0,0
S00618,UAAA,43.057899,77.353355,B737-800,narrow_body,2469,weather,1148,normal,1.0,950.0,950.0,1499.191002,aircraft_fuel,OPLA,3360,46,concrete,RNAV,0,0,none,1,basic,1,0,1,1,1,1,1,open,none,caution,civil,0,1308.80705,891,extended,3.0,0
S00619,WIMM,3.921694,98.959476,E190,regional_jet,1845,fuel,713,critical,0.75,600.0,600.0,946.471451,aircraft_fuel,WMKK,4124,60,asphalt,ILS,1,1,advanced,1,major,1,1,1,1,1,1,1,open,none,safe,civil,0,332.150371,2279,preferred,1.0,1
S00619,WIMM,3.921694,98.959476,E190,regional_jet,1845,fuel,713,critical,0.75,600.0,600.0,946.471451,aircraft_fuel,WSSS,4000,60,asphalt,ILS,1,1,advanced,1,major,1,1,1,1,1,1,1,open,none,safe,civil,1,628.041488,2155,extended,2.0,0
S00619,WIMM,3.921694,98.959476,E190,regional_jet,1845,fuel,713,critical,0.75,600.0,600.0,946.471451,aircraft_fuel,WIMM,3000,60,asphalt,RNAV,1,1,basic,1,basic,1,0,1,1,0,1,1,open,none,safe,civil,0,32.217798,1155,preferred,3.0,0
S00620,OOMS,23.431805,58.509519,A320,narrow_body,2281,mechanical,711,normal,1.0,950.0,711.0,1087.689505,emergency,OTHH,4850,60,asphalt,ILS,1,1,advanced,1,major,1,1,1,1,1,1,1,open,none,safe,civil,0,728.374769,2569,extended,1.0,1
S00620,OOMS,23.431805,58.509519,A320,narrow_body,2281,mechanical,711,normal,1.0,950.0,711.0,1087.689505,emergency,OMDB,4447,60,asphalt,ILS,1,1,advanced,1,major,1,1,1,1,1,1,1,open,none,safe,civil,1,376.762203,2166,preferred,2.0,0
S00620,OOMS,23.431805,58.509519,A320,narrow_body,2281,mechanical,711,normal,1.0,950.0,711.0,1087.689505,emergency,OOMS,4080,45,asphalt,ILS,1,1,advanced,1,major,1,1,1,1,1,1,1,open,none,safe,civil,0,29.554682,1799,preferred,3.0,0
S00620,OOMS,23.431805,58.509519,A320,narrow_body,2281,mechanical,711,normal,1.0,950.0,711.0,1087.689505,emergency,OMAA,4106,60,asphalt,ILS,1,1,advanced,1,major,1,1,1,1,1,1,1,open,none,safe,civil,0,408.040047,1825,preferred,4.0,0
S00620,OOMS,23.431805,58.509519,A320,narrow_body,2281,mechanical,711,normal,1.0,950.0,711.0,1087.689505,emergency,OBBI,3956,60,asphalt,ILS,1,1,advanced,1,major,1,1,1,1,1,1,1,open,none,safe,civil,0,854.335596,1675,extended,5.0,0
S00620,OOMS,23.431805,58.509519,A320,narrow_body,2281,mechanical,711,normal,1.0,950.0,711.0,1087.689505,emergency,OPKC,3400,46,concrete,RNAV,0,1,basic,1,basic,1,1,1,1,1,1,1,open,none,caution,civil,0,892.663304,1119,extended,6.0,0
S00621,ULLI,59.645992,29.667446,A321,narrow_body,2398,medical,774,low,0.9,900.0,774.0,1274.781953,emergency,EFHK,3440,60,asphalt,ILS,1,1,advanced,1,major,1,1,1,1,1,1,1,open,none,safe,civil,0,272.080808,1042,preferred,1.0,1
S00621,ULLI,59.645992,29.667446,A321,narrow_body,2398,medical,774,low,0.9,900.0,774.0,1274.781953,emergency,ULLI,3780,60,concrete,ILS,1,1,advanced,1,major,1,1,1,1,1,1,1,open,none,caution,civil,0,37.513845,1382,preferred,2.0,0
S00621,ULLI,59.645992,29.667446,A321,narrow_body,2398,medical,774,low,0.9,900.0,774.0,1274.781953,emergency,UUEE,3700,60,concrete,ILS,1,1,advanced,1,major,1,1,1,1,1,1,1,open,none,caution,civil,0,613.198617,1302,preferred,3.0,0
S00621,ULLI,59.645992,29.667446,A321,narrow_body,2398,medical,774,low,0.9,900.0,774.0,1274.781953,emergency,ESSA,3301,45,asphalt,ILS,1,1,advanced,1,major,1,1,1,1,1,1,1,open,none,safe,civil,0,658.725035,903,preferred,4.0,0
S00621,ULLI,59.645992,29.667446,A321,narrow_body,2398,medical,774,low,0.9,900.0,774.0,1274.781953,emergency,ENGM,3600,45,asphalt,ILS,1,1,advanced,1,major,1,1,1,1,1,1,1,open,none,safe,civil,0,1033.140705,1202,extended,5.0,0
S00622,VTBS,13.717281,100.570364,E190,regional_jet,1944,weather,1218,low,0.9,720.0,720.0,1120.148804,aircraft_fuel,VTBS,4000,60,asphalt,ILS,1,1,advanced,1,major,1,1,1,1,1,1,1,open,none,safe,civil,0,19.50199,2056,preferred,1.0,1
S00623,OTHH,24.90888,51.363856,A320,narrow_body,2238,mechanical,616,normal,1.0,950.0,616.0,1004.920775,emergency,OTHH,4850,60,asphalt,ILS,1,1,advanced,1,major,1,1,1,1,1,1,1,open,none,safe,civil,0,47.376601,2612,preferred,1.0,1
S00623,OTHH,24.90888,51.363856,A320,narrow_body,2238,mechanical,616,normal,1.0,950.0,616.0,1004.920775,emergency,OKKK,4580,60,asphalt,ILS,1,1,advanced,1,major,1,1,1,1,1,1,1,open,none,safe,civil,0,585.762159,2342,preferred,2.0,0
S00623,OTHH,24.90888,51.363856,A320,narrow_body,2238,mechanical,616,normal,1.0,950.0,616.0,1004.920775,emergency,OMDB,4447,60,asphalt,ILS,1,1,advanced,1,major,1,1,1,1,1,1,1,open,none,safe,civil,1,405.326067,2209,preferred,3.0,0
S00623,OTHH,24.90888,51.363856,A320,narrow_body,2238,mechanical,616,normal,1.0,950.0,616.0,1004.920775,emergency,OERK,4205,60,asphalt,ILS,1,1,advanced,1,major,1,1,1,1,1,1,1,open,none,safe,civil,0,470.392835,1967,preferred,4.0,0
S00623,OTHH,24.90888,51.363856,A320,narrow_body,2238,mechanical,616,normal,1.0,950.0,616.0,1004.920775,emergency,OMAA,4106,60,asphalt,ILS,1,1,advanced,1,major,1,1,1,1,1,1,1,open,none,safe,civil,0,336.004256,1868,preferred,5.0,0
S00623,OTHH,24.90888,51.363856,A320,narrow_body,2238,mechanical,616,normal,1.0,950.0,616.0,1004.920775,emergency,OBBI,3956,60,asphalt,ILS,1,1,advanced,1,major,1,1,1,1,1,1,1,open,none,safe,civil,0,167.6895,1718,preferred,6.0,0
S00623,OTHH,24.90888,51.363856,A320,narrow_body,2238,mechanical,616,normal,1.0,950.0,616.0,1004.920775,emergency,OOMS,4080,45,asphalt,ILS,1,1,advanced,1,major,1,1,1,1,1,1,1,open,none,safe,civil,0,716.525744,1842,extended,7.0,0
S00624,OPLA,31.881674,74.484786,A220-300,narrow_body,2054,medical,802,normal,1.0,950.0,802.0,1236.694625,emergency,VIDP,4430,60,asphalt,ILS,1,1,advanced,1,major,1,1,1,1,1,1,1,open,none,safe,civil,1,446.825838,2376,preferred,1.0,1
S00624,OPLA,31.881674,74.484786,A220-300,narrow_body,2054,medical,802,normal,1.0,950.0,802.0,1236.694625,emergency,OPKC,3400,46,concrete,RNAV,0,1,basic,1,basic,1,1,1,1,1,1,1,open,none,caution,civil,0,1055.209133,1346,extended,2.0,0
S00625,NZAA,-36.962292,174.052146,B787-9,wide_body,2840,medical,914,normal,1.0,1400.0,914.0,1710.27709,emergency,NZAA,3635,45,concrete,ILS,1,1,advanced,1,major,1,1,1,1,1,1,1,open,none,safe,civil,0,65.44332,795,preferred,1.0,1
S00626,OMDB,25.881692,55.283034,A321,narrow_body,2384,medical,1008,critical,0.75,750.0,750.0,1167.081148,aircraft_fuel,OTHH,4850,60,asphalt,ILS,1,1,advanced,1,major,1,1,1,1,1,1,1,open,none,safe,civil,0,374.740682,2466,preferred,1.0,1
S00626,OMDB,25.881692,55.283034,A321,narrow_body,2384,medical,1008,critical,0.75,750.0,750.0,1167.081148,aircraft_fuel,OMDB,4447,60,asphalt,ILS,1,1,advanced,1,major,1,1,1,1,1,1,1,open,none,safe,civil,1,70.816053,2063,preferred,2.0,0
S00626,OMDB,25.881692,55.283034,A321,narrow_body,2384,medical,1008,critical,0.75,750.0,750.0,1167.081148,aircraft_fuel,OKKK,4580,60,asphalt,ILS,1,1,advanced,1,major,1,1,1,1,1,1,1,open,none,safe,civil,0,810.882554,2196,extended,3.0,0
S00626,OMDB,25.881692,55.283034,A321,narrow_body,2384,medical,1008,critical,0.75,750.0,750.0,1167.081148,aircraft_fuel,OMAA,4106,60,asphalt,ILS,1,1,advanced,1,major,1,1,1,1,1,1,1,open,none,safe,civil,0,172.432689,1722,preferred,4.0,0
S00626,OMDB,25.881692,55.283034,A321,narrow_body,2384,medical,1008,critical,0.75,750.0,750.0,1167.081148,aircraft_fuel,OOMS,4080,45,asphalt,ILS,1,1,advanced,1,major,1,1,1,1,1,1,1,open,none,safe,civil,0,395.295603,1696,preferred,5.0,0
S00626,OMDB,25.881692,55.283034,A321,narrow_body,2384,medical,1008,critical,0.75,750.0,750.0,1167.081148,aircraft_fuel,OBBI,3956,60,asphalt,ILS,1,1,advanced,1,major,1,1,1,1,1,1,1,open,none,safe,civil,0,465.923127,1572,preferred,6.0,0
S00626,OMDB,25.881692,55.283034,A321,narrow_body,2384,medical,1008,critical,0.75,750.0,750.0,1167.081148,aircraft_fuel,OERK,4205,60,asphalt,ILS,1,1,advanced,1,major,1,1,1,1,1,1,1,open,none,safe,civil,0,868.052846,1821,extended,7.0,0
S00627,EGCC,53.52025,-2.21776,A319,narrow_body,2057,mechanical,781,low,0.9,810.0,781.0,1297.107685,emergency,LFPG,4215,45,asphalt,ILS,1,1,advanced,1,major,1,1,1,1,1,1,1,open,none,safe,civil,1,601.25514,2158,preferred,1.0,1
S00627,EGCC,53.52025,-2.21776,A319,narrow_body,2057,mechanical,781,low,0.9,810.0,781.0,1297.107685,emergency,EGLL,3901,50,asphalt,ILS,1,1,advanced,1,major,1,1,1,1,1,1,1,open,none,safe,civil,1,257.075158,1844,preferred,2.0,0
S00627,EGCC,53.52025,-2.21776,A319,narrow_body,2057,mechanical,781,low,0.9,810.0,781.0,1297.107685,emergency,EHAM,3800,60,asphalt,ILS,1,1,advanced,1,major,1,1,1,1,1,1,1,open,none,safe,civil,1,486.901494,1743,preferred,3.0,0
S00627,EGCC,53.52025,-2.21776,A319,narrow_body,2057,mechanical,781,low,0.9,810.0,781.0,1297.107685,emergency,EDDF,4000,60,asphalt,ILS,1,1,advanced,1,major,1,1,1,0,1,1,1,open,none,safe,civil,1,835.851763,1943,extended,4.0,0
S00627,EGCC,53.52025,-2.21776,A319,narrow_body,2057,mechanical,781,low,0.9,810.0,781.0,1297.107685,emergency,EGKK,3317,45,asphalt,ILS,1,1,advanced,1,major,1,1,1,1,1,1,1,open,none,safe,civil,1,297.627701,1260,preferred,5.0,0
S00627,EGCC,53.52025,-2.21776,A319,narrow_body,2057,mechanical,781,low,0.9,810.0,781.0,1297.107685,emergency,ENGM,3600,45,asphalt,ILS,1,1,advanced,1,major,1,1,1,1,1,1,1,open,none,safe,civil,0,1094.624386,1543,extended,6.0,0
S00627,EGCC,53.52025,-2.21776,A319,narrow_body,2057,mechanical,781,low,0.9,810.0,781.0,1297.107685,emergency,EGCC,3048,46,asphalt,ILS,1,1,advanced,1,major,1,1,1,1,1,1,1,open,none,safe,civil,1,18.898239,991,preferred,7.0,0
S00627,EGCC,53.52025,-2.21776,A319,narrow_body,2057,mechanical,781,low,0.9,810.0,781.0,1297.107685,emergency,EIDW,3110,45,concrete,ILS,1,1,advanced,1,major,1,1,1,1,1,1,1,open,none,safe,civil,0,267.817593,1053,preferred,8.0,0
S00628,HECA,30.61669,31.437503,A320,narrow_body,2372,operational_constraints,715,low,0.9,855.0,715.0,1131.546679,emergency,HECA,4000,60,asphalt,ILS,1,1,basic,1,major,1,1,1,1,1,1,1,open,none,safe,civil,0,56.307073,1628,preferred,1.0,1
S00628,HECA,30.61669,31.437503,A320,narrow_body,2372,operational_constraints,715,low,0.9,855.0,715.0,1131.546679,emergency,OJAI,3660,61,asphalt,ILS,1,1,advanced,1,major,1,1,1,1,1,1,1,open,none,safe,civil,0,450.504563,1288,preferred,2.0,0
S00628,HECA,30.61669,31.437503,A320,narrow_body,2372,operational_constraints,715,low,0.9,855.0,715.0,1131.546679,emergency,LGAV,4000,45,asphalt,ILS,1,1,advanced,1,major,1,1,1,1,1,1,1,open,none,safe,civil,0,1065.226768,1628,extended,3.0,0
S00628,HECA,30.61669,31.437503,A320,narrow_body,2372,operational_constraints,715,low,0.9,855.0,715.0,1131.546679,emergency,LTAC,3750,45,asphalt,ILS,1,1,advanced,1,major,1,1,1,1,1,1,1,open,none,safe,joint,0,1066.953838,1378,extended,4.0,0
S00628,HECA,30.61669,31.437503,A320,narrow_body,2372,operational_constraints,715,low,0.9,855.0,715.0,1131.546679,emergency,LCLK,2987,45,asphalt,ILS,1,0,none,1,basic,1,0,1,1,1,1,1,open,none,safe,civil,0,515.771825,615,preferred,5.0,0
S00628,HECA,30.61669,31.437503,A320,narrow_body,2372,operational_constraints,715,low,0.9,855.0,715.0,1131.546679,emergency,HELX,3000,45,asphalt,RNAV,0,0,none,1,basic,1,0,1,0,0,1,1,open,none,safe,joint,0,563.821421,628,preferred,6.0,0
S00629,FMMI,-18.042442,46.640686,E190,regional_jet,1907,fuel,717,critical,0.75,600.0,600.0,870.201325,aircraft_fuel,FMMI,3100,45,asphalt,VOR,0,0,none,0,none,0,0,1,1,1,1,0,open,none,caution,civil,0,121.884071,1193,preferred,1.0,1
S00630,RCTP,24.613747,121.414039,E190,regional_jet,1860,weather,1179,low,0.9,720.0,720.0,1180.739898,aircraft_fuel,RCTP,3660,60,concrete,ILS,1,1,advanced,1,major,1,1,1,1,1,1,1,open,none,safe,civil,0,54.72782,1800,preferred,1.0,1
S00630,RCTP,24.613747,121.414039,E190,regional_jet,1860,weather,1179,low,0.9,720.0,720.0,1180.739898,aircraft_fuel,ZSPD,4000,60,concrete,ILS,1,1,advanced,1,major,1,1,1,1,1,1,1,open,none,safe,civil,1,727.078451,2140,extended,2.0,0
S00630,RCTP,24.613747,121.414039,E190,regional_jet,1860,weather,1179,low,0.9,720.0,720.0,1180.739898,aircraft_fuel,RPLL,3737,60,concrete,ILS,1,1,basic,1,basic,1,1,1,1,1,1,1,open,none,caution,civil,0,1124.396622,1877,extended,3.0,0
S00631,RJTT,34.808626,140.041059,B737-800,narrow_body,2437,operational_constraints,994,normal,1.0,950.0,950.0,1580.104954,aircraft_fuel,RJAA,4000,60,asphalt,ILS,1,1,advanced,1,major,1,1,1,0,1,1,1,open,none,safe,civil,1,111.307994,1563,preferred,1.0,1
S00631,RJTT,34.808626,140.041059,B737-800,narrow_body,2437,operational_constraints,994,normal,1.0,950.0,950.0,1580.104954,aircraft_fuel,RKSI,4000,60,asphalt,ILS,1,1,advanced,1,major,1,1,1,1,1,1,1,open,none,safe,civil,1,1254.482942,1563,extended,2.0,0
S00631,RJTT,34.808626,140.041059,B737-800,narrow_body,2437,operational_constraints,994,normal,1.0,950.0,950.0,1580.104954,aircraft_fuel,RJTT,3360,61,asphalt,ILS,1,1,advanced,1,major,1,1,1,1,1,1,1,open,none,safe,civil,1,85.576177,923,preferred,3.0,0
S00631,RJTT,34.808626,140.041059,B737-800,narrow_body,2437,operational_constraints,994,normal,1.0,950.0,950.0,1580.104954,aircraft_fuel,RJCC,3000,61,asphalt,RNAV,0,1,basic,1,basic,1,1,1,1,1,1,1,open,none,safe,joint,0,897.198744,563,preferred,4.0,0
S00632,YMML,-37.932541,144.319236,A319,narrow_body,2088,fuel,752,normal,1.0,900.0,752.0,1311.398331,emergency,YMML,3657,60,asphalt,ILS,1,1,advanced,1,major,1,1,1,1,1,1,1,open,none,safe,civil,0,54.07441,1569,preferred,1.0,1
S00632,YMML,-37.932541,144.319236,A319,narrow_body,2088,fuel,752,normal,1.0,900.0,752.0,1311.398331,emergency,YSSY,3962,45,asphalt,ILS,1,1,advanced,1,major,1,1,1,0,1,1,1,open,none,safe,civil,1,759.675303,1874,extended,2.0,0
S00633,OMAA,24.612626,55.568634,CRJ900,regional_jet,1860,fuel,890,critical,0.75,525.0,525.0,786.816196,aircraft_fuel,OTHH,4850,60,asphalt,ILS,1,1,advanced,1,major,1,1,1,1,1,1,1,open,none,safe,civil,0,405.998942,2990,preferred,1.0,1
S00633,OMAA,24.612626,55.568634,CRJ900,regional_jet,1860,fuel,890,critical,0.75,525.0,525.0,786.816196,aircraft_fuel,OMDB,4447,60,asphalt,ILS,1,1,advanced,1,major,1,1,1,1,1,1,1,open,none,safe,civil,1,73.598853,2587,preferred,2.0,0
S00633,OMAA,24.612626,55.568634,CRJ900,regional_jet,1860,fuel,890,critical,0.75,525.0,525.0,786.816196,aircraft_fuel,OMAA,4106,60,asphalt,ILS,1,1,advanced,1,major,1,1,1,1,1,1,1,open,none,safe,civil,0,94.945819,2246,preferred,3.0,0
S00633,OMAA,24.612626,55.568634,CRJ900,regional_jet,1860,fuel,890,critical,0.75,525.0,525.0,786.816196,aircraft_fuel,OOMS,4080,45,asphalt,ILS,1,1,advanced,1,major,1,1,1,1,1,1,1,open,none,safe,civil,0,297.817574,2220,preferred,4.0,0
S00633,OMAA,24.612626,55.568634,CRJ900,regional_jet,1860,fuel,890,critical,0.75,525.0,525.0,786.816196,aircraft_fuel,OBBI,3956,60,asphalt,ILS,1,1,advanced,1,major,1,1,1,1,1,1,1,open,none,safe,civil,0,528.162556,2096,extended,5.0,0
S00635,OPLA,31.51768,73.959068,A319,narrow_body,2101,security,434,normal,1.0,900.0,434.0,701.65127,emergency,VIDP,4430,60,asphalt,ILS,1,1,advanced,1,major,1,1,1,1,1,1,1,open,none,safe,civil,1,446.735011,2329,extended,1.0,1
S00635,OPLA,31.51768,73.959068,A319,narrow_body,2101,security,434,normal,1.0,900.0,434.0,701.65127,emergency,OPLA,3360,46,concrete,RNAV,0,0,none,1,basic,1,0,1,1,1,1,1,open,none,caution,civil,0,42.139406,1259,preferred,2.0,0
S00636,UOOO,69.252843,87.900527,B737-800,narrow_body,2320,security,748,low,0.9,855.0,748.0,1217.358951,emergency,UOOO,2800,45,concrete,VOR,0,0,none,1,basic,1,0,1,0,0,1,0,open,restricted,caution,joint,0,23.275874,480,preferred,1.0,1
S00637,LEMD,39.643467,-3.152054,B737-800,narrow_body,2312,medical,539,low,0.9,855.0,539.0,820.527947,emergency,LEMD,4350,60,asphalt,ILS,1,1,advanced,1,major,1,1,1,1,1,1,1,open,none,safe,civil,1,101.046524,2038,preferred,1.0,1
S00637,LEMD,39.643467,-3.152054,B737-800,narrow_body,2312,medical,539,low,0.9,855.0,539.0,820.527947,emergency,LPPT,3707,45,asphalt,ILS,1,1,advanced,1,major,1,1,1,1,1,1,1,open,none,safe,civil,0,524.269772,1395,preferred,2.0,0
S00637,LEMD,39.643467,-3.152054,B737-800,narrow_body,2312,medical,539,low,0.9,855.0,539.0,820.527947,emergency,GMMN,3720,45,asphalt,ILS,1,1,advanced,1,major,1,1,1,1,1,1,1,open,none,safe,civil,0,802.429506,1408,extended,3.0,0
S00637,LEMD,39.643467,-3.152054,B737-800,narrow_body,2312,medical,539,low,0.9,855.0,539.0,820.527947,emergency,DAAG,3500,60,asphalt,RNAV,0,1,basic,1,basic,1,1,1,1,1,1,0,open,none,safe,civil,0,645.775271,1188,extended,4.0,0
S00638,UUEE,55.997847,37.055015,B737-800,narrow_body,2339,security,1200,normal,1.0,950.0,950.0,1703.943977,aircraft_fuel,EFHK,3440,60,asphalt,ILS,1,1,advanced,1,major,1,1,1,1,1,1,1,open,none,safe,civil,0,854.713178,1101,preferred,1.0,1
S00638,UUEE,55.997847,37.055015,B737-800,narrow_body,2339,security,1200,normal,1.0,950.0,950.0,1703.943977,aircraft_fuel,ULLI,3780,60,concrete,ILS,1,1,advanced,1,major,1,1,1,1,1,1,1,open,none,caution,civil,0,582.430814,1441,preferred,2.0,0
S00638,UUEE,55.997847,37.055015,B737-800,narrow_body,2339,security,1200,normal,1.0,950.0,950.0,1703.943977,aircraft_fuel,UUEE,3700,60,concrete,ILS,1,1,advanced,1,major,1,1,1,1,1,1,1,open,none,caution,civil,0,22.277806,1361,preferred,3.0,0
S00638,UUEE,55.997847,37.055015,B737-800,narrow_body,2339,security,1200,normal,1.0,950.0,950.0,1703.943977,aircraft_fuel,ENGM,3600,45,asphalt,ILS,1,1,advanced,1,major,1,1,1,1,1,1,1,open,none,safe,civil,0,1583.163436,1261,extended,4.0,0
S00638,UUEE,55.997847,37.055015,B737-800,narrow_body,2339,security,1200,normal,1.0,950.0,950.0,1703.943977,aircraft_fuel,ESSA,3301,45,asphalt,ILS,1,1,advanced,1,major,1,1,1,1,1,1,1,open,none,safe,civil,0,1198.009099,962,extended,5.0,0
S00639,ZSPD,31.735128,122.288879,E190,regional_jet,1803,medical,758,critical,0.75,600.0,600.0,940.24621,aircraft_fuel,ZSPD,4000,60,concrete,ILS,1,1,advanced,1,major,1,1,1,1,1,1,1,open,none,safe,civil,1,80.228309,2197,preferred,1.0,1
S00639,ZSPD,31.735128,122.288879,E190,regional_jet,1803,medical,758,critical,0.75,600.0,600.0,940.24621,aircraft_fuel,RKSI,4000,60,asphalt,ILS,1,1,advanced,1,major,1,1,1,1,1,1,1,open,none,safe,civil,1,742.51067,2197,extended,2.0,0
S00639,ZSPD,31.735128,122.288879,E190,regional_jet,1803,medical,758,critical,0.75,600.0,600.0,940.24621,aircraft_fuel,RCTP,3660,60,concrete,ILS,1,1,advanced,1,major,1,1,1,1,1,1,1,open,none,safe,civil,0,747.425838,1857,extended,3.0,0
S00640,SAEZ,-35.686196,-58.017187,E170,regional_jet,1722,mechanical,1122,normal,1.0,700.0,700.0,1065.037139,aircraft_fuel,SAEZ,3300,60,asphalt,ILS,1,1,basic,1,major,1,1,1,1,1,1,1,open,none,safe,civil,0,106.991917,1578,preferred,1.0,1
S00641,DAAG,36.545951,2.961724,E190,regional_jet,1899,mechanical,648,low,0.9,720.0,648.0,955.019803,emergency,LEMD,4350,60,asphalt,ILS,1,1,advanced,1,major,1,1,1,1,1,1,1,open,none,safe,civil,1,717.83562,2451,extended,1.0,1
S00641,DAAG,36.545951,2.961724,E190,regional_jet,1899,mechanical,648,low,0.9,720.0,648.0,955.019803,emergency,DAAG,3500,60,asphalt,RNAV,0,1,basic,1,basic,1,1,1,1,1,1,0,open,none,safe,civil,0,27.921953,1601,preferred,2.0,0
S00641,DAAG,36.545951,2.961724,E190,regional_jet,1899,mechanical,648,low,0.9,720.0,648.0,955.019803,emergency,DTTA,3200,45,asphalt,RNAV,0,1,basic,1,basic,1,0,1,1,1,1,1,open,none,safe,civil,0,648.48516,1301,extended,3.0,0
S00642,VIDP,29.151264,77.557694,A320,narrow_body,2226,fuel,930,low,0.9,855.0,855.0,1352.66175,aircraft_fuel,VIDP,4430,60,asphalt,ILS,1,1,advanced,1,major,1,1,1,1,1,1,1,open,none,safe,civil,1,80.09683,2204,preferred,1.0,1
S00642,VIDP,29.151264,77.557694,A320,narrow_body,2226,fuel,930,low,0.9,855.0,855.0,1352.66175,aircraft_fuel,VABB,3509,60,asphalt,ILS,1,1,advanced,1,major,1,1,1,1,1,1,1,open,none,safe,civil,1,1215.53544,1283,extended,2.0,0
S00642,VIDP,29.151264,77.557694,A320,narrow_body,2226,fuel,930,low,0.9,855.0,855.0,1352.66175,aircraft_fuel,OPLA,3360,46,concrete,RNAV,0,0,none,1,basic,1,0,1,1,1,1,1,open,none,caution,civil,0,401.324894,1134,preferred,3.0,0
S00642,VIDP,29.151264,77.557694,A320,narrow_body,2226,fuel,930,low,0.9,855.0,855.0,1352.66175,aircraft_fuel,OPKC,3400,46,concrete,RNAV,0,1,basic,1,basic,1,1,1,1,1,1,1,open,none,caution,civil,0,1132.177724,1174,extended,4.0,0
S00642,VIDP,29.151264,77.557694,A320,narrow_body,2226,fuel,930,low,0.9,855.0,855.0,1352.66175,aircraft_fuel,VNKT,3350,45,asphalt,VOR,0,0,none,0,none,0,0,1,1,1,1,1,open,none,caution,civil,0,779.692651,1124,preferred,5.0,0
S00643,FACT,-34.716951,18.706244,B737-800,narrow_body,2325,operational_constraints,956,normal,1.0,950.0,950.0,1582.113591,aircraft_fuel,FAOR,4418,61,asphalt,ILS,1,1,advanced,1,major,1,1,1,1,1,1,1,open,none,safe,civil,0,1320.083457,2093,extended,1.0,1
S00643,FACT,-34.716951,18.706244,B737-800,narrow_body,2325,operational_constraints,956,normal,1.0,950.0,950.0,1582.113591,aircraft_fuel,FACT,3201,61,asphalt,RNAV,0,1,basic,1,basic,1,0,1,1,1,1,1,open,none,safe,civil,0,83.137183,876,preferred,2.0,0
S00644,OOMS,23.459858,58.678651,A321,narrow_body,2570,weather,1316,low,0.9,900.0,900.0,1504.250342,aircraft_fuel,OTHH,4850,60,asphalt,ILS,1,1,advanced,1,major,1,1,1,1,1,1,1,open,none,safe,civil,0,743.900061,2280,preferred,1.0,1
S00644,OOMS,23.459858,58.678651,A321,narrow_body,2570,weather,1316,low,0.9,900.0,900.0,1504.250342,aircraft_fuel,OMDB,4447,60,asphalt,ILS,1,1,advanced,1,major,1,1,1,1,1,1,1,open,none,safe,civil,1,389.694305,1877,preferred,2.0,0
S00644,OOMS,23.459858,58.678651,A321,narrow_body,2570,weather,1316,low,0.9,900.0,900.0,1504.250342,aircraft_fuel,OKKK,4580,60,asphalt,ILS,1,1,advanced,1,major,1,1,1,1,1,1,1,open,none,safe,civil,0,1243.904182,2010,extended,3.0,0
S00644,OOMS,23.459858,58.678651,A321,narrow_body,2570,weather,1316,low,0.9,900.0,900.0,1504.250342,aircraft_fuel,OOMS,4080,45,asphalt,ILS,1,1,advanced,1,major,1,1,1,1,1,1,1,open,none,safe,civil,0,43.034902,1510,preferred,4.0,0
S00644,OOMS,23.459858,58.678651,A321,narrow_body,2570,weather,1316,low,0.9,900.0,900.0,1504.250342,aircraft_fuel,OMAA,4106,60,asphalt,ILS,1,1,advanced,1,major,1,1,1,1,1,1,1,open,none,safe,civil,0,423.734507,1536,preferred,5.0,0
S00644,OOMS,23.459858,58.678651,A321,narrow_body,2570,weather,1316,low,0.9,900.0,900.0,1504.250342,aircraft_fuel,OBBI,3956,60,asphalt,ILS,1,1,advanced,1,major,1,1,1,1,1,1,1,open,none,safe,civil,0,869.000823,1386,preferred,6.0,0
S00644,OOMS,23.459858,58.678651,A321,narrow_body,2570,weather,1316,low,0.9,900.0,900.0,1504.250342,aircraft_fuel,OERK,4205,60,asphalt,ILS,1,1,advanced,1,major,1,1,1,1,1,1,1,open,none,safe,civil,0,1225.887084,1635,extended,7.0,0
S00644,OOMS,23.459858,58.678651,A321,narrow_body,2570,weather,1316,low,0.9,900.0,900.0,1504.250342,aircraft_fuel,OPKC,3400,46,concrete,RNAV,0,1,basic,1,basic,1,1,1,1,1,1,1,open,none,caution,civil,0,875.141221,830,preferred,8.0,0
S00645,EDDF,50.348936,8.379608,E170,regional_jet,1678,mechanical,989,low,0.9,630.0,630.0,1022.39621,aircraft_fuel,LFPG,4215,45,asphalt,ILS,1,1,advanced,1,major,1,1,1,1,1,1,1,open,none,safe,civil,1,444.699165,2537,preferred,1.0,1
S00645,EDDF,50.348936,8.379608,E170,regional_jet,1678,mechanical,989,low,0.9,630.0,630.0,1022.39621,aircraft_fuel,EDDF,4000,60,asphalt,ILS,1,1,advanced,1,major,1,1,1,0,1,1,1,open,none,safe,civil,1,38.02303,2322,preferred,2.0,0
S00645,EDDF,50.348936,8.379608,E170,regional_jet,1678,mechanical,989,low,0.9,630.0,630.0,1022.39621,aircraft_fuel,EHAM,3800,60,asphalt,ILS,1,1,advanced,1,major,1,1,1,1,1,1,1,open,none,safe,civil,1,332.485665,2122,preferred,3.0,0
S00645,EDDF,50.348936,8.379608,E170,regional_jet,1678,mechanical,989,low,0.9,630.0,630.0,1022.39621,aircraft_fuel,LIRF,3902,60,asphalt,ILS,1,1,basic,1,major,1,1,1,1,1,1,1,open,none,safe,civil,1,995.580741,2224,extended,4.0,0
S00645,EDDF,50.348936,8.379608,E170,regional_jet,1678,mechanical,989,low,0.9,630.0,630.0,1022.39621,aircraft_fuel,EGLL,3901,50,asphalt,ILS,1,1,advanced,1,major,1,1,1,1,1,1,1,open,none,safe,civil,1,631.777593,2223,extended,5.0,0
S00645,EDDF,50.348936,8.379608,E170,regional_jet,1678,mechanical,989,low,0.9,630.0,630.0,1022.39621,aircraft_fuel,EGKK,3317,45,asphalt,ILS,1,1,advanced,1,major,1,1,1,1,1,1,1,open,none,safe,civil,1,608.785545,1639,preferred,6.0,0
S00645,EDDF,50.348936,8.379608,E170,regional_jet,1678,mechanical,989,low,0.9,630.0,630.0,1022.39621,aircraft_fuel,EGCC,3048,46,asphalt,ILS,1,1,advanced,1,major,1,1,1,1,1,1,1,open,none,safe,civil,1,803.438793,1370,extended,7.0,0
S00646,VTBS,13.445882,101.11361,A220-300,narrow_body,2106,fuel,641,critical,0.75,712.5,641.0,997.688659,emergency,VTBS,4000,60,asphalt,ILS,1,1,advanced,1,major,1,1,1,1,1,1,1,open,none,safe,civil,0,47.48121,1894,preferred,1.0,1
S00647,RJTT,36.005821,140.052394,A330-300,wide_body,2995,security,982,low,0.9,1170.0,982.0,1638.616248,emergency,RJAA,4000,60,asphalt,ILS,1,1,advanced,1,major,1,1,1,0,1,1,1,open,none,safe,civil,1,40.173051,1005,preferred,1.0,1
S00647,RJTT,36.005821,140.052394,A330-300,wide_body,2995,security,982,low,0.9,1170.0,982.0,1638.616248,emergency,RKSI,4000,60,asphalt,ILS,1,1,advanced,1,major,1,1,1,1,1,1,1,open,none,safe,civil,1,1221.792365,1005,extended,2.0,0
S00647,RJTT,36.005821,140.052394,A330-300,wide_body,2995,security,982,low,0.9,1170.0,982.0,1638.616248,emergency,RJTT,3360,61,asphalt,ILS,1,1,advanced,1,major,1,1,1,1,1,1,1,open,none,safe,civil,1,56.088952,365,preferred,3.0,0
S00647,RJTT,36.005821,140.052394,A330-300,wide_body,2995,security,982,low,0.9,1170.0,982.0,1638.616248,emergency,RJCC,3000,61,asphalt,RNAV,0,1,basic,1,basic,1,1,1,1,1,1,1,open,none,safe,joint,0,765.674849,5,preferred,4.0,0
S00648,CYVR,49.083329,-122.771552,B787-9,wide_body,2890,medical,839,low,0.9,1260.0,839.0,1576.001355,emergency,CYVR,3505,61,asphalt,ILS,1,1,advanced,1,major,1,1,1,1,1,1,1,open,none,safe,civil,0,32.425637,615,preferred,1.0,1
S00649,FAOR,-26.790197,28.789144,B737-800,narrow_body,2362,technical,625,normal,1.0,950.0,625.0,967.648415,emergency,FAOR,4418,61,asphalt,ILS,1,1,advanced,1,major,1,1,1,1,1,1,1,open,none,safe,civil,0,90.223196,2056,preferred,1.0,1
S00650,UACC,50.90816,72.037689,B737-800,narrow_body,2323,mechanical,424,critical,0.75,712.5,424.0,690.286712,emergency,UACC,3500,45,asphalt,RNAV,0,1,basic,1,basic,1,1,1,1,1,1,1,open,none,safe,civil,0,42.086069,1177,preferred,1.0,1
S00651,FAOR,-26.011714,28.45595,A320,narrow_body,2416,mechanical,1055,low,0.9,855.0,855.0,1327.780095,aircraft_fuel,FAOR,4418,61,asphalt,ILS,1,1,advanced,1,major,1,1,1,1,1,1,1,open,none,safe,civil,0,25.300091,2002,preferred,1.0,1
S00651,FAOR,-26.011714,28.45595,A320,narrow_body,2416,mechanical,1055,low,0.9,855.0,855.0,1327.780095,aircraft_fuel,FACT,3201,61,asphalt,RNAV,0,1,basic,1,basic,1,0,1,1,1,1,1,open,none,safe,civil,0,1296.363992,785,extended,2.0,0
S00652,UACC,50.674835,71.12312,B737 MAX 8,narrow_body,2406,mechanical,893,low,0.9,900.0,893.0,1429.06622,emergency,UAAA,4500,45,asphalt,RNAV,0,1,basic,1,basic,1,1,1,1,1,1,1,open,none,safe,civil,0,928.823982,2094,extended,1.0,1
S00652,UACC,50.674835,71.12312,B737 MAX 8,narrow_body,2406,mechanical,893,low,0.9,900.0,893.0,1429.06622,emergency,UACC,3500,45,asphalt,RNAV,0,1,basic,1,basic,1,1,1,1,1,1,1,open,none,safe,civil,0,46.008961,1094,preferred,2.0,0
S00653,KORD,41.499651,-88.626532,A319,narrow_body,2111,weather,773,low,0.9,810.0,773.0,1230.250369,emergency,KORD,3962,46,concrete,ILS,1,1,advanced,1,major,1,1,1,1,1,1,1,open,none,safe,civil,0,80.138694,1851,preferred,1.0,1
S00653,KORD,41.499651,-88.626532,A319,narrow_body,2111,weather,773,low,0.9,810.0,773.0,1230.250369,emergency,KATL,3776,46,concrete,ILS,1,1,advanced,1,major,1,1,1,1,1,1,1,open,none,safe,civil,0,949.073893,1665,extended,2.0,0
S00653,KORD,41.499651,-88.626532,A319,narrow_body,2111,weather,773,low,0.9,810.0,773.0,1230.250369,emergency,CYYZ,3389,61,asphalt,ILS,1,1,advanced,1,major,1,1,1,1,1,1,1,open,none,safe,civil,1,774.81565,1278,extended,3.0,0
S00654,FACT,-34.017615,19.3832,B787-9,wide_body,2717,security,829,low,0.9,1260.0,829.0,1433.895782,emergency,FAOR,4418,61,asphalt,ILS,1,1,advanced,1,major,1,1,1,1,1,1,1,open,none,safe,civil,0,1221.468568,1701,extended,1.0,1
S00654,FACT,-34.017615,19.3832,B787-9,wide_body,2717,security,829,low,0.9,1260.0,829.0,1433.895782,emergency,FACT,3201,61,asphalt,RNAV,0,1,basic,1,basic,1,0,1,1,1,1,1,open,none,safe,civil,0,71.966403,484,preferred,2.0,0
S00655,RJAA,35.541347,140.636678,CRJ900,regional_jet,1781,weather,862,normal,1.0,700.0,700.0,1131.349768,aircraft_fuel,RJAA,4000,60,asphalt,ILS,1,1,advanced,1,major,1,1,1,0,1,1,1,open,none,safe,civil,1,33.769102,2219,preferred,1.0,1
S00655,RJAA,35.541347,140.636678,CRJ900,regional_jet,1781,weather,862,normal,1.0,700.0,700.0,1131.349768,aircraft_fuel,RJTT,3360,61,asphalt,ILS,1,1,advanced,1,major,1,1,1,1,1,1,1,open,none,safe,civil,1,76.883076,1579,preferred,2.0,0
S00655,RJAA,35.541347,140.636678,CRJ900,regional_jet,1781,weather,862,normal,1.0,700.0,700.0,1131.349768,aircraft_fuel,RJCC,3000,61,asphalt,RNAV,0,1,basic,1,basic,1,1,1,1,1,1,1,open,none,safe,joint,0,809.412853,1219,extended,3.0,0
S00656,EDDF,49.219669,9.671085,A321,narrow_body,2342,technical,802,normal,1.0,1000.0,802.0,1255.972333,emergency,LFPG,4215,45,asphalt,ILS,1,1,advanced,1,major,1,1,1,1,1,1,1,open,none,safe,civil,1,518.331171,1873,preferred,1.0,1
S00656,EDDF,49.219669,9.671085,A321,narrow_body,2342,technical,802,normal,1.0,1000.0,802.0,1255.972333,emergency,EDDF,4000,60,asphalt,ILS,1,1,advanced,1,major,1,1,1,0,1,1,1,open,none,safe,civil,1,120.320372,1658,preferred,2.0,0
S00656,EDDF,49.219669,9.671085,A321,narrow_body,2342,technical,802,normal,1.0,1000.0,802.0,1255.972333,emergency,EGLL,3901,50,asphalt,ILS,1,1,advanced,1,major,1,1,1,1,1,1,1,open,none,safe,civil,1,760.468769,1559,preferred,3.0,0
S00656,EDDF,49.219669,9.671085,A321,narrow_body,2342,technical,802,normal,1.0,1000.0,802.0,1255.972333,emergency,EHAM,3800,60,asphalt,ILS,1,1,advanced,1,major,1,1,1,1,1,1,1,open,none,safe,civil,1,486.713166,1458,preferred,4.0,0
S00656,EDDF,49.219669,9.671085,A321,narrow_body,2342,technical,802,normal,1.0,1000.0,802.0,1255.972333,emergency,LIRF,3902,60,asphalt,ILS,1,1,basic,1,major,1,1,1,1,1,1,1,open,none,safe,civil,1,848.558034,1560,extended,5.0,0
S00656,EDDF,49.219669,9.671085,A321,narrow_body,2342,technical,802,normal,1.0,1000.0,802.0,1255.972333,emergency,EGKK,3317,45,asphalt,ILS,1,1,advanced,1,major,1,1,1,1,1,1,1,open,none,safe,civil,1,733.202322,975,preferred,6.0,0
S00656,EDDF,49.219669,9.671085,A321,narrow_body,2342,technical,802,normal,1.0,1000.0,802.0,1255.972333,emergency,ENGM,3600,45,asphalt,ILS,1,1,advanced,1,major,1,1,1,1,1,1,1,open,none,safe,civil,0,1223.655015,1258,extended,7.0,0
S00656,EDDF,49.219669,9.671085,A321,narrow_body,2342,technical,802,normal,1.0,1000.0,802.0,1255.972333,emergency,EIDW,3110,45,concrete,ILS,1,1,advanced,1,major,1,1,1,1,1,1,1,open,none,safe,civil,0,1198.701713,768,extended,8.0,0
S00656,EDDF,49.219669,9.671085,A321,narrow_body,2342,technical,802,normal,1.0,1000.0,802.0,1255.972333,emergency,EGCC,3048,46,asphalt,ILS,1,1,advanced,1,major,1,1,1,1,1,1,1,open,none,safe,civil,1,947.776092,706,extended,9.0,0
S00657,EHAM,52.203372,4.251884,E175,regional_jet,1804,weather,532,normal,1.0,750.0,532.0,745.483121,emergency,LFPG,4215,45,asphalt,ILS,1,1,advanced,1,major,1,1,1,1,1,1,1,open,none,safe,civil,1,374.836577,2411,preferred,1.0,1
S00657,EHAM,52.203372,4.251884,E175,regional_jet,1804,weather,532,normal,1.0,750.0,532.0,745.483121,emergency,EDDF,4000,60,asphalt,ILS,1,1,advanced,1,major,1,1,1,0,1,1,1,open,none,safe,civil,1,385.821492,2196,preferred,2.0,0
S00657,EHAM,52.203372,4.251884,E175,regional_jet,1804,weather,532,normal,1.0,750.0,532.0,745.483121,emergency,EGLL,3901,50,asphalt,ILS,1,1,advanced,1,major,1,1,1,1,1,1,1,open,none,safe,civil,1,333.759963,2097,preferred,3.0,0
S00657,EHAM,52.203372,4.251884,E175,regional_jet,1804,weather,532,normal,1.0,750.0,532.0,745.483121,emergency,EHAM,3800,60,asphalt,ILS,1,1,advanced,1,major,1,1,1,1,1,1,1,open,none,safe,civil,1,36.762083,1996,preferred,4.0,0
S00657,EHAM,52.203372,4.251884,E175,regional_jet,1804,weather,532,normal,1.0,750.0,532.0,745.483121,emergency,EGKK,3317,45,asphalt,ILS,1,1,advanced,1,major,1,1,1,1,1,1,1,open,none,safe,civil,1,327.621033,1513,preferred,5.0,0
S00657,EHAM,52.203372,4.251884,E175,regional_jet,1804,weather,532,normal,1.0,750.0,532.0,745.483121,emergency,EGCC,3048,46,asphalt,ILS,1,1,advanced,1,major,1,1,1,1,1,1,1,open,none,safe,civil,1,457.072546,1244,preferred,6.0,0
S00657,EHAM,52.203372,4.251884,E175,regional_jet,1804,weather,532,normal,1.0,750.0,532.0,745.483121,emergency,EIDW,3110,45,concrete,ILS,1,1,advanced,1,major,1,1,1,1,1,1,1,open,none,safe,civil,0,718.894887,1306,extended,7.0,0
S00658,RPLL,14.329844,120.401662,E170,regional_jet,1734,medical,837,normal,1.0,700.0,700.0,1007.722874,aircraft_fuel,RPLL,3737,60,concrete,ILS,1,1,basic,1,basic,1,1,1,1,1,1,1,open,none,caution,civil,0,69.493106,2003,preferred,1.0,1
S00659,KLAX,33.433543,-118.169872,A320,narrow_body,2215,fuel,522,critical,0.75,712.5,522.0,892.203352,emergency,KLAX,3939,46,concrete,ILS,1,1,advanced,1,major,1,1,1,1,1,1,1,open,none,safe,civil,0,60.730733,1724,preferred,1.0,1
S00660,SAEZ,-34.502117,-58.512573,E175,regional_jet,1716,medical,710,critical,0.75,562.5,562.5,817.434084,aircraft_fuel,SAEZ,3300,60,asphalt,ILS,1,1,basic,1,major,1,1,1,1,1,1,1,open,none,safe,civil,0,35.654946,1584,preferred,1.0,1
S00661,OMAA,24.482434,53.48868,E175,regional_jet,1796,security,925,normal,1.0,750.0,750.0,1123.657783,aircraft_fuel,OTHH,4850,60,asphalt,ILS,1,1,advanced,1,major,1,1,1,1,1,1,1,open,none,safe,civil,0,209.087662,3054,preferred,1.0,1
S00661,OMAA,24.482434,53.48868,E175,regional_jet,1796,security,925,normal,1.0,750.0,750.0,1123.657783,aircraft_fuel,OMDB,4447,60,asphalt,ILS,1,1,advanced,1,major,1,1,1,1,1,1,1,open,none,safe,civil,1,208.184885,2651,preferred,2.0,0
S00661,OMAA,24.482434,53.48868,E175,regional_jet,1796,security,925,normal,1.0,750.0,750.0,1123.657783,aircraft_fuel,OERK,4205,60,asphalt,ILS,1,1,advanced,1,major,1,1,1,1,1,1,1,open,none,safe,civil,0,687.772715,2409,preferred,3.0,0
S00661,OMAA,24.482434,53.48868,E175,regional_jet,1796,security,925,normal,1.0,750.0,750.0,1123.657783,aircraft_fuel,OKKK,4580,60,asphalt,ILS,1,1,advanced,1,major,1,1,1,1,1,1,1,open,none,safe,civil,0,759.893039,2784,extended,4.0,0
S00661,OMAA,24.482434,53.48868,E175,regional_jet,1796,security,925,normal,1.0,750.0,750.0,1123.657783,aircraft_fuel,OMAA,4106,60,asphalt,ILS,1,1,advanced,1,major,1,1,1,1,1,1,1,open,none,safe,civil,0,117.554594,2310,preferred,5.0,0
S00661,OMAA,24.482434,53.48868,E175,regional_jet,1796,security,925,normal,1.0,750.0,750.0,1123.657783,aircraft_fuel,OOMS,4080,45,asphalt,ILS,1,1,advanced,1,major,1,1,1,1,1,1,1,open,none,safe,civil,0,496.837999,2284,preferred,6.0,0
S00661,OMAA,24.482434,53.48868,E175,regional_jet,1796,security,925,normal,1.0,750.0,750.0,1123.657783,aircraft_fuel,OBBI,3956,60,asphalt,ILS,1,1,advanced,1,major,1,1,1,1,1,1,1,open,none,safe,civil,0,348.454777,2160,preferred,7.0,0
S00662,DNMM,8.292401,3.35475,B747-8,very_large,3604,fuel,735,normal,1.0,1550.0,735.0,1342.084738,emergency,DNMM,3900,60,asphalt,ILS,1,1,advanced,1,major,1,1,1,1,1,1,1,open,none,caution,civil,0,190.738704,296,preferred,1.0,1
S00662,DNMM,8.292401,3.35475,B747-8,very_large,3604,fuel,735,normal,1.0,1550.0,735.0,1342.084738,emergency,DNAA,3609,60,asphalt,RNAV,0,0,none,1,basic,1,0,1,1,1,1,1,open,none,safe,joint,0,436.930435,5,preferred,2.0,0
S00663,CYYZ,43.201666,-80.648052,E170,regional_jet,1663,medical,554,normal,1.0,700.0,554.0,775.946705,emergency,KJFK,4423,61,asphalt,ILS,1,1,advanced,1,major,1,1,1,1,1,1,1,open,none,safe,civil,1,635.4352,2760,extended,1.0,1
S00663,CYYZ,43.201666,-80.648052,E170,regional_jet,1663,medical,554,normal,1.0,700.0,554.0,775.946705,emergency,KORD,3962,46,concrete,ILS,1,1,advanced,1,major,1,1,1,1,1,1,1,open,none,safe,civil,0,609.212845,2299,extended,2.0,0
S00663,CYYZ,43.201666,-80.648052,E170,regional_jet,1663,medical,554,normal,1.0,700.0,554.0,775.946705,emergency,CYYZ,3389,61,asphalt,ILS,1,1,advanced,1,major,1,1,1,1,1,1,1,open,none,safe,civil,1,97.69828,1726,preferred,3.0,0
S00664,DAAG,36.865629,2.446338,E170,regional_jet,1723,mechanical,1029,critical,0.75,525.0,525.0,810.950066,aircraft_fuel,LEMD,4350,60,asphalt,ILS,1,1,advanced,1,major,1,1,1,1,1,1,1,open,none,safe,civil,1,659.776335,2627,extended,1.0,1
S00664,DAAG,36.865629,2.446338,E170,regional_jet,1723,mechanical,1029,critical,0.75,525.0,525.0,810.950066,aircraft_fuel,DAAG,3500,60,asphalt,RNAV,0,1,basic,1,basic,1,1,1,1,1,1,0,open,none,safe,civil,0,71.030918,1777,preferred,2.0,0
S00664,DAAG,36.865629,2.446338,E170,regional_jet,1723,mechanical,1029,critical,0.75,525.0,525.0,810.950066,aircraft_fuel,DTTA,3200,45,asphalt,RNAV,0,1,basic,1,basic,1,0,1,1,1,1,1,open,none,safe,civil,0,692.069125,1477,extended,3.0,0
S00665,RCTP,25.343121,120.862473,B747-8,very_large,3550,fuel,765,normal,1.0,1550.0,765.0,1315.129862,emergency,ZSPD,4000,60,concrete,ILS,1,1,advanced,1,major,1,1,1,1,1,1,1,open,none,safe,civil,1,651.525969,450,preferred,1.0,1
S00665,RCTP,25.343121,120.862473,B747-8,very_large,3550,fuel,765,normal,1.0,1550.0,765.0,1315.129862,emergency,RCTP,3660,60,concrete,ILS,1,1,advanced,1,major,1,1,1,1,1,1,1,open,none,safe,civil,0,47.545561,110,preferred,2.0,0
S00665,RCTP,25.343121,120.862473,B747-8,very_large,3550,fuel,765,normal,1.0,1550.0,765.0,1315.129862,emergency,RPLL,3737,60,concrete,ILS,1,1,basic,1,basic,1,1,1,1,1,1,1,open,none,caution,civil,0,1204.855837,187,extended,3.0,0
S00666,EHAM,52.335453,6.120189,A220-300,narrow_body,2119,security,623,normal,1.0,950.0,623.0,964.91083,emergency,LFPG,4215,45,asphalt,ILS,1,1,advanced,1,major,1,1,1,1,1,1,1,open,none,safe,civil,1,447.059089,2096,preferred,1.0,1
S00666,EHAM,52.335453,6.120189,A220-300,narrow_body,2119,security,623,normal,1.0,950.0,623.0,964.91083,emergency,EDDF,4000,60,asphalt,ILS,1,1,advanced,1,major,1,1,1,0,1,1,1,open,none,safe,civil,1,307.837058,1881,preferred,2.0,0
S00666,EHAM,52.335453,6.120189,A220-300,narrow_body,2119,security,623,normal,1.0,950.0,623.0,964.91083,emergency,EGLL,3901,50,asphalt,ILS,1,1,advanced,1,major,1,1,1,1,1,1,1,open,none,safe,civil,1,461.388593,1782,preferred,3.0,0
S00666,EHAM,52.335453,6.120189,A220-300,narrow_body,2119,security,623,normal,1.0,950.0,623.0,964.91083,emergency,EHAM,3800,60,asphalt,ILS,1,1,advanced,1,major,1,1,1,1,1,1,1,open,none,safe,civil,1,92.227684,1681,preferred,4.0,0
S00666,EHAM,52.335453,6.120189,A220-300,narrow_body,2119,security,623,normal,1.0,950.0,623.0,964.91083,emergency,EGKK,3317,45,asphalt,ILS,1,1,advanced,1,major,1,1,1,1,1,1,1,open,none,safe,civil,1,453.613486,1198,preferred,5.0,0
S00666,EHAM,52.335453,6.120189,A220-300,narrow_body,2119,security,623,normal,1.0,950.0,623.0,964.91083,emergency,ENGM,3600,45,asphalt,ILS,1,1,advanced,1,major,1,1,1,1,1,1,1,open,none,safe,civil,0,925.718538,1481,extended,6.0,0
S00666,EHAM,52.335453,6.120189,A220-300,narrow_body,2119,security,623,normal,1.0,950.0,623.0,964.91083,emergency,EGCC,3048,46,asphalt,ILS,1,1,advanced,1,major,1,1,1,1,1,1,1,open,none,safe,civil,1,574.710377,929,preferred,7.0,0
S00666,EHAM,52.335453,6.120189,A220-300,narrow_body,2119,security,623,normal,1.0,950.0,623.0,964.91083,emergency,EIDW,3110,45,concrete,ILS,1,1,advanced,1,major,1,1,1,1,1,1,1,open,none,safe,civil,0,838.619939,991,extended,8.0,0
S00667,EHAM,52.686143,4.295189,E175,regional_jet,1783,fuel,666,critical,0.75,562.5,562.5,798.751937,aircraft_fuel,LFPG,4215,45,asphalt,ILS,1,1,advanced,1,major,1,1,1,1,1,1,1,open,none,safe,civil,1,426.730163,2432,preferred,1.0,1
S00667,EHAM,52.686143,4.295189,E175,regional_jet,1783,fuel,666,critical,0.75,562.5,562.5,798.751937,aircraft_fuel,EDDF,4000,60,asphalt,ILS,1,1,advanced,1,major,1,1,1,0,1,1,1,open,none,safe,civil,1,418.288754,2217,preferred,2.0,0
S00667,EHAM,52.686143,4.295189,E175,regional_jet,1783,fuel,666,critical,0.75,562.5,562.5,798.751937,aircraft_fuel,EGLL,3901,50,asphalt,ILS,1,1,advanced,1,major,1,1,1,1,1,1,1,open,none,safe,civil,1,351.851384,2118,preferred,3.0,0
S00667,EHAM,52.686143,4.295189,E175,regional_jet,1783,fuel,666,critical,0.75,562.5,562.5,798.751937,aircraft_fuel,EHAM,3800,60,asphalt,ILS,1,1,advanced,1,major,1,1,1,1,1,1,1,open,none,safe,civil,1,52.622012,2017,preferred,4.0,0
S00667,EHAM,52.686143,4.295189,E175,regional_jet,1783,fuel,666,critical,0.75,562.5,562.5,798.751937,aircraft_fuel,EGKK,3317,45,asphalt,ILS,1,1,advanced,1,major,1,1,1,1,1,1,1,open,none,safe,civil,1,351.579739,1534,preferred,5.0,0
S00667,EHAM,52.686143,4.295189,E175,regional_jet,1783,fuel,666,critical,0.75,562.5,562.5,798.751937,aircraft_fuel,EGCC,3048,46,asphalt,ILS,1,1,advanced,1,major,1,1,1,1,1,1,1,open,none,safe,civil,1,445.521446,1265,preferred,6.0,0
S00667,EHAM,52.686143,4.295189,E175,regional_jet,1783,fuel,666,critical,0.75,562.5,562.5,798.751937,aircraft_fuel,EIDW,3110,45,concrete,ILS,1,1,advanced,1,major,1,1,1,1,1,1,1,open,none,safe,civil,0,709.692633,1327,extended,7.0,0
S00668,EGCC,52.83829,-1.447591,B737-800,narrow_body,2285,mechanical,690,normal,1.0,950.0,690.0,1150.207665,emergency,LFPG,4215,45,asphalt,ILS,1,1,advanced,1,major,1,1,1,1,1,1,1,open,none,safe,civil,1,509.705533,1930,preferred,1.0,1
S00668,EGCC,52.83829,-1.447591,B737-800,narrow_body,2285,mechanical,690,normal,1.0,950.0,690.0,1150.207665,emergency,EGLL,3901,50,asphalt,ILS,1,1,advanced,1,major,1,1,1,1,1,1,1,open,none,safe,civil,1,166.319846,1616,preferred,2.0,0
S00668,EGCC,52.83829,-1.447591,B737-800,narrow_body,2285,mechanical,690,normal,1.0,950.0,690.0,1150.207665,emergency,EHAM,3800,60,asphalt,ILS,1,1,advanced,1,major,1,1,1,1,1,1,1,open,none,safe,civil,1,423.734313,1515,preferred,3.0,0
S00668,EGCC,52.83829,-1.447591,B737-800,narrow_body,2285,mechanical,690,normal,1.0,950.0,690.0,1150.207665,emergency,EDDF,4000,60,asphalt,ILS,1,1,advanced,1,major,1,1,1,0,1,1,1,open,none,safe,civil,1,759.985792,1715,extended,4.0,0
S00668,EGCC,52.83829,-1.447591,B737-800,narrow_body,2285,mechanical,690,normal,1.0,950.0,690.0,1150.207665,emergency,EGKK,3317,45,asphalt,ILS,1,1,advanced,1,major,1,1,1,1,1,1,1,open,none,safe,civil,1,206.774714,1032,preferred,5.0,0
S00668,EGCC,52.83829,-1.447591,B737-800,narrow_body,2285,mechanical,690,normal,1.0,950.0,690.0,1150.207665,emergency,ENGM,3600,45,asphalt,ILS,1,1,advanced,1,major,1,1,1,1,1,1,1,open,none,safe,civil,0,1119.592486,1315,extended,6.0,0
S00668,EGCC,52.83829,-1.447591,B737-800,narrow_body,2285,mechanical,690,normal,1.0,950.0,690.0,1150.207665,emergency,EIDW,3110,45,concrete,ILS,1,1,advanced,1,major,1,1,1,1,1,1,1,open,none,safe,civil,0,327.758447,825,preferred,7.0,0
S00668,EGCC,52.83829,-1.447591,B737-800,narrow_body,2285,mechanical,690,normal,1.0,950.0,690.0,1150.207665,emergency,EGCC,3048,46,asphalt,ILS,1,1,advanced,1,major,1,1,1,1,1,1,1,open,none,safe,civil,1,79.6035,763,preferred,8.0,0
S00669,ESSA,59.637025,17.563018,B737-800,narrow_body,2351,fuel,746,normal,1.0,950.0,746.0,1339.396375,emergency,EDDF,4000,60,asphalt,ILS,1,1,advanced,1,major,1,1,1,0,1,1,1,open,none,safe,civil,1,1211.85196,1649,extended,1.0,1
S00669,ESSA,59.637025,17.563018,B737-800,narrow_body,2351,fuel,746,normal,1.0,950.0,746.0,1339.396375,emergency,ENGM,3600,45,asphalt,ILS,1,1,advanced,1,major,1,1,1,1,1,1,1,open,none,safe,civil,0,365.351564,1249,preferred,2.0,0
S00669,ESSA,59.637025,17.563018,B737-800,narrow_body,2351,fuel,746,normal,1.0,950.0,746.0,1339.396375,emergency,EFHK,3440,60,asphalt,ILS,1,1,advanced,1,major,1,1,1,1,1,1,1,open,none,safe,civil,0,418.394244,1089,preferred,3.0,0
S00669,ESSA,59.637025,17.563018,B737-800,narrow_body,2351,fuel,746,normal,1.0,950.0,746.0,1339.396375,emergency,EHAM,3800,60,asphalt,ILS,1,1,advanced,1,major,1,1,1,1,1,1,1,open,none,safe,civil,1,1135.749762,1449,extended,4.0,0
S00669,ESSA,59.637025,17.563018,B737-800,narrow_body,2351,fuel,746,normal,1.0,950.0,746.0,1339.396375,emergency,ULLI,3780,60,concrete,ILS,1,1,advanced,1,major,1,1,1,1,1,1,1,open,none,caution,civil,0,711.197,1429,preferred,5.0,0
S00669,ESSA,59.637025,17.563018,B737-800,narrow_body,2351,fuel,746,normal,1.0,950.0,746.0,1339.396375,emergency,ESSA,3301,45,asphalt,ILS,1,1,advanced,1,major,1,1,1,1,1,1,1,open,none,safe,civil,0,20.596873,950,preferred,6.0,0
S00669,ESSA,59.637025,17.563018,B737-800,narrow_body,2351,fuel,746,normal,1.0,950.0,746.0,1339.396375,emergency,UUEE,3700,60,concrete,ILS,1,1,advanced,1,major,1,1,1,1,1,1,1,open,none,caution,civil,0,1238.679425,1349,extended,7.0,0
S00670,KLAX,33.718742,-118.180331,A321,narrow_body,2437,medical,1082,low,0.9,900.0,900.0,1516.066987,aircraft_fuel,KLAX,3939,46,concrete,ILS,1,1,advanced,1,major,1,1,1,1,1,1,1,open,none,safe,civil,0,32.577274,1502,preferred,1.0,1
S00671,KATL,33.888815,-84.927675,A321,narrow_body,2441,weather,884,low,0.9,900.0,884.0,1503.652048,emergency,KJFK,4423,61,asphalt,ILS,1,1,advanced,1,major,1,1,1,1,1,1,1,open,none,safe,civil,1,1237.968234,1982,extended,1.0,1
S00671,KATL,33.888815,-84.927675,A321,narrow_body,2441,weather,884,low,0.9,900.0,884.0,1503.652048,emergency,KATL,3776,46,concrete,ILS,1,1,advanced,1,major,1,1,1,1,1,1,1,open,none,safe,civil,0,54.024108,1335,preferred,2.0,0
S00671,KATL,33.888815,-84.927675,A321,narrow_body,2441,weather,884,low,0.9,900.0,884.0,1503.652048,emergency,KORD,3962,46,concrete,ILS,1,1,advanced,1,major,1,1,1,1,1,1,1,open,none,safe,civil,0,936.496066,1521,extended,3.0,0
S00671,KATL,33.888815,-84.927675,A321,narrow_body,2441,weather,884,low,0.9,900.0,884.0,1503.652048,emergency,CYYZ,3389,61,asphalt,ILS,1,1,advanced,1,major,1,1,1,1,1,1,1,open,none,safe,civil,1,1180.548018,948,extended,4.0,0
S00672,WMKK,3.222793,101.700534,E175,regional_jet,1789,security,428,normal,1.0,750.0,428.0,659.678306,emergency,WMKK,4124,60,asphalt,ILS,1,1,advanced,1,major,1,1,1,1,1,1,1,open,none,safe,civil,0,53.074072,2335,preferred,1.0,1
S00672,WMKK,3.222793,101.700534,E175,regional_jet,1789,security,428,normal,1.0,750.0,428.0,659.678306,emergency,WSSS,4000,60,asphalt,ILS,1,1,advanced,1,major,1,1,1,1,1,1,1,open,none,safe,civil,1,329.065578,2211,preferred,2.0,0
S00672,WMKK,3.222793,101.700534,E175,regional_jet,1789,security,428,normal,1.0,750.0,428.0,659.678306,emergency,WIMM,3000,60,asphalt,RNAV,1,1,basic,1,basic,1,0,1,1,0,1,1,open,none,safe,civil,0,315.935616,1211,preferred,3.0,0
S00673,VIDP,28.677982,76.744355,A320,narrow_body,2285,security,501,low,0.9,855.0,501.0,833.307289,emergency,VIDP,4430,60,asphalt,ILS,1,1,advanced,1,major,1,1,1,1,1,1,1,open,none,safe,civil,1,36.849041,2145,preferred,1.0,1
S00673,VIDP,28.677982,76.744355,A320,narrow_body,2285,security,501,low,0.9,855.0,501.0,833.307289,emergency,OPLA,3360,46,concrete,RNAV,0,0,none,1,basic,1,0,1,1,1,1,1,open,none,caution,civil,0,388.15475,1075,preferred,2.0,0
S00674,FAOR,-26.341403,28.365888,B767-300ER,wide_body,3108,security,1198,low,0.9,1125.0,1125.0,1816.041453,aircraft_fuel,FAOR,4418,61,asphalt,ILS,1,1,advanced,1,major,1,1,1,1,1,1,1,open,none,safe,civil,0,25.341673,1310,preferred,1.0,1
S00674,FAOR,-26.341403,28.365888,B767-300ER,wide_body,3108,security,1198,low,0.9,1125.0,1125.0,1816.041453,aircraft_fuel,FACT,3201,61,asphalt,RNAV,0,1,basic,1,basic,1,0,1,1,1,1,1,open,none,safe,civil,0,1264.103595,93,extended,2.0,0
S00675,FMMI,-18.671464,46.982389,A319,narrow_body,2178,weather,698,low,0.9,810.0,698.0,1185.919292,emergency,FMMI,3100,45,asphalt,VOR,0,0,none,0,none,0,0,1,1,1,1,0,open,none,caution,civil,0,54.102892,922,preferred,1.0,1
S00676,YMML,-37.693145,144.526099,A320,narrow_body,2378,medical,883,critical,0.75,712.5,712.5,1078.705494,aircraft_fuel,YMML,3657,60,asphalt,ILS,1,1,advanced,1,major,1,1,1,1,1,1,1,open,none,safe,civil,0,27.551707,1279,preferred,1.0,1
S00676,YMML,-37.693145,144.526099,A320,narrow_body,2378,medical,883,critical,0.75,712.5,712.5,1078.705494,aircraft_fuel,YSSY,3962,45,asphalt,ILS,1,1,advanced,1,major,1,1,1,0,1,1,1,open,none,safe,civil,1,729.889145,1584,extended,2.0,0
S00677,WIMM,3.40928,98.923778,E175,regional_jet,1783,fuel,879,normal,1.0,750.0,750.0,1248.009479,aircraft_fuel,WMKK,4124,60,asphalt,ILS,1,1,advanced,1,major,1,1,1,1,1,1,1,open,none,safe,civil,0,318.045859,2341,preferred,1.0,1
S00677,WIMM,3.40928,98.923778,E175,regional_jet,1783,fuel,879,normal,1.0,750.0,750.0,1248.009479,aircraft_fuel,WSSS,4000,60,asphalt,ILS,1,1,advanced,1,major,1,1,1,1,1,1,1,open,none,safe,civil,1,608.022825,2217,preferred,2.0,0
S00677,WIMM,3.40928,98.923778,E175,regional_jet,1783,fuel,879,normal,1.0,750.0,750.0,1248.009479,aircraft_fuel,VTBS,4000,60,asphalt,ILS,1,1,advanced,1,major,1,1,1,1,1,1,1,open,none,safe,civil,0,1159.586257,2217,extended,3.0,0
S00677,WIMM,3.40928,98.923778,E175,regional_jet,1783,fuel,879,normal,1.0,750.0,750.0,1248.009479,aircraft_fuel,WIMM,3000,60,asphalt,RNAV,1,1,basic,1,basic,1,0,1,1,0,1,1,open,none,safe,civil,0,26.182753,1217,preferred,4.0,0
S00678,ULLI,59.64149,30.045848,B737-800,narrow_body,2360,weather,900,normal,1.0,950.0,900.0,1394.331473,emergency,ULLI,3780,60,concrete,ILS,1,1,advanced,1,major,1,1,1,1,1,1,1,open,none,caution,civil,0,21.433251,1420,preferred,1.0,1
S00678,ULLI,59.64149,30.045848,B737-800,narrow_body,2360,weather,900,normal,1.0,950.0,900.0,1394.331473,emergency,EFHK,3440,60,asphalt,ILS,1,1,advanced,1,major,1,1,1,1,1,1,1,open,none,safe,civil,0,292.508952,1080,preferred,2.0,0
S00678,ULLI,59.64149,30.045848,B737-800,narrow_body,2360,weather,900,normal,1.0,950.0,900.0,1394.331473,emergency,UUEE,3700,60,concrete,ILS,1,1,advanced,1,major,1,1,1,1,1,1,1,open,none,caution,civil,0,596.380226,1340,preferred,3.0,0
S00678,ULLI,59.64149,30.045848,B737-800,narrow_body,2360,weather,900,normal,1.0,950.0,900.0,1394.331473,emergency,ESSA,3301,45,asphalt,ILS,1,1,advanced,1,major,1,1,1,1,1,1,1,open,none,safe,civil,0,679.947337,941,preferred,4.0,0
S00678,ULLI,59.64149,30.045848,B737-800,narrow_body,2360,weather,900,normal,1.0,950.0,900.0,1394.331473,emergency,ENGM,3600,45,asphalt,ILS,1,1,advanced,1,major,1,1,1,1,1,1,1,open,none,safe,civil,0,1054.081066,1240,extended,5.0,0
S00679,EHAM,52.2007,4.450544,A330-300,wide_body,2920,fuel,872,low,0.9,1170.0,872.0,1595.11616,emergency,LFPG,4215,45,asphalt,ILS,1,1,advanced,1,major,1,1,1,1,1,1,1,open,none,safe,civil,1,379.266459,1295,preferred,1.0,1
S00679,EHAM,52.2007,4.450544,A330-300,wide_body,2920,fuel,872,low,0.9,1170.0,872.0,1595.11616,emergency,EDDF,4000,60,asphalt,ILS,1,1,advanced,1,major,1,1,1,0,1,1,1,open,none,safe,civil,1,374.945966,1080,preferred,2.0,0
S00679,EHAM,52.2007,4.450544,A330-300,wide_body,2920,fuel,872,low,0.9,1170.0,872.0,1595.11616,emergency,LEMD,4350,60,asphalt,ILS,1,1,advanced,1,major,1,1,1,1,1,1,1,open,none,safe,civil,1,1438.007738,1430,extended,3.0,0
S00679,EHAM,52.2007,4.450544,A330-300,wide_body,2920,fuel,872,low,0.9,1170.0,872.0,1595.11616,emergency,EGLL,3901,50,asphalt,ILS,1,1,advanced,1,major,1,1,1,1,1,1,1,open,none,safe,civil,1,346.944968,981,preferred,4.0,0
S00679,EHAM,52.2007,4.450544,A330-300,wide_body,2920,fuel,872,low,0.9,1170.0,872.0,1595.11616,emergency,EHAM,3800,60,asphalt,ILS,1,1,advanced,1,major,1,1,1,1,1,1,1,open,none,safe,civil,1,24.471923,880,preferred,5.0,0
S00679,EHAM,52.2007,4.450544,A330-300,wide_body,2920,fuel,872,low,0.9,1170.0,872.0,1595.11616,emergency,LIRF,3902,60,asphalt,ILS,1,1,basic,1,major,1,1,1,1,1,1,1,open,none,safe,civil,1,1296.822558,982,extended,6.0,0
S00679,EHAM,52.2007,4.450544,A330-300,wide_body,2920,fuel,872,low,0.9,1170.0,872.0,1595.11616,emergency,EGKK,3317,45,asphalt,ILS,1,1,advanced,1,major,1,1,1,1,1,1,1,open,none,safe,civil,1,340.3464,397,preferred,7.0,0
S00679,EHAM,52.2007,4.450544,A330-300,wide_body,2920,fuel,872,low,0.9,1170.0,872.0,1595.11616,emergency,ENGM,3600,45,asphalt,ILS,1,1,advanced,1,major,1,1,1,1,1,1,1,open,none,safe,civil,0,978.239612,680,extended,8.0,0
S00679,EHAM,52.2007,4.450544,A330-300,wide_body,2920,fuel,872,low,0.9,1170.0,872.0,1595.11616,emergency,EIDW,3110,45,concrete,ILS,1,1,advanced,1,major,1,1,1,1,1,1,1,open,none,safe,civil,0,732.04736,190,preferred,9.0,0
S00679,EHAM,52.2007,4.450544,A330-300,wide_body,2920,fuel,872,low,0.9,1170.0,872.0,1595.11616,emergency,EFHK,3440,60,asphalt,ILS,1,1,advanced,1,major,1,1,1,1,1,1,1,open,none,safe,civil,0,1545.071228,520,extended,10.0,0
S00679,EHAM,52.2007,4.450544,A330-300,wide_body,2920,fuel,872,low,0.9,1170.0,872.0,1595.11616,emergency,EGCC,3048,46,asphalt,ILS,1,1,advanced,1,major,1,1,1,1,1,1,1,open,none,safe,civil,1,469.994799,128,preferred,11.0,0
S00679,EHAM,52.2007,4.450544,A330-300,wide_body,2920,fuel,872,low,0.9,1170.0,872.0,1595.11616,emergency,ESSA,3301,45,asphalt,ILS,1,1,advanced,1,major,1,1,1,1,1,1,1,open,none,safe,civil,0,1175.253192,381,extended,12.0,0
S00680,WIMM,3.224885,98.684273,B747-8,very_large,3448,mechanical,1048,normal,1.0,1550.0,1048.0,1726.129749,emergency,WMKK,4124,60,asphalt,ILS,1,1,advanced,1,major,1,1,1,1,1,1,1,open,none,safe,civil,0,340.188546,676,preferred,1.0,1
S00680,WIMM,3.224885,98.684273,B747-8,very_large,3448,mechanical,1048,normal,1.0,1550.0,1048.0,1726.129749,emergency,WSSS,4000,60,asphalt,ILS,1,1,advanced,1,major,1,1,1,1,1,1,1,open,none,safe,civil,1,625.665325,552,preferred,2.0,0
S00680,WIMM,3.224885,98.684273,B747-8,very_large,3448,mechanical,1048,normal,1.0,1550.0,1048.0,1726.129749,emergency,VTBS,4000,60,asphalt,ILS,1,1,advanced,1,major,1,1,1,1,1,1,1,open,none,safe,civil,0,1184.541787,552,extended,3.0,0
S00681,EGCC,52.799634,-2.503932,E190,regional_jet,1942,fuel,929,critical,0.75,600.0,600.0,938.259313,aircraft_fuel,LFPG,4215,45,asphalt,ILS,1,1,advanced,1,major,1,1,1,1,1,1,1,open,none,safe,civil,1,550.597991,2273,preferred,1.0,1
S00681,EGCC,52.799634,-2.503932,E190,regional_jet,1942,fuel,929,critical,0.75,600.0,600.0,938.259313,aircraft_fuel,EGLL,3901,50,asphalt,ILS,1,1,advanced,1,major,1,1,1,1,1,1,1,open,none,safe,civil,1,203.20063,1959,preferred,2.0,0
S00681,EGCC,52.799634,-2.503932,E190,regional_jet,1942,fuel,929,critical,0.75,600.0,600.0,938.259313,aircraft_fuel,EHAM,3800,60,asphalt,ILS,1,1,advanced,1,major,1,1,1,1,1,1,1,open,none,safe,civil,1,494.170364,1858,preferred,3.0,0
S00681,EGCC,52.799634,-2.503932,E190,regional_jet,1942,fuel,929,critical,0.75,600.0,600.0,938.259313,aircraft_fuel,EDDF,4000,60,asphalt,ILS,1,1,advanced,1,major,1,1,1,0,1,1,1,open,none,safe,civil,1,825.762849,2058,extended,4.0,0
S00681,EGCC,52.799634,-2.503932,E190,regional_jet,1942,fuel,929,critical,0.75,600.0,600.0,938.259313,aircraft_fuel,EGKK,3317,45,asphalt,ILS,1,1,advanced,1,major,1,1,1,1,1,1,1,open,none,safe,civil,1,242.694083,1375,preferred,5.0,0
S00681,EGCC,52.799634,-2.503932,E190,regional_jet,1942,fuel,929,critical,0.75,600.0,600.0,938.259313,aircraft_fuel,EIDW,3110,45,concrete,ILS,1,1,advanced,1,major,1,1,1,1,1,1,1,open,none,safe,civil,0,260.363677,1168,preferred,6.0,0
S00681,EGCC,52.799634,-2.503932,E190,regional_jet,1942,fuel,929,critical,0.75,600.0,600.0,938.259313,aircraft_fuel,EGCC,3048,46,asphalt,ILS,1,1,advanced,1,major,1,1,1,1,1,1,1,open,none,safe,civil,1,63.484336,1106,preferred,7.0,0
S00682,GMMN,33.064724,-7.774202,B787-9,wide_body,2903,fuel,706,critical,0.75,1050.0,706.0,1314.863293,emergency,LEMD,4350,60,asphalt,ILS,1,1,advanced,1,major,1,1,1,1,1,1,1,open,none,safe,civil,1,906.548718,1447,extended,1.0,1
S00682,GMMN,33.064724,-7.774202,B787-9,wide_body,2903,fuel,706,critical,0.75,1050.0,706.0,1314.863293,emergency,GMMN,3720,45,asphalt,ILS,1,1,advanced,1,major,1,1,1,1,1,1,1,open,none,safe,civil,0,37.77836,817,preferred,2.0,0
S00682,GMMN,33.064724,-7.774202,B787-9,wide_body,2903,fuel,706,critical,0.75,1050.0,706.0,1314.863293,emergency,LPPT,3707,45,asphalt,ILS,1,1,advanced,1,major,1,1,1,1,1,1,1,open,none,safe,civil,0,647.347705,804,preferred,3.0,0
S00682,GMMN,33.064724,-7.774202,B787-9,wide_body,2903,fuel,706,critical,0.75,1050.0,706.0,1314.863293,emergency,DAAG,3500,60,asphalt,RNAV,0,1,basic,1,basic,1,1,1,1,1,1,0,open,none,safe,civil,0,1079.72045,597,extended,4.0,0
S00683,RJAA,36.371994,140.389117,B767-300ER,wide_body,3029,medical,684,normal,1.0,1250.0,684.0,1078.619843,emergency,RJAA,4000,60,asphalt,ILS,1,1,advanced,1,major,1,1,1,0,1,1,1,open,none,safe,civil,1,67.096585,971,preferred,1.0,1
S00683,RJAA,36.371994,140.389117,B767-300ER,wide_body,3029,medical,684,normal,1.0,1250.0,684.0,1078.619843,emergency,RJTT,3360,61,asphalt,ILS,1,1,advanced,1,major,1,1,1,1,1,1,1,open,none,safe,civil,1,106.291521,331,preferred,2.0,0
S00684,UUEE,55.366869,38.828593,B777-300ER,wide_body,3227,medical,606,low,0.9,1350.0,606.0,1045.624208,emergency,UUEE,3700,60,concrete,ILS,1,1,advanced,1,major,1,1,1,1,1,1,1,open,none,caution,civil,0,111.799928,473,preferred,1.0,1
S00684,UUEE,55.366869,38.828593,B777-300ER,wide_body,3227,medical,606,low,0.9,1350.0,606.0,1045.624208,emergency,EFHK,3440,60,asphalt,ILS,1,1,advanced,1,major,1,1,1,1,1,1,1,open,none,safe,civil,0,985.168183,213,extended,2.0,0
S00684,UUEE,55.366869,38.828593,B777-300ER,wide_body,3227,medical,606,low,0.9,1350.0,606.0,1045.624208,emergency,ULLI,3780,60,concrete,ILS,1,1,advanced,1,major,1,1,1,1,1,1,1,open,none,caution,civil,0,708.73274,553,extended,3.0,0
S00685,LIRF,41.566658,12.04536,B737-800,narrow_body,2236,medical,716,critical,0.75,712.5,712.5,1119.991201,aircraft_fuel,LIRF,3902,60,asphalt,ILS,1,1,basic,1,major,1,1,1,1,1,1,1,open,none,safe,civil,1,31.528826,1666,preferred,1.0,1
S00685,LIRF,41.566658,12.04536,B737-800,narrow_body,2236,medical,716,critical,0.75,712.5,712.5,1119.991201,aircraft_fuel,LFPG,4215,45,asphalt,ILS,1,1,advanced,1,major,1,1,1,1,1,1,1,open,none,safe,civil,1,1110.117767,1979,extended,2.0,0
S00685,LIRF,41.566658,12.04536,B737-800,narrow_body,2236,medical,716,critical,0.75,712.5,712.5,1119.991201,aircraft_fuel,EDDF,4000,60,asphalt,ILS,1,1,advanced,1,major,1,1,1,0,1,1,1,open,none,safe,civil,1,978.497559,1764,extended,3.0,0
S00685,LIRF,41.566658,12.04536,B737-800,narrow_body,2236,medical,716,critical,0.75,712.5,712.5,1119.991201,aircraft_fuel,LGAV,4000,45,asphalt,ILS,1,1,advanced,1,major,1,1,1,1,1,1,1,open,none,safe,civil,0,1093.231952,1764,extended,4.0,0
S00685,LIRF,41.566658,12.04536,B737-800,narrow_body,2236,medical,716,critical,0.75,712.5,712.5,1119.991201,aircraft_fuel,DTTA,3200,45,asphalt,RNAV,0,1,basic,1,basic,1,0,1,1,1,1,1,open,none,safe,civil,0,547.217927,964,preferred,5.0,0
S00685,LIRF,41.566658,12.04536,B737-800,narrow_body,2236,medical,716,critical,0.75,712.5,712.5,1119.991201,aircraft_fuel,DAAG,3500,60,asphalt,RNAV,0,1,basic,1,basic,1,1,1,1,1,1,0,open,none,safe,civil,0,933.95451,1264,extended,6.0,0
S00686,LTAC,40.061501,32.756563,E175,regional_jet,1850,technical,880,normal,1.0,750.0,750.0,1186.635648,aircraft_fuel,LTFM,4100,60,asphalt,ILS,1,1,advanced,1,major,1,1,1,1,1,1,0,open,none,safe,civil,0,365.209957,2250,preferred,1.0,1
S00686,LTAC,40.061501,32.756563,E175,regional_jet,1850,technical,880,normal,1.0,750.0,750.0,1186.635648,aircraft_fuel,LGAV,4000,45,asphalt,ILS,1,1,advanced,1,major,1,1,1,1,1,1,1,open,none,safe,civil,0,796.915395,2150,extended,2.0,0
S00686,LTAC,40.061501,32.756563,E175,regional_jet,1850,technical,880,normal,1.0,750.0,750.0,1186.635648,aircraft_fuel,HECA,4000,60,asphalt,ILS,1,1,basic,1,major,1,1,1,1,1,1,1,open,none,safe,civil,0,1113.240202,2150,extended,3.0,0
S00686,LTAC,40.061501,32.756563,E175,regional_jet,1850,technical,880,normal,1.0,750.0,750.0,1186.635648,aircraft_fuel,LTAC,3750,45,asphalt,ILS,1,1,advanced,1,major,1,1,1,1,1,1,1,open,none,safe,joint,0,21.599442,1900,preferred,4.0,0
S00686,LTAC,40.061501,32.756563,E175,regional_jet,1850,technical,880,normal,1.0,750.0,750.0,1186.635648,aircraft_fuel,OJAI,3660,61,asphalt,ILS,1,1,advanced,1,major,1,1,1,1,1,1,1,open,none,safe,civil,0,971.799425,1810,extended,5.0,0
S00686,LTAC,40.061501,32.756563,E175,regional_jet,1850,technical,880,normal,1.0,750.0,750.0,1186.635648,aircraft_fuel,LCLK,2987,45,asphalt,ILS,1,0,none,1,basic,1,0,1,1,1,1,1,open,none,safe,civil,0,581.761512,1137,preferred,6.0,0
S00687,WSSS,1.747743,104.567591,B747-8,very_large,3590,security,1062,low,0.9,1395.0,1062.0,1969.211552,emergency,WMKK,4124,60,asphalt,ILS,1,1,advanced,1,major,1,1,1,1,1,1,1,open,none,safe,civil,0,336.330229,534,preferred,1.0,1
S00687,WSSS,1.747743,104.567591,B747-8,very_large,3590,security,1062,low,0.9,1395.0,1062.0,1969.211552,emergency,WSSS,4000,60,asphalt,ILS,1,1,advanced,1,major,1,1,1,1,1,1,1,open,none,safe,civil,1,77.582658,410,preferred,2.0,0
S00687,WSSS,1.747743,104.567591,B747-8,very_large,3590,security,1062,low,0.9,1395.0,1062.0,1969.211552,emergency,VTBS,4000,60,asphalt,ILS,1,1,advanced,1,major,1,1,1,1,1,1,1,open,none,safe,civil,0,1391.865894,410,extended,3.0,0
S00688,OERK,25.18513,46.537497,B787-9,wide_body,2836,technical,473,low,0.9,1260.0,473.0,853.534394,emergency,OKKK,4580,60,asphalt,ILS,1,1,advanced,1,major,1,1,1,1,1,1,1,open,none,safe,civil,0,470.945995,1744,preferred,1.0,1
S00688,OERK,25.18513,46.537497,B787-9,wide_body,2836,technical,473,low,0.9,1260.0,473.0,853.534394,emergency,OTHH,4850,60,asphalt,ILS,1,1,advanced,1,major,1,1,1,1,1,1,1,open,none,safe,civil,0,510.101384,2014,extended,2.0,0
S00688,OERK,25.18513,46.537497,B787-9,wide_body,2836,technical,473,low,0.9,1260.0,473.0,853.534394,emergency,OERK,4205,60,asphalt,ILS,1,1,advanced,1,major,1,1,1,1,1,1,1,open,none,safe,civil,0,30.067137,1369,preferred,3.0,0
S00688,OERK,25.18513,46.537497,B787-9,wide_body,2836,technical,473,low,0.9,1260.0,473.0,853.534394,emergency,OBBI,3956,60,asphalt,ILS,1,1,advanced,1,major,1,1,1,1,1,1,1,open,none,safe,civil,0,427.962429,1120,preferred,4.0,0
S00688,OERK,25.18513,46.537497,B787-9,wide_body,2836,technical,473,low,0.9,1260.0,473.0,853.534394,emergency,OMAA,4106,60,asphalt,ILS,1,1,advanced,1,major,1,1,1,1,1,1,1,open,none,safe,civil,0,822.756475,1270,extended,5.0,0
S00689,VABB,19.583369,72.345448,CRJ900,regional_jet,1756,medical,815,normal,1.0,700.0,700.0,1062.435787,aircraft_fuel,VABB,3509,60,asphalt,ILS,1,1,advanced,1,major,1,1,1,1,1,1,1,open,none,safe,civil,1,77.655516,1753,preferred,1.0,1
S00689,VABB,19.583369,72.345448,CRJ900,regional_jet,1756,medical,815,normal,1.0,700.0,700.0,1062.435787,aircraft_fuel,OPKC,3400,46,concrete,RNAV,0,1,basic,1,basic,1,1,1,1,1,1,1,open,none,caution,civil,0,796.708748,1644,extended,2.0,0
S00690,LIRF,41.887054,12.490882,A321,narrow_body,2409,security,1139,normal,1.0,1000.0,1000.0,1767.114359,aircraft_fuel,EDDF,4000,60,asphalt,ILS,1,1,advanced,1,major,1,1,1,0,1,1,1,open,none,safe,civil,1,954.42331,1591,preferred,1.0,1
S00690,LIRF,41.887054,12.490882,A321,narrow_body,2409,security,1139,normal,1.0,1000.0,1000.0,1767.114359,aircraft_fuel,LEMD,4350,60,asphalt,ILS,1,1,advanced,1,major,1,1,1,1,1,1,1,open,none,safe,civil,1,1351.008791,1941,extended,2.0,0
S00690,LIRF,41.887054,12.490882,A321,narrow_body,2409,security,1139,normal,1.0,1000.0,1000.0,1767.114359,aircraft_fuel,LIRF,3902,60,asphalt,ILS,1,1,basic,1,major,1,1,1,1,1,1,1,open,none,safe,civil,1,21.811733,1493,preferred,3.0,0
S00690,LIRF,41.887054,12.490882,A321,narrow_body,2409,security,1139,normal,1.0,1000.0,1000.0,1767.114359,aircraft_fuel,LFPG,4215,45,asphalt,ILS,1,1,advanced,1,major,1,1,1,1,1,1,1,open,none,safe,civil,1,1106.380032,1806,extended,4.0,0
S00690,LIRF,41.887054,12.490882,A321,narrow_body,2409,security,1139,normal,1.0,1000.0,1000.0,1767.114359,aircraft_fuel,LTFM,4100,60,asphalt,ILS,1,1,advanced,1,major,1,1,1,1,1,1,0,open,none,safe,civil,0,1350.575252,1691,extended,5.0,0
S00690,LIRF,41.887054,12.490882,A321,narrow_body,2409,security,1139,normal,1.0,1000.0,1000.0,1767.114359,aircraft_fuel,LGAV,4000,45,asphalt,ILS,1,1,advanced,1,major,1,1,1,1,1,1,1,open,none,safe,civil,0,1069.950479,1591,extended,6.0,0
S00690,LIRF,41.887054,12.490882,A321,narrow_body,2409,security,1139,normal,1.0,1000.0,1000.0,1767.114359,aircraft_fuel,EGLL,3901,50,asphalt,ILS,1,1,advanced,1,major,1,1,1,1,1,1,1,open,none,safe,civil,1,1449.005198,1492,extended,7.0,0
S00690,LIRF,41.887054,12.490882,A321,narrow_body,2409,security,1139,normal,1.0,1000.0,1000.0,1767.114359,aircraft_fuel,DAAG,3500,60,asphalt,RNAV,0,1,basic,1,basic,1,1,1,1,1,1,0,open,none,safe,civil,0,984.318306,1091,preferred,8.0,0
S00690,LIRF,41.887054,12.490882,A321,narrow_body,2409,security,1139,normal,1.0,1000.0,1000.0,1767.114359,aircraft_fuel,EHAM,3800,60,asphalt,ILS,1,1,advanced,1,major,1,1,1,1,1,1,1,open,none,safe,civil,1,1296.330831,1391,extended,9.0,0
S00690,LIRF,41.887054,12.490882,A321,narrow_body,2409,security,1139,normal,1.0,1000.0,1000.0,1767.114359,aircraft_fuel,DTTA,3200,45,asphalt,RNAV,0,1,basic,1,basic,1,0,1,1,1,1,1,open,none,safe,civil,0,592.765972,791,preferred,10.0,0
S00690,LIRF,41.887054,12.490882,A321,narrow_body,2409,security,1139,normal,1.0,1000.0,1000.0,1767.114359,aircraft_fuel,LTAC,3750,45,asphalt,ILS,1,1,advanced,1,major,1,1,1,1,1,1,1,open,none,safe,joint,0,1727.421404,1341,extended,11.0,0
S00690,LIRF,41.887054,12.490882,A321,narrow_body,2409,security,1139,normal,1.0,1000.0,1000.0,1767.114359,aircraft_fuel,EGKK,3317,45,asphalt,ILS,1,1,advanced,1,major,1,1,1,1,1,1,1,open,none,safe,civil,1,1410.857907,908,extended,12.0,0
S00690,LIRF,41.887054,12.490882,A321,narrow_body,2409,security,1139,normal,1.0,1000.0,1000.0,1767.114359,aircraft_fuel,EGCC,3048,46,asphalt,ILS,1,1,advanced,1,major,1,1,1,1,1,1,1,open,none,safe,civil,1,1681.648108,639,extended,13.0,0
S00691,EGCC,53.073577,-1.831687,A321,narrow_body,2372,fuel,749,low,0.9,900.0,749.0,1312.136573,emergency,LFPG,4215,45,asphalt,ILS,1,1,advanced,1,major,1,1,1,1,1,1,1,open,none,safe,civil,1,545.937744,1843,preferred,1.0,1
S00691,EGCC,53.073577,-1.831687,A321,narrow_body,2372,fuel,749,low,0.9,900.0,749.0,1312.136573,emergency,EGLL,3901,50,asphalt,ILS,1,1,advanced,1,major,1,1,1,1,1,1,1,open,none,safe,civil,1,201.178847,1529,preferred,2.0,0
S00691,EGCC,53.073577,-1.831687,A321,narrow_body,2372,fuel,749,low,0.9,900.0,749.0,1312.136573,emergency,EHAM,3800,60,asphalt,ILS,1,1,advanced,1,major,1,1,1,1,1,1,1,open,none,safe,civil,1,452.412193,1428,preferred,3.0,0
S00691,EGCC,53.073577,-1.831687,A321,narrow_body,2372,fuel,749,low,0.9,900.0,749.0,1312.136573,emergency,EDDF,4000,60,asphalt,ILS,1,1,advanced,1,major,1,1,1,0,1,1,1,open,none,safe,civil,1,793.303561,1628,extended,4.0,0
S00691,EGCC,53.073577,-1.831687,A321,narrow_body,2372,fuel,749,low,0.9,900.0,749.0,1312.136573,emergency,EGKK,3317,45,asphalt,ILS,1,1,advanced,1,major,1,1,1,1,1,1,1,open,none,safe,civil,1,241.734301,945,preferred,5.0,0
S00691,EGCC,53.073577,-1.831687,A321,narrow_body,2372,fuel,749,low,0.9,900.0,749.0,1312.136573,emergency,ENGM,3600,45,asphalt,ILS,1,1,advanced,1,major,1,1,1,1,1,1,1,open,none,safe,civil,0,1115.400733,1228,extended,6.0,0
S00691,EGCC,53.073577,-1.831687,A321,narrow_body,2372,fuel,749,low,0.9,900.0,749.0,1312.136573,emergency,EIDW,3110,45,concrete,ILS,1,1,advanced,1,major,1,1,1,1,1,1,1,open,none,safe,civil,0,297.335612,738,preferred,7.0,0
S00691,EGCC,53.073577,-1.831687,A321,narrow_body,2372,fuel,749,low,0.9,900.0,749.0,1312.136573,emergency,EGCC,3048,46,asphalt,ILS,1,1,advanced,1,major,1,1,1,1,1,1,1,open,none,safe,civil,1,42.914899,676,preferred,8.0,0
S00692,ENGM,58.949811,11.066616,B737 MAX 8,narrow_body,2480,technical,900,normal,1.0,1000.0,900.0,1414.419986,emergency,LFPG,4215,45,asphalt,ILS,1,1,advanced,1,major,1,1,1,1,1,1,1,open,none,safe,civil,1,1235.365763,1735,extended,1.0,1
S00692,ENGM,58.949811,11.066616,B737 MAX 8,narrow_body,2480,technical,900,normal,1.0,1000.0,900.0,1414.419986,emergency,EHAM,3800,60,asphalt,ILS,1,1,advanced,1,major,1,1,1,1,1,1,1,open,none,safe,civil,1,836.940229,1320,preferred,2.0,0
S00692,ENGM,58.949811,11.066616,B737 MAX 8,narrow_body,2480,technical,900,normal,1.0,1000.0,900.0,1414.419986,emergency,EDDF,4000,60,asphalt,ILS,1,1,advanced,1,major,1,1,1,0,1,1,1,open,none,safe,civil,1,1005.159938,1520,extended,3.0,0
S00692,ENGM,58.949811,11.066616,B737 MAX 8,narrow_body,2480,technical,900,normal,1.0,1000.0,900.0,1414.419986,emergency,ENGM,3600,45,asphalt,ILS,1,1,advanced,1,major,1,1,1,1,1,1,1,open,none,safe,civil,0,138.349574,1120,preferred,4.0,0
S00692,ENGM,58.949811,11.066616,B737 MAX 8,narrow_body,2480,technical,900,normal,1.0,1000.0,900.0,1414.419986,emergency,EGLL,3901,50,asphalt,ILS,1,1,advanced,1,major,1,1,1,1,1,1,1,open,none,safe,civil,1,1104.401994,1421,extended,5.0,0
S00692,ENGM,58.949811,11.066616,B737 MAX 8,narrow_body,2480,technical,900,normal,1.0,1000.0,900.0,1414.419986,emergency,EFHK,3440,60,asphalt,ILS,1,1,advanced,1,major,1,1,1,1,1,1,1,open,none,safe,civil,0,794.260076,960,preferred,6.0,0
S00692,ENGM,58.949811,11.066616,B737 MAX 8,narrow_body,2480,technical,900,normal,1.0,1000.0,900.0,1414.419986,emergency,ESSA,3301,45,asphalt,ILS,1,1,advanced,1,major,1,1,1,1,1,1,1,open,none,safe,civil,0,397.05563,821,preferred,7.0,0
S00692,ENGM,58.949811,11.066616,B737 MAX 8,narrow_body,2480,technical,900,normal,1.0,1000.0,900.0,1414.419986,emergency,ULLI,3780,60,concrete,ILS,1,1,advanced,1,major,1,1,1,1,1,1,1,open,none,caution,civil,0,1087.592368,1300,extended,8.0,0
S00692,ENGM,58.949811,11.066616,B737 MAX 8,narrow_body,2480,technical,900,normal,1.0,1000.0,900.0,1414.419986,emergency,EGKK,3317,45,asphalt,ILS,1,1,advanced,1,major,1,1,1,1,1,1,1,open,none,safe,civil,1,1122.250093,837,extended,9.0,0
S00692,ENGM,58.949811,11.066616,B737 MAX 8,narrow_body,2480,technical,900,normal,1.0,1000.0,900.0,1414.419986,emergency,EIDW,3110,45,concrete,ILS,1,1,advanced,1,major,1,1,1,1,1,1,1,open,none,safe,civil,0,1230.30433,630,extended,10.0,0
S00692,ENGM,58.949811,11.066616,B737 MAX 8,narrow_body,2480,technical,900,normal,1.0,1000.0,900.0,1414.419986,emergency,EGCC,3048,46,asphalt,ILS,1,1,advanced,1,major,1,1,1,1,1,1,1,open,none,safe,civil,1,1031.359068,568,extended,11.0,0
S00693,ZBAA,40.399992,116.879643,A220-300,narrow_body,2052,fuel,482,normal,1.0,950.0,482.0,788.681372,emergency,ZBAA,3810,60,asphalt,ILS,1,1,advanced,1,major,1,1,1,1,1,1,1,open,none,safe,civil,1,43.172852,1758,preferred,1.0,1
S00694,WMKK,2.640802,101.49838,A321,narrow_body,2408,mechanical,1023,normal,1.0,1000.0,1000.0,1627.000419,aircraft_fuel,WMKK,4124,60,asphalt,ILS,1,1,advanced,1,major,1,1,1,1,1,1,1,open,none,safe,civil,0,26.234026,1716,preferred,1.0,1
S00694,WMKK,2.640802,101.49838,A321,narrow_body,2408,mechanical,1023,normal,1.0,1000.0,1000.0,1627.000419,aircraft_fuel,WSSS,4000,60,asphalt,ILS,1,1,advanced,1,major,1,1,1,1,1,1,1,open,none,safe,civil,1,312.25778,1592,preferred,2.0,0
S00694,WMKK,2.640802,101.49838,A321,narrow_body,2408,mechanical,1023,normal,1.0,1000.0,1000.0,1627.000419,aircraft_fuel,VTBS,4000,60,asphalt,ILS,1,1,advanced,1,major,1,1,1,1,1,1,1,open,none,safe,civil,0,1230.398636,1592,extended,3.0,0
S00694,WMKK,2.640802,101.49838,A321,narrow_body,2408,mechanical,1023,normal,1.0,1000.0,1000.0,1627.000419,aircraft_fuel,WIMM,3000,60,asphalt,RNAV,1,1,basic,1,basic,1,0,1,1,0,1,1,open,none,safe,civil,0,310.737953,592,preferred,4.0,0
S00695,OTHH,25.965092,51.362524,B737-800,narrow_body,2382,operational_constraints,963,normal,1.0,950.0,950.0,1605.354168,aircraft_fuel,OTHH,4850,60,asphalt,ILS,1,1,advanced,1,major,1,1,1,1,1,1,1,open,none,safe,civil,0,80.792725,2468,preferred,1.0,1
S00695,OTHH,25.965092,51.362524,B737-800,narrow_body,2382,operational_constraints,963,normal,1.0,950.0,950.0,1605.354168,aircraft_fuel,OKKK,4580,60,asphalt,ILS,1,1,advanced,1,major,1,1,1,1,1,1,1,open,none,safe,civil,0,493.025702,2198,preferred,2.0,0
S00695,OTHH,25.965092,51.362524,B737-800,narrow_body,2382,operational_constraints,963,normal,1.0,950.0,950.0,1605.354168,aircraft_fuel,OMDB,4447,60,asphalt,ILS,1,1,advanced,1,major,1,1,1,1,1,1,1,open,none,safe,civil,1,409.715706,2065,preferred,3.0,0
S00695,OTHH,25.965092,51.362524,B737-800,narrow_body,2382,operational_constraints,963,normal,1.0,950.0,950.0,1605.354168,aircraft_fuel,OERK,4205,60,asphalt,ILS,1,1,advanced,1,major,1,1,1,1,1,1,1,open,none,safe,civil,0,481.398121,1823,preferred,4.0,0
S00695,OTHH,25.965092,51.362524,B737-800,narrow_body,2382,operational_constraints,963,normal,1.0,950.0,950.0,1605.354168,aircraft_fuel,OMAA,4106,60,asphalt,ILS,1,1,advanced,1,major,1,1,1,1,1,1,1,open,none,safe,civil,0,371.55305,1724,preferred,5.0,0
S00695,OTHH,25.965092,51.362524,B737-800,narrow_body,2382,operational_constraints,963,normal,1.0,950.0,950.0,1605.354168,aircraft_fuel,OOMS,4080,45,asphalt,ILS,1,1,advanced,1,major,1,1,1,1,1,1,1,open,none,safe,civil,0,746.569302,1698,preferred,6.0,0
S00695,OTHH,25.965092,51.362524,B737-800,narrow_body,2382,operational_constraints,963,normal,1.0,950.0,950.0,1605.354168,aircraft_fuel,OBBI,3956,60,asphalt,ILS,1,1,advanced,1,major,1,1,1,1,1,1,1,open,none,safe,civil,0,79.794505,1574,preferred,7.0,0
S00695,OTHH,25.965092,51.362524,B737-800,narrow_body,2382,operational_constraints,963,normal,1.0,950.0,950.0,1605.354168,aircraft_fuel,OPKC,3400,46,concrete,RNAV,0,1,basic,1,basic,1,1,1,1,1,1,1,open,none,caution,civil,0,1589.800067,1018,extended,8.0,0
S00696,VNKT,27.56454,85.555261,B737 MAX 8,narrow_body,2356,medical,1063,normal,1.0,1000.0,1000.0,1603.995818,aircraft_fuel,VIDP,4430,60,asphalt,ILS,1,1,advanced,1,major,1,1,1,1,1,1,1,open,none,safe,civil,1,837.238545,2074,preferred,1.0,1
S00696,VNKT,27.56454,85.555261,B737 MAX 8,narrow_body,2356,medical,1063,normal,1.0,1000.0,1000.0,1603.995818,aircraft_fuel,VABB,3509,60,asphalt,ILS,1,1,advanced,1,major,1,1,1,1,1,1,1,open,none,safe,civil,1,1600.189042,1153,extended,2.0,0
S00697,SAEZ,-34.888238,-57.625146,A321,narrow_body,2483,medical,995,normal,1.0,1000.0,995.0,1504.920197,emergency,SAEZ,3300,60,asphalt,ILS,1,1,basic,1,major,1,1,1,1,1,1,1,open,none,safe,civil,0,83.417452,817,preferred,1.0,1
S00698,FMMI,-18.976113,47.492799,E190,regional_jet,1917,technical,1109,normal,1.0,800.0,800.0,1236.91905,aircraft_fuel,FMMI,3100,45,asphalt,VOR,0,0,none,0,none,0,0,1,1,1,1,0,open,none,caution,civil,0,19.981913,1183,preferred,1.0,1
S00699,DNAA,8.79628,7.243954,A321,narrow_body,2467,medical,798,low,0.9,900.0,798.0,1233.0708,emergency,DNMM,3900,60,asphalt,ILS,1,1,advanced,1,major,1,1,1,1,1,1,1,open,none,caution,civil,0,497.707047,1433,preferred,1.0,1
S00700,RPLL,14.415593,121.790075,E170,regional_jet,1720,fuel,738,critical,0.75,525.0,525.0,838.883771,aircraft_fuel,RPLL,3737,60,concrete,ILS,1,1,basic,1,basic,1,1,1,1,1,1,1,open,none,caution,civil,0,83.557879,2017,preferred,1.0,1
S00701,OJAI,31.572359,36.307445,E190,regional_jet,1880,technical,884,normal,1.0,800.0,800.0,1185.057047,aircraft_fuel,OKKK,4580,60,asphalt,ILS,1,1,advanced,1,major,1,1,1,1,1,1,1,open,none,safe,civil,0,1147.948473,2700,extended,1.0,1
S00701,OJAI,31.572359,36.307445,E190,regional_jet,1880,technical,884,normal,1.0,800.0,800.0,1185.057047,aircraft_fuel,HECA,4000,60,asphalt,ILS,1,1,basic,1,major,1,1,1,1,1,1,1,open,none,safe,civil,0,496.112685,2120,preferred,2.0,0
S00701,OJAI,31.572359,36.307445,E190,regional_jet,1880,technical,884,normal,1.0,800.0,800.0,1185.057047,aircraft_fuel,OJAI,3660,61,asphalt,ILS,1,1,advanced,1,major,1,1,1,1,1,1,1,open,none,safe,civil,0,34.116622,1780,preferred,3.0,0
S00701,OJAI,31.572359,36.307445,E190,regional_jet,1880,technical,884,normal,1.0,800.0,800.0,1185.057047,aircraft_fuel,LTAC,3750,45,asphalt,ILS,1,1,advanced,1,major,1,1,1,1,1,1,1,open,none,safe,joint,0,996.879107,1870,extended,4.0,0
S00701,OJAI,31.572359,36.307445,E190,regional_jet,1880,technical,884,normal,1.0,800.0,800.0,1185.057047,aircraft_fuel,LCLK,2987,45,asphalt,ILS,1,0,none,1,basic,1,0,1,1,1,1,1,open,none,safe,civil,0,443.950249,1107,preferred,5.0,0
S00701,OJAI,31.572359,36.307445,E190,regional_jet,1880,technical,884,normal,1.0,800.0,800.0,1185.057047,aircraft_fuel,HELX,3000,45,asphalt,RNAV,0,0,none,1,basic,1,0,1,0,0,1,1,open,none,safe,joint,0,744.253694,1120,preferred,6.0,0
S00702,RJCC,42.884827,140.892286,B787-9,wide_body,2875,operational_constraints,1162,low,0.9,1260.0,1162.0,2095.982178,emergency,RJAA,4000,60,asphalt,ILS,1,1,advanced,1,major,1,1,1,0,1,1,1,open,none,safe,civil,1,792.470574,1125,preferred,1.0,1
S00702,RJCC,42.884827,140.892286,B787-9,wide_body,2875,operational_constraints,1162,low,0.9,1260.0,1162.0,2095.982178,emergency,RKSI,4000,60,asphalt,ILS,1,1,advanced,1,major,1,1,1,1,1,1,1,open,none,safe,civil,1,1364.232276,1125,extended,2.0,0
S00702,RJCC,42.884827,140.892286,B787-9,wide_body,2875,operational_constraints,1162,low,0.9,1260.0,1162.0,2095.982178,emergency,ZBAA,3810,60,asphalt,ILS,1,1,advanced,1,major,1,1,1,1,1,1,1,open,none,safe,civil,1,2040.556445,935,extended,3.0,0
S00702,RJCC,42.884827,140.892286,B787-9,wide_body,2875,operational_constraints,1162,low,0.9,1260.0,1162.0,2095.982178,emergency,RJTT,3360,61,asphalt,ILS,1,1,advanced,1,major,1,1,1,1,1,1,1,open,none,safe,civil,1,821.148326,485,preferred,4.0,0
S00702,RJCC,42.884827,140.892286,B787-9,wide_body,2875,operational_constraints,1162,low,0.9,1260.0,1162.0,2095.982178,emergency,RJCC,3000,61,asphalt,RNAV,0,1,basic,1,basic,1,1,1,1,1,1,1,open,none,safe,joint,0,66.226133,125,preferred,5.0,0
S00703,FACT,-33.909926,18.463664,E175,regional_jet,1751,operational_constraints,928,normal,1.0,750.0,750.0,1170.699758,aircraft_fuel,FACT,3201,61,asphalt,RNAV,0,1,basic,1,basic,1,0,1,1,1,1,1,open,none,safe,civil,0,14.805256,1450,preferred,1.0,1
S00704,OTHH,25.733509,52.059476,B737-800,narrow_body,2429,technical,698,low,0.9,855.0,698.0,1095.108001,emergency,OTHH,4850,60,asphalt,ILS,1,1,advanced,1,major,1,1,1,1,1,1,1,open,none,safe,civil,0,68.366137,2421,preferred,1.0,1
S00704,OTHH,25.733509,52.059476,B737-800,narrow_body,2429,technical,698,low,0.9,855.0,698.0,1095.108001,emergency,OKKK,4580,60,asphalt,ILS,1,1,advanced,1,major,1,1,1,1,1,1,1,open,none,safe,civil,0,559.772107,2151,preferred,2.0,0
S00704,OTHH,25.733509,52.059476,B737-800,narrow_body,2429,technical,698,low,0.9,855.0,698.0,1095.108001,emergency,OMDB,4447,60,asphalt,ILS,1,1,advanced,1,major,1,1,1,1,1,1,1,open,none,safe,civil,1,336.69031,2018,preferred,3.0,0
S00704,OTHH,25.733509,52.059476,B737-800,narrow_body,2429,technical,698,low,0.9,855.0,698.0,1095.108001,emergency,OERK,4205,60,asphalt,ILS,1,1,advanced,1,major,1,1,1,1,1,1,1,open,none,safe,civil,0,545.525724,1776,preferred,4.0,0
S00704,OTHH,25.733509,52.059476,B737-800,narrow_body,2429,technical,698,low,0.9,855.0,698.0,1095.108001,emergency,OMAA,4106,60,asphalt,ILS,1,1,advanced,1,major,1,1,1,1,1,1,1,open,none,safe,civil,0,297.771098,1677,preferred,5.0,0
S00704,OTHH,25.733509,52.059476,B737-800,narrow_body,2429,technical,698,low,0.9,855.0,698.0,1095.108001,emergency,OOMS,4080,45,asphalt,ILS,1,1,advanced,1,major,1,1,1,1,1,1,1,open,none,safe,civil,0,672.235805,1651,preferred,6.0,0
S00704,OTHH,25.733509,52.059476,B737-800,narrow_body,2429,technical,698,low,0.9,855.0,698.0,1095.108001,emergency,OBBI,3956,60,asphalt,ILS,1,1,advanced,1,major,1,1,1,1,1,1,1,open,none,safe,civil,0,153.996134,1527,preferred,7.0,0
S00705,LTAC,40.4339,33.541137,E190,regional_jet,1924,security,1116,normal,1.0,800.0,800.0,1199.27379,aircraft_fuel,LTFM,4100,60,asphalt,ILS,1,1,advanced,1,major,1,1,1,1,1,1,0,open,none,safe,civil,0,415.069399,2176,preferred,1.0,1
S00705,LTAC,40.4339,33.541137,E190,regional_jet,1924,security,1116,normal,1.0,800.0,800.0,1199.27379,aircraft_fuel,LGAV,4000,45,asphalt,ILS,1,1,advanced,1,major,1,1,1,1,1,1,1,open,none,safe,civil,0,871.940145,2076,extended,2.0,0
S00705,LTAC,40.4339,33.541137,E190,regional_jet,1924,security,1116,normal,1.0,800.0,800.0,1199.27379,aircraft_fuel,HECA,4000,60,asphalt,ILS,1,1,basic,1,major,1,1,1,1,1,1,1,open,none,safe,civil,0,1164.075864,2076,extended,3.0,0
S00705,LTAC,40.4339,33.541137,E190,regional_jet,1924,security,1116,normal,1.0,800.0,800.0,1199.27379,aircraft_fuel,LTAC,3750,45,asphalt,ILS,1,1,advanced,1,major,1,1,1,1,1,1,1,open,none,safe,joint,0,57.460621,1826,preferred,4.0,0
S00705,LTAC,40.4339,33.541137,E190,regional_jet,1924,security,1116,normal,1.0,800.0,800.0,1199.27379,aircraft_fuel,OJAI,3660,61,asphalt,ILS,1,1,advanced,1,major,1,1,1,1,1,1,1,open,none,safe,civil,0,993.278623,1736,extended,5.0,0
S00705,LTAC,40.4339,33.541137,E190,regional_jet,1924,security,1116,normal,1.0,800.0,800.0,1199.27379,aircraft_fuel,LCLK,2987,45,asphalt,ILS,1,0,none,1,basic,1,0,1,1,1,1,1,open,none,safe,civil,0,618.154358,1063,preferred,6.0,0
S00706,VTBS,13.590278,100.643284,B787-9,wide_body,2857,operational_constraints,556,low,0.9,1260.0,556.0,932.796315,emergency,VTBS,4000,60,asphalt,ILS,1,1,advanced,1,major,1,1,1,1,1,1,1,open,none,safe,civil,0,15.086571,1143,preferred,1.0,1
S00707,RJCC,42.785982,143.32197,E170,regional_jet,1628,mechanical,706,critical,0.75,525.0,525.0,828.986155,aircraft_fuel,RJAA,4000,60,asphalt,ILS,1,1,advanced,1,major,1,1,1,0,1,1,1,open,none,safe,civil,1,819.980563,2372,extended,1.0,1
S00707,RJCC,42.785982,143.32197,E170,regional_jet,1628,mechanical,706,critical,0.75,525.0,525.0,828.986155,aircraft_fuel,RJCC,3000,61,asphalt,RNAV,0,1,basic,1,basic,1,1,1,1,1,1,1,open,none,safe,joint,0,133.159829,1372,preferred,2.0,0
S00708,OBBI,26.118472,50.828894,E170,regional_jet,1720,security,754,low,0.9,630.0,630.0,920.348944,aircraft_fuel,OTHH,4850,60,asphalt,ILS,1,1,advanced,1,major,1,1,1,1,1,1,1,open,none,safe,civil,0,122.196598,3130,preferred,1.0,1
S00708,OBBI,26.118472,50.828894,E170,regional_jet,1720,security,754,low,0.9,630.0,630.0,920.348944,aircraft_fuel,OKKK,4580,60,asphalt,ILS,1,1,advanced,1,major,1,1,1,1,1,1,1,open,none,safe,civil,0,445.551449,2860,preferred,2.0,0
S00708,OBBI,26.118472,50.828894,E170,regional_jet,1720,security,754,low,0.9,630.0,630.0,920.348944,aircraft_fuel,OMDB,4447,60,asphalt,ILS,1,1,advanced,1,major,1,1,1,1,1,1,1,open,none,safe,civil,1,465.264467,2727,preferred,3.0,0
S00708,OBBI,26.118472,50.828894,E170,regional_jet,1720,security,754,low,0.9,630.0,630.0,920.348944,aircraft_fuel,OERK,4205,60,asphalt,ILS,1,1,advanced,1,major,1,1,1,1,1,1,1,open,none,safe,civil,0,433.989639,2485,preferred,4.0,0
S00708,OBBI,26.118472,50.828894,E170,regional_jet,1720,security,754,low,0.9,630.0,630.0,920.348944,aircraft_fuel,OMAA,4106,60,asphalt,ILS,1,1,advanced,1,major,1,1,1,1,1,1,1,open,none,safe,civil,0,426.983459,2386,preferred,5.0,0
S00708,OBBI,26.118472,50.828894,E170,regional_jet,1720,security,754,low,0.9,630.0,630.0,920.348944,aircraft_fuel,OBBI,3956,60,asphalt,ILS,1,1,advanced,1,major,1,1,1,1,1,1,1,open,none,safe,civil,0,25.2586,2236,preferred,6.0,0
S00708,OBBI,26.118472,50.828894,E170,regional_jet,1720,security,754,low,0.9,630.0,630.0,920.348944,aircraft_fuel,OOMS,4080,45,asphalt,ILS,1,1,advanced,1,major,1,1,1,1,1,1,1,open,none,safe,civil,0,802.530419,2360,extended,7.0,0
S00709,OTHH,25.191392,52.150059,B737-800,narrow_body,2292,fuel,725,critical,0.75,712.5,712.5,1167.227959,aircraft_fuel,OTHH,4850,60,asphalt,ILS,1,1,advanced,1,major,1,1,1,1,1,1,1,open,none,safe,civil,0,55.268691,2558,preferred,1.0,1
S00709,OTHH,25.191392,52.150059,B737-800,narrow_body,2292,fuel,725,critical,0.75,712.5,712.5,1167.227959,aircraft_fuel,OKKK,4580,60,asphalt,ILS,1,1,advanced,1,major,1,1,1,1,1,1,1,open,none,safe,civil,0,609.808005,2288,preferred,2.0,0
S00709,OTHH,25.191392,52.150059,B737-800,narrow_body,2292,fuel,725,critical,0.75,712.5,712.5,1167.227959,aircraft_fuel,OMDB,4447,60,asphalt,ILS,1,1,advanced,1,major,1,1,1,1,1,1,1,open,none,safe,civil,1,324.067552,2155,preferred,3.0,0
S00709,OTHH,25.191392,52.150059,B737-800,narrow_body,2292,fuel,725,critical,0.75,712.5,712.5,1167.227959,aircraft_fuel,OERK,4205,60,asphalt,ILS,1,1,advanced,1,major,1,1,1,1,1,1,1,open,none,safe,civil,0,549.604469,1913,preferred,4.0,0
S00709,OTHH,25.191392,52.150059,B737-800,narrow_body,2292,fuel,725,critical,0.75,712.5,712.5,1167.227959,aircraft_fuel,OMAA,4106,60,asphalt,ILS,1,1,advanced,1,major,1,1,1,1,1,1,1,open,none,safe,civil,0,265.672573,1814,preferred,5.0,0
S00709,OTHH,25.191392,52.150059,B737-800,narrow_body,2292,fuel,725,critical,0.75,712.5,712.5,1167.227959,aircraft_fuel,OOMS,4080,45,asphalt,ILS,1,1,advanced,1,major,1,1,1,1,1,1,1,open,none,safe,civil,0,645.914853,1788,preferred,6.0,0
S00709,OTHH,25.191392,52.150059,B737-800,narrow_body,2292,fuel,725,critical,0.75,712.5,712.5,1167.227959,aircraft_fuel,OBBI,3956,60,asphalt,ILS,1,1,advanced,1,major,1,1,1,1,1,1,1,open,none,safe,civil,0,193.037041,1664,preferred,7.0,0
S00710,KJFK,40.84767,-73.884705,E175,regional_jet,1850,security,1182,critical,0.75,562.5,562.5,857.138667,aircraft_fuel,KJFK,4423,61,asphalt,ILS,1,1,advanced,1,major,1,1,1,1,1,1,1,open,none,safe,civil,1,24.797261,2573,preferred,1.0,1
S00710,KJFK,40.84767,-73.884705,E175,regional_jet,1850,security,1182,critical,0.75,562.5,562.5,857.138667,aircraft_fuel,CYYZ,3389,61,asphalt,ILS,1,1,advanced,1,major,1,1,1,1,1,1,1,open,none,safe,civil,1,567.58579,1539,extended,2.0,0
S00711,RCTP,25.437053,120.708123,B747-8,very_large,3422,technical,539,normal,1.0,1550.0,539.0,988.731383,emergency,RCTP,3660,60,concrete,ILS,1,1,advanced,1,major,1,1,1,1,1,1,1,open,none,safe,civil,0,66.202904,238,preferred,1.0,1
S00711,RCTP,25.437053,120.708123,B747-8,very_large,3422,technical,539,normal,1.0,1550.0,539.0,988.731383,emergency,ZSPD,4000,60,concrete,ILS,1,1,advanced,1,major,1,1,1,1,1,1,1,open,none,safe,civil,1,643.528004,578,extended,2.0,0
S00712,EIDW,52.731807,-7.085557,A320,narrow_body,2217,fuel,708,normal,1.0,950.0,708.0,1157.064536,emergency,EGLL,3901,50,asphalt,ILS,1,1,advanced,1,major,1,1,1,1,1,1,1,open,none,safe,civil,1,473.578813,1684,preferred,1.0,1
S00712,EIDW,52.731807,-7.085557,A320,narrow_body,2217,fuel,708,normal,1.0,950.0,708.0,1157.064536,emergency,LFPG,4215,45,asphalt,ILS,1,1,advanced,1,major,1,1,1,1,1,1,1,open,none,safe,civil,1,792.083162,1998,extended,2.0,0
S00712,EIDW,52.731807,-7.085557,A320,narrow_body,2217,fuel,708,normal,1.0,950.0,708.0,1157.064536,emergency,EDDF,4000,60,asphalt,ILS,1,1,advanced,1,major,1,1,1,0,1,1,1,open,none,safe,civil,1,1124.097932,1783,extended,3.0,0
S00712,EIDW,52.731807,-7.085557,A320,narrow_body,2217,fuel,708,normal,1.0,950.0,708.0,1157.064536,emergency,EHAM,3800,60,asphalt,ILS,1,1,advanced,1,major,1,1,1,1,1,1,1,open,none,safe,civil,1,802.203835,1583,extended,4.0,0
S00712,EIDW,52.731807,-7.085557,A320,narrow_body,2217,fuel,708,normal,1.0,950.0,708.0,1157.064536,emergency,EGKK,3317,45,asphalt,ILS,1,1,advanced,1,major,1,1,1,1,1,1,1,open,none,safe,civil,1,504.425693,1100,preferred,5.0,0
S00712,EIDW,52.731807,-7.085557,A320,narrow_body,2217,fuel,708,normal,1.0,950.0,708.0,1157.064536,emergency,EIDW,3110,45,concrete,ILS,1,1,advanced,1,major,1,1,1,1,1,1,1,open,none,safe,civil,0,95.025775,893,preferred,6.0,0
S00712,EIDW,52.731807,-7.085557,A320,narrow_body,2217,fuel,708,normal,1.0,950.0,708.0,1157.064536,emergency,EGCC,3048,46,asphalt,ILS,1,1,advanced,1,major,1,1,1,1,1,1,1,open,none,safe,civil,1,328.883575,831,preferred,7.0,0
S00713,OMAA,24.044155,54.828386,B787-9,wide_body,2797,medical,804,normal,1.0,1400.0,804.0,1400.690675,emergency,OTHH,4850,60,asphalt,ILS,1,1,advanced,1,major,1,1,1,1,1,1,1,open,none,safe,civil,0,352.939287,2053,preferred,1.0,1
S00713,OMAA,24.044155,54.828386,B787-9,wide_body,2797,medical,804,normal,1.0,1400.0,804.0,1400.690675,emergency,OMDB,4447,60,asphalt,ILS,1,1,advanced,1,major,1,1,1,1,1,1,1,open,none,safe,civil,1,144.842182,1650,preferred,2.0,0
S00713,OMAA,24.044155,54.828386,B787-9,wide_body,2797,medical,804,normal,1.0,1400.0,804.0,1400.690675,emergency,OKKK,4580,60,asphalt,ILS,1,1,advanced,1,major,1,1,1,1,1,1,1,open,none,safe,civil,0,892.11557,1783,extended,3.0,0
S00713,OMAA,24.044155,54.828386,B787-9,wide_body,2797,medical,804,normal,1.0,1400.0,804.0,1400.690675,emergency,OMAA,4106,60,asphalt,ILS,1,1,advanced,1,major,1,1,1,1,1,1,1,open,none,safe,civil,0,47.715748,1309,preferred,4.0,0
S00713,OMAA,24.044155,54.828386,B787-9,wide_body,2797,medical,804,normal,1.0,1400.0,804.0,1400.690675,emergency,OOMS,4080,45,asphalt,ILS,1,1,advanced,1,major,1,1,1,1,1,1,1,open,none,safe,civil,0,355.077141,1283,preferred,5.0,0
S00713,OMAA,24.044155,54.828386,B787-9,wide_body,2797,medical,804,normal,1.0,1400.0,804.0,1400.690675,emergency,OBBI,3956,60,asphalt,ILS,1,1,advanced,1,major,1,1,1,1,1,1,1,open,none,safe,civil,0,488.842416,1159,preferred,6.0,0
S00713,OMAA,24.044155,54.828386,B787-9,wide_body,2797,medical,804,normal,1.0,1400.0,804.0,1400.690675,emergency,OERK,4205,60,asphalt,ILS,1,1,advanced,1,major,1,1,1,1,1,1,1,open,none,safe,civil,0,828.686077,1408,extended,7.0,0
S00713,OMAA,24.044155,54.828386,B787-9,wide_body,2797,medical,804,normal,1.0,1400.0,804.0,1400.690675,emergency,OPKC,3400,46,concrete,RNAV,0,1,basic,1,basic,1,1,1,1,1,1,1,open,none,caution,civil,0,1251.321196,603,extended,8.0,0
S00714,FACT,-35.251776,19.054465,A321,narrow_body,2460,technical,1028,low,0.9,900.0,900.0,1498.387382,aircraft_fuel,FAOR,4418,61,asphalt,ILS,1,1,advanced,1,major,1,1,1,1,1,1,1,open,none,safe,civil,0,1339.868594,1958,extended,1.0,1
S00714,FACT,-35.251776,19.054465,A321,narrow_body,2460,technical,1028,low,0.9,900.0,900.0,1498.387382,aircraft_fuel,FACT,3201,61,asphalt,RNAV,0,1,basic,1,basic,1,0,1,1,1,1,1,open,none,safe,civil,0,147.929512,741,preferred,2.0,0
S00715,YMML,-37.141349,144.584923,B777-300ER,wide_body,3210,technical,589,low,0.9,1350.0,589.0,994.490871,emergency,YMML,3657,60,asphalt,ILS,1,1,advanced,1,major,1,1,1,1,1,1,1,open,none,safe,civil,0,62.962922,447,preferred,1.0,1
S00715,YMML,-37.141349,144.584923,B777-300ER,wide_body,3210,technical,589,low,0.9,1350.0,589.0,994.490871,emergency,YSSY,3962,45,asphalt,ILS,1,1,advanced,1,major,1,1,1,0,1,1,1,open,none,safe,civil,1,693.969221,752,extended,2.0,0
S00716,EGLL,51.779113,-0.172188,B737-800,narrow_body,2336,technical,517,normal,1.0,950.0,517.0,860.484321,emergency,LFPG,4215,45,asphalt,ILS,1,1,advanced,1,major,1,1,1,1,1,1,1,open,none,safe,civil,1,363.574992,1879,preferred,1.0,1
S00716,EGLL,51.779113,-0.172188,B737-800,narrow_body,2336,technical,517,normal,1.0,950.0,517.0,860.484321,emergency,EGLL,3901,50,asphalt,ILS,1,1,advanced,1,major,1,1,1,1,1,1,1,open,none,safe,civil,1,39.625554,1565,preferred,2.0,0
S00716,EGLL,51.779113,-0.172188,B737-800,narrow_body,2336,technical,517,normal,1.0,950.0,517.0,860.484321,emergency,EHAM,3800,60,asphalt,ILS,1,1,advanced,1,major,1,1,1,1,1,1,1,open,none,safe,civil,1,342.609723,1464,preferred,3.0,0
S00716,EGLL,51.779113,-0.172188,B737-800,narrow_body,2336,technical,517,normal,1.0,950.0,517.0,860.484321,emergency,EDDF,4000,60,asphalt,ILS,1,1,advanced,1,major,1,1,1,0,1,1,1,open,none,safe,civil,1,642.012511,1664,extended,4.0,0
S00716,EGLL,51.779113,-0.172188,B737-800,narrow_body,2336,technical,517,normal,1.0,950.0,517.0,860.484321,emergency,EGKK,3317,45,asphalt,ILS,1,1,advanced,1,major,1,1,1,1,1,1,1,open,none,safe,civil,1,70.10012,981,preferred,5.0,0
S00716,EGLL,51.779113,-0.172188,B737-800,narrow_body,2336,technical,517,normal,1.0,950.0,517.0,860.484321,emergency,EIDW,3110,45,concrete,ILS,1,1,advanced,1,major,1,1,1,1,1,1,1,open,none,safe,civil,0,450.119913,774,preferred,6.0,0
S00716,EGLL,51.779113,-0.172188,B737-800,narrow_body,2336,technical,517,normal,1.0,950.0,517.0,860.484321,emergency,EGCC,3048,46,asphalt,ILS,1,1,advanced,1,major,1,1,1,1,1,1,1,open,none,safe,civil,1,225.492187,712,preferred,7.0,0
S00717,CYYZ,44.052337,-78.559273,A321,narrow_body,2434,weather,1205,low,0.9,900.0,900.0,1549.679955,aircraft_fuel,KJFK,4423,61,asphalt,ILS,1,1,advanced,1,major,1,1,1,1,1,1,1,open,none,safe,civil,1,546.016969,1989,preferred,1.0,1
S00717,CYYZ,44.052337,-78.559273,A321,narrow_body,2434,weather,1205,low,0.9,900.0,900.0,1549.679955,aircraft_fuel,KORD,3962,46,concrete,ILS,1,1,advanced,1,major,1,1,1,1,1,1,1,open,none,safe,civil,0,793.513455,1528,preferred,2.0,0
S00717,CYYZ,44.052337,-78.559273,A321,narrow_body,2434,weather,1205,low,0.9,900.0,900.0,1549.679955,aircraft_fuel,CYYZ,3389,61,asphalt,ILS,1,1,advanced,1,major,1,1,1,1,1,1,1,open,none,safe,civil,1,95.457327,955,preferred,3.0,0
S00717,CYYZ,44.052337,-78.559273,A321,narrow_body,2434,weather,1205,low,0.9,900.0,900.0,1549.679955,aircraft_fuel,KATL,3776,46,concrete,ILS,1,1,advanced,1,major,1,1,1,1,1,1,1,open,none,safe,civil,0,1263.919937,1342,extended,4.0,0
S00718,KJFK,40.784082,-72.721508,A330-300,wide_body,3015,security,1131,normal,1.0,1300.0,1131.0,1907.273265,emergency,KJFK,4423,61,asphalt,ILS,1,1,advanced,1,major,1,1,1,1,1,1,1,open,none,safe,civil,1,90.596588,1408,preferred,1.0,1
S00718,KJFK,40.784082,-72.721508,A330-300,wide_body,3015,security,1131,normal,1.0,1300.0,1131.0,1907.273265,emergency,KORD,3962,46,concrete,ILS,1,1,advanced,1,major,1,1,1,1,1,1,1,open,none,safe,civil,0,1272.03145,947,extended,2.0,0
S00718,KJFK,40.784082,-72.721508,A330-300,wide_body,3015,security,1131,normal,1.0,1300.0,1131.0,1907.273265,emergency,KATL,3776,46,concrete,ILS,1,1,advanced,1,major,1,1,1,1,1,1,1,open,none,safe,civil,0,1304.309166,761,extended,3.0,0
S00718,KJFK,40.784082,-72.721508,A330-300,wide_body,3015,security,1131,normal,1.0,1300.0,1131.0,1907.273265,emergency,CYYZ,3389,61,asphalt,ILS,1,1,advanced,1,major,1,1,1,1,1,1,1,open,none,safe,civil,1,653.048972,374,preferred,4.0,0
S00719,FMMI,-18.656606,47.305202,A320,narrow_body,2414,technical,599,normal,1.0,950.0,599.0,930.123452,emergency,FMMI,3100,45,asphalt,VOR,0,0,none,0,none,0,0,1,1,1,1,0,open,none,caution,civil,0,24.032754,686,preferred,1.0,1
S00720,HECA,29.824202,31.492849,B737 MAX 8,narrow_body,2450,medical,814,low,0.9,900.0,814.0,1344.19536,emergency,HECA,4000,60,asphalt,ILS,1,1,basic,1,major,1,1,1,1,1,1,1,open,none,safe,civil,0,33.265403,1550,preferred,1.0,1
S00720,HECA,29.824202,31.492849,B737 MAX 8,narrow_body,2450,medical,814,low,0.9,900.0,814.0,1344.19536,emergency,LTFM,4100,60,asphalt,ILS,1,1,advanced,1,major,1,1,1,1,1,1,0,open,none,safe,civil,0,1297.317189,1650,extended,2.0,0
S00720,HECA,29.824202,31.492849,B737 MAX 8,narrow_body,2450,medical,814,low,0.9,900.0,814.0,1344.19536,emergency,OJAI,3660,61,asphalt,ILS,1,1,advanced,1,major,1,1,1,1,1,1,1,open,none,safe,civil,0,478.918027,1210,preferred,3.0,0
S00720,HECA,29.824202,31.492849,B737 MAX 8,narrow_body,2450,medical,814,low,0.9,900.0,814.0,1344.19536,emergency,LGAV,4000,45,asphalt,ILS,1,1,advanced,1,major,1,1,1,1,1,1,1,open,none,safe,civil,0,1138.902643,1550,extended,4.0,0
S00720,HECA,29.824202,31.492849,B737 MAX 8,narrow_body,2450,medical,814,low,0.9,900.0,814.0,1344.19536,emergency,LTAC,3750,45,asphalt,ILS,1,1,advanced,1,major,1,1,1,1,1,1,1,open,none,safe,joint,0,1153.833669,1300,extended,5.0,0
S00721,VNKT,27.876522,85.270516,E175,regional_jet,1712,security,611,critical,0.75,562.5,562.5,802.370143,aircraft_fuel,VNKT,3350,45,asphalt,VOR,0,0,none,0,none,0,0,1,1,1,1,1,open,none,caution,civil,0,21.821896,1638,preferred,1.0,1
S00722,WSSS,2.046336,104.82797,E175,regional_jet,1736,weather,940,critical,0.75,562.5,562.5,915.150572,aircraft_fuel,WMKK,4124,60,asphalt,ILS,1,1,advanced,1,major,1,1,1,1,1,1,1,open,none,safe,civil,0,355.016158,2388,preferred,1.0,1
S00722,WSSS,2.046336,104.82797,E175,regional_jet,1736,weather,940,critical,0.75,562.5,562.5,915.150572,aircraft_fuel,WSSS,4000,60,asphalt,ILS,1,1,advanced,1,major,1,1,1,1,1,1,1,open,none,safe,civil,1,120.763054,2264,preferred,2.0,0
S00722,WSSS,2.046336,104.82797,E175,regional_jet,1736,weather,940,critical,0.75,562.5,562.5,915.150572,aircraft_fuel,WIMM,3000,60,asphalt,RNAV,1,1,basic,1,basic,1,0,1,1,0,1,1,open,none,safe,civil,0,683.388726,1264,extended,3.0,0
S00723,SBGR,-23.167638,-46.253881,A220-300,narrow_body,2104,mechanical,953,low,0.9,855.0,855.0,1416.816665,aircraft_fuel,SBGR,3700,45,asphalt,ILS,1,1,advanced,1,major,1,1,1,1,1,1,1,open,none,safe,civil,0,36.692158,1596,preferred,1.0,1
S00724,LPPT,38.250415,-8.53971,A319,narrow_body,2214,operational_constraints,872,critical,0.75,675.0,675.0,1149.519847,aircraft_fuel,LEMD,4350,60,asphalt,ILS,1,1,advanced,1,major,1,1,1,1,1,1,1,open,none,safe,civil,1,494.382922,2136,preferred,1.0,1
S00724,LPPT,38.250415,-8.53971,A319,narrow_body,2214,operational_constraints,872,critical,0.75,675.0,675.0,1149.519847,aircraft_fuel,LPPT,3707,45,asphalt,ILS,1,1,advanced,1,major,1,1,1,1,1,1,1,open,none,safe,civil,0,78.583602,1493,preferred,2.0,0
S00724,LPPT,38.250415,-8.53971,A319,narrow_body,2214,operational_constraints,872,critical,0.75,675.0,675.0,1149.519847,aircraft_fuel,GMMN,3720,45,asphalt,ILS,1,1,advanced,1,major,1,1,1,1,1,1,1,open,none,safe,civil,0,549.658039,1506,preferred,3.0,0
S00724,LPPT,38.250415,-8.53971,A319,narrow_body,2214,operational_constraints,872,critical,0.75,675.0,675.0,1149.519847,aircraft_fuel,DAAG,3500,60,asphalt,RNAV,0,1,basic,1,basic,1,1,1,1,1,1,0,open,none,safe,civil,0,1050.896387,1286,extended,4.0,0
S00725,KLAX,34.285393,-118.163082,A320,narrow_body,2312,operational_constraints,1024,low,0.9,855.0,855.0,1370.020293,aircraft_fuel,KLAX,3939,46,concrete,ILS,1,1,advanced,1,major,1,1,1,1,1,1,1,open,none,safe,civil,0,44.295609,1627,preferred,1.0,1
S00726,LTAC,40.038214,33.845292,A321,narrow_body,2338,weather,1239,normal,1.0,1000.0,1000.0,1619.838169,aircraft_fuel,LTFM,4100,60,asphalt,ILS,1,1,advanced,1,major,1,1,1,1,1,1,0,open,none,safe,civil,0,452.629603,1762,preferred,1.0,1
S00726,LTAC,40.038214,33.845292,A321,narrow_body,2338,weather,1239,normal,1.0,1000.0,1000.0,1619.838169,aircraft_fuel,LGAV,4000,45,asphalt,ILS,1,1,advanced,1,major,1,1,1,1,1,1,1,open,none,safe,civil,0,886.52366,1662,preferred,2.0,0
S00726,LTAC,40.038214,33.845292,A321,narrow_body,2338,weather,1239,normal,1.0,1000.0,1000.0,1619.838169,aircraft_fuel,OJAI,3660,61,asphalt,ILS,1,1,advanced,1,major,1,1,1,1,1,1,1,open,none,safe,civil,0,944.59646,1322,preferred,3.0,0
S00726,LTAC,40.038214,33.845292,A321,narrow_body,2338,weather,1239,normal,1.0,1000.0,1000.0,1619.838169,aircraft_fuel,HECA,4000,60,asphalt,ILS,1,1,basic,1,major,1,1,1,1,1,1,1,open,none,safe,civil,0,1125.925326,1662,extended,4.0,0
S00726,LTAC,40.038214,33.845292,A321,narrow_body,2338,weather,1239,normal,1.0,1000.0,1000.0,1619.838169,aircraft_fuel,LTAC,3750,45,asphalt,ILS,1,1,advanced,1,major,1,1,1,1,1,1,1,open,none,safe,joint,0,73.018477,1412,preferred,5.0,0
S00726,LTAC,40.038214,33.845292,A321,narrow_body,2338,weather,1239,normal,1.0,1000.0,1000.0,1619.838169,aircraft_fuel,LCLK,2987,45,asphalt,ILS,1,0,none,1,basic,1,0,1,1,1,1,1,open,none,safe,civil,0,574.441069,649,preferred,6.0,0
S00726,LTAC,40.038214,33.845292,A321,narrow_body,2338,weather,1239,normal,1.0,1000.0,1000.0,1619.838169,aircraft_fuel,HELX,3000,45,asphalt,RNAV,0,0,none,1,basic,1,0,1,0,0,1,1,open,none,safe,joint,0,1601.056371,662,extended,7.0,0
S00727,RKSI,37.533694,126.181052,A350-900,wide_body,2801,security,594,critical,0.75,1125.0,594.0,1099.203359,emergency,RKSI,4000,60,asphalt,ILS,1,1,advanced,1,major,1,1,1,1,1,1,1,open,none,safe,civil,1,24.872746,1199,preferred,1.0,1
S00727,RKSI,37.533694,126.181052,A350-900,wide_body,2801,security,594,critical,0.75,1125.0,594.0,1099.203359,emergency,ZSPD,4000,60,concrete,ILS,1,1,advanced,1,major,1,1,1,1,1,1,1,open,none,safe,civil,1,816.036761,1199,extended,2.0,0
S00727,RKSI,37.533694,126.181052,A350-900,wide_body,2801,security,594,critical,0.75,1125.0,594.0,1099.203359,emergency,ZBAA,3810,60,asphalt,ILS,1,1,advanced,1,major,1,1,1,1,1,1,1,open,none,safe,civil,1,876.792181,1009,extended,3.0,0
S00728,KLAX,33.729864,-118.275396,A321,narrow_body,2363,operational_constraints,1065,low,0.9,900.0,900.0,1568.50101,aircraft_fuel,KLAX,3939,46,concrete,ILS,1,1,advanced,1,major,1,1,1,1,1,1,1,open,none,safe,civil,0,26.627851,1576,preferred,1.0,1
S00729,DNAA,9.054959,7.653184,E175,regional_jet,1749,operational_constraints,695,normal,1.0,750.0,695.0,984.622863,emergency,DNMM,3900,60,asphalt,ILS,1,1,advanced,1,major,1,1,1,1,1,1,1,open,none,caution,civil,0,550.999811,2151,preferred,1.0,1
S00729,DNAA,9.054959,7.653184,E175,regional_jet,1749,operational_constraints,695,normal,1.0,750.0,695.0,984.622863,emergency,DNAA,3609,60,asphalt,RNAV,0,0,none,1,basic,1,0,1,1,1,1,1,open,none,safe,joint,0,43.163596,1860,preferred,2.0,0
S00729,DNAA,9.054959,7.653184,E175,regional_jet,1749,operational_constraints,695,normal,1.0,750.0,695.0,984.622863,emergency,DGAA,3403,61,asphalt,RNAV,0,0,none,1,basic,1,0,1,1,1,1,0,open,none,safe,civil,0,943.761331,1654,extended,3.0,0
S00729,DNAA,9.054959,7.653184,E175,regional_jet,1749,operational_constraints,695,normal,1.0,750.0,695.0,984.622863,emergency,DNKN,3200,46,asphalt,RNAV,0,0,none,1,basic,1,0,1,0,0,1,1,open,none,safe,joint,0,346.129865,1451,preferred,4.0,0
S00730,VNKT,27.201682,85.45108,A321,narrow_body,2362,security,947,normal,1.0,1000.0,947.0,1535.89765,emergency,VIDP,4430,60,asphalt,ILS,1,1,advanced,1,major,1,1,1,1,1,1,1,open,none,safe,civil,1,834.790818,2068,preferred,1.0,1
S00730,VNKT,27.201682,85.45108,A321,narrow_body,2362,security,947,normal,1.0,1000.0,947.0,1535.89765,emergency,OPLA,3360,46,concrete,RNAV,0,0,none,1,basic,1,0,1,1,1,1,1,open,none,caution,civil,0,1172.628253,998,extended,2.0,0
S00730,VNKT,27.201682,85.45108,A321,narrow_body,2362,security,947,normal,1.0,1000.0,947.0,1535.89765,emergency,VNKT,3350,45,asphalt,VOR,0,0,none,0,none,0,0,1,1,1,1,1,open,none,caution,civil,0,55.775799,988,preferred,3.0,0
S00731,DTTA,36.105469,10.725682,A319,narrow_body,2035,fuel,631,normal,1.0,900.0,631.0,982.79466,emergency,LIRF,3902,60,asphalt,ILS,1,1,basic,1,major,1,1,1,1,1,1,1,open,none,safe,civil,1,647.271335,1867,extended,1.0,1
S00731,DTTA,36.105469,10.725682,A319,narrow_body,2035,fuel,631,normal,1.0,900.0,631.0,982.79466,emergency,DTTA,3200,45,asphalt,RNAV,0,1,basic,1,basic,1,0,1,1,1,1,1,open,none,safe,civil,0,94.120473,1165,preferred,2.0,0
S00731,DTTA,36.105469,10.725682,A319,narrow_body,2035,fuel,631,normal,1.0,900.0,631.0,982.79466,emergency,DAAG,3500,60,asphalt,RNAV,0,1,basic,1,basic,1,1,1,1,1,1,0,open,none,safe,civil,0,675.251512,1465,extended,3.0,0
S00732,CYYZ,43.355056,-79.877657,E175,regional_jet,1887,security,448,critical,0.75,562.5,448.0,669.923661,emergency,KJFK,4423,61,asphalt,ILS,1,1,advanced,1,major,1,1,1,1,1,1,1,open,none,safe,civil,1,587.262858,2536,extended,1.0,1
S00732,CYYZ,43.355056,-79.877657,E175,regional_jet,1887,security,448,critical,0.75,562.5,448.0,669.923661,emergency,CYYZ,3389,61,asphalt,ILS,1,1,advanced,1,major,1,1,1,1,1,1,1,open,none,safe,civil,1,40.911484,1502,preferred,2.0,0
S00733,SBGR,-23.455629,-47.167181,A220-300,narrow_body,2124,mechanical,428,critical,0.75,712.5,428.0,716.297007,emergency,SBGR,3700,45,asphalt,ILS,1,1,advanced,1,major,1,1,1,1,1,1,1,open,none,safe,civil,0,71.179873,1576,preferred,1.0,1
S00734,YMML,-37.581128,145.054514,A320,narrow_body,2243,security,960,normal,1.0,950.0,950.0,1546.253571,aircraft_fuel,YSSY,3962,45,asphalt,ILS,1,1,advanced,1,major,1,1,1,0,1,1,1,open,none,safe,civil,1,684.235521,1719,preferred,1.0,1
S00734,YMML,-37.581128,145.054514,A320,narrow_body,2243,security,960,normal,1.0,950.0,950.0,1546.253571,aircraft_fuel,YMML,3657,60,asphalt,ILS,1,1,advanced,1,major,1,1,1,1,1,1,1,open,none,safe,civil,0,21.522075,1414,preferred,2.0,0
S00735,LTAC,40.528955,32.905171,B737-800,narrow_body,2266,fuel,615,low,0.9,855.0,615.0,999.156199,emergency,LTFM,4100,60,asphalt,ILS,1,1,advanced,1,major,1,1,1,1,1,1,0,open,none,safe,civil,0,360.355172,1834,preferred,1.0,1
S00735,LTAC,40.528955,32.905171,B737-800,narrow_body,2266,fuel,615,low,0.9,855.0,615.0,999.156199,emergency,LGAV,4000,45,asphalt,ILS,1,1,advanced,1,major,1,1,1,1,1,1,1,open,none,safe,civil,0,823.382728,1734,extended,2.0,0
S00735,LTAC,40.528955,32.905171,B737-800,narrow_body,2266,fuel,615,low,0.9,855.0,615.0,999.156199,emergency,LTAC,3750,45,asphalt,ILS,1,1,advanced,1,major,1,1,1,1,1,1,1,open,none,safe,joint,0,45.220083,1484,preferred,3.0,0
S00735,LTAC,40.528955,32.905171,B737-800,narrow_body,2266,fuel,615,low,0.9,855.0,615.0,999.156199,emergency,LCLK,2987,45,asphalt,ILS,1,0,none,1,basic,1,0,1,1,1,1,1,open,none,safe,civil,0,631.853625,721,extended,4.0,0
S00736,KATL,34.039969,-85.536576,B737 MAX 8,narrow_body,2356,mechanical,780,low,0.9,900.0,780.0,1243.484217,emergency,KATL,3776,46,concrete,ILS,1,1,advanced,1,major,1,1,1,1,1,1,1,open,none,safe,civil,0,111.767297,1420,preferred,1.0,1
S00736,KATL,34.039969,-85.536576,B737 MAX 8,narrow_body,2356,mechanical,780,low,0.9,900.0,780.0,1243.484217,emergency,KORD,3962,46,concrete,ILS,1,1,advanced,1,major,1,1,1,1,1,1,1,open,none,safe,civil,0,906.682962,1606,extended,2.0,0
S00736,KATL,34.039969,-85.536576,B737 MAX 8,narrow_body,2356,mechanical,780,low,0.9,900.0,780.0,1243.484217,emergency,CYYZ,3389,61,asphalt,ILS,1,1,advanced,1,major,1,1,1,1,1,1,1,open,none,safe,civil,1,1186.489496,1033,extended,3.0,0
S00738,KJFK,41.169952,-73.883408,E170,regional_jet,1679,weather,681,normal,1.0,700.0,681.0,1030.325326,emergency,KJFK,4423,61,asphalt,ILS,1,1,advanced,1,major,1,1,1,1,1,1,1,open,none,safe,civil,1,59.634564,2744,preferred,1.0,1
S00738,KJFK,41.169952,-73.883408,E170,regional_jet,1679,weather,681,normal,1.0,700.0,681.0,1030.325326,emergency,CYYZ,3389,61,asphalt,ILS,1,1,advanced,1,major,1,1,1,1,1,1,1,open,none,safe,civil,1,547.621064,1710,preferred,2.0,0
S00739,RJCC,42.180849,142.345929,A220-300,narrow_body,2107,technical,832,normal,1.0,950.0,832.0,1321.932232,emergency,RJAA,4000,60,asphalt,ILS,1,1,advanced,1,major,1,1,1,0,1,1,1,open,none,safe,civil,1,732.749752,1893,preferred,1.0,1
S00739,RJCC,42.180849,142.345929,A220-300,narrow_body,2107,technical,832,normal,1.0,950.0,832.0,1321.932232,emergency,RJTT,3360,61,asphalt,ILS,1,1,advanced,1,major,1,1,1,1,1,1,1,open,none,safe,civil,1,769.81149,1253,preferred,2.0,0
S00739,RJCC,42.180849,142.345929,A220-300,narrow_body,2107,technical,832,normal,1.0,950.0,832.0,1321.932232,emergency,RJCC,3000,61,asphalt,RNAV,0,1,basic,1,basic,1,1,1,1,1,1,1,open,none,safe,joint,0,85.153439,893,preferred,3.0,0
S00740,LIRF,42.579443,12.504093,A220-300,narrow_body,2128,fuel,450,low,0.9,855.0,450.0,696.070876,emergency,LIRF,3902,60,asphalt,ILS,1,1,basic,1,major,1,1,1,1,1,1,1,open,none,safe,civil,1,88.63364,1774,preferred,1.0,1
S00740,LIRF,42.579443,12.504093,A220-300,narrow_body,2128,fuel,450,low,0.9,855.0,450.0,696.070876,emergency,DTTA,3200,45,asphalt,RNAV,0,1,basic,1,basic,1,0,1,1,1,1,1,open,none,safe,civil,0,666.006678,1072,extended,2.0,0
S00741,EDDF,51.116151,8.474092,B777-300ER,wide_body,3115,medical,1085,normal,1.0,1500.0,1085.0,2009.666763,emergency,LFPG,4215,45,asphalt,ILS,1,1,advanced,1,major,1,1,1,1,1,1,1,open,none,safe,civil,1,482.983402,1100,preferred,1.0,1
S00741,EDDF,51.116151,8.474092,B777-300ER,wide_body,3115,medical,1085,normal,1.0,1500.0,1085.0,2009.666763,emergency,EDDF,4000,60,asphalt,ILS,1,1,advanced,1,major,1,1,1,0,1,1,1,open,none,safe,civil,1,121.286788,885,preferred,2.0,0
S00741,EDDF,51.116151,8.474092,B777-300ER,wide_body,3115,medical,1085,normal,1.0,1500.0,1085.0,2009.666763,emergency,LEMD,4350,60,asphalt,ILS,1,1,advanced,1,major,1,1,1,1,1,1,1,open,none,safe,civil,1,1501.681309,1235,extended,3.0,0
S00741,EDDF,51.116151,8.474092,B777-300ER,wide_body,3115,medical,1085,normal,1.0,1500.0,1085.0,2009.666763,emergency,EGLL,3901,50,asphalt,ILS,1,1,advanced,1,major,1,1,1,1,1,1,1,open,none,safe,civil,1,622.076125,786,preferred,4.0,0
S00741,EDDF,51.116151,8.474092,B777-300ER,wide_body,3115,medical,1085,normal,1.0,1500.0,1085.0,2009.666763,emergency,LIRF,3902,60,asphalt,ILS,1,1,basic,1,major,1,1,1,1,1,1,1,open,none,safe,civil,1,1074.703916,787,preferred,5.0,0
S00741,EDDF,51.116151,8.474092,B777-300ER,wide_body,3115,medical,1085,normal,1.0,1500.0,1085.0,2009.666763,emergency,EHAM,3800,60,asphalt,ILS,1,1,advanced,1,major,1,1,1,1,1,1,1,open,none,safe,civil,1,287.918064,685,preferred,6.0,0
S00741,EDDF,51.116151,8.474092,B777-300ER,wide_body,3115,medical,1085,normal,1.0,1500.0,1085.0,2009.666763,emergency,LTFM,4100,60,asphalt,ILS,1,1,advanced,1,major,1,1,1,1,1,1,0,open,none,safe,civil,0,1894.73092,985,extended,7.0,0
S00741,EDDF,51.116151,8.474092,B777-300ER,wide_body,3115,medical,1085,normal,1.0,1500.0,1085.0,2009.666763,emergency,LGAV,4000,45,asphalt,ILS,1,1,advanced,1,major,1,1,1,1,1,1,1,open,none,safe,civil,0,1902.985411,885,extended,8.0,0
S00741,EDDF,51.116151,8.474092,B777-300ER,wide_body,3115,medical,1085,normal,1.0,1500.0,1085.0,2009.666763,emergency,ENGM,3600,45,asphalt,ILS,1,1,advanced,1,major,1,1,1,1,1,1,1,open,none,safe,civil,0,1022.549311,485,preferred,9.0,0
S00741,EDDF,51.116151,8.474092,B777-300ER,wide_body,3115,medical,1085,normal,1.0,1500.0,1085.0,2009.666763,emergency,LPPT,3707,45,asphalt,ILS,1,1,advanced,1,major,1,1,1,1,1,1,1,open,none,safe,civil,0,1940.252241,592,extended,10.0,0
S00741,EDDF,51.116151,8.474092,B777-300ER,wide_body,3115,medical,1085,normal,1.0,1500.0,1085.0,2009.666763,emergency,EGKK,3317,45,asphalt,ILS,1,1,advanced,1,major,1,1,1,1,1,1,1,open,none,safe,civil,1,603.921427,202,preferred,11.0,0
S00741,EDDF,51.116151,8.474092,B777-300ER,wide_body,3115,medical,1085,normal,1.0,1500.0,1085.0,2009.666763,emergency,DAAG,3500,60,asphalt,RNAV,0,1,basic,1,basic,1,1,1,1,1,1,0,open,none,safe,civil,0,1657.025212,385,extended,12.0,0
S00741,EDDF,51.116151,8.474092,B777-300ER,wide_body,3115,medical,1085,normal,1.0,1500.0,1085.0,2009.666763,emergency,EFHK,3440,60,asphalt,ILS,1,1,advanced,1,major,1,1,1,1,1,1,1,open,none,safe,civil,0,1446.21768,325,extended,13.0,0
S00741,EDDF,51.116151,8.474092,B777-300ER,wide_body,3115,medical,1085,normal,1.0,1500.0,1085.0,2009.666763,emergency,ULLI,3780,60,concrete,ILS,1,1,advanced,1,major,1,1,1,1,1,1,1,open,none,caution,civil,0,1666.645131,665,extended,14.0,0
S00741,EDDF,51.116151,8.474092,B777-300ER,wide_body,3115,medical,1085,normal,1.0,1500.0,1085.0,2009.666763,emergency,UUEE,3700,60,concrete,ILS,1,1,advanced,1,major,1,1,1,1,1,1,1,open,none,caution,civil,0,1970.447861,585,extended,15.0,0
S00741,EDDF,51.116151,8.474092,B777-300ER,wide_body,3115,medical,1085,normal,1.0,1500.0,1085.0,2009.666763,emergency,ESSA,3301,45,asphalt,ILS,1,1,advanced,1,major,1,1,1,1,1,1,1,open,none,safe,civil,0,1118.69581,186,extended,16.0,0
S00742,DNMM,7.171737,3.309903,B737-800,narrow_body,2479,medical,807,low,0.9,855.0,807.0,1325.969951,emergency,DNMM,3900,60,asphalt,ILS,1,1,advanced,1,major,1,1,1,1,1,1,1,open,none,caution,civil,0,66.102277,1421,preferred,1.0,1
S00743,HELX,26.560387,31.934936,B737-800,narrow_body,2203,mechanical,668,critical,0.75,712.5,668.0,1068.50548,emergency,HECA,4000,60,asphalt,ILS,1,1,basic,1,major,1,1,1,1,1,1,1,open,none,safe,civil,0,398.365797,1797,preferred,1.0,1
S00743,HELX,26.560387,31.934936,B737-800,narrow_body,2203,mechanical,668,critical,0.75,712.5,668.0,1068.50548,emergency,OJAI,3660,61,asphalt,ILS,1,1,advanced,1,major,1,1,1,1,1,1,1,open,none,safe,civil,0,696.143517,1457,extended,2.0,0
S00743,HELX,26.560387,31.934936,B737-800,narrow_body,2203,mechanical,668,critical,0.75,712.5,668.0,1068.50548,emergency,HELX,3000,45,asphalt,RNAV,0,0,none,1,basic,1,0,1,0,0,1,1,open,none,safe,joint,0,125.363463,797,preferred,3.0,0
S00743,HELX,26.560387,31.934936,B737-800,narrow_body,2203,mechanical,668,critical,0.75,712.5,668.0,1068.50548,emergency,LCLK,2987,45,asphalt,ILS,1,0,none,1,basic,1,0,1,1,1,1,1,open,none,safe,civil,0,938.511144,784,extended,4.0,0
S00744,SAEZ,-34.837029,-58.160063,B777-300ER,wide_body,3093,medical,533,low,0.9,1350.0,533.0,924.113557,emergency,SAEZ,3300,60,asphalt,ILS,1,1,basic,1,major,1,1,1,1,1,1,1,open,none,safe,civil,0,34.334921,207,preferred,1.0,1
S00745,OJAI,32.455492,35.494532,B737-800,narrow_body,2345,medical,868,critical,0.75,712.5,712.5,1097.150674,aircraft_fuel,HECA,4000,60,asphalt,ILS,1,1,basic,1,major,1,1,1,1,1,1,1,open,none,safe,civil,0,468.518102,1655,preferred,1.0,1
S00745,OJAI,32.455492,35.494532,B737-800,narrow_body,2345,medical,868,critical,0.75,712.5,712.5,1097.150674,aircraft_fuel,OJAI,3660,61,asphalt,ILS,1,1,advanced,1,major,1,1,1,1,1,1,1,open,none,safe,civil,0,94.064221,1315,preferred,2.0,0
S00745,OJAI,32.455492,35.494532,B737-800,narrow_body,2345,medical,868,critical,0.75,712.5,712.5,1097.150674,aircraft_fuel,LTAC,3750,45,asphalt,ILS,1,1,advanced,1,major,1,1,1,1,1,1,1,open,none,safe,joint,0,881.961034,1405,extended,3.0,0
S00746,BIKF,63.684724,-24.585286,A319,narrow_body,2067,security,1131,normal,1.0,900.0,900.0,1469.819598,aircraft_fuel,BIKF,3065,60,asphalt,RNAV,0,1,basic,1,basic,1,0,1,1,1,1,1,open,none,safe,joint,0,102.645892,998,preferred,1.0,1
S00747,KJFK,40.355647,-74.242563,A220-300,narrow_body,2018,medical,602,low,0.9,855.0,602.0,1027.269251,emergency,KJFK,4423,61,asphalt,ILS,1,1,advanced,1,major,1,1,1,1,1,1,1,open,none,safe,civil,1,50.300684,2405,preferred,1.0,1
S00747,KJFK,40.355647,-74.242563,A220-300,narrow_body,2018,medical,602,low,0.9,855.0,602.0,1027.269251,emergency,CYYZ,3389,61,asphalt,ILS,1,1,advanced,1,major,1,1,1,1,1,1,1,open,none,safe,civil,1,578.014779,1371,preferred,2.0,0
S00748,EDDF,49.790228,8.276945,E190,regional_jet,1850,medical,775,normal,1.0,800.0,775.0,1117.958454,emergency,LFPG,4215,45,asphalt,ILS,1,1,advanced,1,major,1,1,1,1,1,1,1,open,none,safe,civil,1,423.023943,2365,preferred,1.0,1
S00748,EDDF,49.790228,8.276945,E190,regional_jet,1850,medical,775,normal,1.0,800.0,775.0,1117.958454,emergency,EDDF,4000,60,asphalt,ILS,1,1,advanced,1,major,1,1,1,0,1,1,1,open,none,safe,civil,1,33.128826,2150,preferred,2.0,0
S00748,EDDF,49.790228,8.276945,E190,regional_jet,1850,medical,775,normal,1.0,800.0,775.0,1117.958454,emergency,EGLL,3901,50,asphalt,ILS,1,1,advanced,1,major,1,1,1,1,1,1,1,open,none,safe,civil,1,643.489336,2051,preferred,3.0,0
S00748,EDDF,49.790228,8.276945,E190,regional_jet,1850,medical,775,normal,1.0,800.0,775.0,1117.958454,emergency,EHAM,3800,60,asphalt,ILS,1,1,advanced,1,major,1,1,1,1,1,1,1,open,none,safe,civil,1,372.366546,1950,preferred,4.0,0
S00748,EDDF,49.790228,8.276945,E190,regional_jet,1850,medical,775,normal,1.0,800.0,775.0,1117.958454,emergency,LIRF,3902,60,asphalt,ILS,1,1,basic,1,major,1,1,1,1,1,1,1,open,none,safe,civil,1,939.570624,2052,extended,5.0,0
S00748,EDDF,49.790228,8.276945,E190,regional_jet,1850,medical,775,normal,1.0,800.0,775.0,1117.958454,emergency,EGKK,3317,45,asphalt,ILS,1,1,advanced,1,major,1,1,1,1,1,1,1,open,none,safe,civil,1,617.309114,1467,preferred,6.0,0
S00748,EDDF,49.790228,8.276945,E190,regional_jet,1850,medical,775,normal,1.0,800.0,775.0,1117.958454,emergency,EIDW,3110,45,concrete,ILS,1,1,advanced,1,major,1,1,1,1,1,1,1,open,none,safe,civil,0,1079.99237,1260,extended,7.0,0
S00748,EDDF,49.790228,8.276945,E190,regional_jet,1850,medical,775,normal,1.0,800.0,775.0,1117.958454,emergency,EGCC,3048,46,asphalt,ILS,1,1,advanced,1,major,1,1,1,1,1,1,1,open,none,safe,civil,1,828.799793,1198,extended,8.0,0
S00749,KLAX,33.68733,-118.121422,CRJ900,regional_jet,1860,medical,827,low,0.9,630.0,630.0,1047.243918,aircraft_fuel,KLAX,3939,46,concrete,ILS,1,1,advanced,1,major,1,1,1,1,1,1,1,open,none,safe,civil,0,38.80728,2079,preferred,1.0,1
S00750,LTFM,40.867889,29.097025,A380-800,very_large,3411,technical,870,low,0.9,1440.0,870.0,1473.0963,emergency,LTFM,4100,60,asphalt,ILS,1,1,advanced,1,major,1,1,1,1,1,1,0,open,none,safe,civil,0,54.622448,689,preferred,1.0,1
S00750,LTFM,40.867889,29.097025,A380-800,very_large,3411,technical,870,low,0.9,1440.0,870.0,1473.0963,emergency,LGAV,4000,45,asphalt,ILS,1,1,advanced,1,major,1,1,1,1,1,1,1,open,none,safe,civil,0,549.605086,589,preferred,2.0,0
S00750,LTFM,40.867889,29.097025,A380-800,very_large,3411,technical,870,low,0.9,1440.0,870.0,1473.0963,emergency,HECA,4000,60,asphalt,ILS,1,1,basic,1,major,1,1,1,1,1,1,1,open,none,safe,civil,0,1213.90527,589,extended,3.0,0
S00750,LTFM,40.867889,29.097025,A380-800,very_large,3411,technical,870,low,0.9,1440.0,870.0,1473.0963,emergency,LIRF,3902,60,asphalt,ILS,1,1,basic,1,major,1,1,1,1,1,1,1,open,none,safe,civil,1,1407.983306,491,extended,4.0,0
S00750,LTFM,40.867889,29.097025,A380-800,very_large,3411,technical,870,low,0.9,1440.0,870.0,1473.0963,emergency,LTAC,3750,45,asphalt,ILS,1,1,advanced,1,major,1,1,1,1,1,1,1,open,none,safe,joint,0,339.681627,339,preferred,5.0,0
S00750,LTFM,40.867889,29.097025,A380-800,very_large,3411,technical,870,low,0.9,1440.0,870.0,1473.0963,emergency,OJAI,3660,61,asphalt,ILS,1,1,advanced,1,major,1,1,1,1,1,1,1,open,none,safe,civil,0,1189.028684,249,extended,6.0,0
S00751,LPPT,39.010268,-8.242274,A321,narrow_body,2353,security,895,low,0.9,900.0,895.0,1607.831159,emergency,LEMD,4350,60,asphalt,ILS,1,1,advanced,1,major,1,1,1,1,1,1,1,open,none,safe,civil,1,431.883825,1997,preferred,1.0,1
S00751,LPPT,39.010268,-8.242274,A321,narrow_body,2353,security,895,low,0.9,900.0,895.0,1607.831159,emergency,LFPG,4215,45,asphalt,ILS,1,1,advanced,1,major,1,1,1,1,1,1,1,open,none,safe,civil,1,1404.760494,1862,extended,2.0,0
S00751,LPPT,39.010268,-8.242274,A321,narrow_body,2353,security,895,low,0.9,900.0,895.0,1607.831159,emergency,LPPT,3707,45,asphalt,ILS,1,1,advanced,1,major,1,1,1,1,1,1,1,open,none,safe,civil,0,81.420349,1354,preferred,3.0,0
S00751,LPPT,39.010268,-8.242274,A321,narrow_body,2353,security,895,low,0.9,900.0,895.0,1607.831159,emergency,GMMN,3720,45,asphalt,ILS,1,1,advanced,1,major,1,1,1,1,1,1,1,open,none,safe,civil,0,630.166321,1367,preferred,4.0,0
S00751,LPPT,39.010268,-8.242274,A321,narrow_body,2353,security,895,low,0.9,900.0,895.0,1607.831159,emergency,EGLL,3901,50,asphalt,ILS,1,1,advanced,1,major,1,1,1,1,1,1,1,open,none,safe,civil,1,1511.546813,1548,extended,5.0,0
S00751,LPPT,39.010268,-8.242274,A321,narrow_body,2353,security,895,low,0.9,900.0,895.0,1607.831159,emergency,DAAG,3500,60,asphalt,RNAV,0,1,basic,1,basic,1,1,1,1,1,1,0,open,none,safe,civil,0,1037.552487,1147,extended,6.0,0
S00751,LPPT,39.010268,-8.242274,A321,narrow_body,2353,security,895,low,0.9,900.0,895.0,1607.831159,emergency,EGKK,3317,45,asphalt,ILS,1,1,advanced,1,major,1,1,1,1,1,1,1,open,none,safe,civil,1,1488.484633,964,extended,7.0,0
S00752,EGCC,53.124298,-2.541999,A330-300,wide_body,3040,medical,989,normal,1.0,1300.0,989.0,1623.989054,emergency,LFPG,4215,45,asphalt,ILS,1,1,advanced,1,major,1,1,1,1,1,1,1,open,none,safe,civil,1,579.528545,1175,preferred,1.0,1
S00752,EGCC,53.124298,-2.541999,A330-300,wide_body,3040,medical,989,normal,1.0,1300.0,989.0,1623.989054,emergency,EDDF,4000,60,asphalt,ILS,1,1,advanced,1,major,1,1,1,0,1,1,1,open,none,safe,civil,1,839.713681,960,preferred,2.0,0
S00752,EGCC,53.124298,-2.541999,A330-300,wide_body,3040,medical,989,normal,1.0,1300.0,989.0,1623.989054,emergency,LEMD,4350,60,asphalt,ILS,1,1,advanced,1,major,1,1,1,1,1,1,1,open,none,safe,civil,1,1406.638777,1310,extended,3.0,0
S00752,EGCC,53.124298,-2.541999,A330-300,wide_body,3040,medical,989,normal,1.0,1300.0,989.0,1623.989054,emergency,EGLL,3901,50,asphalt,ILS,1,1,advanced,1,major,1,1,1,1,1,1,1,open,none,safe,civil,1,232.043225,861,preferred,4.0,0
S00752,EGCC,53.124298,-2.541999,A330-300,wide_body,3040,medical,989,normal,1.0,1300.0,989.0,1623.989054,emergency,EHAM,3800,60,asphalt,ILS,1,1,advanced,1,major,1,1,1,1,1,1,1,open,none,safe,civil,1,500.161974,760,preferred,5.0,0
S00752,EGCC,53.124298,-2.541999,A330-300,wide_body,3040,medical,989,normal,1.0,1300.0,989.0,1623.989054,emergency,EGKK,3317,45,asphalt,ILS,1,1,advanced,1,major,1,1,1,1,1,1,1,open,none,safe,civil,1,272.211357,277,preferred,6.0,0
S00752,EGCC,53.124298,-2.541999,A330-300,wide_body,3040,medical,989,normal,1.0,1300.0,989.0,1623.989054,emergency,ENGM,3600,45,asphalt,ILS,1,1,advanced,1,major,1,1,1,1,1,1,1,open,none,safe,civil,0,1141.850688,560,extended,7.0,0
S00752,EGCC,53.124298,-2.541999,A330-300,wide_body,3040,medical,989,normal,1.0,1300.0,989.0,1623.989054,emergency,EIDW,3110,45,concrete,ILS,1,1,advanced,1,major,1,1,1,1,1,1,1,open,none,safe,civil,0,249.624698,70,preferred,8.0,0
S00752,EGCC,53.124298,-2.541999,A330-300,wide_body,3040,medical,989,normal,1.0,1300.0,989.0,1623.989054,emergency,EGCC,3048,46,asphalt,ILS,1,1,advanced,1,major,1,1,1,1,1,1,1,open,none,safe,civil,1,31.092462,8,preferred,9.0,0
S00752,EGCC,53.124298,-2.541999,A330-300,wide_body,3040,medical,989,normal,1.0,1300.0,989.0,1623.989054,emergency,ESSA,3301,45,asphalt,ILS,1,1,advanced,1,major,1,1,1,1,1,1,1,open,none,safe,civil,0,1445.378899,261,extended,10.0,0
S00753,CYVR,48.658184,-121.401502,A220-300,narrow_body,2130,operational_constraints,998,normal,1.0,950.0,950.0,1675.871851,aircraft_fuel,KLAX,3939,46,concrete,ILS,1,1,advanced,1,major,1,1,1,1,1,1,1,open,none,safe,civil,0,1654.959404,1809,extended,1.0,1
S00753,CYVR,48.658184,-121.401502,A220-300,narrow_body,2130,operational_constraints,998,normal,1.0,950.0,950.0,1675.871851,aircraft_fuel,CYVR,3505,61,asphalt,ILS,1,1,advanced,1,major,1,1,1,1,1,1,1,open,none,safe,civil,0,143.199538,1375,preferred,2.0,0
S00754,RKSI,38.100293,126.344702,A321,narrow_body,2372,medical,1095,normal,1.0,1000.0,1000.0,1683.75804,aircraft_fuel,RKSI,4000,60,asphalt,ILS,1,1,advanced,1,major,1,1,1,1,1,1,1,open,none,safe,civil,1,70.804208,1628,preferred,1.0,1
S00754,RKSI,38.100293,126.344702,A321,narrow_body,2372,medical,1095,normal,1.0,1000.0,1000.0,1683.75804,aircraft_fuel,ZSPD,4000,60,concrete,ILS,1,1,advanced,1,major,1,1,1,1,1,1,1,open,none,safe,civil,1,877.739959,1628,preferred,2.0,0
S00754,RKSI,38.100293,126.344702,A321,narrow_body,2372,medical,1095,normal,1.0,1000.0,1000.0,1683.75804,aircraft_fuel,ZBAA,3810,60,asphalt,ILS,1,1,advanced,1,major,1,1,1,1,1,1,1,open,none,safe,civil,1,869.048751,1438,preferred,3.0,0
S00754,RKSI,38.100293,126.344702,A321,narrow_body,2372,medical,1095,normal,1.0,1000.0,1000.0,1683.75804,aircraft_fuel,RJAA,4000,60,asphalt,ILS,1,1,advanced,1,major,1,1,1,0,1,1,1,open,none,safe,civil,1,1273.548633,1628,extended,4.0,0
S00754,RKSI,38.100293,126.344702,A321,narrow_body,2372,medical,1095,normal,1.0,1000.0,1000.0,1683.75804,aircraft_fuel,RCTP,3660,60,concrete,ILS,1,1,advanced,1,major,1,1,1,1,1,1,1,open,none,safe,civil,0,1526.125891,1288,extended,5.0,0
S00754,RKSI,38.100293,126.344702,A321,narrow_body,2372,medical,1095,normal,1.0,1000.0,1000.0,1683.75804,aircraft_fuel,RJTT,3360,61,asphalt,ILS,1,1,advanced,1,major,1,1,1,1,1,1,1,open,none,safe,civil,1,1228.405819,988,extended,6.0,0
S00754,RKSI,38.100293,126.344702,A321,narrow_body,2372,medical,1095,normal,1.0,1000.0,1000.0,1683.75804,aircraft_fuel,RJCC,3000,61,asphalt,RNAV,0,1,basic,1,basic,1,1,1,1,1,1,1,open,none,safe,joint,0,1396.301194,628,extended,7.0,0
S00755,SAEZ,-34.960736,-58.081105,B737 MAX 8,narrow_body,2453,technical,1105,low,0.9,900.0,900.0,1520.023615,aircraft_fuel,SAEZ,3300,60,asphalt,ILS,1,1,basic,1,major,1,1,1,1,1,1,1,open,none,safe,civil,0,44.239549,847,preferred,1.0,1
S00756,UAAA,42.423615,77.376295,B737-800,narrow_body,2290,mechanical,1016,low,0.9,855.0,855.0,1361.668076,aircraft_fuel,UAAA,4500,45,asphalt,RNAV,0,1,basic,1,basic,1,1,1,1,1,1,1,open,none,safe,civil,0,106.990204,2210,preferred,1.0,1
S00756,UAAA,42.423615,77.376295,B737-800,narrow_body,2290,mechanical,1016,low,0.9,855.0,855.0,1361.668076,aircraft_fuel,UACC,3500,45,asphalt,RNAV,0,1,basic,1,basic,1,1,1,1,1,1,1,open,none,safe,civil,0,1056.552141,1210,extended,2.0,0
S00756,UAAA,42.423615,77.376295,B737-800,narrow_body,2290,mechanical,1016,low,0.9,855.0,855.0,1361.668076,aircraft_fuel,OPLA,3360,46,concrete,RNAV,0,0,none,1,basic,1,0,1,1,1,1,1,open,none,caution,civil,0,1240.44807,1070,extended,3.0,0
S00757,SBGR,-22.188616,-46.509061,B737-800,narrow_body,2431,mechanical,1104,normal,1.0,950.0,950.0,1601.778839,aircraft_fuel,SBGR,3700,45,asphalt,ILS,1,1,advanced,1,major,1,1,1,1,1,1,1,open,none,safe,civil,0,138.23539,1269,preferred,1.0,1
S00758,OMDB,25.44547,55.416063,B737-800,narrow_body,2392,mechanical,1157,low,0.9,855.0,855.0,1346.299556,aircraft_fuel,OTHH,4850,60,asphalt,ILS,1,1,advanced,1,major,1,1,1,1,1,1,1,open,none,safe,civil,0,383.096102,2458,preferred,1.0,1
S00758,OMDB,25.44547,55.416063,B737-800,narrow_body,2392,mechanical,1157,low,0.9,855.0,855.0,1346.299556,aircraft_fuel,OKKK,4580,60,asphalt,ILS,1,1,advanced,1,major,1,1,1,1,1,1,1,open,none,safe,civil,0,846.796557,2188,preferred,2.0,0
S00758,OMDB,25.44547,55.416063,B737-800,narrow_body,2392,mechanical,1157,low,0.9,855.0,855.0,1346.299556,aircraft_fuel,OMDB,4447,60,asphalt,ILS,1,1,advanced,1,major,1,1,1,1,1,1,1,open,none,safe,civil,1,22.225011,2055,preferred,3.0,0
S00758,OMDB,25.44547,55.416063,B737-800,narrow_body,2392,mechanical,1157,low,0.9,855.0,855.0,1346.299556,aircraft_fuel,OMAA,4106,60,asphalt,ILS,1,1,advanced,1,major,1,1,1,1,1,1,1,open,none,safe,civil,0,135.842266,1714,preferred,4.0,0
S00758,OMDB,25.44547,55.416063,B737-800,narrow_body,2392,mechanical,1157,low,0.9,855.0,855.0,1346.299556,aircraft_fuel,OOMS,4080,45,asphalt,ILS,1,1,advanced,1,major,1,1,1,1,1,1,1,open,none,safe,civil,0,355.439467,1688,preferred,5.0,0
S00758,OMDB,25.44547,55.416063,B737-800,narrow_body,2392,mechanical,1157,low,0.9,855.0,855.0,1346.299556,aircraft_fuel,OBBI,3956,60,asphalt,ILS,1,1,advanced,1,major,1,1,1,1,1,1,1,open,none,safe,civil,0,486.765767,1564,preferred,6.0,0
S00758,OMDB,25.44547,55.416063,B737-800,narrow_body,2392,mechanical,1157,low,0.9,855.0,855.0,1346.299556,aircraft_fuel,OERK,4205,60,asphalt,ILS,1,1,advanced,1,major,1,1,1,1,1,1,1,open,none,safe,civil,0,878.570222,1813,extended,7.0,0
S00758,OMDB,25.44547,55.416063,B737-800,narrow_body,2392,mechanical,1157,low,0.9,855.0,855.0,1346.299556,aircraft_fuel,OPKC,3400,46,concrete,RNAV,0,1,basic,1,basic,1,1,1,1,1,1,1,open,none,caution,civil,0,1183.032231,1008,extended,8.0,0
S00759,VABB,18.667594,72.970336,B737 MAX 8,narrow_body,2409,weather,742,critical,0.75,750.0,742.0,1267.429945,emergency,VIDP,4430,60,asphalt,ILS,1,1,advanced,1,major,1,1,1,1,1,1,1,open,none,safe,civil,1,1176.783021,2021,extended,1.0,1
S00759,VABB,18.667594,72.970336,B737 MAX 8,narrow_body,2409,weather,742,critical,0.75,750.0,742.0,1267.429945,emergency,VABB,3509,60,asphalt,ILS,1,1,advanced,1,major,1,1,1,1,1,1,1,open,none,safe,civil,1,48.049145,1100,preferred,2.0,0
S00759,VABB,18.667594,72.970336,B737 MAX 8,narrow_body,2409,weather,742,critical,0.75,750.0,742.0,1267.429945,emergency,OPKC,3400,46,concrete,RNAV,0,1,basic,1,basic,1,1,1,1,1,1,1,open,none,caution,civil,0,916.796925,991,extended,3.0,0
S00760,FMMI,-18.670198,47.021964,E170,regional_jet,1712,mechanical,969,low,0.9,630.0,630.0,981.504282,aircraft_fuel,FMMI,3100,45,asphalt,VOR,0,0,none,0,none,0,0,1,1,1,1,0,open,none,caution,civil,0,50.12745,1388,preferred,1.0,1
S00761,LPPT,39.434038,-9.174023,E170,regional_jet,1815,medical,968,normal,1.0,700.0,700.0,1013.856356,aircraft_fuel,LEMD,4350,60,asphalt,ILS,1,1,advanced,1,major,1,1,1,1,1,1,1,open,none,safe,civil,1,491.635008,2535,preferred,1.0,1
S00761,LPPT,39.434038,-9.174023,E170,regional_jet,1815,medical,968,normal,1.0,700.0,700.0,1013.856356,aircraft_fuel,LPPT,3707,45,asphalt,ILS,1,1,advanced,1,major,1,1,1,1,1,1,1,open,none,safe,civil,0,72.655572,1892,preferred,2.0,0
S00761,LPPT,39.434038,-9.174023,E170,regional_jet,1815,medical,968,normal,1.0,700.0,700.0,1013.856356,aircraft_fuel,GMMN,3720,45,asphalt,ILS,1,1,advanced,1,major,1,1,1,1,1,1,1,open,none,safe,civil,0,689.268888,1905,preferred,3.0,0
S00762,HKJK,-2.248372,37.576644,B737-800,narrow_body,2405,mechanical,893,normal,1.0,950.0,893.0,1400.073019,emergency,HKJK,4117,45,asphalt,RNAV,0,1,basic,1,basic,1,0,1,1,1,1,1,open,none,safe,civil,0,125.99737,1712,preferred,1.0,1
S00762,HKJK,-2.248372,37.576644,B737-800,narrow_body,2405,mechanical,893,normal,1.0,950.0,893.0,1400.073019,emergency,HAAB,3800,45,asphalt,ILS,1,0,none,1,basic,1,0,1,1,1,1,1,open,restricted,caution,joint,0,1255.63584,1395,extended,2.0,0
S00763,ZBAA,40.636432,116.35054,E175,regional_jet,1861,fuel,766,low,0.9,675.0,675.0,972.507948,aircraft_fuel,ZBAA,3810,60,asphalt,ILS,1,1,advanced,1,major,1,1,1,1,1,1,1,open,none,safe,civil,1,65.572943,1949,preferred,1.0,1
S00763,ZBAA,40.636432,116.35054,E175,regional_jet,1861,fuel,766,low,0.9,675.0,675.0,972.507948,aircraft_fuel,RKSI,4000,60,asphalt,ILS,1,1,advanced,1,major,1,1,1,1,1,1,1,open,none,safe,civil,1,939.878093,2139,extended,2.0,0
S00764,LTFM,41.407604,28.922115,E170,regional_jet,1758,fuel,949,critical,0.75,525.0,525.0,782.639157,aircraft_fuel,LTFM,4100,60,asphalt,ILS,1,1,advanced,1,major,1,1,1,1,1,1,0,open,none,safe,civil,0,21.664958,2342,preferred,1.0,1
S00764,LTFM,41.407604,28.922115,E170,regional_jet,1758,fuel,949,critical,0.75,525.0,525.0,782.639157,aircraft_fuel,LGAV,4000,45,asphalt,ILS,1,1,advanced,1,major,1,1,1,1,1,1,1,open,none,safe,civil,0,574.683111,2242,extended,2.0,0
S00764,LTFM,41.407604,28.922115,E170,regional_jet,1758,fuel,949,critical,0.75,525.0,525.0,782.639157,aircraft_fuel,LTAC,3750,45,asphalt,ILS,1,1,advanced,1,major,1,1,1,1,1,1,1,open,none,safe,joint,0,371.291892,1992,preferred,3.0,0
S00765,EFHK,59.703899,26.124951,E190,regional_jet,1859,weather,1208,low,0.9,720.0,720.0,1099.50908,aircraft_fuel,EFHK,3440,60,asphalt,ILS,1,1,advanced,1,major,1,1,1,1,1,1,1,open,none,safe,civil,0,93.999673,1581,preferred,1.0,1
S00765,EFHK,59.703899,26.124951,E190,regional_jet,1859,weather,1208,low,0.9,720.0,720.0,1099.50908,aircraft_fuel,ULLI,3780,60,concrete,ILS,1,1,advanced,1,major,1,1,1,1,1,1,1,open,none,caution,civil,0,231.968985,1921,preferred,2.0,0
S00765,EFHK,59.703899,26.124951,E190,regional_jet,1859,weather,1208,low,0.9,720.0,720.0,1099.50908,aircraft_fuel,ESSA,3301,45,asphalt,ILS,1,1,advanced,1,major,1,1,1,1,1,1,1,open,none,safe,civil,0,459.885496,1442,preferred,3.0,0
S00765,EFHK,59.703899,26.124951,E190,regional_jet,1859,weather,1208,low,0.9,720.0,720.0,1099.50908,aircraft_fuel,ENGM,3600,45,asphalt,ILS,1,1,advanced,1,major,1,1,1,1,1,1,1,open,none,safe,civil,0,836.56994,1741,extended,4.0,0
S00765,EFHK,59.703899,26.124951,E190,regional_jet,1859,weather,1208,low,0.9,720.0,720.0,1099.50908,aircraft_fuel,UUEE,3700,60,concrete,ILS,1,1,advanced,1,major,1,1,1,1,1,1,1,open,none,caution,civil,0,784.593847,1841,extended,5.0,0
S00766,EDDF,50.428448,8.065395,B787-9,wide_body,2752,weather,589,normal,1.0,1400.0,589.0,969.213811,emergency,LFPG,4215,45,asphalt,ILS,1,1,advanced,1,major,1,1,1,1,1,1,1,open,none,safe,civil,1,426.367666,1463,preferred,1.0,1
S00766,EDDF,50.428448,8.065395,B787-9,wide_body,2752,weather,589,normal,1.0,1400.0,589.0,969.213811,emergency,EDDF,4000,60,asphalt,ILS,1,1,advanced,1,major,1,1,1,0,1,1,1,open,none,safe,civil,1,56.790885,1248,preferred,2.0,0
S00766,EDDF,50.428448,8.065395,B787-9,wide_body,2752,weather,589,normal,1.0,1400.0,589.0,969.213811,emergency,EHAM,3800,60,asphalt,ILS,1,1,advanced,1,major,1,1,1,1,1,1,1,open,none,safe,civil,1,310.161329,1048,preferred,3.0,0
S00766,EDDF,50.428448,8.065395,B787-9,wide_body,2752,weather,589,normal,1.0,1400.0,589.0,969.213811,emergency,EGLL,3901,50,asphalt,ILS,1,1,advanced,1,major,1,1,1,1,1,1,1,open,none,safe,civil,1,607.995481,1149,extended,4.0,0
S00766,EDDF,50.428448,8.065395,B787-9,wide_body,2752,weather,589,normal,1.0,1400.0,589.0,969.213811,emergency,EGKK,3317,45,asphalt,ILS,1,1,advanced,1,major,1,1,1,1,1,1,1,open,none,safe,civil,1,585.203152,565,preferred,5.0,0
S00766,EDDF,50.428448,8.065395,B787-9,wide_body,2752,weather,589,normal,1.0,1400.0,589.0,969.213811,emergency,EGCC,3048,46,asphalt,ILS,1,1,advanced,1,major,1,1,1,1,1,1,1,open,none,safe,civil,1,779.65115,296,extended,6.0,0
S00767,EIDW,52.801216,-5.234869,B787-9,wide_body,2855,technical,843,critical,0.75,1050.0,843.0,1430.361687,emergency,LFPG,4215,45,asphalt,ILS,1,1,advanced,1,major,1,1,1,1,1,1,1,open,none,safe,civil,1,689.369603,1360,preferred,1.0,1
S00767,EIDW,52.801216,-5.234869,B787-9,wide_body,2855,technical,843,critical,0.75,1050.0,843.0,1430.361687,emergency,LEMD,4350,60,asphalt,ILS,1,1,advanced,1,major,1,1,1,1,1,1,1,open,none,safe,civil,1,1374.339132,1495,extended,2.0,0
S00767,EIDW,52.801216,-5.234869,B787-9,wide_body,2855,technical,843,critical,0.75,1050.0,843.0,1430.361687,emergency,EGLL,3901,50,asphalt,ILS,1,1,advanced,1,major,1,1,1,1,1,1,1,open,none,safe,civil,1,357.806777,1046,preferred,3.0,0
S00767,EIDW,52.801216,-5.234869,B787-9,wide_body,2855,technical,843,critical,0.75,1050.0,843.0,1430.361687,emergency,EHAM,3800,60,asphalt,ILS,1,1,advanced,1,major,1,1,1,1,1,1,1,open,none,safe,civil,1,677.645807,945,preferred,4.0,0
S00767,EIDW,52.801216,-5.234869,B787-9,wide_body,2855,technical,843,critical,0.75,1050.0,843.0,1430.361687,emergency,EDDF,4000,60,asphalt,ILS,1,1,advanced,1,major,1,1,1,0,1,1,1,open,none,safe,civil,1,1003.240143,1145,extended,5.0,0
S00767,EIDW,52.801216,-5.234869,B787-9,wide_body,2855,technical,843,critical,0.75,1050.0,843.0,1430.361687,emergency,EGKK,3317,45,asphalt,ILS,1,1,advanced,1,major,1,1,1,1,1,1,1,open,none,safe,civil,1,391.506184,462,preferred,6.0,0
S00767,EIDW,52.801216,-5.234869,B787-9,wide_body,2855,technical,843,critical,0.75,1050.0,843.0,1430.361687,emergency,ENGM,3600,45,asphalt,ILS,1,1,advanced,1,major,1,1,1,1,1,1,1,open,none,safe,civil,0,1290.457869,745,extended,7.0,0
S00767,EIDW,52.801216,-5.234869,B787-9,wide_body,2855,technical,843,critical,0.75,1050.0,843.0,1430.361687,emergency,EIDW,3110,45,concrete,ILS,1,1,advanced,1,major,1,1,1,1,1,1,1,open,none,safe,civil,0,97.818576,255,preferred,8.0,0
S00767,EIDW,52.801216,-5.234869,B787-9,wide_body,2855,technical,843,critical,0.75,1050.0,843.0,1430.361687,emergency,EGCC,3048,46,asphalt,ILS,1,1,advanced,1,major,1,1,1,1,1,1,1,open,none,safe,civil,1,207.025926,193,preferred,9.0,0
S00768,SBGR,-23.95536,-45.642683,E190,regional_jet,1968,fuel,763,normal,1.0,800.0,763.0,1191.557154,emergency,SBGR,3700,45,asphalt,ILS,1,1,advanced,1,major,1,1,1,1,1,1,1,open,none,safe,civil,0,102.427664,1732,preferred,1.0,1
S00769,OBBI,26.382526,50.495071,A320,narrow_body,2369,security,1047,normal,1.0,950.0,950.0,1459.954591,aircraft_fuel,OTHH,4850,60,asphalt,ILS,1,1,advanced,1,major,1,1,1,1,1,1,1,open,none,safe,civil,0,166.216145,2481,preferred,1.0,1
S00769,OBBI,26.382526,50.495071,A320,narrow_body,2369,security,1047,normal,1.0,950.0,950.0,1459.954591,aircraft_fuel,OKKK,4580,60,asphalt,ILS,1,1,advanced,1,major,1,1,1,1,1,1,1,open,none,safe,civil,0,401.907888,2211,preferred,2.0,0
S00769,OBBI,26.382526,50.495071,A320,narrow_body,2369,security,1047,normal,1.0,950.0,950.0,1459.954591,aircraft_fuel,OMDB,4447,60,asphalt,ILS,1,1,advanced,1,major,1,1,1,1,1,1,1,open,none,safe,civil,1,504.016507,2078,preferred,3.0,0
S00769,OBBI,26.382526,50.495071,A320,narrow_body,2369,security,1047,normal,1.0,950.0,950.0,1459.954591,aircraft_fuel,OERK,4205,60,asphalt,ILS,1,1,advanced,1,major,1,1,1,1,1,1,1,open,none,safe,civil,0,412.110186,1836,preferred,4.0,0
S00769,OBBI,26.382526,50.495071,A320,narrow_body,2369,security,1047,normal,1.0,950.0,950.0,1459.954591,aircraft_fuel,OMAA,4106,60,asphalt,ILS,1,1,advanced,1,major,1,1,1,1,1,1,1,open,none,safe,civil,0,469.731903,1737,preferred,5.0,0
S00769,OBBI,26.382526,50.495071,A320,narrow_body,2369,security,1047,normal,1.0,950.0,950.0,1459.954591,aircraft_fuel,OOMS,4080,45,asphalt,ILS,1,1,advanced,1,major,1,1,1,1,1,1,1,open,none,safe,civil,0,843.663863,1711,preferred,6.0,0
S00769,OBBI,26.382526,50.495071,A320,narrow_body,2369,security,1047,normal,1.0,950.0,950.0,1459.954591,aircraft_fuel,OBBI,3956,60,asphalt,ILS,1,1,advanced,1,major,1,1,1,1,1,1,1,open,none,safe,civil,0,19.132911,1587,preferred,7.0,0
S00770,DAAG,36.527607,2.922982,E175,regional_jet,1732,medical,645,normal,1.0,750.0,645.0,963.248644,emergency,LEMD,4350,60,asphalt,ILS,1,1,advanced,1,major,1,1,1,1,1,1,1,open,none,safe,civil,1,716.48301,2618,extended,1.0,1
S00770,DAAG,36.527607,2.922982,E175,regional_jet,1732,medical,645,normal,1.0,750.0,645.0,963.248644,emergency,DAAG,3500,60,asphalt,RNAV,0,1,basic,1,basic,1,1,1,1,1,1,0,open,none,safe,civil,0,31.922372,1768,preferred,2.0,0
S00770,DAAG,36.527607,2.922982,E175,regional_jet,1732,medical,645,normal,1.0,750.0,645.0,963.248644,emergency,DTTA,3200,45,asphalt,RNAV,0,1,basic,1,basic,1,0,1,1,1,1,1,open,none,safe,civil,0,652.11868,1468,extended,3.0,0
S00771,LTFM,40.722961,28.31036,A321,narrow_body,2384,mechanical,917,low,0.9,900.0,900.0,1582.69766,aircraft_fuel,LTFM,4100,60,asphalt,ILS,1,1,advanced,1,major,1,1,1,1,1,1,0,open,none,safe,civil,0,70.845666,1716,preferred,1.0,1
S00771,LTFM,40.722961,28.31036,A321,narrow_body,2384,mechanical,917,low,0.9,900.0,900.0,1582.69766,aircraft_fuel,LGAV,4000,45,asphalt,ILS,1,1,advanced,1,major,1,1,1,1,1,1,1,open,none,safe,civil,0,486.728488,1616,preferred,2.0,0
S00771,LTFM,40.722961,28.31036,A321,narrow_body,2384,mechanical,917,low,0.9,900.0,900.0,1582.69766,aircraft_fuel,HECA,4000,60,asphalt,ILS,1,1,basic,1,major,1,1,1,1,1,1,1,open,none,safe,civil,0,1212.394882,1616,extended,3.0,0
S00771,LTFM,40.722961,28.31036,A321,narrow_body,2384,mechanical,917,low,0.9,900.0,900.0,1582.69766,aircraft_fuel,LIRF,3902,60,asphalt,ILS,1,1,basic,1,major,1,1,1,1,1,1,1,open,none,safe,civil,1,1345.609548,1518,extended,4.0,0
S00771,LTFM,40.722961,28.31036,A321,narrow_body,2384,mechanical,917,low,0.9,900.0,900.0,1582.69766,aircraft_fuel,LTAC,3750,45,asphalt,ILS,1,1,advanced,1,major,1,1,1,1,1,1,1,open,none,safe,joint,0,401.976714,1366,preferred,5.0,0
S00771,LTFM,40.722961,28.31036,A321,narrow_body,2384,mechanical,917,low,0.9,900.0,900.0,1582.69766,aircraft_fuel,OJAI,3660,61,asphalt,ILS,1,1,advanced,1,major,1,1,1,1,1,1,1,open,none,safe,civil,0,1213.983616,1276,extended,6.0,0
S00771,LTFM,40.722961,28.31036,A321,narrow_body,2384,mechanical,917,low,0.9,900.0,900.0,1582.69766,aircraft_fuel,LCLK,2987,45,asphalt,ILS,1,0,none,1,basic,1,0,1,1,1,1,1,open,none,safe,civil,0,800.174393,603,preferred,7.0,0
S00772,GMMN,32.694932,-7.210012,B787-9,wide_body,2916,mechanical,1107,normal,1.0,1400.0,1107.0,1943.423686,emergency,LEMD,4350,60,asphalt,ILS,1,1,advanced,1,major,1,1,1,1,1,1,1,open,none,safe,civil,1,925.730844,1434,preferred,1.0,1
S00772,GMMN,32.694932,-7.210012,B787-9,wide_body,2916,mechanical,1107,normal,1.0,1400.0,1107.0,1943.423686,emergency,GMMN,3720,45,asphalt,ILS,1,1,advanced,1,major,1,1,1,1,1,1,1,open,none,safe,civil,0,82.750023,804,preferred,2.0,0
S00772,GMMN,32.694932,-7.210012,B787-9,wide_body,2916,mechanical,1107,normal,1.0,1400.0,1107.0,1943.423686,emergency,LPPT,3707,45,asphalt,ILS,1,1,advanced,1,major,1,1,1,1,1,1,1,open,none,safe,civil,0,698.687166,791,preferred,3.0,0
S00772,GMMN,32.694932,-7.210012,B787-9,wide_body,2916,mechanical,1107,normal,1.0,1400.0,1107.0,1943.423686,emergency,DAAG,3500,60,asphalt,RNAV,0,1,basic,1,basic,1,1,1,1,1,1,0,open,none,safe,civil,0,1050.872007,584,preferred,4.0,0
S00772,GMMN,32.694932,-7.210012,B787-9,wide_body,2916,mechanical,1107,normal,1.0,1400.0,1107.0,1943.423686,emergency,DTTA,3200,45,asphalt,RNAV,0,1,basic,1,basic,1,0,1,1,1,1,1,open,none,safe,civil,0,1655.610719,284,extended,5.0,0
S00773,LFPG,48.496121,3.578981,A320,narrow_body,2264,fuel,749,normal,1.0,950.0,749.0,1137.331805,emergency,LFPG,4215,45,asphalt,ILS,1,1,advanced,1,major,1,1,1,1,1,1,1,open,none,safe,civil,1,94.323197,1951,preferred,1.0,1
S00773,LFPG,48.496121,3.578981,A320,narrow_body,2264,fuel,749,normal,1.0,950.0,749.0,1137.331805,emergency,EDDF,4000,60,asphalt,ILS,1,1,advanced,1,major,1,1,1,0,1,1,1,open,none,safe,civil,1,399.304036,1736,preferred,2.0,0
S00773,LFPG,48.496121,3.578981,A320,narrow_body,2264,fuel,749,normal,1.0,950.0,749.0,1137.331805,emergency,LEMD,4350,60,asphalt,ILS,1,1,advanced,1,major,1,1,1,1,1,1,1,open,none,safe,civil,1,1054.200621,2086,extended,3.0,0
S00773,LFPG,48.496121,3.578981,A320,narrow_body,2264,fuel,749,normal,1.0,950.0,749.0,1137.331805,emergency,EGLL,3901,50,asphalt,ILS,1,1,advanced,1,major,1,1,1,1,1,1,1,open,none,safe,civil,1,438.951549,1637,preferred,4.0,0
S00773,LFPG,48.496121,3.578981,A320,narrow_body,2264,fuel,749,normal,1.0,950.0,749.0,1137.331805,emergency,EHAM,3800,60,asphalt,ILS,1,1,advanced,1,major,1,1,1,1,1,1,1,open,none,safe,civil,1,432.15023,1536,preferred,5.0,0
S00773,LFPG,48.496121,3.578981,A320,narrow_body,2264,fuel,749,normal,1.0,950.0,749.0,1137.331805,emergency,LIRF,3902,60,asphalt,ILS,1,1,basic,1,major,1,1,1,1,1,1,1,open,none,safe,civil,1,1006.809191,1638,extended,6.0,0
S00773,LFPG,48.496121,3.578981,A320,narrow_body,2264,fuel,749,normal,1.0,950.0,749.0,1137.331805,emergency,EGKK,3317,45,asphalt,ILS,1,1,advanced,1,major,1,1,1,1,1,1,1,open,none,safe,civil,1,399.821965,1053,preferred,7.0,0
S00773,LFPG,48.496121,3.578981,A320,narrow_body,2264,fuel,749,normal,1.0,950.0,749.0,1137.331805,emergency,EGCC,3048,46,asphalt,ILS,1,1,advanced,1,major,1,1,1,1,1,1,1,open,none,safe,civil,1,677.831955,784,preferred,8.0,0
S00773,LFPG,48.496121,3.578981,A320,narrow_body,2264,fuel,749,normal,1.0,950.0,749.0,1137.331805,emergency,EIDW,3110,45,concrete,ILS,1,1,advanced,1,major,1,1,1,1,1,1,1,open,none,safe,civil,0,879.490894,846,extended,9.0,0
S00774,DAAG,36.623438,3.000182,A320,narrow_body,2255,technical,1138,low,0.9,855.0,855.0,1425.139108,aircraft_fuel,LEMD,4350,60,asphalt,ILS,1,1,advanced,1,major,1,1,1,1,1,1,1,open,none,safe,civil,1,715.03,2095,preferred,1.0,1
S00774,DAAG,36.623438,3.000182,A320,narrow_body,2255,technical,1138,low,0.9,855.0,855.0,1425.139108,aircraft_fuel,LFPG,4215,45,asphalt,ILS,1,1,advanced,1,major,1,1,1,1,1,1,1,open,none,safe,civil,1,1377.681014,1960,extended,2.0,0
S00774,DAAG,36.623438,3.000182,A320,narrow_body,2255,technical,1138,low,0.9,855.0,855.0,1425.139108,aircraft_fuel,DAAG,3500,60,asphalt,RNAV,0,1,basic,1,basic,1,1,1,1,1,1,0,open,none,safe,civil,0,20.662654,1245,preferred,3.0,0
S00774,DAAG,36.623438,3.000182,A320,narrow_body,2255,technical,1138,low,0.9,855.0,855.0,1425.139108,aircraft_fuel,LIRF,3902,60,asphalt,ILS,1,1,basic,1,major,1,1,1,1,1,1,1,open,none,safe,civil,1,982.53391,1647,extended,4.0,0
S00774,DAAG,36.623438,3.000182,A320,narrow_body,2255,technical,1138,low,0.9,855.0,855.0,1425.139108,aircraft_fuel,GMMN,3720,45,asphalt,ILS,1,1,advanced,1,major,1,1,1,1,1,1,1,open,none,safe,civil,0,1029.640151,1465,extended,5.0,0
S00774,DAAG,36.623438,3.000182,A320,narrow_body,2255,technical,1138,low,0.9,855.0,855.0,1425.139108,aircraft_fuel,LPPT,3707,45,asphalt,ILS,1,1,advanced,1,major,1,1,1,1,1,1,1,open,none,safe,civil,0,1093.427367,1452,extended,6.0,0
S00774,DAAG,36.623438,3.000182,A320,narrow_body,2255,technical,1138,low,0.9,855.0,855.0,1425.139108,aircraft_fuel,DTTA,3200,45,asphalt,RNAV,0,1,basic,1,basic,1,0,1,1,1,1,1,open,none,safe,civil,0,644.344021,945,preferred,7.0,0
S00775,HELX,25.309313,32.384711,A330-300,wide_body,2997,fuel,627,low,0.9,1170.0,627.0,1146.745097,emergency,HECA,4000,60,asphalt,ILS,1,1,basic,1,major,1,1,1,1,1,1,1,open,none,safe,civil,0,542.758877,1003,preferred,1.0,1
S00775,HELX,25.309313,32.384711,A330-300,wide_body,2997,fuel,627,low,0.9,1170.0,627.0,1146.745097,emergency,OJAI,3660,61,asphalt,ILS,1,1,advanced,1,major,1,1,1,1,1,1,1,open,none,safe,civil,0,795.359893,663,extended,2.0,0
S00775,HELX,25.309313,32.384711,A330-300,wide_body,2997,fuel,627,low,0.9,1170.0,627.0,1146.745097,emergency,HELX,3000,45,asphalt,RNAV,0,0,none,1,basic,1,0,1,0,0,1,1,open,none,safe,joint,0,51.587712,3,preferred,3.0,0
S00776,LEMD,40.747408,-3.470719,A321,narrow_body,2451,weather,1078,normal,1.0,1000.0,1000.0,1652.273738,aircraft_fuel,LEMD,4350,60,asphalt,ILS,1,1,advanced,1,major,1,1,1,1,1,1,1,open,none,safe,civil,1,29.514982,1899,preferred,1.0,1
S00776,LEMD,40.747408,-3.470719,A321,narrow_body,2451,weather,1078,normal,1.0,1000.0,1000.0,1652.273738,aircraft_fuel,LFPG,4215,45,asphalt,ILS,1,1,advanced,1,major,1,1,1,1,1,1,1,open,none,safe,civil,1,1033.249791,1764,extended,2.0,0
S00776,LEMD,40.747408,-3.470719,A321,narrow_body,2451,weather,1078,normal,1.0,1000.0,1000.0,1652.273738,aircraft_fuel,GMMN,3720,45,asphalt,ILS,1,1,advanced,1,major,1,1,1,1,1,1,1,open,none,safe,civil,0,898.046918,1269,preferred,3.0,0
S00776,LEMD,40.747408,-3.470719,A321,narrow_body,2451,weather,1078,normal,1.0,1000.0,1000.0,1652.273738,aircraft_fuel,LPPT,3707,45,asphalt,ILS,1,1,advanced,1,major,1,1,1,1,1,1,1,open,none,safe,civil,0,531.149361,1256,preferred,4.0,0
S00776,LEMD,40.747408,-3.470719,A321,narrow_body,2451,weather,1078,normal,1.0,1000.0,1000.0,1652.273738,aircraft_fuel,EDDF,4000,60,asphalt,ILS,1,1,advanced,1,major,1,1,1,0,1,1,1,open,none,safe,civil,1,1391.965216,1549,extended,5.0,0
S00776,LEMD,40.747408,-3.470719,A321,narrow_body,2451,weather,1078,normal,1.0,1000.0,1000.0,1652.273738,aircraft_fuel,LIRF,3902,60,asphalt,ILS,1,1,basic,1,major,1,1,1,1,1,1,1,open,none,safe,civil,1,1317.300897,1451,extended,6.0,0
S00776,LEMD,40.747408,-3.470719,A321,narrow_body,2451,weather,1078,normal,1.0,1000.0,1000.0,1652.273738,aircraft_fuel,EGLL,3901,50,asphalt,ILS,1,1,advanced,1,major,1,1,1,1,1,1,1,open,none,safe,civil,1,1214.483231,1450,extended,7.0,0
S00776,LEMD,40.747408,-3.470719,A321,narrow_body,2451,weather,1078,normal,1.0,1000.0,1000.0,1652.273738,aircraft_fuel,DAAG,3500,60,asphalt,RNAV,0,1,basic,1,basic,1,1,1,1,1,1,0,open,none,safe,civil,0,734.147363,1049,preferred,8.0,0
S00776,LEMD,40.747408,-3.470719,A321,narrow_body,2451,weather,1078,normal,1.0,1000.0,1000.0,1652.273738,aircraft_fuel,EHAM,3800,60,asphalt,ILS,1,1,advanced,1,major,1,1,1,1,1,1,1,open,none,safe,civil,1,1429.429451,1349,extended,9.0,0
S00776,LEMD,40.747408,-3.470719,A321,narrow_body,2451,weather,1078,normal,1.0,1000.0,1000.0,1652.273738,aircraft_fuel,EGKK,3317,45,asphalt,ILS,1,1,advanced,1,major,1,1,1,1,1,1,1,open,none,safe,civil,1,1183.814457,866,extended,10.0,0
S00776,LEMD,40.747408,-3.470719,A321,narrow_body,2451,weather,1078,normal,1.0,1000.0,1000.0,1652.273738,aircraft_fuel,DTTA,3200,45,asphalt,RNAV,0,1,basic,1,basic,1,0,1,1,1,1,1,open,none,safe,civil,0,1261.97115,749,extended,11.0,0
S00776,LEMD,40.747408,-3.470719,A321,narrow_body,2451,weather,1078,normal,1.0,1000.0,1000.0,1652.273738,aircraft_fuel,EIDW,3110,45,concrete,ILS,1,1,advanced,1,major,1,1,1,1,1,1,1,open,none,safe,civil,0,1425.557158,659,extended,12.0,0
S00776,LEMD,40.747408,-3.470719,A321,narrow_body,2451,weather,1078,normal,1.0,1000.0,1000.0,1652.273738,aircraft_fuel,EGCC,3048,46,asphalt,ILS,1,1,advanced,1,major,1,1,1,1,1,1,1,open,none,safe,civil,1,1404.632271,597,extended,13.0,0
S00777,OOMS,24.673386,57.551638,E190,regional_jet,1947,technical,427,low,0.9,720.0,427.0,622.084841,emergency,OTHH,4850,60,asphalt,ILS,1,1,advanced,1,major,1,1,1,1,1,1,1,open,none,safe,civil,0,602.753025,2903,extended,1.0,1
S00777,OOMS,24.673386,57.551638,E190,regional_jet,1947,technical,427,low,0.9,720.0,427.0,622.084841,emergency,OMDB,4447,60,asphalt,ILS,1,1,advanced,1,major,1,1,1,1,1,1,1,open,none,safe,civil,1,228.976509,2500,preferred,2.0,0
S00777,OOMS,24.673386,57.551638,E190,regional_jet,1947,technical,427,low,0.9,720.0,427.0,622.084841,emergency,OMAA,4106,60,asphalt,ILS,1,1,advanced,1,major,1,1,1,1,1,1,1,open,none,safe,civil,0,294.669917,2159,preferred,3.0,0
S00777,OOMS,24.673386,57.551638,E190,regional_jet,1947,technical,427,low,0.9,720.0,427.0,622.084841,emergency,OOMS,4080,45,asphalt,ILS,1,1,advanced,1,major,1,1,1,1,1,1,1,open,none,safe,civil,0,140.646611,2133,preferred,4.0,0
S00779,DTTA,37.545732,10.043714,A320,narrow_body,2356,weather,515,low,0.9,855.0,515.0,792.185976,emergency,LIRF,3902,60,asphalt,ILS,1,1,basic,1,major,1,1,1,1,1,1,1,open,none,safe,civil,1,509.826195,1546,preferred,1.0,1
S00779,DTTA,37.545732,10.043714,A320,narrow_body,2356,weather,515,low,0.9,855.0,515.0,792.185976,emergency,DTTA,3200,45,asphalt,RNAV,0,1,basic,1,basic,1,0,1,1,1,1,1,open,none,safe,civil,0,78.941382,844,preferred,2.0,0
S00779,DTTA,37.545732,10.043714,A320,narrow_body,2356,weather,515,low,0.9,855.0,515.0,792.185976,emergency,DAAG,3500,60,asphalt,RNAV,0,1,basic,1,basic,1,1,1,1,1,1,0,open,none,safe,civil,0,612.723231,1144,extended,3.0,0
S00780,KJFK,40.548169,-74.493538,E170,regional_jet,1626,medical,744,critical,0.75,525.0,525.0,820.289609,aircraft_fuel,KJFK,4423,61,asphalt,ILS,1,1,advanced,1,major,1,1,1,1,1,1,1,open,none,safe,civil,1,61.153175,2797,preferred,1.0,1
S00780,KJFK,40.548169,-74.493538,E170,regional_jet,1626,medical,744,critical,0.75,525.0,525.0,820.289609,aircraft_fuel,CYYZ,3389,61,asphalt,ILS,1,1,advanced,1,major,1,1,1,1,1,1,1,open,none,safe,civil,1,547.93298,1763,extended,2.0,0
S00781,EGCC,52.855128,-2.979495,B747-8,very_large,3516,operational_constraints,852,normal,1.0,1550.0,852.0,1618.371139,emergency,LFPG,4215,45,asphalt,ILS,1,1,advanced,1,major,1,1,1,1,1,1,1,open,none,safe,civil,1,576.979435,699,preferred,1.0,1
S00781,EGCC,52.855128,-2.979495,B747-8,very_large,3516,operational_constraints,852,normal,1.0,1550.0,852.0,1618.371139,emergency,LEMD,4350,60,asphalt,ILS,1,1,advanced,1,major,1,1,1,1,1,1,1,open,none,safe,civil,1,1375.291776,834,extended,2.0,0
S00781,EGCC,52.855128,-2.979495,B747-8,very_large,3516,operational_constraints,852,normal,1.0,1550.0,852.0,1618.371139,emergency,EGLL,3901,50,asphalt,ILS,1,1,advanced,1,major,1,1,1,1,1,1,1,open,none,safe,civil,1,230.694717,385,preferred,3.0,0
S00781,EGCC,52.855128,-2.979495,B747-8,very_large,3516,operational_constraints,852,normal,1.0,1550.0,852.0,1618.371139,emergency,EHAM,3800,60,asphalt,ILS,1,1,advanced,1,major,1,1,1,1,1,1,1,open,none,safe,civil,1,526.438311,284,preferred,4.0,0
S00781,EGCC,52.855128,-2.979495,B747-8,very_large,3516,operational_constraints,852,normal,1.0,1550.0,852.0,1618.371139,emergency,EDDF,4000,60,asphalt,ILS,1,1,advanced,1,major,1,1,1,0,1,1,1,open,none,safe,civil,1,858.110329,484,extended,5.0,0
S00781,EGCC,52.855128,-2.979495,B747-8,very_large,3516,operational_constraints,852,normal,1.0,1550.0,852.0,1618.371139,emergency,ENGM,3600,45,asphalt,ILS,1,1,advanced,1,major,1,1,1,1,1,1,1,open,none,safe,civil,0,1183.65136,84,extended,6.0,0
S00782,SAEZ,-36.190237,-57.946303,B787-9,wide_body,2863,weather,648,critical,0.75,1050.0,648.0,1070.749114,emergency,SAEZ,3300,60,asphalt,ILS,1,1,basic,1,major,1,1,1,1,1,1,1,open,none,safe,civil,0,161.205155,437,preferred,1.0,1
S00783,WIMM,3.021511,99.706266,B737-800,narrow_body,2443,mechanical,641,low,0.9,855.0,641.0,1084.877817,emergency,WMKK,4124,60,asphalt,ILS,1,1,advanced,1,major,1,1,1,1,1,1,1,open,none,safe,civil,0,224.627909,1681,preferred,1.0,1
S00783,WIMM,3.021511,99.706266,B737-800,narrow_body,2443,mechanical,641,low,0.9,855.0,641.0,1084.877817,emergency,WSSS,4000,60,asphalt,ILS,1,1,advanced,1,major,1,1,1,1,1,1,1,open,none,safe,civil,1,511.375029,1557,preferred,2.0,0
S00783,WIMM,3.021511,99.706266,B737-800,narrow_body,2443,mechanical,641,low,0.9,855.0,641.0,1084.877817,emergency,WIMM,3000,60,asphalt,RNAV,1,1,basic,1,basic,1,0,1,1,0,1,1,open,none,safe,civil,0,114.282273,557,preferred,3.0,0
S00784,GMMN,33.118891,-7.126756,B737 MAX 8,narrow_body,2354,medical,377,low,0.9,900.0,377.0,636.309275,emergency,GMMN,3720,45,asphalt,ILS,1,1,advanced,1,major,1,1,1,1,1,1,1,open,none,safe,civil,0,51.18493,1366,preferred,1.0,1
S00785,ULLI,59.615158,30.582185,B767-300ER,wide_body,3056,fuel,729,low,0.9,1125.0,729.0,1232.538736,emergency,ULLI,3780,60,concrete,ILS,1,1,advanced,1,major,1,1,1,1,1,1,1,open,none,caution,civil,0,27.300545,724,preferred,1.0,1
S00785,ULLI,59.615158,30.582185,B767-300ER,wide_body,3056,fuel,729,low,0.9,1125.0,729.0,1232.538736,emergency,EFHK,3440,60,asphalt,ILS,1,1,advanced,1,major,1,1,1,1,1,1,1,open,none,safe,civil,0,322.225093,384,preferred,2.0,0
S00785,ULLI,59.615158,30.582185,B767-300ER,wide_body,3056,fuel,729,low,0.9,1125.0,729.0,1232.538736,emergency,UUEE,3700,60,concrete,ILS,1,1,advanced,1,major,1,1,1,1,1,1,1,open,none,caution,civil,0,571.690462,644,preferred,3.0,0
S00785,ULLI,59.615158,30.582185,B767-300ER,wide_body,3056,fuel,729,low,0.9,1125.0,729.0,1232.538736,emergency,ESSA,3301,45,asphalt,ILS,1,1,advanced,1,major,1,1,1,1,1,1,1,open,none,safe,civil,0,710.242462,245,preferred,4.0,0
S00785,ULLI,59.615158,30.582185,B767-300ER,wide_body,3056,fuel,729,low,0.9,1125.0,729.0,1232.538736,emergency,ENGM,3600,45,asphalt,ILS,1,1,advanced,1,major,1,1,1,1,1,1,1,open,none,safe,civil,0,1084.203902,544,extended,5.0,0
S00786,DGAA,5.97849,0.132717,A330-300,wide_body,2892,technical,996,low,0.9,1170.0,996.0,1729.619944,emergency,DNMM,3900,60,asphalt,ILS,1,1,advanced,1,major,1,1,1,1,1,1,1,open,none,caution,civil,0,358.646922,1008,preferred,1.0,1
S00786,DGAA,5.97849,0.132717,A330-300,wide_body,2892,technical,996,low,0.9,1170.0,996.0,1729.619944,emergency,DGAA,3403,61,asphalt,RNAV,0,0,none,1,basic,1,0,1,1,1,1,0,open,none,safe,civil,0,53.111277,511,preferred,2.0,0
S00786,DGAA,5.97849,0.132717,A330-300,wide_body,2892,technical,996,low,0.9,1170.0,996.0,1729.619944,emergency,DNAA,3609,60,asphalt,RNAV,0,0,none,1,basic,1,0,1,1,1,1,1,open,none,safe,joint,0,855.088889,717,preferred,3.0,0
S00786,DGAA,5.97849,0.132717,A330-300,wide_body,2892,technical,996,low,0.9,1170.0,996.0,1729.619944,emergency,DNKN,3200,46,asphalt,RNAV,0,0,none,1,basic,1,0,1,0,0,1,1,open,none,safe,joint,0,1141.889229,308,extended,4.0,0
S00787,OPKC,25.358789,67.857863,E190,regional_jet,1915,medical,737,normal,1.0,800.0,737.0,1105.822864,emergency,VIDP,4430,60,asphalt,ILS,1,1,advanced,1,major,1,1,1,1,1,1,1,open,none,safe,civil,1,981.740179,2515,extended,1.0,1
S00787,OPKC,25.358789,67.857863,E190,regional_jet,1915,medical,737,normal,1.0,800.0,737.0,1105.822864,emergency,OOMS,4080,45,asphalt,ILS,1,1,advanced,1,major,1,1,1,1,1,1,1,open,none,safe,civil,0,988.030508,2165,extended,2.0,0
S00787,OPKC,25.358789,67.857863,E190,regional_jet,1915,medical,737,normal,1.0,800.0,737.0,1105.822864,emergency,VABB,3509,60,asphalt,ILS,1,1,advanced,1,major,1,1,1,1,1,1,1,open,none,safe,civil,1,866.960815,1594,extended,3.0,0
S00787,OPKC,25.358789,67.857863,E190,regional_jet,1915,medical,737,normal,1.0,800.0,737.0,1105.822864,emergency,OPKC,3400,46,concrete,RNAV,0,1,basic,1,basic,1,1,1,1,1,1,1,open,none,caution,civil,0,86.33294,1485,preferred,4.0,0
S00788,EGLL,51.249484,-0.742488,B737-800,narrow_body,2417,mechanical,863,critical,0.75,712.5,712.5,1157.115381,aircraft_fuel,LFPG,4215,45,asphalt,ILS,1,1,advanced,1,major,1,1,1,1,1,1,1,open,none,safe,civil,1,342.406532,1798,preferred,1.0,1
S00788,EGLL,51.249484,-0.742488,B737-800,narrow_body,2417,mechanical,863,critical,0.75,712.5,712.5,1157.115381,aircraft_fuel,EDDF,4000,60,asphalt,ILS,1,1,advanced,1,major,1,1,1,0,1,1,1,open,none,safe,civil,1,669.366534,1583,preferred,2.0,0
S00788,EGLL,51.249484,-0.742488,B737-800,narrow_body,2417,mechanical,863,critical,0.75,712.5,712.5,1157.115381,aircraft_fuel,EGLL,3901,50,asphalt,ILS,1,1,advanced,1,major,1,1,1,1,1,1,1,open,none,safe,civil,1,31.468701,1484,preferred,3.0,0
S00788,EGLL,51.249484,-0.742488,B737-800,narrow_body,2417,mechanical,863,critical,0.75,712.5,712.5,1157.115381,aircraft_fuel,EHAM,3800,60,asphalt,ILS,1,1,advanced,1,major,1,1,1,1,1,1,1,open,none,safe,civil,1,396.583961,1383,preferred,4.0,0
S00788,EGLL,51.249484,-0.742488,B737-800,narrow_body,2417,mechanical,863,critical,0.75,712.5,712.5,1157.115381,aircraft_fuel,EGKK,3317,45,asphalt,ILS,1,1,advanced,1,major,1,1,1,1,1,1,1,open,none,safe,civil,1,40.377158,900,preferred,5.0,0
S00788,EGLL,51.249484,-0.742488,B737-800,narrow_body,2417,mechanical,863,critical,0.75,712.5,712.5,1157.115381,aircraft_fuel,EIDW,3110,45,concrete,ILS,1,1,advanced,1,major,1,1,1,1,1,1,1,open,none,safe,civil,0,446.285145,693,preferred,6.0,0
S00788,EGLL,51.249484,-0.742488,B737-800,narrow_body,2417,mechanical,863,critical,0.75,712.5,712.5,1157.115381,aircraft_fuel,EGCC,3048,46,asphalt,ILS,1,1,advanced,1,major,1,1,1,1,1,1,1,open,none,safe,civil,1,256.121705,631,preferred,7.0,0
S00789,EGLL,51.670773,-0.75355,B737-800,narrow_body,2213,operational_constraints,510,low,0.9,855.0,510.0,848.178273,emergency,LFPG,4215,45,asphalt,ILS,1,1,advanced,1,major,1,1,1,1,1,1,1,open,none,safe,civil,1,377.683,2002,preferred,1.0,1
S00789,EGLL,51.670773,-0.75355,B737-800,narrow_body,2213,operational_constraints,510,low,0.9,855.0,510.0,848.178273,emergency,EGLL,3901,50,asphalt,ILS,1,1,advanced,1,major,1,1,1,1,1,1,1,open,none,safe,civil,1,30.109061,1688,preferred,2.0,0
S00789,EGLL,51.670773,-0.75355,B737-800,narrow_body,2213,operational_constraints,510,low,0.9,855.0,510.0,848.178273,emergency,EHAM,3800,60,asphalt,ILS,1,1,advanced,1,major,1,1,1,1,1,1,1,open,none,safe,civil,1,384.301306,1587,preferred,3.0,0
S00789,EGLL,51.670773,-0.75355,B737-800,narrow_body,2213,operational_constraints,510,low,0.9,855.0,510.0,848.178273,emergency,EDDF,4000,60,asphalt,ILS,1,1,advanced,1,major,1,1,1,0,1,1,1,open,none,safe,civil,1,678.286265,1787,extended,4.0,0
S00789,EGLL,51.670773,-0.75355,B737-800,narrow_body,2213,operational_constraints,510,low,0.9,855.0,510.0,848.178273,emergency,EGKK,3317,45,asphalt,ILS,1,1,advanced,1,major,1,1,1,1,1,1,1,open,none,safe,civil,1,70.144979,1104,preferred,5.0,0
S00789,EGLL,51.670773,-0.75355,B737-800,narrow_body,2213,operational_constraints,510,low,0.9,855.0,510.0,848.178273,emergency,EIDW,3110,45,concrete,ILS,1,1,advanced,1,major,1,1,1,1,1,1,1,open,none,safe,civil,0,420.478779,897,preferred,6.0,0
S00789,EGLL,51.670773,-0.75355,B737-800,narrow_body,2213,operational_constraints,510,low,0.9,855.0,510.0,848.178273,emergency,EGCC,3048,46,asphalt,ILS,1,1,advanced,1,major,1,1,1,1,1,1,1,open,none,safe,civil,1,213.578187,835,preferred,7.0,0
S00790,FMMI,-19.177872,47.199637,E175,regional_jet,1734,security,668,normal,1.0,750.0,668.0,1033.246671,emergency,FMMI,3100,45,asphalt,VOR,0,0,none,0,none,0,0,1,1,1,1,0,open,none,caution,civil,0,51.537675,1366,preferred,1.0,1
S00791,UACC,51.150894,71.711961,B777-300ER,wide_body,3122,weather,647,normal,1.0,1500.0,647.0,1052.639549,emergency,UAAA,4500,45,asphalt,RNAV,0,1,basic,1,basic,1,1,1,1,1,1,1,open,none,safe,civil,0,955.137949,1378,extended,1.0,1
S00791,UACC,51.150894,71.711961,B777-300ER,wide_body,3122,weather,647,normal,1.0,1500.0,647.0,1052.639549,emergency,UACC,3500,45,asphalt,RNAV,0,1,basic,1,basic,1,1,1,1,1,1,1,open,none,safe,civil,0,21.958306,378,preferred,2.0,0
S00792,DNAA,9.1317,7.26397,E170,regional_jet,1643,operational_constraints,851,normal,1.0,700.0,700.0,1102.250595,aircraft_fuel,DNMM,3900,60,asphalt,ILS,1,1,advanced,1,major,1,1,1,1,1,1,1,open,none,caution,civil,0,518.903289,2257,preferred,1.0,1
S00792,DNAA,9.1317,7.26397,E170,regional_jet,1643,operational_constraints,851,normal,1.0,700.0,700.0,1102.250595,aircraft_fuel,DNAA,3609,60,asphalt,RNAV,0,0,none,1,basic,1,0,1,1,1,1,1,open,none,safe,joint,0,13.889636,1966,preferred,2.0,0
S00792,DNAA,9.1317,7.26397,E170,regional_jet,1643,operational_constraints,851,normal,1.0,700.0,700.0,1102.250595,aircraft_fuel,DGAA,3403,61,asphalt,RNAV,0,0,none,1,basic,1,0,1,1,1,1,0,open,none,safe,civil,0,908.299565,1760,extended,3.0,0
S00792,DNAA,9.1317,7.26397,E170,regional_jet,1643,operational_constraints,851,normal,1.0,700.0,700.0,1102.250595,aircraft_fuel,DNKN,3200,46,asphalt,RNAV,0,0,none,1,basic,1,0,1,0,0,1,1,open,none,safe,joint,0,352.290902,1557,preferred,4.0,0
S00793,OMAA,25.02522,55.118229,A330-300,wide_body,2858,weather,752,normal,1.0,1300.0,752.0,1361.498322,emergency,OTHH,4850,60,asphalt,ILS,1,1,advanced,1,major,1,1,1,1,1,1,1,open,none,safe,civil,0,354.376251,1992,preferred,1.0,1
S00793,OMAA,25.02522,55.118229,A330-300,wide_body,2858,weather,752,normal,1.0,1300.0,752.0,1361.498322,emergency,OMDB,4447,60,asphalt,ILS,1,1,advanced,1,major,1,1,1,1,1,1,1,open,none,safe,civil,1,35.650419,1589,preferred,2.0,0
S00793,OMAA,25.02522,55.118229,A330-300,wide_body,2858,weather,752,normal,1.0,1300.0,752.0,1361.498322,emergency,OKKK,4580,60,asphalt,ILS,1,1,advanced,1,major,1,1,1,1,1,1,1,open,none,safe,civil,0,847.332209,1722,extended,3.0,0
S00793,OMAA,25.02522,55.118229,A330-300,wide_body,2858,weather,752,normal,1.0,1300.0,752.0,1361.498322,emergency,OMAA,4106,60,asphalt,ILS,1,1,advanced,1,major,1,1,1,1,1,1,1,open,none,safe,civil,0,80.399412,1248,preferred,4.0,0
S00793,OMAA,25.02522,55.118229,A330-300,wide_body,2858,weather,752,normal,1.0,1300.0,752.0,1361.498322,emergency,OOMS,4080,45,asphalt,ILS,1,1,advanced,1,major,1,1,1,1,1,1,1,open,none,safe,civil,0,357.893965,1222,preferred,5.0,0
S00793,OMAA,25.02522,55.118229,A330-300,wide_body,2858,weather,752,normal,1.0,1300.0,752.0,1361.498322,emergency,OBBI,3956,60,asphalt,ILS,1,1,advanced,1,major,1,1,1,1,1,1,1,open,none,safe,civil,0,469.856902,1098,preferred,6.0,0
S00793,OMAA,25.02522,55.118229,A330-300,wide_body,2858,weather,752,normal,1.0,1300.0,752.0,1361.498322,emergency,OERK,4205,60,asphalt,ILS,1,1,advanced,1,major,1,1,1,1,1,1,1,open,none,safe,civil,0,848.439488,1347,extended,7.0,0
S00793,OMAA,25.02522,55.118229,A330-300,wide_body,2858,weather,752,normal,1.0,1300.0,752.0,1361.498322,emergency,OPKC,3400,46,concrete,RNAV,0,1,basic,1,basic,1,1,1,1,1,1,1,open,none,caution,civil,0,1213.620743,542,extended,8.0,0
S00794,RPLL,14.618388,120.927755,B737 MAX 8,narrow_body,2424,operational_constraints,743,low,0.9,900.0,743.0,1247.718176,emergency,RPLL,3737,60,concrete,ILS,1,1,basic,1,basic,1,1,1,1,1,1,1,open,none,caution,civil,0,15.734771,1313,preferred,1.0,1
S00794,RPLL,14.618388,120.927755,B737 MAX 8,narrow_body,2424,operational_constraints,743,low,0.9,900.0,743.0,1247.718176,emergency,RCTP,3660,60,concrete,ILS,1,1,advanced,1,major,1,1,1,1,1,1,1,open,none,safe,civil,0,1163.458843,1236,extended,2.0,0
S00795,RJCC,42.214928,141.70071,E175,regional_jet,1737,security,932,normal,1.0,750.0,750.0,1142.905171,aircraft_fuel,RJAA,4000,60,asphalt,ILS,1,1,advanced,1,major,1,1,1,0,1,1,1,open,none,safe,civil,1,725.686241,2263,preferred,1.0,1
S00795,RJCC,42.214928,141.70071,E175,regional_jet,1737,security,932,normal,1.0,750.0,750.0,1142.905171,aircraft_fuel,RJTT,3360,61,asphalt,ILS,1,1,advanced,1,major,1,1,1,1,1,1,1,open,none,safe,civil,1,759.367705,1623,extended,2.0,0
S00795,RJCC,42.214928,141.70071,E175,regional_jet,1737,security,932,normal,1.0,750.0,750.0,1142.905171,aircraft_fuel,RJCC,3000,61,asphalt,RNAV,0,1,basic,1,basic,1,1,1,1,1,1,1,open,none,safe,joint,0,62.255423,1263,preferred,3.0,0
S00796,LTFM,42.414734,27.593339,A319,narrow_body,2157,security,1045,low,0.9,810.0,810.0,1368.934165,aircraft_fuel,LTFM,4100,60,asphalt,ILS,1,1,advanced,1,major,1,1,1,1,1,1,0,open,none,safe,civil,0,157.994279,1943,preferred,1.0,1
S00796,LTFM,42.414734,27.593339,A319,narrow_body,2157,security,1045,low,0.9,810.0,810.0,1368.934165,aircraft_fuel,LGAV,4000,45,asphalt,ILS,1,1,advanced,1,major,1,1,1,1,1,1,1,open,none,safe,civil,0,586.438502,1843,preferred,2.0,0
S00796,LTFM,42.414734,27.593339,A319,narrow_body,2157,security,1045,low,0.9,810.0,810.0,1368.934165,aircraft_fuel,LIRF,3902,60,asphalt,ILS,1,1,basic,1,major,1,1,1,1,1,1,1,open,none,safe,civil,1,1265.622487,1745,extended,3.0,0
S00796,LTFM,42.414734,27.593339,A319,narrow_body,2157,security,1045,low,0.9,810.0,810.0,1368.934165,aircraft_fuel,LTAC,3750,45,asphalt,ILS,1,1,advanced,1,major,1,1,1,1,1,1,1,open,none,safe,joint,0,517.97182,1593,preferred,4.0,0
S00796,LTFM,42.414734,27.593339,A319,narrow_body,2157,security,1045,low,0.9,810.0,810.0,1368.934165,aircraft_fuel,LCLK,2987,45,asphalt,ILS,1,0,none,1,basic,1,0,1,1,1,1,1,open,none,safe,civil,0,987.925128,830,extended,5.0,0
S00797,VNKT,26.800723,85.231819,E190,regional_jet,1900,medical,845,normal,1.0,800.0,800.0,1164.625678,aircraft_fuel,VIDP,4430,60,asphalt,ILS,1,1,advanced,1,major,1,1,1,1,1,1,1,open,none,safe,civil,1,824.445115,2530,extended,1.0,1
S00798,LTFM,41.134558,28.332176,B767-300ER,wide_body,3108,weather,763,normal,1.0,1250.0,763.0,1239.881266,emergency,LTFM,4100,60,asphalt,ILS,1,1,advanced,1,major,1,1,1,1,1,1,0,open,none,safe,civil,0,36.918996,992,preferred,1.0,1
S00798,LTFM,41.134558,28.332176,B767-300ER,wide_body,3108,weather,763,normal,1.0,1250.0,763.0,1239.881266,emergency,LGAV,4000,45,asphalt,ILS,1,1,advanced,1,major,1,1,1,1,1,1,1,open,none,safe,civil,0,517.596968,892,preferred,2.0,0
S00798,LTFM,41.134558,28.332176,B767-300ER,wide_body,3108,weather,763,normal,1.0,1250.0,763.0,1239.881266,emergency,LTAC,3750,45,asphalt,ILS,1,1,advanced,1,major,1,1,1,1,1,1,1,open,none,safe,joint,0,409.037679,642,preferred,3.0,0
S00799,DNKN,12.195392,8.577127,B737-800,narrow_body,2404,technical,710,low,0.9,855.0,710.0,1120.420785,emergency,DNAA,3609,60,asphalt,RNAV,0,0,none,1,basic,1,0,1,1,1,1,1,open,none,safe,joint,0,382.529209,1205,preferred,1.0,1
S00799,DNKN,12.195392,8.577127,B737-800,narrow_body,2404,technical,710,low,0.9,855.0,710.0,1120.420785,emergency,DNMM,3900,60,asphalt,ILS,1,1,advanced,1,major,1,1,1,1,1,1,1,open,none,caution,civil,0,849.959513,1496,extended,2.0,0
S00799,DNKN,12.195392,8.577127,B737-800,narrow_body,2404,technical,710,low,0.9,855.0,710.0,1120.420785,emergency,DNKN,3200,46,asphalt,RNAV,0,0,none,1,basic,1,0,1,0,0,1,1,open,none,safe,joint,0,17.396905,796,preferred,3.0,0
S00800,OBBI,26.762493,51.333538,E170,regional_jet,1728,medical,742,normal,1.0,700.0,700.0,1082.627439,aircraft_fuel,OTHH,4850,60,asphalt,ILS,1,1,advanced,1,major,1,1,1,1,1,1,1,open,none,safe,civil,0,167.874015,3122,preferred,1.0,1
S00800,OBBI,26.762493,51.333538,E170,regional_jet,1728,medical,742,normal,1.0,700.0,700.0,1082.627439,aircraft_fuel,OKKK,4580,60,asphalt,ILS,1,1,advanced,1,major,1,1,1,1,1,1,1,open,none,safe,civil,0,428.933924,2852,preferred,2.0,0
S00800,OBBI,26.762493,51.333538,E170,regional_jet,1728,medical,742,normal,1.0,700.0,700.0,1082.627439,aircraft_fuel,OMDB,4447,60,asphalt,ILS,1,1,advanced,1,major,1,1,1,1,1,1,1,open,none,safe,civil,1,437.110797,2719,preferred,3.0,0
S00800,OBBI,26.762493,51.333538,E170,regional_jet,1728,medical,742,normal,1.0,700.0,700.0,1082.627439,aircraft_fuel,OERK,4205,60,asphalt,ILS,1,1,advanced,1,major,1,1,1,1,1,1,1,open,none,safe,civil,0,505.264457,2477,preferred,4.0,0
S00800,OBBI,26.762493,51.333538,E170,regional_jet,1728,medical,742,normal,1.0,700.0,700.0,1082.627439,aircraft_fuel,OMAA,4106,60,asphalt,ILS,1,1,advanced,1,major,1,1,1,1,1,1,1,open,none,safe,civil,0,420.899223,2378,preferred,5.0,0
S00800,OBBI,26.762493,51.333538,E170,regional_jet,1728,medical,742,normal,1.0,700.0,700.0,1082.627439,aircraft_fuel,OBBI,3956,60,asphalt,ILS,1,1,advanced,1,major,1,1,1,1,1,1,1,open,none,safe,civil,0,88.466312,2228,preferred,6.0,0
S00800,OBBI,26.762493,51.333538,E170,regional_jet,1728,medical,742,normal,1.0,700.0,700.0,1082.627439,aircraft_fuel,OOMS,4080,45,asphalt,ILS,1,1,advanced,1,major,1,1,1,1,1,1,1,open,none,safe,civil,0,782.737309,2352,extended,7.0,0
S00801,EDDF,49.98299,9.443701,CRJ900,regional_jet,1763,medical,735,normal,1.0,700.0,700.0,1022.283172,aircraft_fuel,LFPG,4215,45,asphalt,ILS,1,1,advanced,1,major,1,1,1,1,1,1,1,open,none,safe,civil,1,509.026349,2452,preferred,1.0,1
S00801,EDDF,49.98299,9.443701,CRJ900,regional_jet,1763,medical,735,normal,1.0,700.0,700.0,1022.283172,aircraft_fuel,EDDF,4000,60,asphalt,ILS,1,1,advanced,1,major,1,1,1,0,1,1,1,open,none,safe,civil,1,63.459906,2237,preferred,2.0,0
S00801,EDDF,49.98299,9.443701,CRJ900,regional_jet,1763,medical,735,normal,1.0,700.0,700.0,1022.283172,aircraft_fuel,EHAM,3800,60,asphalt,ILS,1,1,advanced,1,major,1,1,1,1,1,1,1,open,none,safe,civil,1,416.321327,2037,preferred,3.0,0
S00801,EDDF,49.98299,9.443701,CRJ900,regional_jet,1763,medical,735,normal,1.0,700.0,700.0,1022.283172,aircraft_fuel,LIRF,3902,60,asphalt,ILS,1,1,basic,1,major,1,1,1,1,1,1,1,open,none,safe,civil,1,934.830029,2139,extended,4.0,0
S00801,EDDF,49.98299,9.443701,CRJ900,regional_jet,1763,medical,735,normal,1.0,700.0,700.0,1022.283172,aircraft_fuel,EGLL,3901,50,asphalt,ILS,1,1,advanced,1,major,1,1,1,1,1,1,1,open,none,safe,civil,1,715.84868,2138,extended,5.0,0
S00801,EDDF,49.98299,9.443701,CRJ900,regional_jet,1763,medical,735,normal,1.0,700.0,700.0,1022.283172,aircraft_fuel,EGKK,3317,45,asphalt,ILS,1,1,advanced,1,major,1,1,1,1,1,1,1,open,none,safe,civil,1,691.837665,1554,preferred,6.0,0
S00801,EDDF,49.98299,9.443701,CRJ900,regional_jet,1763,medical,735,normal,1.0,700.0,700.0,1022.283172,aircraft_fuel,EGCC,3048,46,asphalt,ILS,1,1,advanced,1,major,1,1,1,1,1,1,1,open,none,safe,civil,1,889.454349,1285,extended,7.0,0
S00802,HELX,25.554947,33.124152,A320,narrow_body,2235,fuel,514,normal,1.0,950.0,514.0,880.100421,emergency,HECA,4000,60,asphalt,ILS,1,1,basic,1,major,1,1,1,1,1,1,1,open,none,safe,civil,0,534.358162,1765,extended,1.0,1
S00802,HELX,25.554947,33.124152,A320,narrow_body,2235,fuel,514,normal,1.0,950.0,514.0,880.100421,emergency,OJAI,3660,61,asphalt,ILS,1,1,advanced,1,major,1,1,1,1,1,1,1,open,none,safe,civil,0,740.666622,1425,extended,2.0,0
S00802,HELX,25.554947,33.124152,A320,narrow_body,2235,fuel,514,normal,1.0,950.0,514.0,880.100421,emergency,HELX,3000,45,asphalt,RNAV,0,0,none,1,basic,1,0,1,0,0,1,1,open,none,safe,joint,0,43.810836,765,preferred,3.0,0
S00803,HECA,29.569686,31.522109,A319,narrow_body,2017,fuel,588,low,0.9,810.0,588.0,943.373406,emergency,HECA,4000,60,asphalt,ILS,1,1,basic,1,major,1,1,1,1,1,1,1,open,none,safe,civil,0,61.453041,1983,preferred,1.0,1
S00803,HECA,29.569686,31.522109,A319,narrow_body,2017,fuel,588,low,0.9,810.0,588.0,943.373406,emergency,OJAI,3660,61,asphalt,ILS,1,1,advanced,1,major,1,1,1,1,1,1,1,open,none,safe,civil,0,490.090951,1643,preferred,2.0,0
S00803,HECA,29.569686,31.522109,A319,narrow_body,2017,fuel,588,low,0.9,810.0,588.0,943.373406,emergency,HELX,3000,45,asphalt,RNAV,0,0,none,1,basic,1,0,1,0,0,1,1,open,none,safe,joint,0,448.936089,983,preferred,3.0,0
S00803,HECA,29.569686,31.522109,A319,narrow_body,2017,fuel,588,low,0.9,810.0,588.0,943.373406,emergency,LCLK,2987,45,asphalt,ILS,1,0,none,1,basic,1,0,1,1,1,1,1,open,none,safe,civil,0,622.164584,970,extended,4.0,0
S00804,LGAV,37.557388,23.907759,A320,narrow_body,2307,operational_constraints,518,critical,0.75,712.5,518.0,797.45653,emergency,LGAV,4000,45,asphalt,ILS,1,1,advanced,1,major,1,1,1,1,1,1,1,open,none,safe,civil,0,42.267949,1693,preferred,1.0,1
S00804,LGAV,37.557388,23.907759,A320,narrow_body,2307,operational_constraints,518,critical,0.75,712.5,518.0,797.45653,emergency,LTFM,4100,60,asphalt,ILS,1,1,advanced,1,major,1,1,1,1,1,1,0,open,none,safe,civil,0,585.152488,1793,extended,2.0,0
S00805,HELX,24.947994,32.615992,B777-300ER,wide_body,3212,medical,823,normal,1.0,1500.0,823.0,1496.785117,emergency,HECA,4000,60,asphalt,ILS,1,1,basic,1,major,1,1,1,1,1,1,1,open,none,safe,civil,0,586.596973,788,preferred,1.0,1
S00805,HELX,24.947994,32.615992,B777-300ER,wide_body,3212,medical,823,normal,1.0,1500.0,823.0,1496.785117,emergency,OERK,4205,60,asphalt,ILS,1,1,advanced,1,major,1,1,1,1,1,1,1,open,none,safe,civil,0,1419.126604,993,extended,2.0,0
S00805,HELX,24.947994,32.615992,B777-300ER,wide_body,3212,medical,823,normal,1.0,1500.0,823.0,1496.785117,emergency,OJAI,3660,61,asphalt,ILS,1,1,advanced,1,major,1,1,1,1,1,1,1,open,none,safe,civil,0,822.478635,448,preferred,3.0,0
S00806,WSSS,0.404034,103.437553,A350-900,wide_body,2849,weather,798,low,0.9,1350.0,798.0,1390.523333,emergency,WMKK,4124,60,asphalt,ILS,1,1,advanced,1,major,1,1,1,1,1,1,1,open,none,safe,civil,0,323.510556,1275,preferred,1.0,1
S00806,WSSS,0.404034,103.437553,A350-900,wide_body,2849,weather,798,low,0.9,1350.0,798.0,1390.523333,emergency,WSSS,4000,60,asphalt,ILS,1,1,advanced,1,major,1,1,1,1,1,1,1,open,none,safe,civil,1,122.0497,1151,preferred,2.0,0
S00806,WSSS,0.404034,103.437553,A350-900,wide_body,2849,weather,798,low,0.9,1350.0,798.0,1390.523333,emergency,WIMM,3000,60,asphalt,RNAV,1,1,basic,1,basic,1,0,1,1,0,1,1,open,none,safe,civil,0,620.842004,151,preferred,3.0,0
S00807,GMMN,33.260777,-8.229978,A321,narrow_body,2374,weather,1029,normal,1.0,1000.0,1000.0,1795.290741,aircraft_fuel,LEMD,4350,60,asphalt,ILS,1,1,advanced,1,major,1,1,1,1,1,1,1,open,none,safe,civil,1,904.312204,1976,preferred,1.0,1
S00807,GMMN,33.260777,-8.229978,A321,narrow_body,2374,weather,1029,normal,1.0,1000.0,1000.0,1795.290741,aircraft_fuel,GMMN,3720,45,asphalt,ILS,1,1,advanced,1,major,1,1,1,1,1,1,1,open,none,safe,civil,0,60.643452,1346,preferred,2.0,0
S00807,GMMN,33.260777,-8.229978,A321,narrow_body,2374,weather,1029,normal,1.0,1000.0,1000.0,1795.290741,aircraft_fuel,LPPT,3707,45,asphalt,ILS,1,1,advanced,1,major,1,1,1,1,1,1,1,open,none,safe,civil,0,619.226809,1333,preferred,3.0,0
S00807,GMMN,33.260777,-8.229978,A321,narrow_body,2374,weather,1029,normal,1.0,1000.0,1000.0,1795.290741,aircraft_fuel,DAAG,3500,60,asphalt,RNAV,0,1,basic,1,basic,1,1,1,1,1,1,0,open,none,safe,civil,0,1109.502464,1126,extended,4.0,0
S00807,GMMN,33.260777,-8.229978,A321,narrow_body,2374,weather,1029,normal,1.0,1000.0,1000.0,1795.290741,aircraft_fuel,DTTA,3200,45,asphalt,RNAV,0,1,basic,1,basic,1,0,1,1,1,1,1,open,none,safe,civil,0,1723.802149,826,extended,5.0,0
S00808,DGAA,5.321058,-0.061648,E175,regional_jet,1750,medical,1008,normal,1.0,750.0,750.0,1114.597974,aircraft_fuel,DNMM,3900,60,asphalt,ILS,1,1,advanced,1,major,1,1,1,1,1,1,1,open,none,caution,civil,0,399.347309,2150,preferred,1.0,1
S00809,HAAB,9.407425,39.225176,A320,narrow_body,2417,technical,1005,low,0.9,855.0,855.0,1319.76878,aircraft_fuel,HKJK,4117,45,asphalt,RNAV,0,1,basic,1,basic,1,0,1,1,1,1,1,open,none,safe,civil,0,1219.539582,1700,extended,1.0,1
S00809,HAAB,9.407425,39.225176,A320,narrow_body,2417,technical,1005,low,0.9,855.0,855.0,1319.76878,aircraft_fuel,HAAB,3800,45,asphalt,ILS,1,0,none,1,basic,1,0,1,1,1,1,1,open,restricted,caution,joint,0,66.831767,1383,preferred,2.0,0
S00810,CYVR,48.962544,-122.797036,A350-900,wide_body,2902,weather,1001,low,0.9,1350.0,1001.0,1689.529915,emergency,CYVR,3505,61,asphalt,ILS,1,1,advanced,1,major,1,1,1,1,1,1,1,open,none,safe,civil,0,38.159957,603,preferred,1.0,1
S00811,KJFK,40.488648,-74.053166,A320,narrow_body,2272,fuel,538,critical,0.75,712.5,538.0,889.826903,emergency,KJFK,4423,61,asphalt,ILS,1,1,advanced,1,major,1,1,1,1,1,1,1,open,none,safe,civil,1,28.570782,2151,preferred,1.0,1
S00811,KJFK,40.488648,-74.053166,A320,narrow_body,2272,fuel,538,critical,0.75,712.5,538.0,889.826903,emergency,CYYZ,3389,61,asphalt,ILS,1,1,advanced,1,major,1,1,1,1,1,1,1,open,none,safe,civil,1,580.619866,1117,extended,2.0,0
S00812,EFHK,59.984145,25.888205,B787-9,wide_body,2770,mechanical,423,normal,1.0,1400.0,423.0,756.258059,emergency,EFHK,3440,60,asphalt,ILS,1,1,advanced,1,major,1,1,1,1,1,1,1,open,none,safe,civil,0,63.252511,670,preferred,1.0,1
S00812,EFHK,59.984145,25.888205,B787-9,wide_body,2770,mechanical,423,normal,1.0,1400.0,423.0,756.258059,emergency,ULLI,3780,60,concrete,ILS,1,1,advanced,1,major,1,1,1,1,1,1,1,open,none,caution,civil,0,244.801347,1010,preferred,2.0,0
S00812,EFHK,59.984145,25.888205,B787-9,wide_body,2770,mechanical,423,normal,1.0,1400.0,423.0,756.258059,emergency,ESSA,3301,45,asphalt,ILS,1,1,advanced,1,major,1,1,1,1,1,1,1,open,none,safe,civil,0,446.265806,531,extended,3.0,0
S00813,LFPG,48.682638,1.797666,E190,regional_jet,1872,medical,538,normal,1.0,800.0,538.0,852.566118,emergency,LFPG,4215,45,asphalt,ILS,1,1,advanced,1,major,1,1,1,1,1,1,1,open,none,safe,civil,1,66.186363,2343,preferred,1.0,1
S00813,LFPG,48.682638,1.797666,E190,regional_jet,1872,medical,538,normal,1.0,800.0,538.0,852.566118,emergency,EDDF,4000,60,asphalt,ILS,1,1,advanced,1,major,1,1,1,0,1,1,1,open,none,safe,civil,1,511.762065,2128,preferred,2.0,0
S00813,LFPG,48.682638,1.797666,E190,regional_jet,1872,medical,538,normal,1.0,800.0,538.0,852.566118,emergency,EGLL,3901,50,asphalt,ILS,1,1,advanced,1,major,1,1,1,1,1,1,1,open,none,safe,civil,1,349.341521,2029,preferred,3.0,0
S00813,LFPG,48.682638,1.797666,E190,regional_jet,1872,medical,538,normal,1.0,800.0,538.0,852.566118,emergency,EHAM,3800,60,asphalt,ILS,1,1,advanced,1,major,1,1,1,1,1,1,1,open,none,safe,civil,1,454.421269,1928,preferred,4.0,0
S00813,LFPG,48.682638,1.797666,E190,regional_jet,1872,medical,538,normal,1.0,800.0,538.0,852.566118,emergency,EGKK,3317,45,asphalt,ILS,1,1,advanced,1,major,1,1,1,1,1,1,1,open,none,safe,civil,1,308.780882,1445,preferred,5.0,0
S00813,LFPG,48.682638,1.797666,E190,regional_jet,1872,medical,538,normal,1.0,800.0,538.0,852.566118,emergency,EIDW,3110,45,concrete,ILS,1,1,advanced,1,major,1,1,1,1,1,1,1,open,none,safe,civil,0,771.045979,1238,extended,6.0,0
S00813,LFPG,48.682638,1.797666,E190,regional_jet,1872,medical,538,normal,1.0,800.0,538.0,852.566118,emergency,EGCC,3048,46,asphalt,ILS,1,1,advanced,1,major,1,1,1,1,1,1,1,open,none,safe,civil,1,592.169015,1176,extended,7.0,0
S00814,RJCC,43.227371,141.510714,A319,narrow_body,2147,mechanical,1008,normal,1.0,900.0,900.0,1428.469711,aircraft_fuel,RJAA,4000,60,asphalt,ILS,1,1,advanced,1,major,1,1,1,0,1,1,1,open,none,safe,civil,1,834.92451,1853,preferred,1.0,1
S00814,RJCC,43.227371,141.510714,A319,narrow_body,2147,mechanical,1008,normal,1.0,900.0,900.0,1428.469711,aircraft_fuel,RKSI,4000,60,asphalt,ILS,1,1,advanced,1,major,1,1,1,1,1,1,1,open,none,safe,civil,1,1424.934073,1853,extended,2.0,0
S00814,RJCC,43.227371,141.510714,A319,narrow_body,2147,mechanical,1008,normal,1.0,900.0,900.0,1428.469711,aircraft_fuel,RJTT,3360,61,asphalt,ILS,1,1,advanced,1,major,1,1,1,1,1,1,1,open,none,safe,civil,1,866.4197,1213,preferred,3.0,0
S00814,RJCC,43.227371,141.510714,A319,narrow_body,2147,mechanical,1008,normal,1.0,900.0,900.0,1428.469711,aircraft_fuel,RJCC,3000,61,asphalt,RNAV,0,1,basic,1,basic,1,1,1,1,1,1,1,open,none,safe,joint,0,52.40744,853,preferred,4.0,0
S00816,ZSPD,32.053494,122.062273,E175,regional_jet,1798,technical,1020,normal,1.0,750.0,750.0,1141.398321,aircraft_fuel,ZSPD,4000,60,concrete,ILS,1,1,advanced,1,major,1,1,1,1,1,1,1,open,none,safe,civil,1,104.089788,2202,preferred,1.0,1
S00816,ZSPD,32.053494,122.062273,E175,regional_jet,1798,technical,1020,normal,1.0,750.0,750.0,1141.398321,aircraft_fuel,RKSI,4000,60,asphalt,ILS,1,1,advanced,1,major,1,1,1,1,1,1,1,open,none,safe,civil,1,723.21676,2202,preferred,2.0,0
S00816,ZSPD,32.053494,122.062273,E175,regional_jet,1798,technical,1020,normal,1.0,750.0,750.0,1141.398321,aircraft_fuel,ZBAA,3810,60,asphalt,ILS,1,1,advanced,1,major,1,1,1,1,1,1,1,open,none,safe,civil,1,1017.987493,2012,extended,3.0,0
S00816,ZSPD,32.053494,122.062273,E175,regional_jet,1798,technical,1020,normal,1.0,750.0,750.0,1141.398321,aircraft_fuel,RCTP,3660,60,concrete,ILS,1,1,advanced,1,major,1,1,1,1,1,1,1,open,none,safe,civil,0,779.879369,1862,extended,4.0,0
S00817,ENGM,60.374399,12.248441,B737-800,narrow_body,2282,fuel,362,normal,1.0,950.0,362.0,567.087085,emergency,ENGM,3600,45,asphalt,ILS,1,1,advanced,1,major,1,1,1,1,1,1,1,open,none,safe,civil,0,66.384745,1318,preferred,1.0,1
S00817,ENGM,60.374399,12.248441,B737-800,narrow_body,2282,fuel,362,normal,1.0,950.0,362.0,567.087085,emergency,ESSA,3301,45,asphalt,ILS,1,1,advanced,1,major,1,1,1,1,1,1,1,open,none,safe,civil,0,325.746727,1019,preferred,2.0,0
S00818,WMKK,2.902707,101.818675,E190,regional_jet,1867,security,872,low,0.9,720.0,720.0,1012.786444,aircraft_fuel,WMKK,4124,60,asphalt,ILS,1,1,advanced,1,major,1,1,1,1,1,1,1,open,none,safe,civil,0,21.235229,2257,preferred,1.0,1
S00818,WMKK,2.902707,101.818675,E190,regional_jet,1867,security,872,low,0.9,720.0,720.0,1012.786444,aircraft_fuel,WSSS,4000,60,asphalt,ILS,1,1,advanced,1,major,1,1,1,1,1,1,1,open,none,safe,civil,1,297.028995,2133,preferred,2.0,0
S00818,WMKK,2.902707,101.818675,E190,regional_jet,1867,security,872,low,0.9,720.0,720.0,1012.786444,aircraft_fuel,WIMM,3000,60,asphalt,RNAV,1,1,basic,1,basic,1,0,1,1,0,1,1,open,none,safe,civil,0,335.853935,1133,preferred,3.0,0
S00819,OBBI,24.968438,50.672073,A319,narrow_body,2018,mechanical,772,normal,1.0,900.0,772.0,1306.06885,emergency,OTHH,4850,60,asphalt,ILS,1,1,advanced,1,major,1,1,1,1,1,1,1,open,none,safe,civil,0,100.134926,2832,preferred,1.0,1
S00819,OBBI,24.968438,50.672073,A319,narrow_body,2018,mechanical,772,normal,1.0,900.0,772.0,1306.06885,emergency,OKKK,4580,60,asphalt,ILS,1,1,advanced,1,major,1,1,1,1,1,1,1,open,none,safe,civil,0,543.56227,2562,preferred,2.0,0
S00819,OBBI,24.968438,50.672073,A319,narrow_body,2018,mechanical,772,normal,1.0,900.0,772.0,1306.06885,emergency,OMDB,4447,60,asphalt,ILS,1,1,advanced,1,major,1,1,1,1,1,1,1,open,none,safe,civil,1,474.129371,2429,preferred,3.0,0
S00819,OBBI,24.968438,50.672073,A319,narrow_body,2018,mechanical,772,normal,1.0,900.0,772.0,1306.06885,emergency,OERK,4205,60,asphalt,ILS,1,1,advanced,1,major,1,1,1,1,1,1,1,open,none,safe,civil,0,400.521893,2187,preferred,4.0,0
S00819,OBBI,24.968438,50.672073,A319,narrow_body,2018,mechanical,772,normal,1.0,900.0,772.0,1306.06885,emergency,OMAA,4106,60,asphalt,ILS,1,1,advanced,1,major,1,1,1,1,1,1,1,open,none,safe,civil,0,406.006317,2088,preferred,5.0,0
S00819,OBBI,24.968438,50.672073,A319,narrow_body,2018,mechanical,772,normal,1.0,900.0,772.0,1306.06885,emergency,OBBI,3956,60,asphalt,ILS,1,1,advanced,1,major,1,1,1,1,1,1,1,open,none,safe,civil,0,144.467563,1938,preferred,6.0,0
S00819,OBBI,24.968438,50.672073,A319,narrow_body,2018,mechanical,772,normal,1.0,900.0,772.0,1306.06885,emergency,OOMS,4080,45,asphalt,ILS,1,1,advanced,1,major,1,1,1,1,1,1,1,open,none,safe,civil,0,786.374248,2062,extended,7.0,0
S00820,RCTP,25.893072,122.168018,B737-800,narrow_body,2355,technical,484,normal,1.0,950.0,484.0,785.883056,emergency,RCTP,3660,60,concrete,ILS,1,1,advanced,1,major,1,1,1,1,1,1,1,open,none,safe,civil,0,130.491986,1305,preferred,1.0,1
S00820,RCTP,25.893072,122.168018,B737-800,narrow_body,2355,technical,484,normal,1.0,950.0,484.0,785.883056,emergency,ZSPD,4000,60,concrete,ILS,1,1,advanced,1,major,1,1,1,1,1,1,1,open,none,safe,civil,1,584.884811,1645,extended,2.0,0
S00821,UAAA,43.764628,77.301519,CRJ900,regional_jet,1757,weather,823,low,0.9,630.0,630.0,991.80564,aircraft_fuel,UAAA,4500,45,asphalt,RNAV,0,1,basic,1,basic,1,1,1,1,1,1,1,open,none,safe,civil,0,50.165789,2743,preferred,1.0,1
S00821,UAAA,43.764628,77.301519,CRJ900,regional_jet,1757,weather,823,low,0.9,630.0,630.0,991.80564,aircraft_fuel,UACC,3500,45,asphalt,RNAV,0,1,basic,1,basic,1,1,1,1,1,1,1,open,none,safe,civil,0,918.544863,1743,extended,2.0,0
S00822,LEMD,39.705173,-4.157852,A321,narrow_body,2456,technical,845,normal,1.0,1000.0,845.0,1416.583915,emergency,LEMD,4350,60,asphalt,ILS,1,1,advanced,1,major,1,1,1,1,1,1,1,open,none,safe,civil,1,100.811364,1894,preferred,1.0,1
S00822,LEMD,39.705173,-4.157852,A321,narrow_body,2456,technical,845,normal,1.0,1000.0,845.0,1416.583915,emergency,LFPG,4215,45,asphalt,ILS,1,1,advanced,1,major,1,1,1,1,1,1,1,open,none,safe,civil,1,1162.942857,1759,extended,2.0,0
S00822,LEMD,39.705173,-4.157852,A321,narrow_body,2456,technical,845,normal,1.0,1000.0,845.0,1416.583915,emergency,GMMN,3720,45,asphalt,ILS,1,1,advanced,1,major,1,1,1,1,1,1,1,open,none,safe,civil,0,768.366696,1264,preferred,3.0,0
S00822,LEMD,39.705173,-4.157852,A321,narrow_body,2456,technical,845,normal,1.0,1000.0,845.0,1416.583915,emergency,LPPT,3707,45,asphalt,ILS,1,1,advanced,1,major,1,1,1,1,1,1,1,open,none,safe,civil,0,440.766405,1251,preferred,4.0,0
S00822,LEMD,39.705173,-4.157852,A321,narrow_body,2456,technical,845,normal,1.0,1000.0,845.0,1416.583915,emergency,LIRF,3902,60,asphalt,ILS,1,1,basic,1,major,1,1,1,1,1,1,1,open,none,safe,civil,1,1399.555344,1446,extended,5.0,0
S00822,LEMD,39.705173,-4.157852,A321,narrow_body,2456,technical,845,normal,1.0,1000.0,845.0,1416.583915,emergency,EGLL,3901,50,asphalt,ILS,1,1,advanced,1,major,1,1,1,1,1,1,1,open,none,safe,civil,1,1339.090161,1445,extended,6.0,0
S00822,LEMD,39.705173,-4.157852,A321,narrow_body,2456,technical,845,normal,1.0,1000.0,845.0,1416.583915,emergency,DAAG,3500,60,asphalt,RNAV,0,1,basic,1,basic,1,1,1,1,1,1,0,open,none,safe,civil,0,725.709527,1044,preferred,7.0,0
S00822,LEMD,39.705173,-4.157852,A321,narrow_body,2456,technical,845,normal,1.0,1000.0,845.0,1416.583915,emergency,EGKK,3317,45,asphalt,ILS,1,1,advanced,1,major,1,1,1,1,1,1,1,open,none,safe,civil,1,1309.171171,861,extended,8.0,0
S00822,LEMD,39.705173,-4.157852,A321,narrow_body,2456,technical,845,normal,1.0,1000.0,845.0,1416.583915,emergency,DTTA,3200,45,asphalt,RNAV,0,1,basic,1,basic,1,0,1,1,1,1,1,open,none,safe,civil,0,1293.557772,744,extended,9.0,0
S00823,OERK,24.625955,47.36333,E170,regional_jet,1685,mechanical,974,critical,0.75,525.0,525.0,799.610975,aircraft_fuel,OTHH,4850,60,asphalt,ILS,1,1,advanced,1,major,1,1,1,1,1,1,1,open,none,safe,civil,0,433.931776,3165,preferred,1.0,1
S00823,OERK,24.625955,47.36333,E170,regional_jet,1685,mechanical,974,critical,0.75,525.0,525.0,799.610975,aircraft_fuel,OKKK,4580,60,asphalt,ILS,1,1,advanced,1,major,1,1,1,1,1,1,1,open,none,safe,civil,0,514.85312,2895,preferred,2.0,0
S00823,OERK,24.625955,47.36333,E170,regional_jet,1685,mechanical,974,critical,0.75,525.0,525.0,799.610975,aircraft_fuel,OERK,4205,60,asphalt,ILS,1,1,advanced,1,major,1,1,1,1,1,1,1,open,none,safe,civil,0,76.550285,2520,preferred,3.0,0
S00823,OERK,24.625955,47.36333,E170,regional_jet,1685,mechanical,974,critical,0.75,525.0,525.0,799.610975,aircraft_fuel,OBBI,3956,60,asphalt,ILS,1,1,advanced,1,major,1,1,1,1,1,1,1,open,none,safe,civil,0,376.002776,2271,preferred,4.0,0
S00823,OERK,24.625955,47.36333,E170,regional_jet,1685,mechanical,974,critical,0.75,525.0,525.0,799.610975,aircraft_fuel,OMAA,4106,60,asphalt,ILS,1,1,advanced,1,major,1,1,1,1,1,1,1,open,none,safe,civil,0,737.214938,2421,extended,5.0,0
S00824,EGKK,52.16439,-0.725416,CRJ900,regional_jet,1844,fuel,789,normal,1.0,700.0,700.0,1048.039293,aircraft_fuel,LFPG,4215,45,asphalt,ILS,1,1,advanced,1,major,1,1,1,1,1,1,1,open,none,safe,civil,1,420.276544,2371,preferred,1.0,1
S00824,EGKK,52.16439,-0.725416,CRJ900,regional_jet,1844,fuel,789,normal,1.0,700.0,700.0,1048.039293,aircraft_fuel,EDDF,4000,60,asphalt,ILS,1,1,advanced,1,major,1,1,1,0,1,1,1,open,none,safe,civil,1,689.913863,2156,preferred,2.0,0
S00824,EGKK,52.16439,-0.725416,CRJ900,regional_jet,1844,fuel,789,normal,1.0,700.0,700.0,1048.039293,aircraft_fuel,EGLL,3901,50,asphalt,ILS,1,1,advanced,1,major,1,1,1,1,1,1,1,open,none,safe,civil,1,79.259069,2057,preferred,3.0,0
S00824,EGKK,52.16439,-0.725416,CRJ900,regional_jet,1844,fuel,789,normal,1.0,700.0,700.0,1048.039293,aircraft_fuel,EHAM,3800,60,asphalt,ILS,1,1,advanced,1,major,1,1,1,1,1,1,1,open,none,safe,civil,1,374.054663,1956,preferred,4.0,0
S00824,EGKK,52.16439,-0.725416,CRJ900,regional_jet,1844,fuel,789,normal,1.0,700.0,700.0,1048.039293,aircraft_fuel,EGKK,3317,45,asphalt,ILS,1,1,advanced,1,major,1,1,1,1,1,1,1,open,none,safe,civil,1,118.911591,1473,preferred,5.0,0
S00824,EGKK,52.16439,-0.725416,CRJ900,regional_jet,1844,fuel,789,normal,1.0,700.0,700.0,1048.039293,aircraft_fuel,EIDW,3110,45,concrete,ILS,1,1,advanced,1,major,1,1,1,1,1,1,1,open,none,safe,civil,0,397.785818,1266,preferred,6.0,0
S00824,EGKK,52.16439,-0.725416,CRJ900,regional_jet,1844,fuel,789,normal,1.0,700.0,700.0,1048.039293,aircraft_fuel,EGCC,3048,46,asphalt,ILS,1,1,advanced,1,major,1,1,1,1,1,1,1,open,none,safe,civil,1,168.403292,1204,preferred,7.0,0
S00825,EDDF,49.546237,8.663289,B777-300ER,wide_body,3365,mechanical,442,critical,0.75,1125.0,442.0,797.950426,emergency,EDDF,4000,60,asphalt,ILS,1,1,advanced,1,major,1,1,1,0,1,1,1,open,none,safe,civil,1,53.954264,635,preferred,1.0,1
S00825,EDDF,49.546237,8.663289,B777-300ER,wide_body,3365,mechanical,442,critical,0.75,1125.0,442.0,797.950426,emergency,LFPG,4215,45,asphalt,ILS,1,1,advanced,1,major,1,1,1,1,1,1,1,open,none,safe,civil,1,447.058577,850,extended,2.0,0
S00825,EDDF,49.546237,8.663289,B777-300ER,wide_body,3365,mechanical,442,critical,0.75,1125.0,442.0,797.950426,emergency,EHAM,3800,60,asphalt,ILS,1,1,advanced,1,major,1,1,1,1,1,1,1,open,none,safe,civil,1,411.023956,435,preferred,3.0,0
S00825,EDDF,49.546237,8.663289,B777-300ER,wide_body,3365,mechanical,442,critical,0.75,1125.0,442.0,797.950426,emergency,EGLL,3901,50,asphalt,ILS,1,1,advanced,1,major,1,1,1,1,1,1,1,open,none,safe,civil,1,679.178995,536,extended,4.0,0
S00826,ZBAA,39.774835,116.640973,E170,regional_jet,1690,medical,1049,normal,1.0,700.0,700.0,1086.697471,aircraft_fuel,ZBAA,3810,60,asphalt,ILS,1,1,advanced,1,major,1,1,1,1,1,1,1,open,none,safe,civil,1,33.849191,2120,preferred,1.0,1
S00826,ZBAA,39.774835,116.640973,E170,regional_jet,1690,medical,1049,normal,1.0,700.0,700.0,1086.697471,aircraft_fuel,RKSI,4000,60,asphalt,ILS,1,1,advanced,1,major,1,1,1,1,1,1,1,open,none,safe,civil,1,889.421316,2310,extended,2.0,0
S00826,ZBAA,39.774835,116.640973,E170,regional_jet,1690,medical,1049,normal,1.0,700.0,700.0,1086.697471,aircraft_fuel,ZSPD,4000,60,concrete,ILS,1,1,advanced,1,major,1,1,1,1,1,1,1,open,none,safe,civil,1,1067.156827,2310,extended,3.0,0
S00827,KATL,32.952319,-84.084649,A320,narrow_body,2312,mechanical,564,critical,0.75,712.5,564.0,859.824351,emergency,KATL,3776,46,concrete,ILS,1,1,advanced,1,major,1,1,1,1,1,1,1,open,none,safe,civil,0,82.523469,1464,preferred,1.0,1
S00828,OTHH,25.619732,50.673989,CRJ900,regional_jet,1903,security,1022,normal,1.0,700.0,700.0,990.725635,aircraft_fuel,OTHH,4850,60,asphalt,ILS,1,1,advanced,1,major,1,1,1,1,1,1,1,open,none,safe,civil,0,101.400218,2947,preferred,1.0,1
S00828,OTHH,25.619732,50.673989,CRJ900,regional_jet,1903,security,1022,normal,1.0,700.0,700.0,990.725635,aircraft_fuel,OKKK,4580,60,asphalt,ILS,1,1,advanced,1,major,1,1,1,1,1,1,1,open,none,safe,civil,0,481.51606,2677,preferred,2.0,0
S00828,OTHH,25.619732,50.673989,CRJ900,regional_jet,1903,security,1022,normal,1.0,700.0,700.0,990.725635,aircraft_fuel,OMDB,4447,60,asphalt,ILS,1,1,advanced,1,major,1,1,1,1,1,1,1,open,none,safe,civil,1,473.425342,2544,preferred,3.0,0
S00828,OTHH,25.619732,50.673989,CRJ900,regional_jet,1903,security,1022,normal,1.0,700.0,700.0,990.725635,aircraft_fuel,OERK,4205,60,asphalt,ILS,1,1,advanced,1,major,1,1,1,1,1,1,1,open,none,safe,civil,0,406.367856,2302,preferred,4.0,0
S00828,OTHH,25.619732,50.673989,CRJ900,regional_jet,1903,security,1022,normal,1.0,700.0,700.0,990.725635,aircraft_fuel,OMAA,4106,60,asphalt,ILS,1,1,advanced,1,major,1,1,1,1,1,1,1,open,none,safe,civil,0,421.39122,2203,preferred,5.0,0
S00828,OTHH,25.619732,50.673989,CRJ900,regional_jet,1903,security,1022,normal,1.0,700.0,700.0,990.725635,aircraft_fuel,OBBI,3956,60,asphalt,ILS,1,1,advanced,1,major,1,1,1,1,1,1,1,open,none,safe,civil,0,72.097387,2053,preferred,6.0,0
S00828,OTHH,25.619732,50.673989,CRJ900,regional_jet,1903,security,1022,normal,1.0,700.0,700.0,990.725635,aircraft_fuel,OOMS,4080,45,asphalt,ILS,1,1,advanced,1,major,1,1,1,1,1,1,1,open,none,safe,civil,0,801.399316,2177,extended,7.0,0
S00829,HECA,30.497234,31.629798,A220-300,narrow_body,2062,technical,716,normal,1.0,950.0,716.0,1227.716573,emergency,HECA,4000,60,asphalt,ILS,1,1,basic,1,major,1,1,1,1,1,1,1,open,none,safe,civil,0,48.375099,1938,preferred,1.0,1
S00829,HECA,30.497234,31.629798,A220-300,narrow_body,2062,technical,716,normal,1.0,950.0,716.0,1227.716573,emergency,LTFM,4100,60,asphalt,ILS,1,1,advanced,1,major,1,1,1,1,1,1,0,open,none,safe,civil,0,1226.307529,2038,extended,2.0,0
S00829,HECA,30.497234,31.629798,A220-300,narrow_body,2062,technical,716,normal,1.0,950.0,716.0,1227.716573,emergency,OJAI,3660,61,asphalt,ILS,1,1,advanced,1,major,1,1,1,1,1,1,1,open,none,safe,civil,0,437.141073,1598,preferred,3.0,0
S00829,HECA,30.497234,31.629798,A220-300,narrow_body,2062,technical,716,normal,1.0,950.0,716.0,1227.716573,emergency,LGAV,4000,45,asphalt,ILS,1,1,advanced,1,major,1,1,1,1,1,1,1,open,none,safe,civil,0,1087.061273,1938,extended,4.0,0
S00829,HECA,30.497234,31.629798,A220-300,narrow_body,2062,technical,716,normal,1.0,950.0,716.0,1227.716573,emergency,LTAC,3750,45,asphalt,ILS,1,1,advanced,1,major,1,1,1,1,1,1,1,open,none,safe,joint,0,1078.002904,1688,extended,5.0,0
S00829,HECA,30.497234,31.629798,A220-300,narrow_body,2062,technical,716,normal,1.0,950.0,716.0,1227.716573,emergency,LCLK,2987,45,asphalt,ILS,1,0,none,1,basic,1,0,1,1,1,1,1,open,none,safe,civil,0,521.338608,925,preferred,6.0,0
S00829,HECA,30.497234,31.629798,A220-300,narrow_body,2062,technical,716,normal,1.0,950.0,716.0,1227.716573,emergency,HELX,3000,45,asphalt,RNAV,0,0,none,1,basic,1,0,1,0,0,1,1,open,none,safe,joint,0,546.939693,938,preferred,7.0,0
S00830,EFHK,60.27948,25.640868,B777-300ER,wide_body,3154,fuel,733,low,0.9,1350.0,733.0,1309.052262,emergency,EFHK,3440,60,asphalt,ILS,1,1,advanced,1,major,1,1,1,1,1,1,1,open,none,safe,civil,0,37.577272,286,preferred,1.0,1
S00830,EFHK,60.27948,25.640868,B777-300ER,wide_body,3154,fuel,733,low,0.9,1350.0,733.0,1309.052262,emergency,ULLI,3780,60,concrete,ILS,1,1,advanced,1,major,1,1,1,1,1,1,1,open,none,caution,civil,0,262.055391,626,preferred,2.0,0
S00830,EFHK,60.27948,25.640868,B777-300ER,wide_body,3154,fuel,733,low,0.9,1350.0,733.0,1309.052262,emergency,ESSA,3301,45,asphalt,ILS,1,1,advanced,1,major,1,1,1,1,1,1,1,open,none,safe,civil,0,434.672063,147,preferred,3.0,0
S00830,EFHK,60.27948,25.640868,B777-300ER,wide_body,3154,fuel,733,low,0.9,1350.0,733.0,1309.052262,emergency,ENGM,3600,45,asphalt,ILS,1,1,advanced,1,major,1,1,1,1,1,1,1,open,none,safe,civil,0,801.053055,446,extended,4.0,0
S00830,EFHK,60.27948,25.640868,B777-300ER,wide_body,3154,fuel,733,low,0.9,1350.0,733.0,1309.052262,emergency,UUEE,3700,60,concrete,ILS,1,1,advanced,1,major,1,1,1,1,1,1,1,open,none,caution,civil,0,838.632474,546,extended,5.0,0
S00831,EGLL,50.308634,-0.70128,A321,narrow_body,2544,mechanical,699,normal,1.0,1000.0,699.0,1102.92894,emergency,LFPG,4215,45,asphalt,ILS,1,1,advanced,1,major,1,1,1,1,1,1,1,open,none,safe,civil,1,275.269055,1671,preferred,1.0,1
S00831,EGLL,50.308634,-0.70128,A321,narrow_body,2544,mechanical,699,normal,1.0,1000.0,699.0,1102.92894,emergency,EDDF,4000,60,asphalt,ILS,1,1,advanced,1,major,1,1,1,0,1,1,1,open,none,safe,civil,1,659.836451,1456,preferred,2.0,0
S00831,EGLL,50.308634,-0.70128,A321,narrow_body,2544,mechanical,699,normal,1.0,1000.0,699.0,1102.92894,emergency,EGLL,3901,50,asphalt,ILS,1,1,advanced,1,major,1,1,1,1,1,1,1,open,none,safe,civil,1,130.325378,1357,preferred,3.0,0
S00831,EGLL,50.308634,-0.70128,A321,narrow_body,2544,mechanical,699,normal,1.0,1000.0,699.0,1102.92894,emergency,EHAM,3800,60,asphalt,ILS,1,1,advanced,1,major,1,1,1,1,1,1,1,open,none,safe,civil,1,440.023575,1256,preferred,4.0,0
S00831,EGLL,50.308634,-0.70128,A321,narrow_body,2544,mechanical,699,normal,1.0,1000.0,699.0,1102.92894,emergency,EGKK,3317,45,asphalt,ILS,1,1,advanced,1,major,1,1,1,1,1,1,1,open,none,safe,civil,1,100.215429,773,preferred,5.0,0
S00831,EGLL,50.308634,-0.70128,A321,narrow_body,2544,mechanical,699,normal,1.0,1000.0,699.0,1102.92894,emergency,EIDW,3110,45,concrete,ILS,1,1,advanced,1,major,1,1,1,1,1,1,1,open,none,safe,civil,0,515.612282,566,preferred,6.0,0
S00831,EGLL,50.308634,-0.70128,A321,narrow_body,2544,mechanical,699,normal,1.0,1000.0,699.0,1102.92894,emergency,EGCC,3048,46,asphalt,ILS,1,1,advanced,1,major,1,1,1,1,1,1,1,open,none,safe,civil,1,355.425833,504,preferred,7.0,0
S00832,KORD,42.452566,-87.766452,A321,narrow_body,2480,fuel,808,critical,0.75,750.0,750.0,1179.030708,aircraft_fuel,KORD,3962,46,concrete,ILS,1,1,advanced,1,major,1,1,1,1,1,1,1,open,none,safe,civil,0,53.920063,1482,preferred,1.0,1
S00832,KORD,42.452566,-87.766452,A321,narrow_body,2480,fuel,808,critical,0.75,750.0,750.0,1179.030708,aircraft_fuel,KATL,3776,46,concrete,ILS,1,1,advanced,1,major,1,1,1,1,1,1,1,open,none,safe,civil,0,1022.702817,1296,extended,2.0,0
S00832,KORD,42.452566,-87.766452,A321,narrow_body,2480,fuel,808,critical,0.75,750.0,750.0,1179.030708,aircraft_fuel,CYYZ,3389,61,asphalt,ILS,1,1,advanced,1,major,1,1,1,1,1,1,1,open,none,safe,civil,1,674.587201,909,preferred,3.0,0
S00833,EDDF,49.912063,8.640625,E170,regional_jet,1604,fuel,506,low,0.9,630.0,506.0,713.688677,emergency,LFPG,4215,45,asphalt,ILS,1,1,advanced,1,major,1,1,1,1,1,1,1,open,none,safe,civil,1,451.071205,2611,preferred,1.0,1
S00833,EDDF,49.912063,8.640625,E170,regional_jet,1604,fuel,506,low,0.9,630.0,506.0,713.688677,emergency,EDDF,4000,60,asphalt,ILS,1,1,advanced,1,major,1,1,1,0,1,1,1,open,none,safe,civil,1,14.040285,2396,preferred,2.0,0
S00833,EDDF,49.912063,8.640625,E170,regional_jet,1604,fuel,506,low,0.9,630.0,506.0,713.688677,emergency,EHAM,3800,60,asphalt,ILS,1,1,advanced,1,major,1,1,1,1,1,1,1,open,none,safe,civil,1,379.711692,2196,preferred,3.0,0
S00833,EDDF,49.912063,8.640625,E170,regional_jet,1604,fuel,506,low,0.9,630.0,506.0,713.688677,emergency,EGLL,3901,50,asphalt,ILS,1,1,advanced,1,major,1,1,1,1,1,1,1,open,none,safe,civil,1,663.578504,2297,extended,4.0,0
S00833,EDDF,49.912063,8.640625,E170,regional_jet,1604,fuel,506,low,0.9,630.0,506.0,713.688677,emergency,EGKK,3317,45,asphalt,ILS,1,1,advanced,1,major,1,1,1,1,1,1,1,open,none,safe,civil,1,638.426942,1713,extended,5.0,0
S00834,LCLK,34.430058,34.458695,A330-300,wide_body,2972,operational_constraints,783,normal,1.0,1300.0,783.0,1422.228322,emergency,OKKK,4580,60,asphalt,ILS,1,1,advanced,1,major,1,1,1,1,1,1,1,open,none,safe,civil,0,1399.967217,1608,extended,1.0,1
S00834,LCLK,34.430058,34.458695,A330-300,wide_body,2972,operational_constraints,783,normal,1.0,1300.0,783.0,1422.228322,emergency,HECA,4000,60,asphalt,ILS,1,1,basic,1,major,1,1,1,1,1,1,1,open,none,safe,civil,0,559.800802,1028,preferred,2.0,0
S00834,LCLK,34.430058,34.458695,A330-300,wide_body,2972,operational_constraints,783,normal,1.0,1300.0,783.0,1422.228322,emergency,LTFM,4100,60,asphalt,ILS,1,1,advanced,1,major,1,1,1,1,1,1,0,open,none,safe,civil,0,911.676403,1128,extended,3.0,0
S00834,LCLK,34.430058,34.458695,A330-300,wide_body,2972,operational_constraints,783,normal,1.0,1300.0,783.0,1422.228322,emergency,OJAI,3660,61,asphalt,ILS,1,1,advanced,1,major,1,1,1,1,1,1,1,open,none,safe,civil,0,333.268619,688,preferred,4.0,0
S00834,LCLK,34.430058,34.458695,A330-300,wide_body,2972,operational_constraints,783,normal,1.0,1300.0,783.0,1422.228322,emergency,LGAV,4000,45,asphalt,ILS,1,1,advanced,1,major,1,1,1,1,1,1,1,open,none,safe,civil,0,1020.230999,1028,extended,5.0,0
S00834,LCLK,34.430058,34.458695,A330-300,wide_body,2972,operational_constraints,783,normal,1.0,1300.0,783.0,1422.228322,emergency,LTAC,3750,45,asphalt,ILS,1,1,advanced,1,major,1,1,1,1,1,1,1,open,none,safe,joint,0,646.661764,778,preferred,6.0,0
S00834,LCLK,34.430058,34.458695,A330-300,wide_body,2972,operational_constraints,783,normal,1.0,1300.0,783.0,1422.228322,emergency,LCLK,2987,45,asphalt,ILS,1,0,none,1,basic,1,0,1,1,1,1,1,open,none,safe,civil,0,90.915032,15,preferred,7.0,0
S00834,LCLK,34.430058,34.458695,A330-300,wide_body,2972,operational_constraints,783,normal,1.0,1300.0,783.0,1422.228322,emergency,HELX,3000,45,asphalt,RNAV,0,0,none,1,basic,1,0,1,0,0,1,1,open,none,safe,joint,0,988.397788,28,extended,8.0,0
S00835,LTAC,40.622058,32.72765,A330-300,wide_body,2827,operational_constraints,762,normal,1.0,1300.0,762.0,1319.427832,emergency,LTFM,4100,60,asphalt,ILS,1,1,advanced,1,major,1,1,1,1,1,1,0,open,none,safe,civil,0,343.292331,1273,preferred,1.0,1
S00835,LTAC,40.622058,32.72765,A330-300,wide_body,2827,operational_constraints,762,normal,1.0,1300.0,762.0,1319.427832,emergency,LGAV,4000,45,asphalt,ILS,1,1,advanced,1,major,1,1,1,1,1,1,1,open,none,safe,civil,0,812.364486,1173,extended,2.0,0
S00835,LTAC,40.622058,32.72765,A330-300,wide_body,2827,operational_constraints,762,normal,1.0,1300.0,762.0,1319.427832,emergency,HECA,4000,60,asphalt,ILS,1,1,basic,1,major,1,1,1,1,1,1,1,open,none,safe,civil,0,1174.887724,1173,extended,3.0,0
S00835,LTAC,40.622058,32.72765,A330-300,wide_body,2827,operational_constraints,762,normal,1.0,1300.0,762.0,1319.427832,emergency,LTAC,3750,45,asphalt,ILS,1,1,advanced,1,major,1,1,1,1,1,1,1,open,none,safe,joint,0,59.414481,923,preferred,4.0,0
S00835,LTAC,40.622058,32.72765,A330-300,wide_body,2827,operational_constraints,762,normal,1.0,1300.0,762.0,1319.427832,emergency,OJAI,3660,61,asphalt,ILS,1,1,advanced,1,major,1,1,1,1,1,1,1,open,none,safe,civil,0,1031.852181,833,extended,5.0,0
S00835,LTAC,40.622058,32.72765,A330-300,wide_body,2827,operational_constraints,762,normal,1.0,1300.0,762.0,1319.427832,emergency,LCLK,2987,45,asphalt,ILS,1,0,none,1,basic,1,0,1,1,1,1,1,open,none,safe,civil,0,643.872268,160,preferred,6.0,0
S00836,HELX,25.942375,32.610557,A350-900,wide_body,3069,technical,657,normal,1.0,1500.0,657.0,1080.005871,emergency,HECA,4000,60,asphalt,ILS,1,1,basic,1,major,1,1,1,1,1,1,1,open,none,safe,civil,0,478.643102,931,preferred,1.0,1
S00836,HELX,25.942375,32.610557,A350-900,wide_body,3069,technical,657,normal,1.0,1500.0,657.0,1080.005871,emergency,OJAI,3660,61,asphalt,ILS,1,1,advanced,1,major,1,1,1,1,1,1,1,open,none,safe,civil,0,722.145586,591,extended,2.0,0
S00837,LCLK,35.208551,33.656605,A220-300,narrow_body,2070,weather,856,critical,0.75,712.5,712.5,1124.531165,aircraft_fuel,HECA,4000,60,asphalt,ILS,1,1,basic,1,major,1,1,1,1,1,1,1,open,none,safe,civil,0,604.904119,1930,preferred,1.0,1
S00837,LCLK,35.208551,33.656605,A220-300,narrow_body,2070,weather,856,critical,0.75,712.5,712.5,1124.531165,aircraft_fuel,LTFM,4100,60,asphalt,ILS,1,1,advanced,1,major,1,1,1,1,1,1,0,open,none,safe,civil,0,799.644482,2030,extended,2.0,0
S00837,LCLK,35.208551,33.656605,A220-300,narrow_body,2070,weather,856,critical,0.75,712.5,712.5,1124.531165,aircraft_fuel,OJAI,3660,61,asphalt,ILS,1,1,advanced,1,major,1,1,1,1,1,1,1,open,none,safe,civil,0,444.062773,1590,preferred,3.0,0
S00837,LCLK,35.208551,33.656605,A220-300,narrow_body,2070,weather,856,critical,0.75,712.5,712.5,1124.531165,aircraft_fuel,LGAV,4000,45,asphalt,ILS,1,1,advanced,1,major,1,1,1,1,1,1,1,open,none,safe,civil,0,918.25882,1930,extended,4.0,0
S00837,LCLK,35.208551,33.656605,A220-300,narrow_body,2070,weather,856,critical,0.75,712.5,712.5,1124.531165,aircraft_fuel,LTAC,3750,45,asphalt,ILS,1,1,advanced,1,major,1,1,1,1,1,1,1,open,none,safe,joint,0,550.113598,1680,preferred,5.0,0
S00837,LCLK,35.208551,33.656605,A220-300,narrow_body,2070,weather,856,critical,0.75,712.5,712.5,1124.531165,aircraft_fuel,LCLK,2987,45,asphalt,ILS,1,0,none,1,basic,1,0,1,1,1,1,1,open,none,safe,civil,0,37.19034,917,preferred,6.0,0
S00837,LCLK,35.208551,33.656605,A220-300,narrow_body,2070,weather,856,critical,0.75,712.5,712.5,1124.531165,aircraft_fuel,HELX,3000,45,asphalt,RNAV,0,0,none,1,basic,1,0,1,0,0,1,1,open,none,safe,joint,0,1064.412374,930,extended,7.0,0
S00838,RKSI,37.16141,126.700557,B767-300ER,wide_body,2942,mechanical,1028,critical,0.75,937.5,937.5,1610.80049,aircraft_fuel,RKSI,4000,60,asphalt,ILS,1,1,advanced,1,major,1,1,1,1,1,1,1,open,none,safe,civil,1,40.714252,1058,preferred,1.0,1
S00838,RKSI,37.16141,126.700557,B767-300ER,wide_body,2942,mechanical,1028,critical,0.75,937.5,937.5,1610.80049,aircraft_fuel,ZSPD,4000,60,concrete,ILS,1,1,advanced,1,major,1,1,1,1,1,1,1,open,none,safe,civil,1,806.377277,1058,preferred,2.0,0
S00838,RKSI,37.16141,126.700557,B767-300ER,wide_body,2942,mechanical,1028,critical,0.75,937.5,937.5,1610.80049,aircraft_fuel,ZBAA,3810,60,asphalt,ILS,1,1,advanced,1,major,1,1,1,1,1,1,1,open,none,safe,civil,1,935.092198,868,preferred,3.0,0
S00838,RKSI,37.16141,126.700557,B767-300ER,wide_body,2942,mechanical,1028,critical,0.75,937.5,937.5,1610.80049,aircraft_fuel,RJAA,4000,60,asphalt,ILS,1,1,advanced,1,major,1,1,1,0,1,1,1,open,none,safe,civil,1,1232.722476,1058,extended,4.0,0
S00838,RKSI,37.16141,126.700557,B767-300ER,wide_body,2942,mechanical,1028,critical,0.75,937.5,937.5,1610.80049,aircraft_fuel,RCTP,3660,60,concrete,ILS,1,1,advanced,1,major,1,1,1,1,1,1,1,open,none,safe,civil,0,1440.179759,718,extended,5.0,0
S00838,RKSI,37.16141,126.700557,B767-300ER,wide_body,2942,mechanical,1028,critical,0.75,937.5,937.5,1610.80049,aircraft_fuel,RJTT,3360,61,asphalt,ILS,1,1,advanced,1,major,1,1,1,1,1,1,1,open,none,safe,civil,1,1184.540271,418,extended,6.0,0
S00838,RKSI,37.16141,126.700557,B767-300ER,wide_body,2942,mechanical,1028,critical,0.75,937.5,937.5,1610.80049,aircraft_fuel,RJCC,3000,61,asphalt,RNAV,0,1,basic,1,basic,1,1,1,1,1,1,1,open,none,safe,joint,0,1418.988137,58,extended,7.0,0
S00840,OKKK,29.833504,47.859888,E190,regional_jet,1881,mechanical,460,low,0.9,720.0,460.0,645.482872,emergency,OKKK,4580,60,asphalt,ILS,1,1,advanced,1,major,1,1,1,1,1,1,1,open,none,safe,civil,0,68.549646,2699,preferred,1.0,1
S00840,OKKK,29.833504,47.859888,E190,regional_jet,1881,mechanical,460,low,0.9,720.0,460.0,645.482872,emergency,OTHH,4850,60,asphalt,ILS,1,1,advanced,1,major,1,1,1,1,1,1,1,open,none,safe,civil,0,627.330016,2969,extended,2.0,0
S00840,OKKK,29.833504,47.859888,E190,regional_jet,1881,mechanical,460,low,0.9,720.0,460.0,645.482872,emergency,OERK,4205,60,asphalt,ILS,1,1,advanced,1,major,1,1,1,1,1,1,1,open,none,safe,civil,0,554.147758,2324,extended,3.0,0
S00840,OKKK,29.833504,47.859888,E190,regional_jet,1881,mechanical,460,low,0.9,720.0,460.0,645.482872,emergency,OBBI,3956,60,asphalt,ILS,1,1,advanced,1,major,1,1,1,1,1,1,1,open,none,safe,civil,0,481.149785,2075,extended,4.0,0
S00841,EFHK,60.143598,24.797259,A321,narrow_body,2367,medical,781,low,0.9,900.0,781.0,1384.005239,emergency,ENGM,3600,45,asphalt,ILS,1,1,advanced,1,major,1,1,1,1,1,1,1,open,none,safe,civil,0,756.28428,1233,preferred,1.0,1
S00841,EFHK,60.143598,24.797259,A321,narrow_body,2367,medical,781,low,0.9,900.0,781.0,1384.005239,emergency,EFHK,3440,60,asphalt,ILS,1,1,advanced,1,major,1,1,1,1,1,1,1,open,none,safe,civil,0,21.487533,1073,preferred,2.0,0
S00841,EFHK,60.143598,24.797259,A321,narrow_body,2367,medical,781,low,0.9,900.0,781.0,1384.005239,emergency,ULLI,3780,60,concrete,ILS,1,1,advanced,1,major,1,1,1,1,1,1,1,open,none,caution,civil,0,306.40737,1413,preferred,3.0,0
S00841,EFHK,60.143598,24.797259,A321,narrow_body,2367,medical,781,low,0.9,900.0,781.0,1384.005239,emergency,ESSA,3301,45,asphalt,ILS,1,1,advanced,1,major,1,1,1,1,1,1,1,open,none,safe,civil,0,386.820907,934,preferred,4.0,0
S00841,EFHK,60.143598,24.797259,A321,narrow_body,2367,medical,781,low,0.9,900.0,781.0,1384.005239,emergency,UUEE,3700,60,concrete,ILS,1,1,advanced,1,major,1,1,1,1,1,1,1,open,none,caution,civil,0,872.663678,1333,extended,5.0,0
S00842,LEMD,40.871008,-3.656172,B737-800,narrow_body,2323,fuel,823,critical,0.75,712.5,712.5,1230.725429,aircraft_fuel,LEMD,4350,60,asphalt,ILS,1,1,advanced,1,major,1,1,1,1,1,1,1,open,none,safe,civil,1,42.579492,2027,preferred,1.0,1
S00842,LEMD,40.871008,-3.656172,B737-800,narrow_body,2323,fuel,823,critical,0.75,712.5,712.5,1230.725429,aircraft_fuel,LFPG,4215,45,asphalt,ILS,1,1,advanced,1,major,1,1,1,1,1,1,1,open,none,safe,civil,1,1027.644248,1892,extended,2.0,0
S00842,LEMD,40.871008,-3.656172,B737-800,narrow_body,2323,fuel,823,critical,0.75,712.5,712.5,1230.725429,aircraft_fuel,LPPT,3707,45,asphalt,ILS,1,1,advanced,1,major,1,1,1,1,1,1,1,open,none,safe,civil,0,522.330967,1384,preferred,3.0,0
S00842,LEMD,40.871008,-3.656172,B737-800,narrow_body,2323,fuel,823,critical,0.75,712.5,712.5,1230.725429,aircraft_fuel,EGLL,3901,50,asphalt,ILS,1,1,advanced,1,major,1,1,1,1,1,1,1,open,none,safe,civil,1,1203.751511,1578,extended,4.0,0
S00842,LEMD,40.871008,-3.656172,B737-800,narrow_body,2323,fuel,823,critical,0.75,712.5,712.5,1230.725429,aircraft_fuel,GMMN,3720,45,asphalt,ILS,1,1,advanced,1,major,1,1,1,1,1,1,1,open,none,safe,civil,0,904.050136,1397,extended,5.0,0
S00842,LEMD,40.871008,-3.656172,B737-800,narrow_body,2323,fuel,823,critical,0.75,712.5,712.5,1230.725429,aircraft_fuel,DAAG,3500,60,asphalt,RNAV,0,1,basic,1,basic,1,1,1,1,1,1,0,open,none,safe,civil,0,754.843912,1177,extended,6.0,0
S00842,LEMD,40.871008,-3.656172,B737-800,narrow_body,2323,fuel,823,critical,0.75,712.5,712.5,1230.725429,aircraft_fuel,EGKK,3317,45,asphalt,ILS,1,1,advanced,1,major,1,1,1,1,1,1,1,open,none,safe,civil,1,1173.487342,994,extended,7.0,0
S00843,OMAA,24.414032,54.081339,A220-300,narrow_body,2027,medical,1015,normal,1.0,950.0,950.0,1597.167459,aircraft_fuel,OTHH,4850,60,asphalt,ILS,1,1,advanced,1,major,1,1,1,1,1,1,1,open,none,safe,civil,0,267.214326,2823,preferred,1.0,1
S00843,OMAA,24.414032,54.081339,A220-300,narrow_body,2027,medical,1015,normal,1.0,950.0,950.0,1597.167459,aircraft_fuel,OKKK,4580,60,asphalt,ILS,1,1,advanced,1,major,1,1,1,1,1,1,1,open,none,safe,civil,0,808.375865,2553,preferred,2.0,0
S00843,OMAA,24.414032,54.081339,A220-300,narrow_body,2027,medical,1015,normal,1.0,950.0,950.0,1597.167459,aircraft_fuel,OMDB,4447,60,asphalt,ILS,1,1,advanced,1,major,1,1,1,1,1,1,1,open,none,safe,civil,1,159.916556,2420,preferred,3.0,0
S00843,OMAA,24.414032,54.081339,A220-300,narrow_body,2027,medical,1015,normal,1.0,950.0,950.0,1597.167459,aircraft_fuel,OERK,4205,60,asphalt,ILS,1,1,advanced,1,major,1,1,1,1,1,1,1,open,none,safe,civil,0,748.230717,2178,preferred,4.0,0
S00843,OMAA,24.414032,54.081339,A220-300,narrow_body,2027,medical,1015,normal,1.0,950.0,950.0,1597.167459,aircraft_fuel,OMAA,4106,60,asphalt,ILS,1,1,advanced,1,major,1,1,1,1,1,1,1,open,none,safe,civil,0,57.572667,2079,preferred,5.0,0
S00843,OMAA,24.414032,54.081339,A220-300,narrow_body,2027,medical,1015,normal,1.0,950.0,950.0,1597.167459,aircraft_fuel,OOMS,4080,45,asphalt,ILS,1,1,advanced,1,major,1,1,1,1,1,1,1,open,none,safe,civil,0,436.480203,2053,preferred,6.0,0
S00843,OMAA,24.414032,54.081339,A220-300,narrow_body,2027,medical,1015,normal,1.0,950.0,950.0,1597.167459,aircraft_fuel,OBBI,3956,60,asphalt,ILS,1,1,advanced,1,major,1,1,1,1,1,1,1,open,none,safe,civil,0,402.754639,1929,preferred,7.0,0
S00843,OMAA,24.414032,54.081339,A220-300,narrow_body,2027,medical,1015,normal,1.0,950.0,950.0,1597.167459,aircraft_fuel,OPKC,3400,46,concrete,RNAV,0,1,basic,1,basic,1,1,1,1,1,1,1,open,none,caution,civil,0,1322.353563,1373,extended,8.0,0
S00844,VIDP,29.674894,77.032978,A319,narrow_body,2054,weather,1112,normal,1.0,900.0,900.0,1543.614224,aircraft_fuel,VIDP,4430,60,asphalt,ILS,1,1,advanced,1,major,1,1,1,1,1,1,1,open,none,safe,civil,1,124.60312,2376,preferred,1.0,1
S00844,VIDP,29.674894,77.032978,A319,narrow_body,2054,weather,1112,normal,1.0,900.0,900.0,1543.614224,aircraft_fuel,UAAA,4500,45,asphalt,RNAV,0,1,basic,1,basic,1,1,1,1,1,1,1,open,none,safe,civil,0,1521.077129,2446,extended,2.0,0
S00844,VIDP,29.674894,77.032978,A319,narrow_body,2054,weather,1112,normal,1.0,900.0,900.0,1543.614224,aircraft_fuel,VABB,3509,60,asphalt,ILS,1,1,advanced,1,major,1,1,1,1,1,1,1,open,none,safe,civil,1,1250.098569,1455,extended,3.0,0
S00844,VIDP,29.674894,77.032978,A319,narrow_body,2054,weather,1112,normal,1.0,900.0,900.0,1543.614224,aircraft_fuel,OPLA,3360,46,concrete,RNAV,0,0,none,1,basic,1,0,1,1,1,1,1,open,none,caution,civil,0,324.786391,1306,preferred,4.0,0
S00844,VIDP,29.674894,77.032978,A319,narrow_body,2054,weather,1112,normal,1.0,900.0,900.0,1543.614224,aircraft_fuel,OPKC,3400,46,concrete,RNAV,0,1,basic,1,basic,1,1,1,1,1,1,1,open,none,caution,civil,0,1109.660315,1346,extended,5.0,0
S00844,VIDP,29.674894,77.032978,A319,narrow_body,2054,weather,1112,normal,1.0,900.0,900.0,1543.614224,aircraft_fuel,VNKT,3350,45,asphalt,VOR,0,0,none,0,none,0,0,1,1,1,1,1,open,none,caution,civil,0,841.221432,1296,preferred,6.0,0
S00845,UOOO,69.221636,89.183593,B737 MAX 8,narrow_body,2435,security,1005,normal,1.0,1000.0,1000.0,1658.719569,aircraft_fuel,UOOO,2800,45,concrete,VOR,0,0,none,1,basic,1,0,1,0,0,1,0,open,restricted,caution,joint,0,73.554172,365,preferred,1.0,1
S00846,RJTT,36.333576,139.521375,A220-300,narrow_body,2059,fuel,801,normal,1.0,950.0,801.0,1282.035725,emergency,RJAA,4000,60,asphalt,ILS,1,1,advanced,1,major,1,1,1,0,1,1,1,open,none,safe,civil,1,100.13352,1941,preferred,1.0,1
S00846,RJTT,36.333576,139.521375,A220-300,narrow_body,2059,fuel,801,normal,1.0,950.0,801.0,1282.035725,emergency,RKSI,4000,60,asphalt,ILS,1,1,advanced,1,major,1,1,1,1,1,1,1,open,none,safe,civil,1,1168.090901,1941,extended,2.0,0
S00846,RJTT,36.333576,139.521375,A220-300,narrow_body,2059,fuel,801,normal,1.0,950.0,801.0,1282.035725,emergency,RJTT,3360,61,asphalt,ILS,1,1,advanced,1,major,1,1,1,1,1,1,1,open,none,safe,civil,1,90.384981,1301,preferred,3.0,0
S00846,RJTT,36.333576,139.521375,A220-300,narrow_body,2059,fuel,801,normal,1.0,950.0,801.0,1282.035725,emergency,RJCC,3000,61,asphalt,RNAV,0,1,basic,1,basic,1,1,1,1,1,1,1,open,none,safe,joint,0,739.897558,941,preferred,4.0,0
S00847,DNKN,12.384884,8.871382,A321,narrow_body,2454,operational_constraints,722,normal,1.0,1000.0,722.0,1175.506274,emergency,DNAA,3609,60,asphalt,RNAV,0,0,none,1,basic,1,0,1,1,1,1,1,open,none,safe,joint,0,414.683588,1155,preferred,1.0,1
S00847,DNKN,12.384884,8.871382,A321,narrow_body,2454,operational_constraints,722,normal,1.0,1000.0,722.0,1175.506274,emergency,DNMM,3900,60,asphalt,ILS,1,1,advanced,1,major,1,1,1,1,1,1,1,open,none,caution,civil,0,887.248293,1446,extended,2.0,0
S00847,DNKN,12.384884,8.871382,A321,narrow_body,2454,operational_constraints,722,normal,1.0,1000.0,722.0,1175.506274,emergency,DNKN,3200,46,asphalt,RNAV,0,0,none,1,basic,1,0,1,0,0,1,1,open,none,safe,joint,0,53.166994,746,preferred,3.0,0
S00848,LGAV,37.728205,23.808314,B737-800,narrow_body,2313,security,1003,normal,1.0,950.0,950.0,1643.165628,aircraft_fuel,LTFM,4100,60,asphalt,ILS,1,1,advanced,1,major,1,1,1,1,1,1,0,open,none,safe,civil,0,577.738885,1787,preferred,1.0,1
S00848,LGAV,37.728205,23.808314,B737-800,narrow_body,2313,security,1003,normal,1.0,950.0,950.0,1643.165628,aircraft_fuel,LGAV,4000,45,asphalt,ILS,1,1,advanced,1,major,1,1,1,1,1,1,1,open,none,safe,civil,0,26.057339,1687,preferred,2.0,0
S00848,LGAV,37.728205,23.808314,B737-800,narrow_body,2313,security,1003,normal,1.0,950.0,950.0,1643.165628,aircraft_fuel,HECA,4000,60,asphalt,ILS,1,1,basic,1,major,1,1,1,1,1,1,1,open,none,safe,civil,0,1098.017075,1687,extended,3.0,0
S00848,LGAV,37.728205,23.808314,B737-800,narrow_body,2313,security,1003,normal,1.0,950.0,950.0,1643.165628,aircraft_fuel,LIRF,3902,60,asphalt,ILS,1,1,basic,1,major,1,1,1,1,1,1,1,open,none,safe,civil,1,1085.558992,1589,extended,4.0,0
S00848,LGAV,37.728205,23.808314,B737-800,narrow_body,2313,security,1003,normal,1.0,950.0,950.0,1643.165628,aircraft_fuel,LTAC,3750,45,asphalt,ILS,1,1,advanced,1,major,1,1,1,1,1,1,1,open,none,safe,joint,0,837.805705,1437,preferred,5.0,0
S00848,LGAV,37.728205,23.808314,B737-800,narrow_body,2313,security,1003,normal,1.0,950.0,950.0,1643.165628,aircraft_fuel,OJAI,3660,61,asphalt,ILS,1,1,advanced,1,major,1,1,1,1,1,1,1,open,none,safe,civil,0,1296.807402,1347,extended,6.0,0
S00848,LGAV,37.728205,23.808314,B737-800,narrow_body,2313,security,1003,normal,1.0,950.0,950.0,1643.165628,aircraft_fuel,LCLK,2987,45,asphalt,ILS,1,0,none,1,basic,1,0,1,1,1,1,1,open,none,safe,civil,0,934.574731,674,preferred,7.0,0
S00848,LGAV,37.728205,23.808314,B737-800,narrow_body,2313,security,1003,normal,1.0,950.0,950.0,1643.165628,aircraft_fuel,DTTA,3200,45,asphalt,RNAV,0,1,basic,1,basic,1,0,1,1,1,1,1,open,none,safe,civil,0,1204.339544,887,extended,8.0,0
S00848,LGAV,37.728205,23.808314,B737-800,narrow_body,2313,security,1003,normal,1.0,950.0,950.0,1643.165628,aircraft_fuel,HELX,3000,45,asphalt,RNAV,0,0,none,1,basic,1,0,1,0,0,1,1,open,none,safe,joint,0,1581.184299,687,extended,9.0,0
S00849,HECA,30.352313,30.915326,B767-300ER,wide_body,3007,medical,1067,low,0.9,1125.0,1067.0,1705.246532,emergency,OKKK,4580,60,asphalt,ILS,1,1,advanced,1,major,1,1,1,1,1,1,1,open,none,safe,civil,0,1649.010869,1573,extended,1.0,1
S00849,HECA,30.352313,30.915326,B767-300ER,wide_body,3007,medical,1067,low,0.9,1125.0,1067.0,1705.246532,emergency,HECA,4000,60,asphalt,ILS,1,1,basic,1,major,1,1,1,1,1,1,1,open,none,safe,civil,0,53.436763,993,preferred,2.0,0
S00849,HECA,30.352313,30.915326,B767-300ER,wide_body,3007,medical,1067,low,0.9,1125.0,1067.0,1705.246532,emergency,LGAV,4000,45,asphalt,ILS,1,1,advanced,1,major,1,1,1,1,1,1,1,open,none,safe,civil,0,1058.828891,993,preferred,3.0,0
S00849,HECA,30.352313,30.915326,B767-300ER,wide_body,3007,medical,1067,low,0.9,1125.0,1067.0,1705.246532,emergency,OERK,4205,60,asphalt,ILS,1,1,advanced,1,major,1,1,1,1,1,1,1,open,none,safe,civil,0,1664.293416,1198,extended,4.0,0
S00849,HECA,30.352313,30.915326,B767-300ER,wide_body,3007,medical,1067,low,0.9,1125.0,1067.0,1705.246532,emergency,LTFM,4100,60,asphalt,ILS,1,1,advanced,1,major,1,1,1,1,1,1,0,open,none,safe,civil,0,1230.261022,1093,extended,5.0,0
S00849,HECA,30.352313,30.915326,B767-300ER,wide_body,3007,medical,1067,low,0.9,1125.0,1067.0,1705.246532,emergency,OJAI,3660,61,asphalt,ILS,1,1,advanced,1,major,1,1,1,1,1,1,1,open,none,safe,civil,0,507.158896,653,preferred,6.0,0
S00849,HECA,30.352313,30.915326,B767-300ER,wide_body,3007,medical,1067,low,0.9,1125.0,1067.0,1705.246532,emergency,LTAC,3750,45,asphalt,ILS,1,1,advanced,1,major,1,1,1,1,1,1,1,open,none,safe,joint,0,1103.207067,743,extended,7.0,0
S00850,LEMD,40.190192,-2.922096,E175,regional_jet,1808,fuel,676,normal,1.0,750.0,676.0,1057.901547,emergency,LEMD,4350,60,asphalt,ILS,1,1,advanced,1,major,1,1,1,1,1,1,1,open,none,safe,civil,1,64.598459,2542,preferred,1.0,1
S00850,LEMD,40.190192,-2.922096,E175,regional_jet,1808,fuel,676,normal,1.0,750.0,676.0,1057.901547,emergency,LPPT,3707,45,asphalt,ILS,1,1,advanced,1,major,1,1,1,1,1,1,1,open,none,safe,civil,0,555.655321,1899,preferred,2.0,0
S00850,LEMD,40.190192,-2.922096,E175,regional_jet,1808,fuel,676,normal,1.0,750.0,676.0,1057.901547,emergency,DAAG,3500,60,asphalt,RNAV,0,1,basic,1,basic,1,1,1,1,1,1,0,open,none,safe,civil,0,660.620653,1692,preferred,3.0,0
S00850,LEMD,40.190192,-2.922096,E175,regional_jet,1808,fuel,676,normal,1.0,750.0,676.0,1057.901547,emergency,GMMN,3720,45,asphalt,ILS,1,1,advanced,1,major,1,1,1,1,1,1,1,open,none,safe,civil,0,864.752906,1912,extended,4.0,0
S00851,KJFK,39.847264,-73.338594,B747-8,very_large,3581,medical,894,normal,1.0,1550.0,894.0,1609.000759,emergency,KJFK,4423,61,asphalt,ILS,1,1,advanced,1,major,1,1,1,1,1,1,1,open,none,safe,civil,1,95.69987,842,preferred,1.0,1
S00851,KJFK,39.847264,-73.338594,B747-8,very_large,3581,medical,894,normal,1.0,1550.0,894.0,1609.000759,emergency,KORD,3962,46,concrete,ILS,1,1,advanced,1,major,1,1,1,1,1,1,1,open,none,safe,civil,0,1245.12165,381,extended,2.0,0
S00851,KJFK,39.847264,-73.338594,B747-8,very_large,3581,medical,894,normal,1.0,1550.0,894.0,1609.000759,emergency,KATL,3776,46,concrete,ILS,1,1,advanced,1,major,1,1,1,1,1,1,1,open,none,safe,civil,0,1204.014168,195,extended,3.0,0
S00852,HECA,29.952249,31.45195,B737 MAX 8,narrow_body,2400,weather,904,normal,1.0,1000.0,904.0,1502.641786,emergency,HECA,4000,60,asphalt,ILS,1,1,basic,1,major,1,1,1,1,1,1,1,open,none,safe,civil,0,18.493209,1600,preferred,1.0,1
S00852,HECA,29.952249,31.45195,B737 MAX 8,narrow_body,2400,weather,904,normal,1.0,1000.0,904.0,1502.641786,emergency,LTFM,4100,60,asphalt,ILS,1,1,advanced,1,major,1,1,1,1,1,1,0,open,none,safe,civil,0,1282.603632,1700,extended,2.0,0
S00852,HECA,29.952249,31.45195,B737 MAX 8,narrow_body,2400,weather,904,normal,1.0,1000.0,904.0,1502.641786,emergency,OJAI,3660,61,asphalt,ILS,1,1,advanced,1,major,1,1,1,1,1,1,1,open,none,safe,civil,0,476.111003,1260,preferred,3.0,0
S00852,HECA,29.952249,31.45195,B737 MAX 8,narrow_body,2400,weather,904,normal,1.0,1000.0,904.0,1502.641786,emergency,LGAV,4000,45,asphalt,ILS,1,1,advanced,1,major,1,1,1,1,1,1,1,open,none,safe,civil,0,1125.046008,1600,extended,4.0,0
S00852,HECA,29.952249,31.45195,B737 MAX 8,narrow_body,2400,weather,904,normal,1.0,1000.0,904.0,1502.641786,emergency,LTAC,3750,45,asphalt,ILS,1,1,advanced,1,major,1,1,1,1,1,1,1,open,none,safe,joint,0,1140.13488,1350,extended,5.0,0
S00852,HECA,29.952249,31.45195,B737 MAX 8,narrow_body,2400,weather,904,normal,1.0,1000.0,904.0,1502.641786,emergency,LCLK,2987,45,asphalt,ILS,1,0,none,1,basic,1,0,1,1,1,1,1,open,none,safe,civil,0,584.115355,587,preferred,6.0,0
S00852,HECA,29.952249,31.45195,B737 MAX 8,narrow_body,2400,weather,904,normal,1.0,1000.0,904.0,1502.641786,emergency,HELX,3000,45,asphalt,RNAV,0,0,none,1,basic,1,0,1,0,0,1,1,open,none,safe,joint,0,491.772193,600,preferred,7.0,0
S00853,VTBS,12.898045,101.14546,B787-9,wide_body,2874,medical,413,low,0.9,1260.0,413.0,701.641412,emergency,VTBS,4000,60,asphalt,ILS,1,1,advanced,1,major,1,1,1,1,1,1,1,open,none,safe,civil,0,97.163726,1126,preferred,1.0,1
S00854,FAOR,-26.239016,28.747667,B787-9,wide_body,2807,medical,842,normal,1.0,1400.0,842.0,1390.566242,emergency,FAOR,4418,61,asphalt,ILS,1,1,advanced,1,major,1,1,1,1,1,1,1,open,none,safe,civil,0,51.172624,1611,preferred,1.0,1
S00854,FAOR,-26.239016,28.747667,B787-9,wide_body,2807,medical,842,normal,1.0,1400.0,842.0,1390.566242,emergency,FACT,3201,61,asphalt,RNAV,0,1,basic,1,basic,1,0,1,1,1,1,1,open,none,safe,civil,0,1299.335833,394,extended,2.0,0
S00855,OJAI,31.904813,36.775369,CRJ900,regional_jet,1766,medical,1063,normal,1.0,700.0,700.0,1097.430599,aircraft_fuel,HECA,4000,60,asphalt,ILS,1,1,basic,1,major,1,1,1,1,1,1,1,open,none,safe,civil,0,549.942472,2234,preferred,1.0,1
S00855,OJAI,31.904813,36.775369,CRJ900,regional_jet,1766,medical,1063,normal,1.0,700.0,700.0,1097.430599,aircraft_fuel,OJAI,3660,61,asphalt,ILS,1,1,advanced,1,major,1,1,1,1,1,1,1,open,none,safe,civil,0,76.633809,1894,preferred,2.0,0
S00855,OJAI,31.904813,36.775369,CRJ900,regional_jet,1766,medical,1063,normal,1.0,700.0,700.0,1097.430599,aircraft_fuel,LTAC,3750,45,asphalt,ILS,1,1,advanced,1,major,1,1,1,1,1,1,1,open,none,safe,joint,0,975.281969,1984,extended,3.0,0
S00856,OERK,25.482643,46.47605,B737-800,narrow_body,2377,medical,822,normal,1.0,950.0,822.0,1410.857517,emergency,OTHH,4850,60,asphalt,ILS,1,1,advanced,1,major,1,1,1,1,1,1,1,open,none,safe,civil,0,516.079922,2473,preferred,1.0,1
S00856,OERK,25.482643,46.47605,B737-800,narrow_body,2377,medical,822,normal,1.0,950.0,822.0,1410.857517,emergency,OKKK,4580,60,asphalt,ILS,1,1,advanced,1,major,1,1,1,1,1,1,1,open,none,safe,civil,0,441.438157,2203,preferred,2.0,0
S00856,OERK,25.482643,46.47605,B737-800,narrow_body,2377,medical,822,normal,1.0,950.0,822.0,1410.857517,emergency,OERK,4205,60,asphalt,ILS,1,1,advanced,1,major,1,1,1,1,1,1,1,open,none,safe,civil,0,62.534505,1828,preferred,3.0,0
S00856,OERK,25.482643,46.47605,B737-800,narrow_body,2377,medical,822,normal,1.0,950.0,822.0,1410.857517,emergency,OMDB,4447,60,asphalt,ILS,1,1,advanced,1,major,1,1,1,1,1,1,1,open,none,safe,civil,1,893.923016,2070,extended,4.0,0
S00856,OERK,25.482643,46.47605,B737-800,narrow_body,2377,medical,822,normal,1.0,950.0,822.0,1410.857517,emergency,OBBI,3956,60,asphalt,ILS,1,1,advanced,1,major,1,1,1,1,1,1,1,open,none,safe,civil,0,425.377575,1579,preferred,5.0,0
S00856,OERK,25.482643,46.47605,B737-800,narrow_body,2377,medical,822,normal,1.0,950.0,822.0,1410.857517,emergency,OMAA,4106,60,asphalt,ILS,1,1,advanced,1,major,1,1,1,1,1,1,1,open,none,safe,civil,0,831.883706,1729,extended,6.0,0
S00856,OERK,25.482643,46.47605,B737-800,narrow_body,2377,medical,822,normal,1.0,950.0,822.0,1410.857517,emergency,OOMS,4080,45,asphalt,ILS,1,1,advanced,1,major,1,1,1,1,1,1,1,open,none,safe,civil,0,1212.253224,1703,extended,7.0,0
S00856,OERK,25.482643,46.47605,B737-800,narrow_body,2377,medical,822,normal,1.0,950.0,822.0,1410.857517,emergency,OJAI,3660,61,asphalt,ILS,1,1,advanced,1,major,1,1,1,1,1,1,1,open,none,safe,civil,0,1235.361531,1283,extended,8.0,0
S00857,UUEE,56.431608,37.375414,E175,regional_jet,1826,mechanical,858,normal,1.0,750.0,750.0,1215.995061,aircraft_fuel,ULLI,3780,60,concrete,ILS,1,1,advanced,1,major,1,1,1,1,1,1,1,open,none,caution,civil,0,560.569114,1954,preferred,1.0,1
S00857,UUEE,56.431608,37.375414,E175,regional_jet,1826,mechanical,858,normal,1.0,750.0,750.0,1215.995061,aircraft_fuel,UUEE,3700,60,concrete,ILS,1,1,advanced,1,major,1,1,1,1,1,1,1,open,none,caution,civil,0,50.614337,1874,preferred,2.0,0
S00857,UUEE,56.431608,37.375414,E175,regional_jet,1826,mechanical,858,normal,1.0,750.0,750.0,1215.995061,aircraft_fuel,EFHK,3440,60,asphalt,ILS,1,1,advanced,1,major,1,1,1,1,1,1,1,open,none,safe,civil,0,840.982428,1614,extended,3.0,0
S00857,UUEE,56.431608,37.375414,E175,regional_jet,1826,mechanical,858,normal,1.0,750.0,750.0,1215.995061,aircraft_fuel,ESSA,3301,45,asphalt,ILS,1,1,advanced,1,major,1,1,1,1,1,1,1,open,none,safe,civil,0,1194.155346,1475,extended,4.0,0
S00858,EFHK,60.129525,24.258808,A350-900,wide_body,2838,security,755,low,0.9,1350.0,755.0,1239.097342,emergency,ENGM,3600,45,asphalt,ILS,1,1,advanced,1,major,1,1,1,1,1,1,1,open,none,safe,civil,0,726.824938,762,preferred,1.0,1
S00858,EFHK,60.129525,24.258808,A350-900,wide_body,2838,security,755,low,0.9,1350.0,755.0,1239.097342,emergency,EFHK,3440,60,asphalt,ILS,1,1,advanced,1,major,1,1,1,1,1,1,1,open,none,safe,civil,0,44.209296,602,preferred,2.0,0
S00858,EFHK,60.129525,24.258808,A350-900,wide_body,2838,security,755,low,0.9,1350.0,755.0,1239.097342,emergency,ULLI,3780,60,concrete,ILS,1,1,advanced,1,major,1,1,1,1,1,1,1,open,none,caution,civil,0,336.024982,942,preferred,3.0,0
S00858,EFHK,60.129525,24.258808,A350-900,wide_body,2838,security,755,low,0.9,1350.0,755.0,1239.097342,emergency,ESSA,3301,45,asphalt,ILS,1,1,advanced,1,major,1,1,1,1,1,1,1,open,none,safe,civil,0,356.996094,463,preferred,4.0,0
S00858,EFHK,60.129525,24.258808,A350-900,wide_body,2838,security,755,low,0.9,1350.0,755.0,1239.097342,emergency,UUEE,3700,60,concrete,ILS,1,1,advanced,1,major,1,1,1,1,1,1,1,open,none,caution,civil,0,898.821084,862,extended,5.0,0
S00859,OKKK,28.613916,47.188831,A320,narrow_body,2321,operational_constraints,978,normal,1.0,950.0,950.0,1514.985565,aircraft_fuel,OTHH,4850,60,asphalt,ILS,1,1,advanced,1,major,1,1,1,1,1,1,1,open,none,safe,civil,0,574.264432,2529,preferred,1.0,1
S00859,OKKK,28.613916,47.188831,A320,narrow_body,2321,operational_constraints,978,normal,1.0,950.0,950.0,1514.985565,aircraft_fuel,OKKK,4580,60,asphalt,ILS,1,1,advanced,1,major,1,1,1,1,1,1,1,open,none,safe,civil,0,101.917269,2259,preferred,2.0,0
S00859,OKKK,28.613916,47.188831,A320,narrow_body,2321,operational_constraints,978,normal,1.0,950.0,950.0,1514.985565,aircraft_fuel,OMDB,4447,60,asphalt,ILS,1,1,advanced,1,major,1,1,1,1,1,1,1,open,none,safe,civil,1,892.925865,2126,preferred,3.0,0
S00859,OKKK,28.613916,47.188831,A320,narrow_body,2321,operational_constraints,978,normal,1.0,950.0,950.0,1514.985565,aircraft_fuel,OERK,4205,60,asphalt,ILS,1,1,advanced,1,major,1,1,1,1,1,1,1,open,none,safe,civil,0,409.461556,1884,preferred,4.0,0
S00859,OKKK,28.613916,47.188831,A320,narrow_body,2321,operational_constraints,978,normal,1.0,950.0,950.0,1514.985565,aircraft_fuel,OMAA,4106,60,asphalt,ILS,1,1,advanced,1,major,1,1,1,1,1,1,1,open,none,safe,civil,0,874.997682,1785,preferred,5.0,0
S00859,OKKK,28.613916,47.188831,A320,narrow_body,2321,operational_constraints,978,normal,1.0,950.0,950.0,1514.985565,aircraft_fuel,OBBI,3956,60,asphalt,ILS,1,1,advanced,1,major,1,1,1,1,1,1,1,open,none,safe,civil,0,428.815201,1635,preferred,6.0,0
S00859,OKKK,28.613916,47.188831,A320,narrow_body,2321,operational_constraints,978,normal,1.0,950.0,950.0,1514.985565,aircraft_fuel,OOMS,4080,45,asphalt,ILS,1,1,advanced,1,major,1,1,1,1,1,1,1,open,none,safe,civil,0,1239.487538,1759,extended,7.0,0
S00859,OKKK,28.613916,47.188831,A320,narrow_body,2321,operational_constraints,978,normal,1.0,950.0,950.0,1514.985565,aircraft_fuel,OJAI,3660,61,asphalt,ILS,1,1,advanced,1,major,1,1,1,1,1,1,1,open,none,safe,civil,0,1129.761631,1339,extended,8.0,0
S00859,OKKK,28.613916,47.188831,A320,narrow_body,2321,operational_constraints,978,normal,1.0,950.0,950.0,1514.985565,aircraft_fuel,LCLK,2987,45,asphalt,ILS,1,0,none,1,basic,1,0,1,1,1,1,1,open,none,safe,civil,0,1457.44524,666,extended,9.0,0
S00859,OKKK,28.613916,47.188831,A320,narrow_body,2321,operational_constraints,978,normal,1.0,950.0,950.0,1514.985565,aircraft_fuel,HELX,3000,45,asphalt,RNAV,0,0,none,1,basic,1,0,1,0,0,1,1,open,none,safe,joint,0,1468.846327,679,extended,10.0,0
S00860,ESSA,59.500657,17.600304,B767-300ER,wide_body,3020,technical,582,low,0.9,1125.0,582.0,891.136126,emergency,ENGM,3600,45,asphalt,ILS,1,1,advanced,1,major,1,1,1,1,1,1,1,open,none,safe,civil,0,370.974965,580,preferred,1.0,1
S00860,ESSA,59.500657,17.600304,B767-300ER,wide_body,3020,technical,582,low,0.9,1125.0,582.0,891.136126,emergency,EFHK,3440,60,asphalt,ILS,1,1,advanced,1,major,1,1,1,1,1,1,1,open,none,safe,civil,0,420.194787,420,preferred,2.0,0
S00860,ESSA,59.500657,17.600304,B767-300ER,wide_body,3020,technical,582,low,0.9,1125.0,582.0,891.136126,emergency,ESSA,3301,45,asphalt,ILS,1,1,advanced,1,major,1,1,1,1,1,1,1,open,none,safe,civil,0,24.747686,281,preferred,3.0,0
S00860,ESSA,59.500657,17.600304,B767-300ER,wide_body,3020,technical,582,low,0.9,1125.0,582.0,891.136126,emergency,ULLI,3780,60,concrete,ILS,1,1,advanced,1,major,1,1,1,1,1,1,1,open,none,caution,civil,0,711.105362,760,extended,4.0,0
S00861,VIDP,28.617995,77.857917,A220-300,narrow_body,2158,medical,534,normal,1.0,950.0,534.0,847.628888,emergency,VIDP,4430,60,asphalt,ILS,1,1,advanced,1,major,1,1,1,1,1,1,1,open,none,safe,civil,1,74.794324,2272,preferred,1.0,1
S00862,HECA,29.937367,32.074925,B777-300ER,wide_body,3351,fuel,847,normal,1.0,1500.0,847.0,1418.548725,emergency,HECA,4000,60,asphalt,ILS,1,1,basic,1,major,1,1,1,1,1,1,1,open,none,safe,civil,0,68.107281,649,preferred,1.0,1
S00862,HECA,29.937367,32.074925,B777-300ER,wide_body,3351,fuel,847,normal,1.0,1500.0,847.0,1418.548725,emergency,LTFM,4100,60,asphalt,ILS,1,1,advanced,1,major,1,1,1,1,1,1,0,open,none,safe,civil,0,1296.093915,749,extended,2.0,0
S00862,HECA,29.937367,32.074925,B777-300ER,wide_body,3351,fuel,847,normal,1.0,1500.0,847.0,1418.548725,emergency,OJAI,3660,61,asphalt,ILS,1,1,advanced,1,major,1,1,1,1,1,1,1,open,none,safe,civil,0,423.482858,309,preferred,3.0,0
S00862,HECA,29.937367,32.074925,B777-300ER,wide_body,3351,fuel,847,normal,1.0,1500.0,847.0,1418.548725,emergency,LGAV,4000,45,asphalt,ILS,1,1,advanced,1,major,1,1,1,1,1,1,1,open,none,safe,civil,0,1162.436721,649,extended,4.0,0
S00862,HECA,29.937367,32.074925,B777-300ER,wide_body,3351,fuel,847,normal,1.0,1500.0,847.0,1418.548725,emergency,LTAC,3750,45,asphalt,ILS,1,1,advanced,1,major,1,1,1,1,1,1,1,open,none,safe,joint,0,1136.230696,399,extended,5.0,0
S00863,WMKK,2.557611,101.166717,A320,narrow_body,2369,mechanical,795,low,0.9,855.0,795.0,1300.378081,emergency,WMKK,4124,60,asphalt,ILS,1,1,advanced,1,major,1,1,1,1,1,1,1,open,none,safe,civil,0,63.862656,1755,preferred,1.0,1
S00863,WMKK,2.557611,101.166717,A320,narrow_body,2369,mechanical,795,low,0.9,855.0,795.0,1300.378081,emergency,WSSS,4000,60,asphalt,ILS,1,1,advanced,1,major,1,1,1,1,1,1,1,open,none,safe,civil,1,341.67472,1631,preferred,2.0,0
S00863,WMKK,2.557611,101.166717,A320,narrow_body,2369,mechanical,795,low,0.9,855.0,795.0,1300.378081,emergency,VTBS,4000,60,asphalt,ILS,1,1,advanced,1,major,1,1,1,1,1,1,1,open,none,safe,civil,0,1237.73529,1631,extended,3.0,0
S00863,WMKK,2.557611,101.166717,A320,narrow_body,2369,mechanical,795,low,0.9,855.0,795.0,1300.378081,emergency,WIMM,3000,60,asphalt,RNAV,1,1,basic,1,basic,1,0,1,1,0,1,1,open,none,safe,civil,0,280.528464,631,preferred,4.0,0
S00864,RJCC,42.483428,141.944338,A350-900,wide_body,3025,fuel,737,low,0.9,1350.0,737.0,1357.144004,emergency,RJAA,4000,60,asphalt,ILS,1,1,advanced,1,major,1,1,1,0,1,1,1,open,none,safe,civil,1,758.578543,975,extended,1.0,1
S00864,RJCC,42.483428,141.944338,A350-900,wide_body,3025,fuel,737,low,0.9,1350.0,737.0,1357.144004,emergency,RJTT,3360,61,asphalt,ILS,1,1,advanced,1,major,1,1,1,1,1,1,1,open,none,safe,civil,1,793.12649,335,extended,2.0,0
S00865,BIKF,63.714895,-21.069767,A320,narrow_body,2266,fuel,355,low,0.9,855.0,355.0,568.184349,emergency,BIKF,3065,60,asphalt,RNAV,0,1,basic,1,basic,1,0,1,1,1,1,1,open,none,safe,joint,0,81.03411,799,preferred,1.0,1
S00866,SAEZ,-35.493945,-57.750133,B737-800,narrow_body,2477,fuel,650,critical,0.75,712.5,650.0,1092.372867,emergency,SAEZ,3300,60,asphalt,ILS,1,1,basic,1,major,1,1,1,1,1,1,1,open,none,safe,civil,0,103.346799,823,preferred,1.0,1
S00867,EFHK,60.489107,24.541211,A330-300,wide_body,3065,weather,695,normal,1.0,1300.0,695.0,1165.65789,emergency,EFHK,3440,60,asphalt,ILS,1,1,advanced,1,major,1,1,1,1,1,1,1,open,none,safe,civil,0,29.96461,375,preferred,1.0,1
S00867,EFHK,60.489107,24.541211,A330-300,wide_body,3065,weather,695,normal,1.0,1300.0,695.0,1165.65789,emergency,ULLI,3780,60,concrete,ILS,1,1,advanced,1,major,1,1,1,1,1,1,1,open,none,caution,civil,0,325.71189,715,preferred,2.0,0
S00867,EFHK,60.489107,24.541211,A330-300,wide_body,3065,weather,695,normal,1.0,1300.0,695.0,1165.65789,emergency,ESSA,3301,45,asphalt,ILS,1,1,advanced,1,major,1,1,1,1,1,1,1,open,none,safe,civil,0,378.407044,236,preferred,3.0,0
S00867,EFHK,60.489107,24.541211,A330-300,wide_body,3065,weather,695,normal,1.0,1300.0,695.0,1165.65789,emergency,ENGM,3600,45,asphalt,ILS,1,1,advanced,1,major,1,1,1,1,1,1,1,open,none,safe,civil,0,738.986588,535,extended,4.0,0
S00867,EFHK,60.489107,24.541211,A330-300,wide_body,3065,weather,695,normal,1.0,1300.0,695.0,1165.65789,emergency,UUEE,3700,60,concrete,ILS,1,1,advanced,1,major,1,1,1,1,1,1,1,open,none,caution,civil,0,902.810023,635,extended,5.0,0
S00868,ENGM,59.96454,11.441827,A220-300,narrow_body,2155,technical,777,normal,1.0,950.0,777.0,1319.142728,emergency,ENGM,3600,45,asphalt,ILS,1,1,advanced,1,major,1,1,1,1,1,1,1,open,none,safe,civil,0,31.7655,1445,preferred,1.0,1
S00868,ENGM,59.96454,11.441827,A220-300,narrow_body,2155,technical,777,normal,1.0,950.0,777.0,1319.142728,emergency,EDDF,4000,60,asphalt,ILS,1,1,advanced,1,major,1,1,1,0,1,1,1,open,none,safe,civil,1,1119.966434,1845,extended,2.0,0
S00868,ENGM,59.96454,11.441827,A220-300,narrow_body,2155,technical,777,normal,1.0,950.0,777.0,1319.142728,emergency,EGLL,3901,50,asphalt,ILS,1,1,advanced,1,major,1,1,1,1,1,1,1,open,none,safe,civil,1,1199.477322,1746,extended,3.0,0
S00868,ENGM,59.96454,11.441827,A220-300,narrow_body,2155,technical,777,normal,1.0,950.0,777.0,1319.142728,emergency,EFHK,3440,60,asphalt,ILS,1,1,advanced,1,major,1,1,1,1,1,1,1,open,none,safe,civil,0,748.260424,1285,preferred,4.0,0
S00868,ENGM,59.96454,11.441827,A220-300,narrow_body,2155,technical,777,normal,1.0,950.0,777.0,1319.142728,emergency,EHAM,3800,60,asphalt,ILS,1,1,advanced,1,major,1,1,1,1,1,1,1,open,none,safe,civil,1,945.423723,1645,extended,5.0,0
S00868,ENGM,59.96454,11.441827,A220-300,narrow_body,2155,technical,777,normal,1.0,950.0,777.0,1319.142728,emergency,ESSA,3301,45,asphalt,ILS,1,1,advanced,1,major,1,1,1,1,1,1,1,open,none,safe,civil,0,364.317969,1146,preferred,6.0,0
S00868,ENGM,59.96454,11.441827,A220-300,narrow_body,2155,technical,777,normal,1.0,950.0,777.0,1319.142728,emergency,ULLI,3780,60,concrete,ILS,1,1,advanced,1,major,1,1,1,1,1,1,1,open,none,caution,civil,0,1046.716143,1625,extended,7.0,0
S00868,ENGM,59.96454,11.441827,A220-300,narrow_body,2155,technical,777,normal,1.0,950.0,777.0,1319.142728,emergency,EGKK,3317,45,asphalt,ILS,1,1,advanced,1,major,1,1,1,1,1,1,1,open,none,safe,civil,1,1219.28251,1162,extended,8.0,0
S00868,ENGM,59.96454,11.441827,A220-300,narrow_body,2155,technical,777,normal,1.0,950.0,777.0,1319.142728,emergency,EIDW,3110,45,concrete,ILS,1,1,advanced,1,major,1,1,1,1,1,1,1,open,none,safe,civil,0,1296.132709,955,extended,9.0,0
S00868,ENGM,59.96454,11.441827,A220-300,narrow_body,2155,technical,777,normal,1.0,950.0,777.0,1319.142728,emergency,EGCC,3048,46,asphalt,ILS,1,1,advanced,1,major,1,1,1,1,1,1,1,open,none,safe,civil,1,1111.11521,893,extended,10.0,0
S00869,YMML,-37.38211,144.051238,E170,regional_jet,1608,weather,790,normal,1.0,700.0,700.0,1102.72703,aircraft_fuel,YMML,3657,60,asphalt,ILS,1,1,advanced,1,major,1,1,1,1,1,1,1,open,none,safe,civil,0,76.435689,2049,preferred,1.0,1
S00869,YMML,-37.38211,144.051238,E170,regional_jet,1608,weather,790,normal,1.0,700.0,700.0,1102.72703,aircraft_fuel,YSSY,3962,45,asphalt,ILS,1,1,advanced,1,major,1,1,1,0,1,1,1,open,none,safe,civil,1,748.252873,2354,extended,2.0,0
S00870,LEMD,40.442492,-4.29111,E175,regional_jet,1788,security,807,normal,1.0,750.0,750.0,1225.143001,aircraft_fuel,LEMD,4350,60,asphalt,ILS,1,1,advanced,1,major,1,1,1,1,1,1,1,open,none,safe,civil,1,61.073888,2562,preferred,1.0,1
S00870,LEMD,40.442492,-4.29111,E175,regional_jet,1788,security,807,normal,1.0,750.0,750.0,1225.143001,aircraft_fuel,LFPG,4215,45,asphalt,ILS,1,1,advanced,1,major,1,1,1,1,1,1,1,open,none,safe,civil,1,1094.292113,2427,extended,2.0,0
S00870,LEMD,40.442492,-4.29111,E175,regional_jet,1788,security,807,normal,1.0,750.0,750.0,1225.143001,aircraft_fuel,LPPT,3707,45,asphalt,ILS,1,1,advanced,1,major,1,1,1,1,1,1,1,open,none,safe,civil,0,454.182363,1919,preferred,3.0,0
S00870,LEMD,40.442492,-4.29111,E175,regional_jet,1788,security,807,normal,1.0,750.0,750.0,1225.143001,aircraft_fuel,GMMN,3720,45,asphalt,ILS,1,1,advanced,1,major,1,1,1,1,1,1,1,open,none,safe,civil,0,839.425085,1932,extended,4.0,0
S00870,LEMD,40.442492,-4.29111,E175,regional_jet,1788,security,807,normal,1.0,750.0,750.0,1225.143001,aircraft_fuel,DAAG,3500,60,asphalt,RNAV,0,1,basic,1,basic,1,1,1,1,1,1,0,open,none,safe,civil,0,773.867231,1712,extended,5.0,0
S00871,NZAA,-37.283048,175.120881,A330-300,wide_body,2954,mechanical,717,normal,1.0,1300.0,717.0,1235.858499,emergency,NZAA,3635,45,concrete,ILS,1,1,advanced,1,major,1,1,1,1,1,1,1,open,none,safe,civil,0,42.280666,681,preferred,1.0,1
S00872,LGAV,37.846662,24.061346,A321,narrow_body,2436,mechanical,959,normal,1.0,1000.0,959.0,1563.229061,emergency,LTFM,4100,60,asphalt,ILS,1,1,advanced,1,major,1,1,1,1,1,1,0,open,none,safe,civil,0,552.681571,1664,preferred,1.0,1
S00872,LGAV,37.846662,24.061346,A321,narrow_body,2436,mechanical,959,normal,1.0,1000.0,959.0,1563.229061,emergency,LGAV,4000,45,asphalt,ILS,1,1,advanced,1,major,1,1,1,1,1,1,1,open,none,safe,civil,0,14.307517,1564,preferred,2.0,0
S00872,LGAV,37.846662,24.061346,A321,narrow_body,2436,mechanical,959,normal,1.0,1000.0,959.0,1563.229061,emergency,HECA,4000,60,asphalt,ILS,1,1,basic,1,major,1,1,1,1,1,1,1,open,none,safe,civil,0,1093.355571,1564,extended,3.0,0
S00872,LGAV,37.846662,24.061346,A321,narrow_body,2436,mechanical,959,normal,1.0,1000.0,959.0,1563.229061,emergency,LIRF,3902,60,asphalt,ILS,1,1,basic,1,major,1,1,1,1,1,1,1,open,none,safe,civil,1,1099.091952,1466,extended,4.0,0
S00872,LGAV,37.846662,24.061346,A321,narrow_body,2436,mechanical,959,normal,1.0,1000.0,959.0,1563.229061,emergency,LTAC,3750,45,asphalt,ILS,1,1,advanced,1,major,1,1,1,1,1,1,1,open,none,safe,joint,0,812.312412,1314,preferred,5.0,0
S00872,LGAV,37.846662,24.061346,A321,narrow_body,2436,mechanical,959,normal,1.0,1000.0,959.0,1563.229061,emergency,OJAI,3660,61,asphalt,ILS,1,1,advanced,1,major,1,1,1,1,1,1,1,open,none,safe,civil,0,1283.327011,1224,extended,6.0,0
S00872,LGAV,37.846662,24.061346,A321,narrow_body,2436,mechanical,959,normal,1.0,1000.0,959.0,1563.229061,emergency,LCLK,2987,45,asphalt,ILS,1,0,none,1,basic,1,0,1,1,1,1,1,open,none,safe,civil,0,917.342514,551,preferred,7.0,0
S00872,LGAV,37.846662,24.061346,A321,narrow_body,2436,mechanical,959,normal,1.0,1000.0,959.0,1563.229061,emergency,DTTA,3200,45,asphalt,RNAV,0,1,basic,1,basic,1,0,1,1,1,1,1,open,none,safe,civil,0,1226.738201,764,extended,8.0,0
S00873,VABB,18.969277,72.733623,A321,narrow_body,2414,medical,771,normal,1.0,1000.0,771.0,1179.680162,emergency,VIDP,4430,60,asphalt,ILS,1,1,advanced,1,major,1,1,1,1,1,1,1,open,none,safe,civil,1,1154.354378,2016,extended,1.0,1
S00873,VABB,18.969277,72.733623,A321,narrow_body,2414,medical,771,normal,1.0,1000.0,771.0,1179.680162,emergency,VABB,3509,60,asphalt,ILS,1,1,advanced,1,major,1,1,1,1,1,1,1,open,none,safe,civil,1,19.379353,1095,preferred,2.0,0
S00873,VABB,18.969277,72.733623,A321,narrow_body,2414,medical,771,normal,1.0,1000.0,771.0,1179.680162,emergency,OPKC,3400,46,concrete,RNAV,0,1,basic,1,basic,1,1,1,1,1,1,1,open,none,caution,civil,0,875.081525,986,extended,3.0,0
S00874,GMMN,32.692538,-7.946608,B777-300ER,wide_body,3216,mechanical,874,low,0.9,1350.0,874.0,1466.505317,emergency,LEMD,4350,60,asphalt,ILS,1,1,advanced,1,major,1,1,1,1,1,1,1,open,none,safe,civil,1,950.933604,1134,extended,1.0,1
S00874,GMMN,32.692538,-7.946608,B777-300ER,wide_body,3216,mechanical,874,low,0.9,1350.0,874.0,1466.505317,emergency,GMMN,3720,45,asphalt,ILS,1,1,advanced,1,major,1,1,1,1,1,1,1,open,none,safe,civil,0,82.086582,504,preferred,2.0,0
S00874,GMMN,32.692538,-7.946608,B777-300ER,wide_body,3216,mechanical,874,low,0.9,1350.0,874.0,1466.505317,emergency,LPPT,3707,45,asphalt,ILS,1,1,advanced,1,major,1,1,1,1,1,1,1,open,none,safe,civil,0,685.476059,491,preferred,3.0,0
S00874,GMMN,32.692538,-7.946608,B777-300ER,wide_body,3216,mechanical,874,low,0.9,1350.0,874.0,1466.505317,emergency,DAAG,3500,60,asphalt,RNAV,0,1,basic,1,basic,1,1,1,1,1,1,0,open,none,safe,civil,0,1112.253889,284,extended,4.0,0
S00875,RJAA,35.993328,141.472023,A320,narrow_body,2249,security,1016,normal,1.0,950.0,950.0,1628.756429,aircraft_fuel,RJAA,4000,60,asphalt,ILS,1,1,advanced,1,major,1,1,1,0,1,1,1,open,none,safe,civil,1,100.747919,1751,preferred,1.0,1
S00875,RJAA,35.993328,141.472023,A320,narrow_body,2249,security,1016,normal,1.0,950.0,950.0,1628.756429,aircraft_fuel,RKSI,4000,60,asphalt,ILS,1,1,advanced,1,major,1,1,1,1,1,1,1,open,none,safe,civil,1,1347.187184,1751,extended,2.0,0
S00875,RJAA,35.993328,141.472023,A320,narrow_body,2249,security,1016,normal,1.0,950.0,950.0,1628.756429,aircraft_fuel,RJTT,3360,61,asphalt,ILS,1,1,advanced,1,major,1,1,1,1,1,1,1,open,none,safe,civil,1,159.825104,1111,preferred,3.0,0
S00875,RJAA,35.993328,141.472023,A320,narrow_body,2249,security,1016,normal,1.0,950.0,950.0,1628.756429,aircraft_fuel,RJCC,3000,61,asphalt,RNAV,0,1,basic,1,basic,1,1,1,1,1,1,1,open,none,safe,joint,0,754.292789,751,preferred,4.0,0
S00876,UAAA,44.233718,76.378935,A321,narrow_body,2543,weather,1051,low,0.9,900.0,900.0,1443.556474,aircraft_fuel,UAAA,4500,45,asphalt,RNAV,0,1,basic,1,basic,1,1,1,1,1,1,1,open,none,safe,civil,0,111.365338,1957,preferred,1.0,1
S00876,UAAA,44.233718,76.378935,A321,narrow_body,2543,weather,1051,low,0.9,900.0,900.0,1443.556474,aircraft_fuel,UACC,3500,45,asphalt,RNAV,0,1,basic,1,basic,1,1,1,1,1,1,1,open,none,safe,civil,0,839.822583,957,preferred,2.0,0
S00876,UAAA,44.233718,76.378935,A321,narrow_body,2543,weather,1051,low,0.9,900.0,900.0,1443.556474,aircraft_fuel,OPLA,3360,46,concrete,RNAV,0,0,none,1,basic,1,0,1,1,1,1,1,open,none,caution,civil,0,1423.992903,817,extended,3.0,0
S00877,KATL,34.018904,-83.573718,A330-300,wide_body,2885,medical,576,normal,1.0,1300.0,576.0,1042.751026,emergency,KATL,3776,46,concrete,ILS,1,1,advanced,1,major,1,1,1,1,1,1,1,open,none,safe,civil,0,89.635475,891,preferred,1.0,1
S00877,KATL,34.018904,-83.573718,A330-300,wide_body,2885,medical,576,normal,1.0,1300.0,576.0,1042.751026,emergency,KORD,3962,46,concrete,ILS,1,1,advanced,1,major,1,1,1,1,1,1,1,open,none,safe,civil,0,962.655954,1077,extended,2.0,0
S00879,ENGM,60.447058,12.196674,A321,narrow_body,2384,technical,547,low,0.9,900.0,547.0,882.65374,emergency,ENGM,3600,45,asphalt,ILS,1,1,advanced,1,major,1,1,1,1,1,1,1,open,none,safe,civil,0,66.599005,1216,preferred,1.0,1
S00879,ENGM,60.447058,12.196674,A321,narrow_body,2384,technical,547,low,0.9,900.0,547.0,882.65374,emergency,ESSA,3301,45,asphalt,ILS,1,1,advanced,1,major,1,1,1,1,1,1,1,open,none,safe,civil,0,330.268348,917,preferred,2.0,0
S00879,ENGM,60.447058,12.196674,A321,narrow_body,2384,technical,547,low,0.9,900.0,547.0,882.65374,emergency,EFHK,3440,60,asphalt,ILS,1,1,advanced,1,major,1,1,1,1,1,1,1,open,none,safe,civil,0,700.613647,1056,extended,3.0,0
S00880,OBBI,26.624731,50.816029,A220-300,narrow_body,2024,technical,873,critical,0.75,712.5,712.5,1156.870781,aircraft_fuel,OTHH,4850,60,asphalt,ILS,1,1,advanced,1,major,1,1,1,1,1,1,1,open,none,safe,civil,0,169.883936,2826,preferred,1.0,1
S00880,OBBI,26.624731,50.816029,A220-300,narrow_body,2024,technical,873,critical,0.75,712.5,712.5,1156.870781,aircraft_fuel,OKKK,4580,60,asphalt,ILS,1,1,advanced,1,major,1,1,1,1,1,1,1,open,none,safe,civil,0,402.162148,2556,preferred,2.0,0
S00880,OBBI,26.624731,50.816029,A220-300,narrow_body,2024,technical,873,critical,0.75,712.5,712.5,1156.870781,aircraft_fuel,OMDB,4447,60,asphalt,ILS,1,1,advanced,1,major,1,1,1,1,1,1,1,open,none,safe,civil,1,480.407152,2423,preferred,3.0,0
S00880,OBBI,26.624731,50.816029,A220-300,narrow_body,2024,technical,873,critical,0.75,712.5,712.5,1156.870781,aircraft_fuel,OERK,4205,60,asphalt,ILS,1,1,advanced,1,major,1,1,1,1,1,1,1,open,none,safe,civil,0,451.937488,2181,preferred,4.0,0
S00880,OBBI,26.624731,50.816029,A220-300,narrow_body,2024,technical,873,critical,0.75,712.5,712.5,1156.870781,aircraft_fuel,OMAA,4106,60,asphalt,ILS,1,1,advanced,1,major,1,1,1,1,1,1,1,open,none,safe,civil,0,454.802294,2082,preferred,5.0,0
S00880,OBBI,26.624731,50.816029,A220-300,narrow_body,2024,technical,873,critical,0.75,712.5,712.5,1156.870781,aircraft_fuel,OBBI,3956,60,asphalt,ILS,1,1,advanced,1,major,1,1,1,1,1,1,1,open,none,safe,civil,0,43.532674,1932,preferred,6.0,0
S00880,OBBI,26.624731,50.816029,A220-300,narrow_body,2024,technical,873,critical,0.75,712.5,712.5,1156.870781,aircraft_fuel,OOMS,4080,45,asphalt,ILS,1,1,advanced,1,major,1,1,1,1,1,1,1,open,none,safe,civil,0,823.589741,2056,extended,7.0,0
S00881,DTTA,37.344074,9.955436,B737-800,narrow_body,2349,operational_constraints,1200,low,0.9,855.0,855.0,1465.641219,aircraft_fuel,LEMD,4350,60,asphalt,ILS,1,1,advanced,1,major,1,1,1,1,1,1,1,open,none,safe,civil,1,1220.152703,2001,extended,1.0,1
S00881,DTTA,37.344074,9.955436,B737-800,narrow_body,2349,operational_constraints,1200,low,0.9,855.0,855.0,1465.641219,aircraft_fuel,LIRF,3902,60,asphalt,ILS,1,1,basic,1,major,1,1,1,1,1,1,1,open,none,safe,civil,1,533.553215,1553,preferred,2.0,0
S00881,DTTA,37.344074,9.955436,B737-800,narrow_body,2349,operational_constraints,1200,low,0.9,855.0,855.0,1465.641219,aircraft_fuel,LFPG,4215,45,asphalt,ILS,1,1,advanced,1,major,1,1,1,1,1,1,1,open,none,safe,civil,1,1427.524689,1866,extended,3.0,0
S00881,DTTA,37.344074,9.955436,B737-800,narrow_body,2349,operational_constraints,1200,low,0.9,855.0,855.0,1465.641219,aircraft_fuel,LGAV,4000,45,asphalt,ILS,1,1,advanced,1,major,1,1,1,1,1,1,1,open,none,safe,civil,0,1232.351001,1651,extended,4.0,0
S00881,DTTA,37.344074,9.955436,B737-800,narrow_body,2349,operational_constraints,1200,low,0.9,855.0,855.0,1465.641219,aircraft_fuel,EDDF,4000,60,asphalt,ILS,1,1,advanced,1,major,1,1,1,0,1,1,1,open,none,safe,civil,1,1414.643337,1651,extended,5.0,0
S00881,DTTA,37.344074,9.955436,B737-800,narrow_body,2349,operational_constraints,1200,low,0.9,855.0,855.0,1465.641219,aircraft_fuel,DAAG,3500,60,asphalt,RNAV,0,1,basic,1,basic,1,1,1,1,1,1,0,open,none,safe,civil,0,602.689473,1151,preferred,6.0,0
S00881,DTTA,37.344074,9.955436,B737-800,narrow_body,2349,operational_constraints,1200,low,0.9,855.0,855.0,1465.641219,aircraft_fuel,DTTA,3200,45,asphalt,RNAV,0,1,basic,1,basic,1,0,1,1,1,1,1,open,none,safe,civil,0,59.891118,851,preferred,7.0,0
S00882,DGAA,5.338744,-0.330339,E175,regional_jet,1770,medical,827,normal,1.0,750.0,750.0,1221.158151,aircraft_fuel,DNMM,3900,60,asphalt,ILS,1,1,advanced,1,major,1,1,1,1,1,1,1,open,none,caution,civil,0,426.666962,2130,preferred,1.0,1
S00883,VTBS,14.075445,99.571775,A380-800,very_large,3642,security,628,normal,1.0,1600.0,628.0,1041.215248,emergency,VTBS,4000,60,asphalt,ILS,1,1,advanced,1,major,1,1,1,1,1,1,1,open,none,safe,civil,0,134.228254,358,preferred,1.0,1
S00884,OBBI,26.295718,51.205319,A220-300,narrow_body,2130,fuel,792,critical,0.75,712.5,712.5,1137.820661,aircraft_fuel,OTHH,4850,60,asphalt,ILS,1,1,advanced,1,major,1,1,1,1,1,1,1,open,none,safe,civil,0,120.652331,2720,preferred,1.0,1
S00884,OBBI,26.295718,51.205319,A220-300,narrow_body,2130,fuel,792,critical,0.75,712.5,712.5,1137.820661,aircraft_fuel,OKKK,4580,60,asphalt,ILS,1,1,advanced,1,major,1,1,1,1,1,1,1,open,none,safe,civil,0,455.375277,2450,preferred,2.0,0
S00884,OBBI,26.295718,51.205319,A220-300,narrow_body,2130,fuel,792,critical,0.75,712.5,712.5,1137.820661,aircraft_fuel,OMDB,4447,60,asphalt,ILS,1,1,advanced,1,major,1,1,1,1,1,1,1,open,none,safe,civil,1,433.008885,2317,preferred,3.0,0
S00884,OBBI,26.295718,51.205319,A220-300,narrow_body,2130,fuel,792,critical,0.75,712.5,712.5,1137.820661,aircraft_fuel,OERK,4205,60,asphalt,ILS,1,1,advanced,1,major,1,1,1,1,1,1,1,open,none,safe,civil,0,475.642118,2075,preferred,4.0,0
S00884,OBBI,26.295718,51.205319,A220-300,narrow_body,2130,fuel,792,critical,0.75,712.5,712.5,1137.820661,aircraft_fuel,OMAA,4106,60,asphalt,ILS,1,1,advanced,1,major,1,1,1,1,1,1,1,open,none,safe,civil,0,402.790167,1976,preferred,5.0,0
S00884,OBBI,26.295718,51.205319,A220-300,narrow_body,2130,fuel,792,critical,0.75,712.5,712.5,1137.820661,aircraft_fuel,OBBI,3956,60,asphalt,ILS,1,1,advanced,1,major,1,1,1,1,1,1,1,open,none,safe,civil,0,56.686087,1826,preferred,6.0,0
S00884,OBBI,26.295718,51.205319,A220-300,narrow_body,2130,fuel,792,critical,0.75,712.5,712.5,1137.820661,aircraft_fuel,OOMS,4080,45,asphalt,ILS,1,1,advanced,1,major,1,1,1,1,1,1,1,open,none,safe,civil,0,773.996618,1950,extended,7.0,0
S00885,RCTP,24.825296,120.128629,A319,narrow_body,2045,fuel,769,low,0.9,810.0,769.0,1364.52378,emergency,ZSPD,4000,60,concrete,ILS,1,1,advanced,1,major,1,1,1,1,1,1,1,open,none,safe,civil,1,721.532332,1955,preferred,1.0,1
S00885,RCTP,24.825296,120.128629,A319,narrow_body,2045,fuel,769,low,0.9,810.0,769.0,1364.52378,emergency,RCTP,3660,60,concrete,ILS,1,1,advanced,1,major,1,1,1,1,1,1,1,open,none,safe,civil,0,114.821587,1615,preferred,2.0,0
S00885,RCTP,24.825296,120.128629,A319,narrow_body,2045,fuel,769,low,0.9,810.0,769.0,1364.52378,emergency,RPLL,3737,60,concrete,ILS,1,1,basic,1,basic,1,1,1,1,1,1,1,open,none,caution,civil,0,1150.940655,1692,extended,3.0,0
S00886,RPLL,14.413909,120.842179,A330-300,wide_body,3061,technical,1130,critical,0.75,975.0,975.0,1748.184778,aircraft_fuel,RPLL,3737,60,concrete,ILS,1,1,basic,1,basic,1,1,1,1,1,1,1,open,none,caution,civil,0,21.850229,676,preferred,1.0,1
S00886,RPLL,14.413909,120.842179,A330-300,wide_body,3061,technical,1130,critical,0.75,975.0,975.0,1748.184778,aircraft_fuel,RCTP,3660,60,concrete,ILS,1,1,advanced,1,major,1,1,1,1,1,1,1,open,none,safe,civil,0,1186.461876,599,extended,2.0,0
S00887,DNKN,12.319048,9.297711,B767-300ER,wide_body,2995,operational_constraints,695,low,0.9,1125.0,695.0,1138.838604,emergency,DNAA,3609,60,asphalt,RNAV,0,0,none,1,basic,1,0,1,1,1,1,1,open,none,safe,joint,0,430.188547,614,preferred,1.0,1
S00887,DNKN,12.319048,9.297711,B767-300ER,wide_body,2995,operational_constraints,695,low,0.9,1125.0,695.0,1138.838604,emergency,DNMM,3900,60,asphalt,ILS,1,1,advanced,1,major,1,1,1,1,1,1,1,open,none,caution,civil,0,914.852031,905,extended,2.0,0
S00887,DNKN,12.319048,9.297711,B767-300ER,wide_body,2995,operational_constraints,695,low,0.9,1125.0,695.0,1138.838604,emergency,DNKN,3200,46,asphalt,RNAV,0,0,none,1,basic,1,0,1,0,0,1,1,open,none,safe,joint,0,89.28427,205,preferred,3.0,0
S00888,ENGM,59.989608,9.763989,B777-300ER,wide_body,3139,mechanical,455,critical,0.75,1125.0,455.0,767.86179,emergency,ENGM,3600,45,asphalt,ILS,1,1,advanced,1,major,1,1,1,1,1,1,1,open,none,safe,civil,0,77.497337,461,preferred,1.0,1
S00888,ENGM,59.989608,9.763989,B777-300ER,wide_body,3139,mechanical,455,critical,0.75,1125.0,455.0,767.86179,emergency,ESSA,3301,45,asphalt,ILS,1,1,advanced,1,major,1,1,1,1,1,1,1,open,none,safe,civil,0,457.704321,162,extended,2.0,0
S00889,WIMM,4.180874,99.298714,A350-900,wide_body,3032,fuel,829,normal,1.0,1500.0,829.0,1417.367708,emergency,WMKK,4124,60,asphalt,ILS,1,1,advanced,1,major,1,1,1,1,1,1,1,open,none,safe,civil,0,311.6006,1092,preferred,1.0,1
S00889,WIMM,4.180874,99.298714,A350-900,wide_body,3032,fuel,829,normal,1.0,1500.0,829.0,1417.367708,emergency,WSSS,4000,60,asphalt,ILS,1,1,advanced,1,major,1,1,1,1,1,1,1,open,none,safe,civil,1,609.066643,968,preferred,2.0,0
S00889,WIMM,4.180874,99.298714,A350-900,wide_body,3032,fuel,829,normal,1.0,1500.0,829.0,1417.367708,emergency,VTBS,4000,60,asphalt,ILS,1,1,advanced,1,major,1,1,1,1,1,1,1,open,none,safe,civil,0,1068.260006,968,extended,3.0,0
S00890,MMMX,19.324751,-98.795228,A330-300,wide_body,2971,medical,854,normal,1.0,1300.0,854.0,1556.86809,emergency,MMMX,3952,45,asphalt,ILS,1,1,basic,1,major,1,1,1,1,1,1,1,open,none,safe,civil,0,31.388532,981,preferred,1.0,1
S00891,HKJK,-1.649378,37.297373,B737-800,narrow_body,2372,security,796,low,0.9,855.0,796.0,1205.988542,emergency,HKJK,4117,45,asphalt,RNAV,0,1,basic,1,basic,1,0,1,1,1,1,1,open,none,safe,civil,0,55.083313,1745,preferred,1.0,1
S00891,HKJK,-1.649378,37.297373,B737-800,narrow_body,2372,security,796,low,0.9,855.0,796.0,1205.988542,emergency,HAAB,3800,45,asphalt,ILS,1,0,none,1,basic,1,0,1,1,1,1,1,open,restricted,caution,joint,0,1193.359757,1428,extended,2.0,0
S00892,LPPT,38.839247,-8.912424,A350-900,wide_body,2978,security,918,critical,0.75,1125.0,918.0,1678.350091,emergency,LEMD,4350,60,asphalt,ILS,1,1,advanced,1,major,1,1,1,1,1,1,1,open,none,safe,civil,1,492.604619,1372,preferred,1.0,1
S00892,LPPT,38.839247,-8.912424,A350-900,wide_body,2978,security,918,critical,0.75,1125.0,918.0,1678.350091,emergency,LFPG,4215,45,asphalt,ILS,1,1,advanced,1,major,1,1,1,1,1,1,1,open,none,safe,civil,1,1453.398322,1237,extended,2.0,0
S00892,LPPT,38.839247,-8.912424,A350-900,wide_body,2978,security,918,critical,0.75,1125.0,918.0,1678.350091,emergency,LPPT,3707,45,asphalt,ILS,1,1,advanced,1,major,1,1,1,1,1,1,1,open,none,safe,civil,0,20.408853,729,preferred,3.0,0
S00892,LPPT,38.839247,-8.912424,A350-900,wide_body,2978,security,918,critical,0.75,1125.0,918.0,1678.350091,emergency,GMMN,3720,45,asphalt,ILS,1,1,advanced,1,major,1,1,1,1,1,1,1,open,none,safe,civil,0,619.899513,742,preferred,4.0,0
S00892,LPPT,38.839247,-8.912424,A350-900,wide_body,2978,security,918,critical,0.75,1125.0,918.0,1678.350091,emergency,EGLL,3901,50,asphalt,ILS,1,1,advanced,1,major,1,1,1,1,1,1,1,open,none,safe,civil,1,1550.63926,923,extended,5.0,0
S00892,LPPT,38.839247,-8.912424,A350-900,wide_body,2978,security,918,critical,0.75,1125.0,918.0,1678.350091,emergency,DAAG,3500,60,asphalt,RNAV,0,1,basic,1,basic,1,1,1,1,1,1,0,open,none,safe,civil,0,1091.437464,522,extended,6.0,0
S00892,LPPT,38.839247,-8.912424,A350-900,wide_body,2978,security,918,critical,0.75,1125.0,918.0,1678.350091,emergency,EGKK,3317,45,asphalt,ILS,1,1,advanced,1,major,1,1,1,1,1,1,1,open,none,safe,civil,1,1528.616457,339,extended,7.0,0
S00892,LPPT,38.839247,-8.912424,A350-900,wide_body,2978,security,918,critical,0.75,1125.0,918.0,1678.350091,emergency,EIDW,3110,45,concrete,ILS,1,1,advanced,1,major,1,1,1,1,1,1,1,open,none,safe,civil,0,1634.782989,132,extended,8.0,0
S00893,OBBI,26.546447,50.460907,A220-300,narrow_body,2119,weather,1140,critical,0.75,712.5,712.5,1105.386899,aircraft_fuel,OTHH,4850,60,asphalt,ILS,1,1,advanced,1,major,1,1,1,1,1,1,1,open,none,safe,civil,0,182.242341,2731,preferred,1.0,1
S00893,OBBI,26.546447,50.460907,A220-300,narrow_body,2119,weather,1140,critical,0.75,712.5,712.5,1105.386899,aircraft_fuel,OKKK,4580,60,asphalt,ILS,1,1,advanced,1,major,1,1,1,1,1,1,1,open,none,safe,civil,0,385.482537,2461,preferred,2.0,0
S00893,OBBI,26.546447,50.460907,A220-300,narrow_body,2119,weather,1140,critical,0.75,712.5,712.5,1105.386899,aircraft_fuel,OMDB,4447,60,asphalt,ILS,1,1,advanced,1,major,1,1,1,1,1,1,1,open,none,safe,civil,1,511.826417,2328,preferred,3.0,0
S00893,OBBI,26.546447,50.460907,A220-300,narrow_body,2119,weather,1140,critical,0.75,712.5,712.5,1105.386899,aircraft_fuel,OERK,4205,60,asphalt,ILS,1,1,advanced,1,major,1,1,1,1,1,1,1,open,none,safe,civil,0,416.11439,2086,preferred,4.0,0
S00893,OBBI,26.546447,50.460907,A220-300,narrow_body,2119,weather,1140,critical,0.75,712.5,712.5,1105.386899,aircraft_fuel,OMAA,4106,60,asphalt,ILS,1,1,advanced,1,major,1,1,1,1,1,1,1,open,none,safe,civil,0,481.122336,1987,preferred,5.0,0
S00893,OBBI,26.546447,50.460907,A220-300,narrow_body,2119,weather,1140,critical,0.75,712.5,712.5,1105.386899,aircraft_fuel,OBBI,3956,60,asphalt,ILS,1,1,advanced,1,major,1,1,1,1,1,1,1,open,none,safe,civil,0,35.683392,1837,preferred,6.0,0
S00893,OBBI,26.546447,50.460907,A220-300,narrow_body,2119,weather,1140,critical,0.75,712.5,712.5,1105.386899,aircraft_fuel,OOMS,4080,45,asphalt,ILS,1,1,advanced,1,major,1,1,1,1,1,1,1,open,none,safe,civil,0,853.192211,1961,extended,7.0,0
S00894,BIKF,63.990508,-21.632079,B737-800,narrow_body,2401,operational_constraints,466,normal,1.0,950.0,466.0,788.872107,emergency,BIKF,3065,60,asphalt,RNAV,0,1,basic,1,basic,1,0,1,1,1,1,1,open,none,safe,joint,0,47.478219,664,preferred,1.0,1
S00895,HKJK,-1.164348,36.667921,B737 MAX 8,narrow_body,2383,security,1207,low,0.9,900.0,900.0,1486.732208,aircraft_fuel,HKJK,4117,45,asphalt,RNAV,0,1,basic,1,basic,1,0,1,1,1,1,1,open,none,safe,civil,0,33.655983,1734,preferred,1.0,1
S00895,HKJK,-1.164348,36.667921,B737 MAX 8,narrow_body,2383,security,1207,low,0.9,900.0,900.0,1486.732208,aircraft_fuel,HAAB,3800,45,asphalt,ILS,1,0,none,1,basic,1,0,1,1,1,1,1,open,restricted,caution,joint,0,1152.22146,1417,extended,2.0,0
S00896,YSSY,-34.2389,150.320282,CRJ900,regional_jet,1790,mechanical,1050,critical,0.75,525.0,525.0,752.899837,aircraft_fuel,YSSY,3962,45,asphalt,ILS,1,1,advanced,1,major,1,1,1,0,1,1,1,open,none,safe,civil,1,85.344372,2172,preferred,1.0,1
S00896,YSSY,-34.2389,150.320282,CRJ900,regional_jet,1790,mechanical,1050,critical,0.75,525.0,525.0,752.899837,aircraft_fuel,YMML,3657,60,asphalt,ILS,1,1,advanced,1,major,1,1,1,1,1,1,1,open,none,safe,civil,0,623.603277,1867,extended,2.0,0
S00897,FACT,-33.594158,20.222735,E190,regional_jet,1979,security,825,critical,0.75,600.0,600.0,908.216248,aircraft_fuel,FACT,3201,61,asphalt,RNAV,0,1,basic,1,basic,1,0,1,1,1,1,1,open,none,safe,civil,0,155.418102,1222,preferred,1.0,1
S00898,WSSS,1.496365,104.170349,A319,narrow_body,2224,fuel,570,critical,0.75,675.0,570.0,934.089372,emergency,WMKK,4124,60,asphalt,ILS,1,1,advanced,1,major,1,1,1,1,1,1,1,open,none,safe,civil,0,306.650676,1900,preferred,1.0,1
S00898,WSSS,1.496365,104.170349,A319,narrow_body,2224,fuel,570,critical,0.75,675.0,570.0,934.089372,emergency,WSSS,4000,60,asphalt,ILS,1,1,advanced,1,major,1,1,1,1,1,1,1,open,none,safe,civil,1,25.464813,1776,preferred,2.0,0
S00898,WSSS,1.496365,104.170349,A319,narrow_body,2224,fuel,570,critical,0.75,675.0,570.0,934.089372,emergency,WIMM,3000,60,asphalt,RNAV,1,1,basic,1,basic,1,0,1,1,0,1,1,open,none,safe,civil,0,633.664543,776,extended,3.0,0
S00899,ESSA,59.242834,19.217942,B737-800,narrow_body,2226,operational_constraints,1160,low,0.9,855.0,855.0,1459.522323,aircraft_fuel,EDDF,4000,60,asphalt,ILS,1,1,advanced,1,major,1,1,1,0,1,1,1,open,none,safe,civil,1,1229.983577,1774,extended,1.0,1
S00899,ESSA,59.242834,19.217942,B737-800,narrow_body,2226,operational_constraints,1160,low,0.9,855.0,855.0,1459.522323,aircraft_fuel,ENGM,3600,45,asphalt,ILS,1,1,advanced,1,major,1,1,1,1,1,1,1,open,none,safe,civil,0,466.949584,1374,preferred,2.0,0
S00899,ESSA,59.242834,19.217942,B737-800,narrow_body,2226,operational_constraints,1160,low,0.9,855.0,855.0,1459.522323,aircraft_fuel,EFHK,3440,60,asphalt,ILS,1,1,advanced,1,major,1,1,1,1,1,1,1,open,none,safe,civil,0,342.928226,1214,preferred,3.0,0
S00899,ESSA,59.242834,19.217942,B737-800,narrow_body,2226,operational_constraints,1160,low,0.9,855.0,855.0,1459.522323,aircraft_fuel,EHAM,3800,60,asphalt,ILS,1,1,advanced,1,major,1,1,1,1,1,1,1,open,none,safe,civil,1,1183.736288,1574,extended,4.0,0
S00899,ESSA,59.242834,19.217942,B737-800,narrow_body,2226,operational_constraints,1160,low,0.9,855.0,855.0,1459.522323,aircraft_fuel,ULLI,3780,60,concrete,ILS,1,1,advanced,1,major,1,1,1,1,1,1,1,open,none,caution,civil,0,625.248811,1554,preferred,5.0,0
S00899,ESSA,59.242834,19.217942,B737-800,narrow_body,2226,operational_constraints,1160,low,0.9,855.0,855.0,1459.522323,aircraft_fuel,ESSA,3301,45,asphalt,ILS,1,1,advanced,1,major,1,1,1,1,1,1,1,open,none,safe,civil,0,85.698048,1075,preferred,6.0,0
S00899,ESSA,59.242834,19.217942,B737-800,narrow_body,2226,operational_constraints,1160,low,0.9,855.0,855.0,1459.522323,aircraft_fuel,UUEE,3700,60,concrete,ILS,1,1,advanced,1,major,1,1,1,1,1,1,1,open,none,caution,civil,0,1138.655885,1474,extended,7.0,0
S00900,EFHK,59.960046,25.486455,A220-300,narrow_body,2005,mechanical,931,low,0.9,855.0,855.0,1446.800925,aircraft_fuel,ENGM,3600,45,asphalt,ILS,1,1,advanced,1,major,1,1,1,1,1,1,1,open,none,safe,civil,0,796.809126,1595,preferred,1.0,1
S00900,EFHK,59.960046,25.486455,A220-300,narrow_body,2005,mechanical,931,low,0.9,855.0,855.0,1446.800925,aircraft_fuel,EFHK,3440,60,asphalt,ILS,1,1,advanced,1,major,1,1,1,1,1,1,1,open,none,safe,civil,0,49.256413,1435,preferred,2.0,0
S00900,EFHK,59.960046,25.486455,A220-300,narrow_body,2005,mechanical,931,low,0.9,855.0,855.0,1446.800925,aircraft_fuel,ULLI,3780,60,concrete,ILS,1,1,advanced,1,major,1,1,1,1,1,1,1,open,none,caution,civil,0,267.030183,1775,preferred,3.0,0
S00900,EFHK,59.960046,25.486455,A220-300,narrow_body,2005,mechanical,931,low,0.9,855.0,855.0,1446.800925,aircraft_fuel,UUEE,3700,60,concrete,ILS,1,1,advanced,1,major,1,1,1,1,1,1,1,open,none,caution,civil,0,829.31385,1695,preferred,4.0,0
S00900,EFHK,59.960046,25.486455,A220-300,narrow_body,2005,mechanical,931,low,0.9,855.0,855.0,1446.800925,aircraft_fuel,ESSA,3301,45,asphalt,ILS,1,1,advanced,1,major,1,1,1,1,1,1,1,open,none,safe,civil,0,423.852657,1296,preferred,5.0,0
S00901,ENGM,60.299129,9.594092,B737-800,narrow_body,2210,mechanical,691,low,0.9,855.0,691.0,1187.179528,emergency,EDDF,4000,60,asphalt,ILS,1,1,advanced,1,major,1,1,1,0,1,1,1,open,none,safe,civil,1,1144.097838,1790,extended,1.0,1
S00901,ENGM,60.299129,9.594092,B737-800,narrow_body,2210,mechanical,691,low,0.9,855.0,691.0,1187.179528,emergency,ENGM,3600,45,asphalt,ILS,1,1,advanced,1,major,1,1,1,1,1,1,1,open,none,safe,civil,0,83.939635,1390,preferred,2.0,0
S00901,ENGM,60.299129,9.594092,B737-800,narrow_body,2210,mechanical,691,low,0.9,855.0,691.0,1187.179528,emergency,EGLL,3901,50,asphalt,ILS,1,1,advanced,1,major,1,1,1,1,1,1,1,open,none,safe,civil,1,1162.008469,1691,extended,3.0,0
S00901,ENGM,60.299129,9.594092,B737-800,narrow_body,2210,mechanical,691,low,0.9,855.0,691.0,1187.179528,emergency,EHAM,3800,60,asphalt,ILS,1,1,advanced,1,major,1,1,1,1,1,1,1,open,none,safe,civil,1,936.524865,1590,extended,4.0,0
S00901,ENGM,60.299129,9.594092,B737-800,narrow_body,2210,mechanical,691,low,0.9,855.0,691.0,1187.179528,emergency,ESSA,3301,45,asphalt,ILS,1,1,advanced,1,major,1,1,1,1,1,1,1,open,none,safe,civil,0,469.038884,1091,preferred,5.0,0
S00901,ENGM,60.299129,9.594092,B737-800,narrow_body,2210,mechanical,691,low,0.9,855.0,691.0,1187.179528,emergency,EFHK,3440,60,asphalt,ILS,1,1,advanced,1,major,1,1,1,1,1,1,1,open,none,safe,civil,0,844.588938,1230,extended,6.0,0
S00901,ENGM,60.299129,9.594092,B737-800,narrow_body,2210,mechanical,691,low,0.9,855.0,691.0,1187.179528,emergency,ULLI,3780,60,concrete,ILS,1,1,advanced,1,major,1,1,1,1,1,1,1,open,none,caution,civil,0,1144.012945,1570,extended,7.0,0
S00901,ENGM,60.299129,9.594092,B737-800,narrow_body,2210,mechanical,691,low,0.9,855.0,691.0,1187.179528,emergency,EGKK,3317,45,asphalt,ILS,1,1,advanced,1,major,1,1,1,1,1,1,1,open,none,safe,civil,1,1184.807374,1107,extended,8.0,0
S00901,ENGM,60.299129,9.594092,B737-800,narrow_body,2210,mechanical,691,low,0.9,855.0,691.0,1187.179528,emergency,EGCC,3048,46,asphalt,ILS,1,1,advanced,1,major,1,1,1,1,1,1,1,open,none,safe,civil,1,1054.282583,838,extended,9.0,0
S00902,OERK,25.261212,47.05631,E190,regional_jet,1876,medical,761,low,0.9,720.0,720.0,1055.973184,aircraft_fuel,OTHH,4850,60,asphalt,ILS,1,1,advanced,1,major,1,1,1,1,1,1,1,open,none,safe,civil,0,457.688213,2974,preferred,1.0,1
S00902,OERK,25.261212,47.05631,E190,regional_jet,1876,medical,761,low,0.9,720.0,720.0,1055.973184,aircraft_fuel,OKKK,4580,60,asphalt,ILS,1,1,advanced,1,major,1,1,1,1,1,1,1,open,none,safe,civil,0,449.847688,2704,preferred,2.0,0
S00902,OERK,25.261212,47.05631,E190,regional_jet,1876,medical,761,low,0.9,720.0,720.0,1055.973184,aircraft_fuel,OERK,4205,60,asphalt,ILS,1,1,advanced,1,major,1,1,1,1,1,1,1,open,none,safe,civil,0,49.350789,2329,preferred,3.0,0
S00902,OERK,25.261212,47.05631,E190,regional_jet,1876,medical,761,low,0.9,720.0,720.0,1055.973184,aircraft_fuel,OMDB,4447,60,asphalt,ILS,1,1,advanced,1,major,1,1,1,1,1,1,1,open,none,safe,civil,1,836.043722,2571,extended,4.0,0
S00902,OERK,25.261212,47.05631,E190,regional_jet,1876,medical,761,low,0.9,720.0,720.0,1055.973184,aircraft_fuel,OBBI,3956,60,asphalt,ILS,1,1,advanced,1,major,1,1,1,1,1,1,1,open,none,safe,civil,0,375.663406,2080,preferred,5.0,0
S00902,OERK,25.261212,47.05631,E190,regional_jet,1876,medical,761,low,0.9,720.0,720.0,1055.973184,aircraft_fuel,OMAA,4106,60,asphalt,ILS,1,1,advanced,1,major,1,1,1,1,1,1,1,open,none,safe,civil,0,771.4168,2230,extended,6.0,0
S00903,EHAM,52.19739,5.301393,A220-300,narrow_body,2117,technical,782,normal,1.0,950.0,782.0,1193.414782,emergency,LFPG,4215,45,asphalt,ILS,1,1,advanced,1,major,1,1,1,1,1,1,1,open,none,safe,civil,1,404.019101,2098,preferred,1.0,1
S00903,EHAM,52.19739,5.301393,A220-300,narrow_body,2117,technical,782,normal,1.0,950.0,782.0,1193.414782,emergency,EDDF,4000,60,asphalt,ILS,1,1,advanced,1,major,1,1,1,0,1,1,1,open,none,safe,civil,1,331.525816,1883,preferred,2.0,0
S00903,EHAM,52.19739,5.301393,A220-300,narrow_body,2117,technical,782,normal,1.0,950.0,782.0,1193.414782,emergency,EGLL,3901,50,asphalt,ILS,1,1,advanced,1,major,1,1,1,1,1,1,1,open,none,safe,civil,1,403.915349,1784,preferred,3.0,0
S00903,EHAM,52.19739,5.301393,A220-300,narrow_body,2117,technical,782,normal,1.0,950.0,782.0,1193.414782,emergency,EHAM,3800,60,asphalt,ILS,1,1,advanced,1,major,1,1,1,1,1,1,1,open,none,safe,civil,1,38.621429,1683,preferred,4.0,0
S00903,EHAM,52.19739,5.301393,A220-300,narrow_body,2117,technical,782,normal,1.0,950.0,782.0,1193.414782,emergency,EGKK,3317,45,asphalt,ILS,1,1,advanced,1,major,1,1,1,1,1,1,1,open,none,safe,civil,1,395.822862,1200,preferred,5.0,0
S00903,EHAM,52.19739,5.301393,A220-300,narrow_body,2117,technical,782,normal,1.0,950.0,782.0,1193.414782,emergency,ENGM,3600,45,asphalt,ILS,1,1,advanced,1,major,1,1,1,1,1,1,1,open,none,safe,civil,0,957.937281,1483,extended,6.0,0
S00903,EHAM,52.19739,5.301393,A220-300,narrow_body,2117,technical,782,normal,1.0,950.0,782.0,1193.414782,emergency,EGCC,3048,46,asphalt,ILS,1,1,advanced,1,major,1,1,1,1,1,1,1,open,none,safe,civil,1,525.321336,931,preferred,7.0,0
S00903,EHAM,52.19739,5.301393,A220-300,narrow_body,2117,technical,782,normal,1.0,950.0,782.0,1193.414782,emergency,ESSA,3301,45,asphalt,ILS,1,1,advanced,1,major,1,1,1,1,1,1,1,open,none,safe,civil,0,1138.899221,1184,extended,8.0,0
S00903,EHAM,52.19739,5.301393,A220-300,narrow_body,2117,technical,782,normal,1.0,950.0,782.0,1193.414782,emergency,EIDW,3110,45,concrete,ILS,1,1,advanced,1,major,1,1,1,1,1,1,1,open,none,safe,civil,0,788.214348,993,extended,9.0,0
S00904,GMMN,33.17716,-7.411501,A320,narrow_body,2342,security,796,critical,0.75,712.5,712.5,1110.0025,aircraft_fuel,LEMD,4350,60,asphalt,ILS,1,1,advanced,1,major,1,1,1,1,1,1,1,open,none,safe,civil,1,882.11851,2008,extended,1.0,1
S00904,GMMN,33.17716,-7.411501,A320,narrow_body,2342,security,796,critical,0.75,712.5,712.5,1110.0025,aircraft_fuel,GMMN,3720,45,asphalt,ILS,1,1,advanced,1,major,1,1,1,1,1,1,1,open,none,safe,civil,0,26.893036,1378,preferred,2.0,0
S00904,GMMN,33.17716,-7.411501,A320,narrow_body,2342,security,796,critical,0.75,712.5,712.5,1110.0025,aircraft_fuel,LPPT,3707,45,asphalt,ILS,1,1,advanced,1,major,1,1,1,1,1,1,1,open,none,safe,civil,0,642.140931,1365,preferred,3.0,0
S00904,GMMN,33.17716,-7.411501,A320,narrow_body,2342,security,796,critical,0.75,712.5,712.5,1110.0025,aircraft_fuel,DAAG,3500,60,asphalt,RNAV,0,1,basic,1,basic,1,1,1,1,1,1,0,open,none,safe,civil,0,1043.823565,1158,extended,4.0,0
S00905,ESSA,60.081204,17.279505,A330-300,wide_body,2824,security,606,normal,1.0,1300.0,606.0,1099.400067,emergency,ENGM,3600,45,asphalt,ILS,1,1,advanced,1,major,1,1,1,1,1,1,1,open,none,safe,civil,0,342.217298,776,preferred,1.0,1
S00905,ESSA,60.081204,17.279505,A330-300,wide_body,2824,security,606,normal,1.0,1300.0,606.0,1099.400067,emergency,EFHK,3440,60,asphalt,ILS,1,1,advanced,1,major,1,1,1,1,1,1,1,open,none,safe,civil,0,425.194942,616,preferred,2.0,0
S00905,ESSA,60.081204,17.279505,A330-300,wide_body,2824,security,606,normal,1.0,1300.0,606.0,1099.400067,emergency,ESSA,3301,45,asphalt,ILS,1,1,advanced,1,major,1,1,1,1,1,1,1,open,none,safe,civil,0,60.240917,477,preferred,3.0,0
S00905,ESSA,60.081204,17.279505,A330-300,wide_body,2824,security,606,normal,1.0,1300.0,606.0,1099.400067,emergency,ULLI,3780,60,concrete,ILS,1,1,advanced,1,major,1,1,1,1,1,1,1,open,none,caution,civil,0,722.622421,956,extended,4.0,0
S00906,LTAC,39.886589,32.992219,B737-800,narrow_body,2246,weather,1027,normal,1.0,950.0,950.0,1513.676584,aircraft_fuel,LTFM,4100,60,asphalt,ILS,1,1,advanced,1,major,1,1,1,1,1,1,0,open,none,safe,civil,0,391.432299,1854,preferred,1.0,1
S00906,LTAC,39.886589,32.992219,B737-800,narrow_body,2246,weather,1027,normal,1.0,950.0,950.0,1513.676584,aircraft_fuel,LGAV,4000,45,asphalt,ILS,1,1,advanced,1,major,1,1,1,1,1,1,1,open,none,safe,civil,0,811.8952,1754,preferred,2.0,0
S00906,LTAC,39.886589,32.992219,B737-800,narrow_body,2246,weather,1027,normal,1.0,950.0,950.0,1513.676584,aircraft_fuel,OJAI,3660,61,asphalt,ILS,1,1,advanced,1,major,1,1,1,1,1,1,1,open,none,safe,civil,0,947.104959,1414,preferred,3.0,0
S00906,LTAC,39.886589,32.992219,B737-800,narrow_body,2246,weather,1027,normal,1.0,950.0,950.0,1513.676584,aircraft_fuel,HECA,4000,60,asphalt,ILS,1,1,basic,1,major,1,1,1,1,1,1,1,open,none,safe,civil,0,1096.551345,1754,extended,4.0,0
S00906,LTAC,39.886589,32.992219,B737-800,narrow_body,2246,weather,1027,normal,1.0,950.0,950.0,1513.676584,aircraft_fuel,LTAC,3750,45,asphalt,ILS,1,1,advanced,1,major,1,1,1,1,1,1,1,open,none,safe,joint,0,26.856029,1504,preferred,5.0,0
S00906,LTAC,39.886589,32.992219,B737-800,narrow_body,2246,weather,1027,normal,1.0,950.0,950.0,1513.676584,aircraft_fuel,LCLK,2987,45,asphalt,ILS,1,0,none,1,basic,1,0,1,1,1,1,1,open,none,safe,civil,0,560.044321,741,preferred,6.0,0
S00907,FMMI,-19.243108,47.717034,B787-9,wide_body,2898,weather,503,critical,0.75,1050.0,503.0,850.126173,emergency,FMMI,3100,45,asphalt,VOR,0,0,none,0,none,0,0,1,1,1,1,0,open,none,caution,civil,0,55.578316,202,preferred,1.0,1
S00908,RJCC,42.599352,141.133817,E170,regional_jet,1641,operational_constraints,689,low,0.9,630.0,630.0,894.777042,aircraft_fuel,RJAA,4000,60,asphalt,ILS,1,1,advanced,1,major,1,1,1,0,1,1,1,open,none,safe,civil,1,762.247663,2359,extended,1.0,1
S00908,RJCC,42.599352,141.133817,E170,regional_jet,1641,operational_constraints,689,low,0.9,630.0,630.0,894.777042,aircraft_fuel,RJTT,3360,61,asphalt,ILS,1,1,advanced,1,major,1,1,1,1,1,1,1,open,none,safe,civil,1,792.431079,1719,extended,2.0,0
S00908,RJCC,42.599352,141.133817,E170,regional_jet,1641,operational_constraints,689,low,0.9,630.0,630.0,894.777042,aircraft_fuel,RJCC,3000,61,asphalt,RNAV,0,1,basic,1,basic,1,1,1,1,1,1,1,open,none,safe,joint,0,49.498251,1359,preferred,3.0,0
S00909,OTHH,25.756722,51.799581,E190,regional_jet,1922,medical,966,normal,1.0,800.0,800.0,1247.996992,aircraft_fuel,OTHH,4850,60,asphalt,ILS,1,1,advanced,1,major,1,1,1,1,1,1,1,open,none,safe,civil,0,57.112242,2928,preferred,1.0,1
S00909,OTHH,25.756722,51.799581,E190,regional_jet,1922,medical,966,normal,1.0,800.0,800.0,1247.996992,aircraft_fuel,OKKK,4580,60,asphalt,ILS,1,1,advanced,1,major,1,1,1,1,1,1,1,open,none,safe,civil,0,539.724879,2658,preferred,2.0,0
S00909,OTHH,25.756722,51.799581,E190,regional_jet,1922,medical,966,normal,1.0,800.0,800.0,1247.996992,aircraft_fuel,OMDB,4447,60,asphalt,ILS,1,1,advanced,1,major,1,1,1,1,1,1,1,open,none,safe,civil,1,362.82021,2525,preferred,3.0,0
S00909,OTHH,25.756722,51.799581,E190,regional_jet,1922,medical,966,normal,1.0,800.0,800.0,1247.996992,aircraft_fuel,OERK,4205,60,asphalt,ILS,1,1,advanced,1,major,1,1,1,1,1,1,1,open,none,safe,civil,0,520.14463,2283,preferred,4.0,0
S00909,OTHH,25.756722,51.799581,E190,regional_jet,1922,medical,966,normal,1.0,800.0,800.0,1247.996992,aircraft_fuel,OMAA,4106,60,asphalt,ILS,1,1,advanced,1,major,1,1,1,1,1,1,1,open,none,safe,civil,0,322.079613,2184,preferred,5.0,0
S00909,OTHH,25.756722,51.799581,E190,regional_jet,1922,medical,966,normal,1.0,800.0,800.0,1247.996992,aircraft_fuel,OOMS,4080,45,asphalt,ILS,1,1,advanced,1,major,1,1,1,1,1,1,1,open,none,safe,civil,0,697.685315,2158,preferred,6.0,0
S00909,OTHH,25.756722,51.799581,E190,regional_jet,1922,medical,966,normal,1.0,800.0,800.0,1247.996992,aircraft_fuel,OBBI,3956,60,asphalt,ILS,1,1,advanced,1,major,1,1,1,1,1,1,1,open,none,safe,civil,0,129.249457,2034,preferred,7.0,0
S00910,KLAX,34.420554,-117.184106,B737-800,narrow_body,2335,fuel,908,low,0.9,855.0,855.0,1440.331347,aircraft_fuel,KLAX,3939,46,concrete,ILS,1,1,advanced,1,major,1,1,1,1,1,1,1,open,none,safe,civil,0,124.499608,1604,preferred,1.0,1
S00911,EDDF,49.143274,8.950482,E190,regional_jet,1910,technical,923,normal,1.0,800.0,800.0,1187.766976,aircraft_fuel,LFPG,4215,45,asphalt,ILS,1,1,advanced,1,major,1,1,1,1,1,1,1,open,none,safe,civil,1,466.004762,2305,preferred,1.0,1
S00911,EDDF,49.143274,8.950482,E190,regional_jet,1910,technical,923,normal,1.0,800.0,800.0,1187.766976,aircraft_fuel,EDDF,4000,60,asphalt,ILS,1,1,advanced,1,major,1,1,1,0,1,1,1,open,none,safe,civil,1,102.219327,2090,preferred,2.0,0
S00911,EDDF,49.143274,8.950482,E190,regional_jet,1910,technical,923,normal,1.0,800.0,800.0,1187.766976,aircraft_fuel,EGLL,3901,50,asphalt,ILS,1,1,advanced,1,major,1,1,1,1,1,1,1,open,none,safe,civil,1,716.017392,1991,preferred,3.0,0
S00911,EDDF,49.143274,8.950482,E190,regional_jet,1910,technical,923,normal,1.0,800.0,800.0,1187.766976,aircraft_fuel,EHAM,3800,60,asphalt,ILS,1,1,advanced,1,major,1,1,1,1,1,1,1,open,none,safe,civil,1,458.891564,1890,preferred,4.0,0
S00911,EDDF,49.143274,8.950482,E190,regional_jet,1910,technical,923,normal,1.0,800.0,800.0,1187.766976,aircraft_fuel,LIRF,3902,60,asphalt,ILS,1,1,basic,1,major,1,1,1,1,1,1,1,open,none,safe,civil,1,855.450762,1992,extended,5.0,0
S00911,EDDF,49.143274,8.950482,E190,regional_jet,1910,technical,923,normal,1.0,800.0,800.0,1187.766976,aircraft_fuel,EGKK,3317,45,asphalt,ILS,1,1,advanced,1,major,1,1,1,1,1,1,1,open,none,safe,civil,1,687.605124,1407,preferred,6.0,0
S00911,EDDF,49.143274,8.950482,E190,regional_jet,1910,technical,923,normal,1.0,800.0,800.0,1187.766976,aircraft_fuel,EIDW,3110,45,concrete,ILS,1,1,advanced,1,major,1,1,1,1,1,1,1,open,none,safe,civil,0,1157.319447,1200,extended,7.0,0
S00911,EDDF,49.143274,8.950482,E190,regional_jet,1910,technical,923,normal,1.0,800.0,800.0,1187.766976,aircraft_fuel,EGCC,3048,46,asphalt,ILS,1,1,advanced,1,major,1,1,1,1,1,1,1,open,none,safe,civil,1,909.339913,1138,extended,8.0,0
S00912,KORD,41.582588,-88.050489,B767-300ER,wide_body,3053,mechanical,809,critical,0.75,937.5,809.0,1254.439677,emergency,KJFK,4423,61,asphalt,ILS,1,1,advanced,1,major,1,1,1,1,1,1,1,open,none,safe,civil,1,1198.826545,1370,extended,1.0,1
S00912,KORD,41.582588,-88.050489,B767-300ER,wide_body,3053,mechanical,809,critical,0.75,937.5,809.0,1254.439677,emergency,KORD,3962,46,concrete,ILS,1,1,advanced,1,major,1,1,1,1,1,1,1,open,none,safe,civil,0,45.661477,909,preferred,2.0,0
S00912,KORD,41.582588,-88.050489,B767-300ER,wide_body,3053,mechanical,809,critical,0.75,937.5,809.0,1254.439677,emergency,KATL,3776,46,concrete,ILS,1,1,advanced,1,major,1,1,1,1,1,1,1,open,none,safe,civil,0,939.146508,723,extended,3.0,0
S00912,KORD,41.582588,-88.050489,B767-300ER,wide_body,3053,mechanical,809,critical,0.75,937.5,809.0,1254.439677,emergency,CYYZ,3389,61,asphalt,ILS,1,1,advanced,1,major,1,1,1,1,1,1,1,open,none,safe,civil,1,726.804418,336,preferred,4.0,0
S00913,OMDB,24.813256,55.263548,A320,narrow_body,2228,technical,831,critical,0.75,712.5,712.5,1096.699807,aircraft_fuel,OTHH,4850,60,asphalt,ILS,1,1,advanced,1,major,1,1,1,1,1,1,1,open,none,safe,civil,0,371.778894,2622,preferred,1.0,1
S00913,OMDB,24.813256,55.263548,A320,narrow_body,2228,technical,831,critical,0.75,712.5,712.5,1096.699807,aircraft_fuel,OMDB,4447,60,asphalt,ILS,1,1,advanced,1,major,1,1,1,1,1,1,1,open,none,safe,civil,1,49.732773,2219,preferred,2.0,0
S00913,OMDB,24.813256,55.263548,A320,narrow_body,2228,technical,831,critical,0.75,712.5,712.5,1096.699807,aircraft_fuel,OKKK,4580,60,asphalt,ILS,1,1,advanced,1,major,1,1,1,1,1,1,1,open,none,safe,civil,0,872.93192,2352,extended,3.0,0
S00913,OMDB,24.813256,55.263548,A320,narrow_body,2228,technical,831,critical,0.75,712.5,712.5,1096.699807,aircraft_fuel,OMAA,4106,60,asphalt,ILS,1,1,advanced,1,major,1,1,1,1,1,1,1,open,none,safe,civil,0,74.628663,1878,preferred,4.0,0
S00913,OMDB,24.813256,55.263548,A320,narrow_body,2228,technical,831,critical,0.75,712.5,712.5,1096.699807,aircraft_fuel,OOMS,4080,45,asphalt,ILS,1,1,advanced,1,major,1,1,1,1,1,1,1,open,none,safe,civil,0,334.81286,1852,preferred,5.0,0
S00913,OMDB,24.813256,55.263548,A320,narrow_body,2228,technical,831,critical,0.75,712.5,712.5,1096.699807,aircraft_fuel,OBBI,3956,60,asphalt,ILS,1,1,advanced,1,major,1,1,1,1,1,1,1,open,none,safe,civil,0,491.427873,1728,preferred,6.0,0
S00913,OMDB,24.813256,55.263548,A320,narrow_body,2228,technical,831,critical,0.75,712.5,712.5,1096.699807,aircraft_fuel,OERK,4205,60,asphalt,ILS,1,1,advanced,1,major,1,1,1,1,1,1,1,open,none,safe,civil,0,863.937379,1977,extended,7.0,0
S00914,UAAA,43.228708,75.581811,A320,narrow_body,2376,technical,1081,normal,1.0,950.0,950.0,1543.834255,aircraft_fuel,UAAA,4500,45,asphalt,RNAV,0,1,basic,1,basic,1,1,1,1,1,1,1,open,none,safe,civil,0,119.068601,2124,preferred,1.0,1
S00914,UAAA,43.228708,75.581811,A320,narrow_body,2376,technical,1081,normal,1.0,950.0,950.0,1543.834255,aircraft_fuel,UACC,3500,45,asphalt,RNAV,0,1,basic,1,basic,1,1,1,1,1,1,1,open,none,safe,civil,0,920.940093,1124,preferred,2.0,0
S00914,UAAA,43.228708,75.581811,A320,narrow_body,2376,technical,1081,normal,1.0,950.0,950.0,1543.834255,aircraft_fuel,OPLA,3360,46,concrete,RNAV,0,0,none,1,basic,1,0,1,1,1,1,1,open,none,caution,civil,0,1305.887644,984,extended,3.0,0
S00915,LEMD,40.39642,-3.365624,A220-300,narrow_body,2092,medical,720,normal,1.0,950.0,720.0,1187.665971,emergency,LEMD,4350,60,asphalt,ILS,1,1,advanced,1,major,1,1,1,1,1,1,1,open,none,safe,civil,1,20.543493,2258,preferred,1.0,1
S00915,LEMD,40.39642,-3.365624,A220-300,narrow_body,2092,medical,720,normal,1.0,950.0,720.0,1187.665971,emergency,LFPG,4215,45,asphalt,ILS,1,1,advanced,1,major,1,1,1,1,1,1,1,open,none,safe,civil,1,1065.036618,2123,extended,2.0,0
S00915,LEMD,40.39642,-3.365624,A220-300,narrow_body,2092,medical,720,normal,1.0,950.0,720.0,1187.665971,emergency,LPPT,3707,45,asphalt,ILS,1,1,advanced,1,major,1,1,1,1,1,1,1,open,none,safe,civil,0,525.940206,1615,preferred,3.0,0
S00915,LEMD,40.39642,-3.365624,A220-300,narrow_body,2092,medical,720,normal,1.0,950.0,720.0,1187.665971,emergency,DAAG,3500,60,asphalt,RNAV,0,1,basic,1,basic,1,1,1,1,1,1,0,open,none,safe,civil,0,704.634196,1408,preferred,4.0,0
S00915,LEMD,40.39642,-3.365624,A220-300,narrow_body,2092,medical,720,normal,1.0,950.0,720.0,1187.665971,emergency,GMMN,3720,45,asphalt,ILS,1,1,advanced,1,major,1,1,1,1,1,1,1,open,none,safe,civil,0,866.910981,1628,extended,5.0,0
S00917,RJTT,36.165586,140.012539,A330-300,wide_body,3005,medical,831,normal,1.0,1300.0,831.0,1426.404509,emergency,RJAA,4000,60,asphalt,ILS,1,1,advanced,1,major,1,1,1,0,1,1,1,open,none,safe,civil,1,55.631695,995,preferred,1.0,1
S00917,RJTT,36.165586,140.012539,A330-300,wide_body,3005,medical,831,normal,1.0,1300.0,831.0,1426.404509,emergency,RKSI,4000,60,asphalt,ILS,1,1,advanced,1,major,1,1,1,1,1,1,1,open,none,safe,civil,1,1214.801953,995,extended,2.0,0
S00917,RJTT,36.165586,140.012539,A330-300,wide_body,3005,medical,831,normal,1.0,1300.0,831.0,1426.404509,emergency,RJTT,3360,61,asphalt,ILS,1,1,advanced,1,major,1,1,1,1,1,1,1,open,none,safe,civil,1,71.439414,355,preferred,3.0,0
S00918,WMKK,2.5912,102.048414,CRJ900,regional_jet,1806,mechanical,1112,critical,0.75,525.0,525.0,758.238987,aircraft_fuel,WMKK,4124,60,asphalt,ILS,1,1,advanced,1,major,1,1,1,1,1,1,1,open,none,safe,civil,0,41.323483,2318,preferred,1.0,1
S00918,WMKK,2.5912,102.048414,CRJ900,regional_jet,1806,mechanical,1112,critical,0.75,525.0,525.0,758.238987,aircraft_fuel,WSSS,4000,60,asphalt,ILS,1,1,advanced,1,major,1,1,1,1,1,1,1,open,none,safe,civil,1,256.491707,2194,preferred,2.0,0
S00918,WMKK,2.5912,102.048414,CRJ900,regional_jet,1806,mechanical,1112,critical,0.75,525.0,525.0,758.238987,aircraft_fuel,WIMM,3000,60,asphalt,RNAV,1,1,basic,1,basic,1,0,1,1,0,1,1,open,none,safe,civil,0,370.116405,1194,preferred,3.0,0
S00919,DAAG,37.199858,2.914781,E190,regional_jet,1955,weather,993,normal,1.0,800.0,800.0,1122.010756,aircraft_fuel,LEMD,4350,60,asphalt,ILS,1,1,advanced,1,major,1,1,1,1,1,1,1,open,none,safe,civil,1,670.326893,2395,preferred,1.0,1
S00919,DAAG,37.199858,2.914781,E190,regional_jet,1955,weather,993,normal,1.0,800.0,800.0,1122.010756,aircraft_fuel,LIRF,3902,60,asphalt,ILS,1,1,basic,1,major,1,1,1,1,1,1,1,open,none,safe,civil,1,949.9053,1947,extended,2.0,0
S00919,DAAG,37.199858,2.914781,E190,regional_jet,1955,weather,993,normal,1.0,800.0,800.0,1122.010756,aircraft_fuel,DAAG,3500,60,asphalt,RNAV,0,1,basic,1,basic,1,1,1,1,1,1,0,open,none,safe,civil,0,62.248776,1545,preferred,3.0,0
S00919,DAAG,37.199858,2.914781,E190,regional_jet,1955,weather,993,normal,1.0,800.0,800.0,1122.010756,aircraft_fuel,GMMN,3720,45,asphalt,ILS,1,1,advanced,1,major,1,1,1,1,1,1,1,open,none,safe,civil,0,1043.580701,1765,extended,4.0,0
S00919,DAAG,37.199858,2.914781,E190,regional_jet,1955,weather,993,normal,1.0,800.0,800.0,1122.010756,aircraft_fuel,LPPT,3707,45,asphalt,ILS,1,1,advanced,1,major,1,1,1,1,1,1,1,open,none,safe,civil,0,1069.769363,1752,extended,5.0,0
S00919,DAAG,37.199858,2.914781,E190,regional_jet,1955,weather,993,normal,1.0,800.0,800.0,1122.010756,aircraft_fuel,DTTA,3200,45,asphalt,RNAV,0,1,basic,1,basic,1,0,1,1,1,1,1,open,none,safe,civil,0,650.152025,1245,preferred,6.0,0
S00920,DTTA,36.724928,9.977441,A350-900,wide_body,3055,medical,595,normal,1.0,1500.0,595.0,1045.144087,emergency,LIRF,3902,60,asphalt,ILS,1,1,basic,1,major,1,1,1,1,1,1,1,open,none,safe,civil,1,597.742128,847,extended,1.0,1
S00920,DTTA,36.724928,9.977441,A350-900,wide_body,3055,medical,595,normal,1.0,1500.0,595.0,1045.144087,emergency,DTTA,3200,45,asphalt,RNAV,0,1,basic,1,basic,1,0,1,1,1,1,1,open,none,safe,civil,0,26.290747,145,preferred,2.0,0
S00920,DTTA,36.724928,9.977441,A350-900,wide_body,3055,medical,595,normal,1.0,1500.0,595.0,1045.144087,emergency,DAAG,3500,60,asphalt,RNAV,0,1,basic,1,basic,1,1,1,1,1,1,0,open,none,safe,civil,0,602.747229,445,extended,3.0,0
S00921,RPLL,14.87596,121.587214,A321,narrow_body,2435,technical,813,low,0.9,900.0,813.0,1331.975597,emergency,RPLL,3737,60,concrete,ILS,1,1,basic,1,basic,1,1,1,1,1,1,1,open,none,caution,civil,0,73.421569,1302,preferred,1.0,1
S00921,RPLL,14.87596,121.587214,A321,narrow_body,2435,technical,813,low,0.9,900.0,813.0,1331.975597,emergency,RCTP,3660,60,concrete,ILS,1,1,advanced,1,major,1,1,1,1,1,1,1,open,none,safe,civil,0,1134.983298,1225,extended,2.0,0
S00922,HELX,25.140899,33.266339,A320,narrow_body,2312,operational_constraints,1184,critical,0.75,712.5,712.5,1281.035758,aircraft_fuel,HECA,4000,60,asphalt,ILS,1,1,basic,1,major,1,1,1,1,1,1,1,open,none,safe,civil,0,582.55935,1688,preferred,1.0,1
S00922,HELX,25.140899,33.266339,A320,narrow_body,2312,operational_constraints,1184,critical,0.75,712.5,712.5,1281.035758,aircraft_fuel,OJAI,3660,61,asphalt,ILS,1,1,advanced,1,major,1,1,1,1,1,1,1,open,none,safe,civil,0,778.816035,1348,extended,2.0,0
S00922,HELX,25.140899,33.266339,A320,narrow_body,2312,operational_constraints,1184,critical,0.75,712.5,712.5,1281.035758,aircraft_fuel,HELX,3000,45,asphalt,RNAV,0,0,none,1,basic,1,0,1,0,0,1,1,open,none,safe,joint,0,81.456802,688,preferred,3.0,0
S00922,HELX,25.140899,33.266339,A320,narrow_body,2312,operational_constraints,1184,critical,0.75,712.5,712.5,1281.035758,aircraft_fuel,LCLK,2987,45,asphalt,ILS,1,0,none,1,basic,1,0,1,1,1,1,1,open,none,safe,civil,0,1082.941511,675,extended,4.0,0
S00923,FMMI,-19.768582,48.869959,E190,regional_jet,1845,operational_constraints,661,normal,1.0,800.0,661.0,954.186894,emergency,FMMI,3100,45,asphalt,VOR,0,0,none,0,none,0,0,1,1,1,1,0,open,none,caution,civil,0,181.638465,1255,preferred,1.0,1
S00924,VTBS,12.966248,101.336584,A220-300,narrow_body,2170,medical,926,low,0.9,855.0,855.0,1421.663589,aircraft_fuel,VTBS,4000,60,asphalt,ILS,1,1,advanced,1,major,1,1,1,1,1,1,1,open,none,safe,civil,0,101.921202,1830,preferred,1.0,1
S00924,VTBS,12.966248,101.336584,A220-300,narrow_body,2170,medical,926,low,0.9,855.0,855.0,1421.663589,aircraft_fuel,WMKK,4124,60,asphalt,ILS,1,1,advanced,1,major,1,1,1,1,1,1,1,open,none,safe,civil,0,1137.228434,1954,extended,2.0,0
S00924,VTBS,12.966248,101.336584,A220-300,narrow_body,2170,medical,926,low,0.9,855.0,855.0,1421.663589,aircraft_fuel,WSSS,4000,60,asphalt,ILS,1,1,advanced,1,major,1,1,1,1,1,1,1,open,none,safe,civil,1,1324.387336,1830,extended,3.0,0
S00924,VTBS,12.966248,101.336584,A220-300,narrow_body,2170,medical,926,low,0.9,855.0,855.0,1421.663589,aircraft_fuel,WIMM,3000,60,asphalt,RNAV,1,1,basic,1,basic,1,0,1,1,0,1,1,open,none,safe,civil,0,1071.282855,830,extended,4.0,0
S00925,OPLA,31.769394,74.95478,A320,narrow_body,2365,operational_constraints,899,critical,0.75,712.5,712.5,1216.930528,aircraft_fuel,VIDP,4430,60,asphalt,ILS,1,1,advanced,1,major,1,1,1,1,1,1,1,open,none,safe,civil,1,412.338539,2065,preferred,1.0,1
S00925,OPLA,31.769394,74.95478,A320,narrow_body,2365,operational_constraints,899,critical,0.75,712.5,712.5,1216.930528,aircraft_fuel,OPLA,3360,46,concrete,RNAV,0,0,none,1,basic,1,0,1,1,1,1,1,open,none,caution,civil,0,59.003575,995,preferred,2.0,0
S00925,OPLA,31.769394,74.95478,A320,narrow_body,2365,operational_constraints,899,critical,0.75,712.5,712.5,1216.930528,aircraft_fuel,OPKC,3400,46,concrete,RNAV,0,1,basic,1,basic,1,1,1,1,1,1,1,open,none,caution,civil,0,1078.285589,1035,extended,3.0,0
S00925,OPLA,31.769394,74.95478,A320,narrow_body,2365,operational_constraints,899,critical,0.75,712.5,712.5,1216.930528,aircraft_fuel,VNKT,3350,45,asphalt,VOR,0,0,none,0,none,0,0,1,1,1,1,1,open,none,caution,civil,0,1101.264314,985,extended,4.0,0
S00926,LPPT,38.683349,-10.195491,B787-9,wide_body,2858,mechanical,518,normal,1.0,1400.0,518.0,954.857088,emergency,LEMD,4350,60,asphalt,ILS,1,1,advanced,1,major,1,1,1,1,1,1,1,open,none,safe,civil,1,601.997828,1492,extended,1.0,1
S00926,LPPT,38.683349,-10.195491,B787-9,wide_body,2858,mechanical,518,normal,1.0,1400.0,518.0,954.857088,emergency,LPPT,3707,45,asphalt,ILS,1,1,advanced,1,major,1,1,1,1,1,1,1,open,none,safe,civil,0,92.550466,849,preferred,2.0,0
S00926,LPPT,38.683349,-10.195491,B787-9,wide_body,2858,mechanical,518,normal,1.0,1400.0,518.0,954.857088,emergency,GMMN,3720,45,asphalt,ILS,1,1,advanced,1,major,1,1,1,1,1,1,1,open,none,safe,civil,0,635.760484,862,extended,3.0,0
S00927,RJTT,36.057381,139.057232,E190,regional_jet,1894,weather,503,normal,1.0,800.0,503.0,789.741087,emergency,RJAA,4000,60,asphalt,ILS,1,1,advanced,1,major,1,1,1,0,1,1,1,open,none,safe,civil,1,124.134724,2106,preferred,1.0,1
S00927,RJTT,36.057381,139.057232,E190,regional_jet,1894,weather,503,normal,1.0,800.0,503.0,789.741087,emergency,RJTT,3360,61,asphalt,ILS,1,1,advanced,1,major,1,1,1,1,1,1,1,open,none,safe,civil,1,86.704617,1466,preferred,2.0,0
S00927,RJTT,36.057381,139.057232,E190,regional_jet,1894,weather,503,normal,1.0,800.0,503.0,789.741087,emergency,RJCC,3000,61,asphalt,RNAV,0,1,basic,1,basic,1,1,1,1,1,1,1,open,none,safe,joint,0,780.321657,1106,extended,3.0,0
S00928,ENGM,59.610125,11.387433,B737 MAX 8,narrow_body,2482,technical,626,low,0.9,900.0,626.0,979.646271,emergency,ENGM,3600,45,asphalt,ILS,1,1,advanced,1,major,1,1,1,1,1,1,1,open,none,safe,civil,0,66.85689,1118,preferred,1.0,1
S00928,ENGM,59.610125,11.387433,B737 MAX 8,narrow_body,2482,technical,626,low,0.9,900.0,626.0,979.646271,emergency,EHAM,3800,60,asphalt,ILS,1,1,advanced,1,major,1,1,1,1,1,1,1,open,none,safe,civil,1,909.544605,1318,extended,2.0,0
S00928,ENGM,59.610125,11.387433,B737 MAX 8,narrow_body,2482,technical,626,low,0.9,900.0,626.0,979.646271,emergency,ESSA,3301,45,asphalt,ILS,1,1,advanced,1,major,1,1,1,1,1,1,1,open,none,safe,civil,0,367.62883,819,preferred,3.0,0
S00928,ENGM,59.610125,11.387433,B737 MAX 8,narrow_body,2482,technical,626,low,0.9,900.0,626.0,979.646271,emergency,EFHK,3440,60,asphalt,ILS,1,1,advanced,1,major,1,1,1,1,1,1,1,open,none,safe,civil,0,758.328234,958,extended,4.0,0
S00929,ZSPD,30.891522,120.215162,B767-300ER,wide_body,3048,operational_constraints,1182,normal,1.0,1250.0,1182.0,1805.01557,emergency,ZSPD,4000,60,concrete,ILS,1,1,advanced,1,major,1,1,1,1,1,1,1,open,none,safe,civil,1,154.069448,952,preferred,1.0,1
S00929,ZSPD,30.891522,120.215162,B767-300ER,wide_body,3048,operational_constraints,1182,normal,1.0,1250.0,1182.0,1805.01557,emergency,RKSI,4000,60,asphalt,ILS,1,1,advanced,1,major,1,1,1,1,1,1,1,open,none,safe,civil,1,928.987766,952,preferred,2.0,0
S00929,ZSPD,30.891522,120.215162,B767-300ER,wide_body,3048,operational_constraints,1182,normal,1.0,1250.0,1182.0,1805.01557,emergency,ZBAA,3810,60,asphalt,ILS,1,1,advanced,1,major,1,1,1,1,1,1,1,open,none,safe,civil,1,1072.398782,762,preferred,3.0,0
S00929,ZSPD,30.891522,120.215162,B767-300ER,wide_body,3048,operational_constraints,1182,normal,1.0,1250.0,1182.0,1805.01557,emergency,RCTP,3660,60,concrete,ILS,1,1,advanced,1,major,1,1,1,1,1,1,1,open,none,safe,civil,0,654.135586,612,preferred,4.0,0
S00930,LGAV,37.376358,23.385016,B767-300ER,wide_body,2958,operational_constraints,1118,normal,1.0,1250.0,1118.0,2019.856058,emergency,LTFM,4100,60,asphalt,ILS,1,1,advanced,1,major,1,1,1,1,1,1,0,open,none,safe,civil,0,631.784229,1142,preferred,1.0,1
S00930,LGAV,37.376358,23.385016,B767-300ER,wide_body,2958,operational_constraints,1118,normal,1.0,1250.0,1118.0,2019.856058,emergency,LGAV,4000,45,asphalt,ILS,1,1,advanced,1,major,1,1,1,1,1,1,1,open,none,safe,civil,0,79.396342,1042,preferred,2.0,0
S00930,LGAV,37.376358,23.385016,B767-300ER,wide_body,2958,operational_constraints,1118,normal,1.0,1250.0,1118.0,2019.856058,emergency,HECA,4000,60,asphalt,ILS,1,1,basic,1,major,1,1,1,1,1,1,1,open,none,safe,civil,0,1095.128994,1042,preferred,3.0,0
S00930,LGAV,37.376358,23.385016,B767-300ER,wide_body,2958,operational_constraints,1118,normal,1.0,1250.0,1118.0,2019.856058,emergency,LIRF,3902,60,asphalt,ILS,1,1,basic,1,major,1,1,1,1,1,1,1,open,none,safe,civil,1,1072.367678,944,preferred,4.0,0
S00930,LGAV,37.376358,23.385016,B767-300ER,wide_body,2958,operational_constraints,1118,normal,1.0,1250.0,1118.0,2019.856058,emergency,EDDF,4000,60,asphalt,ILS,1,1,advanced,1,major,1,1,1,0,1,1,1,open,none,safe,civil,1,1836.801667,1042,extended,5.0,0
S00930,LGAV,37.376358,23.385016,B767-300ER,wide_body,2958,operational_constraints,1118,normal,1.0,1250.0,1118.0,2019.856058,emergency,LTAC,3750,45,asphalt,ILS,1,1,advanced,1,major,1,1,1,1,1,1,1,open,none,safe,joint,0,887.169554,792,preferred,6.0,0
S00930,LGAV,37.376358,23.385016,B767-300ER,wide_body,2958,operational_constraints,1118,normal,1.0,1250.0,1118.0,2019.856058,emergency,OJAI,3660,61,asphalt,ILS,1,1,advanced,1,major,1,1,1,1,1,1,1,open,none,safe,civil,0,1313.096554,702,extended,7.0,0
S00930,LGAV,37.376358,23.385016,B767-300ER,wide_body,2958,operational_constraints,1118,normal,1.0,1250.0,1118.0,2019.856058,emergency,DAAG,3500,60,asphalt,RNAV,0,1,basic,1,basic,1,1,1,1,1,1,0,open,none,safe,civil,0,1788.599561,542,extended,8.0,0
S00930,LGAV,37.376358,23.385016,B767-300ER,wide_body,2958,operational_constraints,1118,normal,1.0,1250.0,1118.0,2019.856058,emergency,LCLK,2987,45,asphalt,ILS,1,0,none,1,basic,1,0,1,1,1,1,1,open,none,safe,civil,0,960.239634,29,preferred,9.0,0
S00930,LGAV,37.376358,23.385016,B767-300ER,wide_body,2958,operational_constraints,1118,normal,1.0,1250.0,1118.0,2019.856058,emergency,DTTA,3200,45,asphalt,RNAV,0,1,basic,1,basic,1,0,1,1,1,1,1,open,none,safe,civil,0,1167.235493,242,extended,10.0,0
S00930,LGAV,37.376358,23.385016,B767-300ER,wide_body,2958,operational_constraints,1118,normal,1.0,1250.0,1118.0,2019.856058,emergency,HELX,3000,45,asphalt,RNAV,0,0,none,1,basic,1,0,1,0,0,1,1,open,none,safe,joint,0,1571.143892,42,extended,11.0,0
S00931,OJAI,31.184929,36.295574,A320,narrow_body,2341,security,836,low,0.9,855.0,836.0,1354.149689,emergency,OKKK,4580,60,asphalt,ILS,1,1,advanced,1,major,1,1,1,1,1,1,1,open,none,safe,civil,0,1142.266035,2239,extended,1.0,1
S00931,OJAI,31.184929,36.295574,A320,narrow_body,2341,security,836,low,0.9,855.0,836.0,1354.149689,emergency,HECA,4000,60,asphalt,ILS,1,1,basic,1,major,1,1,1,1,1,1,1,open,none,safe,civil,0,483.549737,1659,preferred,2.0,0
S00931,OJAI,31.184929,36.295574,A320,narrow_body,2341,security,836,low,0.9,855.0,836.0,1354.149689,emergency,OERK,4205,60,asphalt,ILS,1,1,advanced,1,major,1,1,1,1,1,1,1,open,none,safe,civil,0,1232.389511,1864,extended,3.0,0
S00931,OJAI,31.184929,36.295574,A320,narrow_body,2341,security,836,low,0.9,855.0,836.0,1354.149689,emergency,LTFM,4100,60,asphalt,ILS,1,1,advanced,1,major,1,1,1,1,1,1,0,open,none,safe,civil,0,1309.833947,1759,extended,4.0,0
S00931,OJAI,31.184929,36.295574,A320,narrow_body,2341,security,836,low,0.9,855.0,836.0,1354.149689,emergency,OJAI,3660,61,asphalt,ILS,1,1,advanced,1,major,1,1,1,1,1,1,1,open,none,safe,civil,0,66.310402,1319,preferred,5.0,0
S00931,OJAI,31.184929,36.295574,A320,narrow_body,2341,security,836,low,0.9,855.0,836.0,1354.149689,emergency,LTAC,3750,45,asphalt,ILS,1,1,advanced,1,major,1,1,1,1,1,1,1,open,none,safe,joint,0,1037.956184,1409,extended,6.0,0
S00931,OJAI,31.184929,36.295574,A320,narrow_body,2341,security,836,low,0.9,855.0,836.0,1354.149689,emergency,LCLK,2987,45,asphalt,ILS,1,0,none,1,basic,1,0,1,1,1,1,1,open,none,safe,civil,0,479.899961,646,preferred,7.0,0
S00931,OJAI,31.184929,36.295574,A320,narrow_body,2341,security,836,low,0.9,855.0,836.0,1354.149689,emergency,HELX,3000,45,asphalt,RNAV,0,0,none,1,basic,1,0,1,0,0,1,1,open,none,safe,joint,0,706.327062,659,preferred,8.0,0
S00932,RKSI,37.653848,127.379766,A330-300,wide_body,2886,weather,873,normal,1.0,1300.0,873.0,1437.423452,emergency,RKSI,4000,60,asphalt,ILS,1,1,advanced,1,major,1,1,1,1,1,1,1,open,none,safe,civil,1,84.403379,1114,preferred,1.0,1
S00932,RKSI,37.653848,127.379766,A330-300,wide_body,2886,weather,873,normal,1.0,1300.0,873.0,1437.423452,emergency,ZSPD,4000,60,concrete,ILS,1,1,advanced,1,major,1,1,1,1,1,1,1,open,none,safe,civil,1,885.971456,1114,extended,2.0,0
S00932,RKSI,37.653848,127.379766,A330-300,wide_body,2886,weather,873,normal,1.0,1300.0,873.0,1437.423452,emergency,RJAA,4000,60,asphalt,ILS,1,1,advanced,1,major,1,1,1,0,1,1,1,open,none,safe,civil,1,1177.40235,1114,extended,3.0,0
S00932,RKSI,37.653848,127.379766,A330-300,wide_body,2886,weather,873,normal,1.0,1300.0,873.0,1437.423452,emergency,ZBAA,3810,60,asphalt,ILS,1,1,advanced,1,major,1,1,1,1,1,1,1,open,none,safe,civil,1,970.978146,924,extended,4.0,0
S00932,RKSI,37.653848,127.379766,A330-300,wide_body,2886,weather,873,normal,1.0,1300.0,873.0,1437.423452,emergency,RJTT,3360,61,asphalt,ILS,1,1,advanced,1,major,1,1,1,1,1,1,1,open,none,safe,civil,1,1131.082351,474,extended,5.0,0
S00932,RKSI,37.653848,127.379766,A330-300,wide_body,2886,weather,873,normal,1.0,1300.0,873.0,1437.423452,emergency,RJCC,3000,61,asphalt,RNAV,0,1,basic,1,basic,1,1,1,1,1,1,1,open,none,safe,joint,0,1339.59942,114,extended,6.0,0
S00933,LEMD,40.302499,-4.325723,A320,narrow_body,2306,security,1003,normal,1.0,950.0,950.0,1629.95104,aircraft_fuel,LEMD,4350,60,asphalt,ILS,1,1,advanced,1,major,1,1,1,1,1,1,1,open,none,safe,civil,1,67.243846,2044,preferred,1.0,1
S00933,LEMD,40.302499,-4.325723,A320,narrow_body,2306,security,1003,normal,1.0,950.0,950.0,1629.95104,aircraft_fuel,LFPG,4215,45,asphalt,ILS,1,1,advanced,1,major,1,1,1,1,1,1,1,open,none,safe,civil,1,1109.485886,1909,extended,2.0,0
S00933,LEMD,40.302499,-4.325723,A320,narrow_body,2306,security,1003,normal,1.0,950.0,950.0,1629.95104,aircraft_fuel,GMMN,3720,45,asphalt,ILS,1,1,advanced,1,major,1,1,1,1,1,1,1,open,none,safe,civil,0,823.869579,1414,preferred,3.0,0
S00933,LEMD,40.302499,-4.325723,A320,narrow_body,2306,security,1003,normal,1.0,950.0,950.0,1629.95104,aircraft_fuel,LPPT,3707,45,asphalt,ILS,1,1,advanced,1,major,1,1,1,1,1,1,1,open,none,safe,civil,0,445.726122,1401,preferred,4.0,0
S00933,LEMD,40.302499,-4.325723,A320,narrow_body,2306,security,1003,normal,1.0,950.0,950.0,1629.95104,aircraft_fuel,EDDF,4000,60,asphalt,ILS,1,1,advanced,1,major,1,1,1,0,1,1,1,open,none,safe,civil,1,1475.617552,1694,extended,5.0,0
S00933,LEMD,40.302499,-4.325723,A320,narrow_body,2306,security,1003,normal,1.0,950.0,950.0,1629.95104,aircraft_fuel,LIRF,3902,60,asphalt,ILS,1,1,basic,1,major,1,1,1,1,1,1,1,open,none,safe,civil,1,1397.852779,1596,extended,6.0,0
S00933,LEMD,40.302499,-4.325723,A320,narrow_body,2306,security,1003,normal,1.0,950.0,950.0,1629.95104,aircraft_fuel,EGLL,3901,50,asphalt,ILS,1,1,advanced,1,major,1,1,1,1,1,1,1,open,none,safe,civil,1,1276.918036,1595,extended,7.0,0
S00933,LEMD,40.302499,-4.325723,A320,narrow_body,2306,security,1003,normal,1.0,950.0,950.0,1629.95104,aircraft_fuel,DAAG,3500,60,asphalt,RNAV,0,1,basic,1,basic,1,1,1,1,1,1,0,open,none,safe,civil,0,768.722406,1194,preferred,8.0,0
S00933,LEMD,40.302499,-4.325723,A320,narrow_body,2306,security,1003,normal,1.0,950.0,950.0,1629.95104,aircraft_fuel,EHAM,3800,60,asphalt,ILS,1,1,advanced,1,major,1,1,1,1,1,1,1,open,none,safe,civil,1,1503.854178,1494,extended,9.0,0
S00933,LEMD,40.302499,-4.325723,A320,narrow_body,2306,security,1003,normal,1.0,950.0,950.0,1629.95104,aircraft_fuel,EGKK,3317,45,asphalt,ILS,1,1,advanced,1,major,1,1,1,1,1,1,1,open,none,safe,civil,1,1247.604863,1011,extended,10.0,0
S00933,LEMD,40.302499,-4.325723,A320,narrow_body,2306,security,1003,normal,1.0,950.0,950.0,1629.95104,aircraft_fuel,DTTA,3200,45,asphalt,RNAV,0,1,basic,1,basic,1,0,1,1,1,1,1,open,none,safe,civil,0,1320.205939,894,extended,11.0,0
S00933,LEMD,40.302499,-4.325723,A320,narrow_body,2306,security,1003,normal,1.0,950.0,950.0,1629.95104,aircraft_fuel,EIDW,3110,45,concrete,ILS,1,1,advanced,1,major,1,1,1,1,1,1,1,open,none,safe,civil,0,1466.830224,804,extended,12.0,0
S00933,LEMD,40.302499,-4.325723,A320,narrow_body,2306,security,1003,normal,1.0,950.0,950.0,1629.95104,aircraft_fuel,EGCC,3048,46,asphalt,ILS,1,1,advanced,1,major,1,1,1,1,1,1,1,open,none,safe,civil,1,1459.434801,742,extended,13.0,0
S00934,CYYZ,43.228621,-80.312955,A319,narrow_body,2199,technical,1034,low,0.9,810.0,810.0,1307.875836,aircraft_fuel,KJFK,4423,61,asphalt,ILS,1,1,advanced,1,major,1,1,1,1,1,1,1,open,none,safe,civil,1,612.105522,2224,preferred,1.0,1
S00934,CYYZ,43.228621,-80.312955,A319,narrow_body,2199,technical,1034,low,0.9,810.0,810.0,1307.875836,aircraft_fuel,KORD,3962,46,concrete,ILS,1,1,advanced,1,major,1,1,1,1,1,1,1,open,none,safe,civil,0,636.469225,1763,preferred,2.0,0
S00934,CYYZ,43.228621,-80.312955,A319,narrow_body,2199,technical,1034,low,0.9,810.0,810.0,1307.875836,aircraft_fuel,CYYZ,3389,61,asphalt,ILS,1,1,advanced,1,major,1,1,1,1,1,1,1,open,none,safe,civil,1,74.285198,1190,preferred,3.0,0
S00934,CYYZ,43.228621,-80.312955,A319,narrow_body,2199,technical,1034,low,0.9,810.0,810.0,1307.875836,aircraft_fuel,KATL,3776,46,concrete,ILS,1,1,advanced,1,major,1,1,1,1,1,1,1,open,none,safe,civil,0,1124.79754,1577,extended,4.0,0
S00935,YSSY,-34.187162,151.008923,E190,regional_jet,1877,fuel,470,critical,0.75,600.0,470.0,671.946156,emergency,YSSY,3962,45,asphalt,ILS,1,1,advanced,1,major,1,1,1,0,1,1,1,open,none,safe,civil,1,30.954958,2085,preferred,1.0,1
S00936,EIDW,53.557125,-6.550397,B737 MAX 8,narrow_body,2403,security,959,normal,1.0,1000.0,959.0,1515.112579,emergency,LFPG,4215,45,asphalt,ILS,1,1,advanced,1,major,1,1,1,1,1,1,1,open,none,safe,civil,1,809.332405,1812,preferred,1.0,1
S00936,EIDW,53.557125,-6.550397,B737 MAX 8,narrow_body,2403,security,959,normal,1.0,1000.0,959.0,1515.112579,emergency,LEMD,4350,60,asphalt,ILS,1,1,advanced,1,major,1,1,1,1,1,1,1,open,none,safe,civil,1,1469.716905,1947,extended,2.0,0
S00936,EIDW,53.557125,-6.550397,B737 MAX 8,narrow_body,2403,security,959,normal,1.0,1000.0,959.0,1515.112579,emergency,EGLL,3901,50,asphalt,ILS,1,1,advanced,1,major,1,1,1,1,1,1,1,open,none,safe,civil,1,472.722951,1498,preferred,3.0,0
S00936,EIDW,53.557125,-6.550397,B737 MAX 8,narrow_body,2403,security,959,normal,1.0,1000.0,959.0,1515.112579,emergency,EHAM,3800,60,asphalt,ILS,1,1,advanced,1,major,1,1,1,1,1,1,1,open,none,safe,civil,1,770.053692,1397,preferred,4.0,0
S00936,EIDW,53.557125,-6.550397,B737 MAX 8,narrow_body,2403,security,959,normal,1.0,1000.0,959.0,1515.112579,emergency,EDDF,4000,60,asphalt,ILS,1,1,advanced,1,major,1,1,1,0,1,1,1,open,none,safe,civil,1,1108.161192,1597,extended,5.0,0
S00936,EIDW,53.557125,-6.550397,B737 MAX 8,narrow_body,2403,security,959,normal,1.0,1000.0,959.0,1515.112579,emergency,EGKK,3317,45,asphalt,ILS,1,1,advanced,1,major,1,1,1,1,1,1,1,open,none,safe,civil,1,508.220649,914,preferred,6.0,0
S00936,EIDW,53.557125,-6.550397,B737 MAX 8,narrow_body,2403,security,959,normal,1.0,1000.0,959.0,1515.112579,emergency,ENGM,3600,45,asphalt,ILS,1,1,advanced,1,major,1,1,1,1,1,1,1,open,none,safe,civil,0,1295.457841,1197,extended,7.0,0
S00936,EIDW,53.557125,-6.550397,B737 MAX 8,narrow_body,2403,security,959,normal,1.0,1000.0,959.0,1515.112579,emergency,EIDW,3110,45,concrete,ILS,1,1,advanced,1,major,1,1,1,1,1,1,1,open,none,safe,civil,0,23.823336,707,preferred,8.0,0
S00936,EIDW,53.557125,-6.550397,B737 MAX 8,narrow_body,2403,security,959,normal,1.0,1000.0,959.0,1515.112579,emergency,EGCC,3048,46,asphalt,ILS,1,1,advanced,1,major,1,1,1,1,1,1,1,open,none,safe,civil,1,283.939168,645,preferred,9.0,0
S00936,EIDW,53.557125,-6.550397,B737 MAX 8,narrow_body,2403,security,959,normal,1.0,1000.0,959.0,1515.112579,emergency,BIKF,3065,60,asphalt,RNAV,0,1,basic,1,basic,1,0,1,1,1,1,1,open,none,safe,joint,0,1474.943373,662,extended,10.0,0
S00937,RPLL,14.628512,121.789048,B737-800,narrow_body,2323,fuel,697,low,0.9,855.0,697.0,1095.764962,emergency,RPLL,3737,60,concrete,ILS,1,1,basic,1,basic,1,1,1,1,1,1,1,open,none,caution,civil,0,83.832148,1414,preferred,1.0,1
S00938,KORD,41.641931,-88.362074,B737-800,narrow_body,2243,technical,1120,normal,1.0,950.0,950.0,1708.706201,aircraft_fuel,KJFK,4423,61,asphalt,ILS,1,1,advanced,1,major,1,1,1,1,1,1,1,open,none,safe,civil,1,1224.76781,2180,extended,1.0,1
S00938,KORD,41.641931,-88.362074,B737-800,narrow_body,2243,technical,1120,normal,1.0,950.0,950.0,1708.706201,aircraft_fuel,KORD,3962,46,concrete,ILS,1,1,advanced,1,major,1,1,1,1,1,1,1,open,none,safe,civil,0,53.270515,1719,preferred,2.0,0
S00938,KORD,41.641931,-88.362074,B737-800,narrow_body,2243,technical,1120,normal,1.0,950.0,950.0,1708.706201,aircraft_fuel,KATL,3776,46,concrete,ILS,1,1,advanced,1,major,1,1,1,1,1,1,1,open,none,safe,civil,0,954.870888,1533,extended,3.0,0
S00938,KORD,41.641931,-88.362074,B737-800,narrow_body,2243,technical,1120,normal,1.0,950.0,950.0,1708.706201,aircraft_fuel,CYYZ,3389,61,asphalt,ILS,1,1,advanced,1,major,1,1,1,1,1,1,1,open,none,safe,civil,1,748.624856,1146,preferred,4.0,0
S00939,WSSS,1.592217,104.532042,B737-800,narrow_body,2340,weather,527,normal,1.0,950.0,527.0,903.408708,emergency,WMKK,4124,60,asphalt,ILS,1,1,advanced,1,major,1,1,1,1,1,1,1,open,none,safe,civil,0,338.779654,1784,preferred,1.0,1
S00939,WSSS,1.592217,104.532042,B737-800,narrow_body,2340,weather,527,normal,1.0,950.0,527.0,903.408708,emergency,WSSS,4000,60,asphalt,ILS,1,1,advanced,1,major,1,1,1,1,1,1,1,open,none,safe,civil,1,65.583497,1660,preferred,2.0,0
S00939,WSSS,1.592217,104.532042,B737-800,narrow_body,2340,weather,527,normal,1.0,950.0,527.0,903.408708,emergency,WIMM,3000,60,asphalt,RNAV,1,1,basic,1,basic,1,0,1,1,0,1,1,open,none,safe,civil,0,667.321635,660,extended,3.0,0
S00940,ZBAA,40.288657,116.71387,B737 MAX 8,narrow_body,2412,mechanical,948,critical,0.75,750.0,750.0,1341.057641,aircraft_fuel,ZBAA,3810,60,asphalt,ILS,1,1,advanced,1,major,1,1,1,1,1,1,1,open,none,safe,civil,1,25.517711,1398,preferred,1.0,1
S00940,ZBAA,40.288657,116.71387,B737 MAX 8,narrow_body,2412,mechanical,948,critical,0.75,750.0,750.0,1341.057641,aircraft_fuel,RKSI,4000,60,asphalt,ILS,1,1,advanced,1,major,1,1,1,1,1,1,1,open,none,safe,civil,1,898.680074,1588,extended,2.0,0
S00940,ZBAA,40.288657,116.71387,B737 MAX 8,narrow_body,2412,mechanical,948,critical,0.75,750.0,750.0,1341.057641,aircraft_fuel,ZSPD,4000,60,concrete,ILS,1,1,advanced,1,major,1,1,1,1,1,1,1,open,none,safe,civil,1,1115.423097,1588,extended,3.0,0
S00941,EGKK,51.912425,0.427367,A320,narrow_body,2442,technical,900,normal,1.0,950.0,900.0,1453.781334,emergency,LFPG,4215,45,asphalt,ILS,1,1,advanced,1,major,1,1,1,1,1,1,1,open,none,safe,civil,1,356.187095,1773,preferred,1.0,1
S00941,EGKK,51.912425,0.427367,A320,narrow_body,2442,technical,900,normal,1.0,950.0,900.0,1453.781334,emergency,EDDF,4000,60,asphalt,ILS,1,1,advanced,1,major,1,1,1,0,1,1,1,open,none,safe,civil,1,606.335492,1558,preferred,2.0,0
S00941,EGKK,51.912425,0.427367,A320,narrow_body,2442,technical,900,normal,1.0,950.0,900.0,1453.781334,emergency,LEMD,4350,60,asphalt,ILS,1,1,advanced,1,major,1,1,1,1,1,1,1,open,none,safe,civil,1,1305.992113,1908,extended,3.0,0
S00941,EGKK,51.912425,0.427367,A320,narrow_body,2442,technical,900,normal,1.0,950.0,900.0,1453.781334,emergency,EGLL,3901,50,asphalt,ILS,1,1,advanced,1,major,1,1,1,1,1,1,1,open,none,safe,civil,1,78.436588,1459,preferred,4.0,0
S00941,EGKK,51.912425,0.427367,A320,narrow_body,2442,technical,900,normal,1.0,950.0,900.0,1453.781334,emergency,EHAM,3800,60,asphalt,ILS,1,1,advanced,1,major,1,1,1,1,1,1,1,open,none,safe,civil,1,299.349741,1358,preferred,5.0,0
S00941,EGKK,51.912425,0.427367,A320,narrow_body,2442,technical,900,normal,1.0,950.0,900.0,1453.781334,emergency,LIRF,3902,60,asphalt,ILS,1,1,basic,1,major,1,1,1,1,1,1,1,open,none,safe,civil,1,1435.554602,1460,extended,6.0,0
S00941,EGKK,51.912425,0.427367,A320,narrow_body,2442,technical,900,normal,1.0,950.0,900.0,1453.781334,emergency,EGKK,3317,45,asphalt,ILS,1,1,advanced,1,major,1,1,1,1,1,1,1,open,none,safe,civil,1,94.918401,875,preferred,7.0,0
S00941,EGKK,51.912425,0.427367,A320,narrow_body,2442,technical,900,normal,1.0,950.0,900.0,1453.781334,emergency,ENGM,3600,45,asphalt,ILS,1,1,advanced,1,major,1,1,1,1,1,1,1,open,none,safe,civil,0,1131.586075,1158,extended,8.0,0
S00941,EGKK,51.912425,0.427367,A320,narrow_body,2442,technical,900,normal,1.0,950.0,900.0,1453.781334,emergency,EIDW,3110,45,concrete,ILS,1,1,advanced,1,major,1,1,1,1,1,1,1,open,none,safe,civil,0,481.314351,668,preferred,9.0,0
S00941,EGKK,51.912425,0.427367,A320,narrow_body,2442,technical,900,normal,1.0,950.0,900.0,1453.781334,emergency,EGCC,3048,46,asphalt,ILS,1,1,advanced,1,major,1,1,1,1,1,1,1,open,none,safe,civil,1,242.753816,606,preferred,10.0,0
S00941,EGKK,51.912425,0.427367,A320,narrow_body,2442,technical,900,normal,1.0,950.0,900.0,1453.781334,emergency,ESSA,3301,45,asphalt,ILS,1,1,advanced,1,major,1,1,1,1,1,1,1,open,none,safe,civil,0,1384.816,859,extended,11.0,0
S00942,RCTP,25.612454,120.719302,E190,regional_jet,1862,weather,629,low,0.9,720.0,629.0,978.3964,emergency,ZSPD,4000,60,concrete,ILS,1,1,advanced,1,major,1,1,1,1,1,1,1,open,none,safe,civil,1,624.104696,2138,preferred,1.0,1
S00942,RCTP,25.612454,120.719302,E190,regional_jet,1862,weather,629,low,0.9,720.0,629.0,978.3964,emergency,RCTP,3660,60,concrete,ILS,1,1,advanced,1,major,1,1,1,1,1,1,1,open,none,safe,civil,0,78.743836,1798,preferred,2.0,0
S00943,OPKC,24.703254,66.871726,B747-8,very_large,3538,technical,978,low,0.9,1395.0,978.0,1648.217901,emergency,OTHH,4850,60,asphalt,ILS,1,1,advanced,1,major,1,1,1,1,1,1,1,open,none,safe,civil,0,1538.850502,1312,extended,1.0,1
S00943,OPKC,24.703254,66.871726,B747-8,very_large,3538,technical,978,low,0.9,1395.0,978.0,1648.217901,emergency,OOMS,4080,45,asphalt,ILS,1,1,advanced,1,major,1,1,1,1,1,1,1,open,none,safe,civil,0,879.629533,542,preferred,2.0,0
S00943,OPKC,24.703254,66.871726,B747-8,very_large,3538,technical,978,low,0.9,1395.0,978.0,1648.217901,emergency,OMDB,4447,60,asphalt,ILS,1,1,advanced,1,major,1,1,1,1,1,1,1,open,none,safe,civil,1,1160.465863,909,extended,3.0,0
S00943,OPKC,24.703254,66.871726,B747-8,very_large,3538,technical,978,low,0.9,1395.0,978.0,1648.217901,emergency,VIDP,4430,60,asphalt,ILS,1,1,advanced,1,major,1,1,1,1,1,1,1,open,none,safe,civil,1,1102.24553,892,extended,4.0,0
S00943,OPKC,24.703254,66.871726,B747-8,very_large,3538,technical,978,low,0.9,1395.0,978.0,1648.217901,emergency,OMAA,4106,60,asphalt,ILS,1,1,advanced,1,major,1,1,1,1,1,1,1,open,none,safe,civil,0,1235.934396,568,extended,5.0,0
S00943,OPKC,24.703254,66.871726,B747-8,very_large,3538,technical,978,low,0.9,1395.0,978.0,1648.217901,emergency,OBBI,3956,60,asphalt,ILS,1,1,advanced,1,major,1,1,1,1,1,1,1,open,none,safe,civil,0,1637.659494,418,extended,6.0,0
S00944,DNMM,7.32664,3.198368,A320,narrow_body,2432,weather,618,low,0.9,855.0,618.0,997.222949,emergency,DNMM,3900,60,asphalt,ILS,1,1,advanced,1,major,1,1,1,1,1,1,1,open,none,caution,civil,0,84.410228,1468,preferred,1.0,1
S00944,DNMM,7.32664,3.198368,A320,narrow_body,2432,weather,618,low,0.9,855.0,618.0,997.222949,emergency,DGAA,3403,61,asphalt,RNAV,0,0,none,1,basic,1,0,1,1,1,1,0,open,none,safe,civil,0,418.174667,971,preferred,2.0,0
S00944,DNMM,7.32664,3.198368,A320,narrow_body,2432,weather,618,low,0.9,855.0,618.0,997.222949,emergency,DNAA,3609,60,asphalt,RNAV,0,0,none,1,basic,1,0,1,1,1,1,1,open,none,safe,joint,0,484.824356,1177,preferred,3.0,0
S00944,DNMM,7.32664,3.198368,A320,narrow_body,2432,weather,618,low,0.9,855.0,618.0,997.222949,emergency,DNKN,3200,46,asphalt,RNAV,0,0,none,1,basic,1,0,1,0,0,1,1,open,none,safe,joint,0,784.973626,768,extended,4.0,0
S00945,LFPG,49.051473,1.692088,A330-300,wide_body,3026,security,807,critical,0.75,975.0,807.0,1350.487236,emergency,LFPG,4215,45,asphalt,ILS,1,1,advanced,1,major,1,1,1,1,1,1,1,open,none,safe,civil,1,63.024422,1189,preferred,1.0,1
S00945,LFPG,49.051473,1.692088,A330-300,wide_body,3026,security,807,critical,0.75,975.0,807.0,1350.487236,emergency,EDDF,4000,60,asphalt,ILS,1,1,advanced,1,major,1,1,1,0,1,1,1,open,none,safe,civil,1,506.984021,974,preferred,2.0,0
S00945,LFPG,49.051473,1.692088,A330-300,wide_body,3026,security,807,critical,0.75,975.0,807.0,1350.487236,emergency,LEMD,4350,60,asphalt,ILS,1,1,advanced,1,major,1,1,1,1,1,1,1,open,none,safe,civil,1,1037.750281,1324,extended,3.0,0
S00945,LFPG,49.051473,1.692088,A330-300,wide_body,3026,security,807,critical,0.75,975.0,807.0,1350.487236,emergency,EGLL,3901,50,asphalt,ILS,1,1,advanced,1,major,1,1,1,1,1,1,1,open,none,safe,civil,1,309.432645,875,preferred,4.0,0
S00945,LFPG,49.051473,1.692088,A330-300,wide_body,3026,security,807,critical,0.75,975.0,807.0,1350.487236,emergency,EHAM,3800,60,asphalt,ILS,1,1,advanced,1,major,1,1,1,1,1,1,1,open,none,safe,civil,1,421.829332,774,preferred,5.0,0
S00945,LFPG,49.051473,1.692088,A330-300,wide_body,3026,security,807,critical,0.75,975.0,807.0,1350.487236,emergency,LIRF,3902,60,asphalt,ILS,1,1,basic,1,major,1,1,1,1,1,1,1,open,none,safe,civil,1,1150.543964,876,extended,6.0,0
S00945,LFPG,49.051473,1.692088,A330-300,wide_body,3026,security,807,critical,0.75,975.0,807.0,1350.487236,emergency,EGKK,3317,45,asphalt,ILS,1,1,advanced,1,major,1,1,1,1,1,1,1,open,none,safe,civil,1,268.910197,291,preferred,7.0,0
S00945,LFPG,49.051473,1.692088,A330-300,wide_body,3026,security,807,critical,0.75,975.0,807.0,1350.487236,emergency,EIDW,3110,45,concrete,ILS,1,1,advanced,1,major,1,1,1,1,1,1,1,open,none,safe,civil,0,736.461417,84,preferred,8.0,0
S00945,LFPG,49.051473,1.692088,A330-300,wide_body,3026,security,807,critical,0.75,975.0,807.0,1350.487236,emergency,EGCC,3048,46,asphalt,ILS,1,1,advanced,1,major,1,1,1,1,1,1,1,open,none,safe,civil,1,552.292701,22,preferred,9.0,0
S00947,SBGR,-23.001384,-47.060929,A321,narrow_body,2572,mechanical,903,low,0.9,900.0,900.0,1419.823363,aircraft_fuel,SBGR,3700,45,asphalt,ILS,1,1,advanced,1,major,1,1,1,1,1,1,1,open,none,safe,civil,0,77.020593,1128,preferred,1.0,1
S00948,DNAA,9.746942,7.535214,B737 MAX 8,narrow_body,2378,fuel,785,low,0.9,900.0,785.0,1256.234055,emergency,DNMM,3900,60,asphalt,ILS,1,1,advanced,1,major,1,1,1,1,1,1,1,open,none,caution,civil,0,582.491792,1522,preferred,1.0,1
S00948,DNAA,9.746942,7.535214,B737 MAX 8,narrow_body,2378,fuel,785,low,0.9,900.0,785.0,1256.234055,emergency,DNAA,3609,60,asphalt,RNAV,0,0,none,1,basic,1,0,1,1,1,1,1,open,none,safe,joint,0,87.5456,1231,preferred,2.0,0
S00948,DNAA,9.746942,7.535214,B737 MAX 8,narrow_body,2378,fuel,785,low,0.9,900.0,785.0,1256.234055,emergency,DGAA,3403,61,asphalt,RNAV,0,0,none,1,basic,1,0,1,1,1,1,0,open,none,safe,civil,0,965.46532,1025,extended,3.0,0
S00948,DNAA,9.746942,7.535214,B737 MAX 8,narrow_body,2378,fuel,785,low,0.9,900.0,785.0,1256.234055,emergency,DNKN,3200,46,asphalt,RNAV,0,0,none,1,basic,1,0,1,0,0,1,1,open,none,safe,joint,0,277.694131,822,preferred,4.0,0
S00949,CYYZ,43.439036,-78.961981,A380-800,very_large,3640,fuel,727,critical,0.75,1200.0,727.0,1377.296726,emergency,KJFK,4423,61,asphalt,ILS,1,1,advanced,1,major,1,1,1,1,1,1,1,open,none,safe,civil,1,529.065333,783,preferred,1.0,1
S00949,CYYZ,43.439036,-78.961981,A380-800,very_large,3640,fuel,727,critical,0.75,1200.0,727.0,1377.296726,emergency,KORD,3962,46,concrete,ILS,1,1,advanced,1,major,1,1,1,1,1,1,1,open,none,safe,civil,0,748.118304,322,extended,2.0,0
S00949,CYYZ,43.439036,-78.961981,A380-800,very_large,3640,fuel,727,critical,0.75,1200.0,727.0,1377.296726,emergency,KATL,3776,46,concrete,ILS,1,1,advanced,1,major,1,1,1,1,1,1,1,open,none,safe,civil,0,1188.440765,136,extended,3.0,0
S00950,DNKN,11.994238,8.226655,B737 MAX 8,narrow_body,2412,fuel,588,low,0.9,900.0,588.0,948.733472,emergency,DNAA,3609,60,asphalt,RNAV,0,0,none,1,basic,1,0,1,1,1,1,1,open,none,safe,joint,0,348.487316,1197,preferred,1.0,1
S00950,DNKN,11.994238,8.226655,B737 MAX 8,narrow_body,2412,fuel,588,low,0.9,900.0,588.0,948.733472,emergency,DNMM,3900,60,asphalt,ILS,1,1,advanced,1,major,1,1,1,1,1,1,1,open,none,caution,civil,0,807.680608,1488,extended,2.0,0
S00950,DNKN,11.994238,8.226655,B737 MAX 8,narrow_body,2412,fuel,588,low,0.9,900.0,588.0,948.733472,emergency,DNKN,3200,46,asphalt,RNAV,0,0,none,1,basic,1,0,1,0,0,1,1,open,none,safe,joint,0,32.944409,788,preferred,3.0,0
S00951,OMAA,24.013684,54.087847,A330-300,wide_body,3049,mechanical,708,normal,1.0,1300.0,708.0,1186.632576,emergency,OTHH,4850,60,asphalt,ILS,1,1,advanced,1,major,1,1,1,1,1,1,1,open,none,safe,civil,0,287.084594,1801,preferred,1.0,1
S00951,OMAA,24.013684,54.087847,A330-300,wide_body,3049,mechanical,708,normal,1.0,1300.0,708.0,1186.632576,emergency,OMDB,4447,60,asphalt,ILS,1,1,advanced,1,major,1,1,1,1,1,1,1,open,none,safe,civil,1,188.97635,1398,preferred,2.0,0
S00951,OMAA,24.013684,54.087847,A330-300,wide_body,3049,mechanical,708,normal,1.0,1300.0,708.0,1186.632576,emergency,OKKK,4580,60,asphalt,ILS,1,1,advanced,1,major,1,1,1,1,1,1,1,open,none,safe,civil,0,839.69907,1531,extended,3.0,0
S00951,OMAA,24.013684,54.087847,A330-300,wide_body,3049,mechanical,708,normal,1.0,1300.0,708.0,1186.632576,emergency,OMAA,4106,60,asphalt,ILS,1,1,advanced,1,major,1,1,1,1,1,1,1,open,none,safe,civil,0,74.147558,1057,preferred,4.0,0
S00951,OMAA,24.013684,54.087847,A330-300,wide_body,3049,mechanical,708,normal,1.0,1300.0,708.0,1186.632576,emergency,OOMS,4080,45,asphalt,ILS,1,1,advanced,1,major,1,1,1,1,1,1,1,open,none,safe,civil,0,429.468952,1031,preferred,5.0,0
S00951,OMAA,24.013684,54.087847,A330-300,wide_body,3049,mechanical,708,normal,1.0,1300.0,708.0,1186.632576,emergency,OBBI,3956,60,asphalt,ILS,1,1,advanced,1,major,1,1,1,1,1,1,1,open,none,safe,civil,0,428.23112,907,preferred,6.0,0
S00951,OMAA,24.013684,54.087847,A330-300,wide_body,3049,mechanical,708,normal,1.0,1300.0,708.0,1186.632576,emergency,OERK,4205,60,asphalt,ILS,1,1,advanced,1,major,1,1,1,1,1,1,1,open,none,safe,civil,0,754.960673,1156,extended,7.0,0
S00952,WMKK,2.024757,101.414777,E175,regional_jet,1783,medical,847,normal,1.0,750.0,750.0,1115.73918,aircraft_fuel,WMKK,4124,60,asphalt,ILS,1,1,advanced,1,major,1,1,1,1,1,1,1,open,none,safe,civil,0,86.602912,2341,preferred,1.0,1
S00952,WMKK,2.024757,101.414777,E175,regional_jet,1783,medical,847,normal,1.0,750.0,750.0,1115.73918,aircraft_fuel,WSSS,4000,60,asphalt,ILS,1,1,advanced,1,major,1,1,1,1,1,1,1,open,none,safe,civil,1,296.321455,2217,preferred,2.0,0
S00952,WMKK,2.024757,101.414777,E175,regional_jet,1783,medical,847,normal,1.0,750.0,750.0,1115.73918,aircraft_fuel,WIMM,3000,60,asphalt,RNAV,1,1,basic,1,basic,1,0,1,1,0,1,1,open,none,safe,civil,0,333.522827,1217,preferred,3.0,0
S00953,LCLK,34.769276,31.955681,A330-300,wide_body,2949,technical,422,normal,1.0,1300.0,422.0,779.041722,emergency,LTFM,4100,60,asphalt,ILS,1,1,advanced,1,major,1,1,1,1,1,1,0,open,none,safe,civil,0,776.385718,1151,extended,1.0,1
S00953,LCLK,34.769276,31.955681,A330-300,wide_body,2949,technical,422,normal,1.0,1300.0,422.0,779.041722,emergency,HECA,4000,60,asphalt,ILS,1,1,basic,1,major,1,1,1,1,1,1,1,open,none,safe,civil,0,520.563814,1051,extended,2.0,0
S00953,LCLK,34.769276,31.955681,A330-300,wide_body,2949,technical,422,normal,1.0,1300.0,422.0,779.041722,emergency,OJAI,3660,61,asphalt,ILS,1,1,advanced,1,major,1,1,1,1,1,1,1,open,none,safe,civil,0,505.620373,711,extended,3.0,0
S00953,LCLK,34.769276,31.955681,A330-300,wide_body,2949,technical,422,normal,1.0,1300.0,422.0,779.041722,emergency,LTAC,3750,45,asphalt,ILS,1,1,advanced,1,major,1,1,1,1,1,1,1,open,none,safe,joint,0,602.883352,801,extended,4.0,0
S00953,LCLK,34.769276,31.955681,A330-300,wide_body,2949,technical,422,normal,1.0,1300.0,422.0,779.041722,emergency,LCLK,2987,45,asphalt,ILS,1,0,none,1,basic,1,0,1,1,1,1,1,open,none,safe,civil,0,152.823359,38,preferred,5.0,0
S00954,OOMS,23.214527,57.965814,B737 MAX 8,narrow_body,2358,technical,918,low,0.9,900.0,900.0,1542.113235,aircraft_fuel,OTHH,4850,60,asphalt,ILS,1,1,advanced,1,major,1,1,1,1,1,1,1,open,none,safe,civil,0,683.931428,2492,preferred,1.0,1
S00954,OOMS,23.214527,57.965814,B737 MAX 8,narrow_body,2358,technical,918,low,0.9,900.0,900.0,1542.113235,aircraft_fuel,OMDB,4447,60,asphalt,ILS,1,1,advanced,1,major,1,1,1,1,1,1,1,open,none,safe,civil,1,347.028874,2089,preferred,2.0,0
S00954,OOMS,23.214527,57.965814,B737 MAX 8,narrow_body,2358,technical,918,low,0.9,900.0,900.0,1542.113235,aircraft_fuel,OKKK,4580,60,asphalt,ILS,1,1,advanced,1,major,1,1,1,1,1,1,1,open,none,safe,civil,0,1199.504752,2222,extended,3.0,0
S00954,OOMS,23.214527,57.965814,B737 MAX 8,narrow_body,2358,technical,918,low,0.9,900.0,900.0,1542.113235,aircraft_fuel,OMAA,4106,60,asphalt,ILS,1,1,advanced,1,major,1,1,1,1,1,1,1,open,none,safe,civil,0,363.857909,1748,preferred,4.0,0
S00954,OOMS,23.214527,57.965814,B737 MAX 8,narrow_body,2358,technical,918,low,0.9,900.0,900.0,1542.113235,aircraft_fuel,OOMS,4080,45,asphalt,ILS,1,1,advanced,1,major,1,1,1,1,1,1,1,open,none,safe,civil,0,53.869572,1722,preferred,5.0,0
S00954,OOMS,23.214527,57.965814,B737 MAX 8,narrow_body,2358,technical,918,low,0.9,900.0,900.0,1542.113235,aircraft_fuel,OBBI,3956,60,asphalt,ILS,1,1,advanced,1,major,1,1,1,1,1,1,1,open,none,safe,civil,0,813.98603,1598,preferred,6.0,0
S00954,OOMS,23.214527,57.965814,B737 MAX 8,narrow_body,2358,technical,918,low,0.9,900.0,900.0,1542.113235,aircraft_fuel,OERK,4205,60,asphalt,ILS,1,1,advanced,1,major,1,1,1,1,1,1,1,open,none,safe,civil,0,1159.687931,1847,extended,7.0,0
S00954,OOMS,23.214527,57.965814,B737 MAX 8,narrow_body,2358,technical,918,low,0.9,900.0,900.0,1542.113235,aircraft_fuel,OPKC,3400,46,concrete,RNAV,0,1,basic,1,basic,1,1,1,1,1,1,1,open,none,caution,civil,0,952.152921,1042,extended,8.0,0
S00955,LGAV,38.798891,23.914277,A320,narrow_body,2412,fuel,861,normal,1.0,950.0,861.0,1480.329581,emergency,LTFM,4100,60,asphalt,ILS,1,1,advanced,1,major,1,1,1,1,1,1,0,open,none,safe,civil,0,493.874203,1688,preferred,1.0,1
S00955,LGAV,38.798891,23.914277,A320,narrow_body,2412,fuel,861,normal,1.0,950.0,861.0,1480.329581,emergency,LGAV,4000,45,asphalt,ILS,1,1,advanced,1,major,1,1,1,1,1,1,1,open,none,safe,civil,0,95.940699,1588,preferred,2.0,0
S00955,LGAV,38.798891,23.914277,A320,narrow_body,2412,fuel,861,normal,1.0,950.0,861.0,1480.329581,emergency,HECA,4000,60,asphalt,ILS,1,1,basic,1,major,1,1,1,1,1,1,1,open,none,safe,civil,0,1183.809194,1588,extended,3.0,0
S00955,LGAV,38.798891,23.914277,A320,narrow_body,2412,fuel,861,normal,1.0,950.0,861.0,1480.329581,emergency,LIRF,3902,60,asphalt,ILS,1,1,basic,1,major,1,1,1,1,1,1,1,open,none,safe,civil,1,1042.919206,1490,extended,4.0,0
S00955,LGAV,38.798891,23.914277,A320,narrow_body,2412,fuel,861,normal,1.0,950.0,861.0,1480.329581,emergency,LTAC,3750,45,asphalt,ILS,1,1,advanced,1,major,1,1,1,1,1,1,1,open,none,safe,joint,0,793.061541,1338,preferred,5.0,0
S00955,LGAV,38.798891,23.914277,A320,narrow_body,2412,fuel,861,normal,1.0,950.0,861.0,1480.329581,emergency,OJAI,3660,61,asphalt,ILS,1,1,advanced,1,major,1,1,1,1,1,1,1,open,none,safe,civil,0,1347.798447,1248,extended,6.0,0
S00955,LGAV,38.798891,23.914277,A320,narrow_body,2412,fuel,861,normal,1.0,950.0,861.0,1480.329581,emergency,DTTA,3200,45,asphalt,RNAV,0,1,basic,1,basic,1,0,1,1,1,1,1,open,none,safe,civil,0,1220.291906,788,extended,7.0,0
S00955,LGAV,38.798891,23.914277,A320,narrow_body,2412,fuel,861,normal,1.0,950.0,861.0,1480.329581,emergency,LCLK,2987,45,asphalt,ILS,1,0,none,1,basic,1,0,1,1,1,1,1,open,none,safe,civil,0,967.346481,575,extended,8.0,0
S00956,DAAG,35.733366,2.97527,A330-300,wide_body,3012,mechanical,844,normal,1.0,1300.0,844.0,1600.454502,emergency,LEMD,4350,60,asphalt,ILS,1,1,advanced,1,major,1,1,1,1,1,1,1,open,none,safe,civil,1,779.489569,1338,preferred,1.0,1
S00956,DAAG,35.733366,2.97527,A330-300,wide_body,3012,mechanical,844,normal,1.0,1300.0,844.0,1600.454502,emergency,LFPG,4215,45,asphalt,ILS,1,1,advanced,1,major,1,1,1,1,1,1,1,open,none,safe,civil,1,1476.577724,1203,extended,2.0,0
S00956,DAAG,35.733366,2.97527,A330-300,wide_body,3012,mechanical,844,normal,1.0,1300.0,844.0,1600.454502,emergency,LIRF,3902,60,asphalt,ILS,1,1,basic,1,major,1,1,1,1,1,1,1,open,none,safe,civil,1,1048.920134,890,extended,3.0,0
S00956,DAAG,35.733366,2.97527,A330-300,wide_body,3012,mechanical,844,normal,1.0,1300.0,844.0,1600.454502,emergency,DAAG,3500,60,asphalt,RNAV,0,1,basic,1,basic,1,1,1,1,1,1,0,open,none,safe,civil,0,108.940446,488,preferred,4.0,0
S00956,DAAG,35.733366,2.97527,A330-300,wide_body,3012,mechanical,844,normal,1.0,1300.0,844.0,1600.454502,emergency,GMMN,3720,45,asphalt,ILS,1,1,advanced,1,major,1,1,1,1,1,1,1,open,none,safe,civil,0,1002.135758,708,extended,5.0,0
S00956,DAAG,35.733366,2.97527,A330-300,wide_body,3012,mechanical,844,normal,1.0,1300.0,844.0,1600.454502,emergency,LPPT,3707,45,asphalt,ILS,1,1,advanced,1,major,1,1,1,1,1,1,1,open,none,safe,civil,0,1123.149055,695,extended,6.0,0
S00956,DAAG,35.733366,2.97527,A330-300,wide_body,3012,mechanical,844,normal,1.0,1300.0,844.0,1600.454502,emergency,DTTA,3200,45,asphalt,RNAV,0,1,basic,1,basic,1,0,1,1,1,1,1,open,none,safe,civil,0,661.546467,188,preferred,7.0,0
S00957,EHAM,52.595225,4.322539,A321,narrow_body,2388,mechanical,849,normal,1.0,1000.0,849.0,1487.966147,emergency,LFPG,4215,45,asphalt,ILS,1,1,advanced,1,major,1,1,1,1,1,1,1,open,none,safe,civil,1,417.656764,1827,preferred,1.0,1
S00957,EHAM,52.595225,4.322539,A321,narrow_body,2388,mechanical,849,normal,1.0,1000.0,849.0,1487.966147,emergency,EDDF,4000,60,asphalt,ILS,1,1,advanced,1,major,1,1,1,0,1,1,1,open,none,safe,civil,1,410.057598,1612,preferred,2.0,0
S00957,EHAM,52.595225,4.322539,A321,narrow_body,2388,mechanical,849,normal,1.0,1000.0,849.0,1487.966147,emergency,LEMD,4350,60,asphalt,ILS,1,1,advanced,1,major,1,1,1,1,1,1,1,open,none,safe,civil,1,1472.805483,1962,extended,3.0,0
S00957,EHAM,52.595225,4.322539,A321,narrow_body,2388,mechanical,849,normal,1.0,1000.0,849.0,1487.966147,emergency,EGLL,3901,50,asphalt,ILS,1,1,advanced,1,major,1,1,1,1,1,1,1,open,none,safe,civil,1,350.153016,1513,preferred,4.0,0
S00957,EHAM,52.595225,4.322539,A321,narrow_body,2388,mechanical,849,normal,1.0,1000.0,849.0,1487.966147,emergency,EHAM,3800,60,asphalt,ILS,1,1,advanced,1,major,1,1,1,1,1,1,1,open,none,safe,civil,1,43.706496,1412,preferred,5.0,0
S00957,EHAM,52.595225,4.322539,A321,narrow_body,2388,mechanical,849,normal,1.0,1000.0,849.0,1487.966147,emergency,LIRF,3902,60,asphalt,ILS,1,1,basic,1,major,1,1,1,1,1,1,1,open,none,safe,civil,1,1339.212112,1514,extended,6.0,0
S00957,EHAM,52.595225,4.322539,A321,narrow_body,2388,mechanical,849,normal,1.0,1000.0,849.0,1487.966147,emergency,EGKK,3317,45,asphalt,ILS,1,1,advanced,1,major,1,1,1,1,1,1,1,open,none,safe,civil,1,348.721734,929,preferred,7.0,0
S00957,EHAM,52.595225,4.322539,A321,narrow_body,2388,mechanical,849,normal,1.0,1000.0,849.0,1487.966147,emergency,ENGM,3600,45,asphalt,ILS,1,1,advanced,1,major,1,1,1,1,1,1,1,open,none,safe,civil,0,941.159877,1212,extended,8.0,0
S00957,EHAM,52.595225,4.322539,A321,narrow_body,2388,mechanical,849,normal,1.0,1000.0,849.0,1487.966147,emergency,EIDW,3110,45,concrete,ILS,1,1,advanced,1,major,1,1,1,1,1,1,1,open,none,safe,civil,0,713.478879,722,preferred,9.0,0
S00957,EHAM,52.595225,4.322539,A321,narrow_body,2388,mechanical,849,normal,1.0,1000.0,849.0,1487.966147,emergency,EGCC,3048,46,asphalt,ILS,1,1,advanced,1,major,1,1,1,1,1,1,1,open,none,safe,civil,1,449.563899,660,preferred,10.0,0
S00957,EHAM,52.595225,4.322539,A321,narrow_body,2388,mechanical,849,normal,1.0,1000.0,849.0,1487.966147,emergency,ESSA,3301,45,asphalt,ILS,1,1,advanced,1,major,1,1,1,1,1,1,1,open,none,safe,civil,0,1147.689102,913,extended,11.0,0
S00958,LEMD,40.124073,-1.916995,E190,regional_jet,1934,weather,1291,normal,1.0,800.0,800.0,1279.79036,aircraft_fuel,LEMD,4350,60,asphalt,ILS,1,1,advanced,1,major,1,1,1,1,1,1,1,open,none,safe,civil,1,146.237604,2416,preferred,1.0,1
S00958,LEMD,40.124073,-1.916995,E190,regional_jet,1934,weather,1291,normal,1.0,800.0,800.0,1279.79036,aircraft_fuel,LFPG,4215,45,asphalt,ILS,1,1,advanced,1,major,1,1,1,1,1,1,1,open,none,safe,civil,1,1049.044459,2281,extended,2.0,0
S00958,LEMD,40.124073,-1.916995,E190,regional_jet,1934,weather,1291,normal,1.0,800.0,800.0,1279.79036,aircraft_fuel,LPPT,3707,45,asphalt,ILS,1,1,advanced,1,major,1,1,1,1,1,1,1,open,none,safe,civil,0,637.338019,1773,preferred,3.0,0
S00958,LEMD,40.124073,-1.916995,E190,regional_jet,1934,weather,1291,normal,1.0,800.0,800.0,1279.79036,aircraft_fuel,LIRF,3902,60,asphalt,ILS,1,1,basic,1,major,1,1,1,1,1,1,1,open,none,safe,civil,1,1202.86003,1968,extended,4.0,0
S00958,LEMD,40.124073,-1.916995,E190,regional_jet,1934,weather,1291,normal,1.0,800.0,800.0,1279.79036,aircraft_fuel,EGLL,3901,50,asphalt,ILS,1,1,advanced,1,major,1,1,1,1,1,1,1,open,none,safe,civil,1,1266.670322,1967,extended,5.0,0
S00958,LEMD,40.124073,-1.916995,E190,regional_jet,1934,weather,1291,normal,1.0,800.0,800.0,1279.79036,aircraft_fuel,DAAG,3500,60,asphalt,RNAV,0,1,basic,1,basic,1,1,1,1,1,1,0,open,none,safe,civil,0,587.514076,1566,preferred,6.0,0
S00958,LEMD,40.124073,-1.916995,E190,regional_jet,1934,weather,1291,normal,1.0,800.0,800.0,1279.79036,aircraft_fuel,GMMN,3720,45,asphalt,ILS,1,1,advanced,1,major,1,1,1,1,1,1,1,open,none,safe,civil,0,905.026697,1786,extended,7.0,0
S00958,LEMD,40.124073,-1.916995,E190,regional_jet,1934,weather,1291,normal,1.0,800.0,800.0,1279.79036,aircraft_fuel,EGKK,3317,45,asphalt,ILS,1,1,advanced,1,major,1,1,1,1,1,1,1,open,none,safe,civil,1,1233.160767,1383,extended,8.0,0
S00958,LEMD,40.124073,-1.916995,E190,regional_jet,1934,weather,1291,normal,1.0,800.0,800.0,1279.79036,aircraft_fuel,DTTA,3200,45,asphalt,RNAV,0,1,basic,1,basic,1,0,1,1,1,1,1,open,none,safe,civil,0,1116.7787,1266,extended,9.0,0
S00959,OTHH,25.30981,51.281894,E190,regional_jet,1828,mechanical,739,low,0.9,720.0,720.0,1090.719132,aircraft_fuel,OTHH,4850,60,asphalt,ILS,1,1,advanced,1,major,1,1,1,1,1,1,1,open,none,safe,civil,0,33.044873,3022,preferred,1.0,1
S00959,OTHH,25.30981,51.281894,E190,regional_jet,1828,mechanical,739,low,0.9,720.0,720.0,1090.719132,aircraft_fuel,OKKK,4580,60,asphalt,ILS,1,1,advanced,1,major,1,1,1,1,1,1,1,open,none,safe,civil,0,544.57727,2752,preferred,2.0,0
S00959,OTHH,25.30981,51.281894,E190,regional_jet,1828,mechanical,739,low,0.9,720.0,720.0,1090.719132,aircraft_fuel,OMDB,4447,60,asphalt,ILS,1,1,advanced,1,major,1,1,1,1,1,1,1,open,none,safe,civil,1,411.181236,2619,preferred,3.0,0
S00959,OTHH,25.30981,51.281894,E190,regional_jet,1828,mechanical,739,low,0.9,720.0,720.0,1090.719132,aircraft_fuel,OERK,4205,60,asphalt,ILS,1,1,advanced,1,major,1,1,1,1,1,1,1,open,none,safe,civil,0,463.001874,2377,preferred,4.0,0
S00959,OTHH,25.30981,51.281894,E190,regional_jet,1828,mechanical,739,low,0.9,720.0,720.0,1090.719132,aircraft_fuel,OMAA,4106,60,asphalt,ILS,1,1,advanced,1,major,1,1,1,1,1,1,1,open,none,safe,civil,0,353.151317,2278,preferred,5.0,0
S00959,OTHH,25.30981,51.281894,E190,regional_jet,1828,mechanical,739,low,0.9,720.0,720.0,1090.719132,aircraft_fuel,OBBI,3956,60,asphalt,ILS,1,1,advanced,1,major,1,1,1,1,1,1,1,open,none,safe,civil,0,124.482108,2128,preferred,6.0,0
S00959,OTHH,25.30981,51.281894,E190,regional_jet,1828,mechanical,739,low,0.9,720.0,720.0,1090.719132,aircraft_fuel,OOMS,4080,45,asphalt,ILS,1,1,advanced,1,major,1,1,1,1,1,1,1,open,none,safe,civil,0,733.808567,2252,extended,7.0,0
S00960,WIMM,3.793883,98.068166,E190,regional_jet,1846,fuel,397,critical,0.75,600.0,397.0,598.682054,emergency,WMKK,4124,60,asphalt,ILS,1,1,advanced,1,major,1,1,1,1,1,1,1,open,none,safe,civil,0,420.757153,2278,extended,1.0,1
S00960,WIMM,3.793883,98.068166,E190,regional_jet,1846,fuel,397,critical,0.75,600.0,397.0,598.682054,emergency,WIMM,3000,60,asphalt,RNAV,1,1,basic,1,basic,1,0,1,1,0,1,1,open,none,safe,civil,0,92.230578,1154,preferred,2.0,0
S00961,DAAG,36.859357,1.662115,B767-300ER,wide_body,2951,technical,732,low,0.9,1125.0,732.0,1110.290664,emergency,LEMD,4350,60,asphalt,ILS,1,1,advanced,1,major,1,1,1,1,1,1,1,open,none,safe,civil,1,607.862387,1399,preferred,1.0,1
S00961,DAAG,36.859357,1.662115,B767-300ER,wide_body,2951,technical,732,low,0.9,1125.0,732.0,1110.290664,emergency,LIRF,3902,60,asphalt,ILS,1,1,basic,1,major,1,1,1,1,1,1,1,open,none,safe,civil,1,1062.752443,951,extended,2.0,0
S00961,DAAG,36.859357,1.662115,B767-300ER,wide_body,2951,technical,732,low,0.9,1125.0,732.0,1110.290664,emergency,DAAG,3500,60,asphalt,RNAV,0,1,basic,1,basic,1,1,1,1,1,1,0,open,none,safe,civil,0,139.482308,549,preferred,3.0,0
S00961,DAAG,36.859357,1.662115,B767-300ER,wide_body,2951,technical,732,low,0.9,1125.0,732.0,1110.290664,emergency,GMMN,3720,45,asphalt,ILS,1,1,advanced,1,major,1,1,1,1,1,1,1,open,none,safe,civil,0,926.245082,769,extended,4.0,0
S00961,DAAG,36.859357,1.662115,B767-300ER,wide_body,2951,technical,732,low,0.9,1125.0,732.0,1110.290664,emergency,LPPT,3707,45,asphalt,ILS,1,1,advanced,1,major,1,1,1,1,1,1,1,open,none,safe,civil,0,971.608362,756,extended,5.0,0
S00961,DAAG,36.859357,1.662115,B767-300ER,wide_body,2951,technical,732,low,0.9,1125.0,732.0,1110.290664,emergency,DTTA,3200,45,asphalt,RNAV,0,1,basic,1,basic,1,0,1,1,1,1,1,open,none,safe,civil,0,761.806918,249,extended,6.0,0
S00962,OJAI,31.455554,36.284945,E175,regional_jet,1846,operational_constraints,960,critical,0.75,562.5,562.5,921.318684,aircraft_fuel,HECA,4000,60,asphalt,ILS,1,1,basic,1,major,1,1,1,1,1,1,1,open,none,safe,civil,0,490.241913,2154,preferred,1.0,1
S00962,OJAI,31.455554,36.284945,E175,regional_jet,1846,operational_constraints,960,critical,0.75,562.5,562.5,921.318684,aircraft_fuel,OJAI,3660,61,asphalt,ILS,1,1,advanced,1,major,1,1,1,1,1,1,1,open,none,safe,civil,0,40.56329,1814,preferred,2.0,0
S00962,OJAI,31.455554,36.284945,E175,regional_jet,1846,operational_constraints,960,critical,0.75,562.5,562.5,921.318684,aircraft_fuel,LCLK,2987,45,asphalt,ILS,1,0,none,1,basic,1,0,1,1,1,1,1,open,none,safe,civil,0,453.695806,1141,preferred,3.0,0
S00962,OJAI,31.455554,36.284945,E175,regional_jet,1846,operational_constraints,960,critical,0.75,562.5,562.5,921.318684,aircraft_fuel,HELX,3000,45,asphalt,RNAV,0,0,none,1,basic,1,0,1,0,0,1,1,open,none,safe,joint,0,731.877293,1154,extended,4.0,0
S00963,FAOR,-26.352008,28.778528,A321,narrow_body,2341,weather,678,normal,1.0,1000.0,678.0,1053.104807,emergency,FAOR,4418,61,asphalt,ILS,1,1,advanced,1,major,1,1,1,1,1,1,1,open,none,safe,civil,0,58.029822,2077,preferred,1.0,1
S00964,UACC,50.370525,72.784414,A319,narrow_body,2116,medical,521,low,0.9,810.0,521.0,874.225459,emergency,UAAA,4500,45,asphalt,RNAV,0,1,basic,1,basic,1,1,1,1,1,1,1,open,none,safe,civil,0,844.327405,2384,extended,1.0,1
S00964,UACC,50.370525,72.784414,A319,narrow_body,2116,medical,521,low,0.9,810.0,521.0,874.225459,emergency,UACC,3500,45,asphalt,RNAV,0,1,basic,1,basic,1,1,1,1,1,1,1,open,none,safe,civil,0,118.052515,1384,preferred,2.0,0
S00965,LTFM,41.205466,29.309172,B787-9,wide_body,2771,weather,1260,low,0.9,1260.0,1260.0,2345.096163,aircraft_fuel,OKKK,4580,60,asphalt,ILS,1,1,advanced,1,major,1,1,1,1,1,1,1,open,none,safe,civil,0,2148.008265,1809,extended,1.0,1
S00965,LTFM,41.205466,29.309172,B787-9,wide_body,2771,weather,1260,low,0.9,1260.0,1260.0,2345.096163,aircraft_fuel,LTFM,4100,60,asphalt,ILS,1,1,advanced,1,major,1,1,1,1,1,1,0,open,none,safe,civil,0,48.861194,1329,preferred,2.0,0
S00965,LTFM,41.205466,29.309172,B787-9,wide_body,2771,weather,1260,low,0.9,1260.0,1260.0,2345.096163,aircraft_fuel,LGAV,4000,45,asphalt,ILS,1,1,advanced,1,major,1,1,1,1,1,1,1,open,none,safe,civil,0,585.947143,1229,preferred,3.0,0
S00965,LTFM,41.205466,29.309172,B787-9,wide_body,2771,weather,1260,low,0.9,1260.0,1260.0,2345.096163,aircraft_fuel,HECA,4000,60,asphalt,ILS,1,1,basic,1,major,1,1,1,1,1,1,1,open,none,safe,civil,0,1247.808929,1229,preferred,4.0,0
S00965,LTFM,41.205466,29.309172,B787-9,wide_body,2771,weather,1260,low,0.9,1260.0,1260.0,2345.096163,aircraft_fuel,LFPG,4215,45,asphalt,ILS,1,1,advanced,1,major,1,1,1,1,1,1,1,open,none,safe,civil,1,2256.957828,1444,extended,5.0,0
S00965,LTFM,41.205466,29.309172,B787-9,wide_body,2771,weather,1260,low,0.9,1260.0,1260.0,2345.096163,aircraft_fuel,OJAI,3660,61,asphalt,ILS,1,1,advanced,1,major,1,1,1,1,1,1,1,open,none,safe,civil,0,1211.13056,889,preferred,6.0,0
S00965,LTFM,41.205466,29.309172,B787-9,wide_body,2771,weather,1260,low,0.9,1260.0,1260.0,2345.096163,aircraft_fuel,EDDF,4000,60,asphalt,ILS,1,1,advanced,1,major,1,1,1,0,1,1,1,open,none,safe,civil,1,1879.102045,1229,extended,7.0,0
S00965,LTFM,41.205466,29.309172,B787-9,wide_body,2771,weather,1260,low,0.9,1260.0,1260.0,2345.096163,aircraft_fuel,LIRF,3902,60,asphalt,ILS,1,1,basic,1,major,1,1,1,1,1,1,1,open,none,safe,civil,1,1419.641231,1131,extended,8.0,0
S00965,LTFM,41.205466,29.309172,B787-9,wide_body,2771,weather,1260,low,0.9,1260.0,1260.0,2345.096163,aircraft_fuel,LTAC,3750,45,asphalt,ILS,1,1,advanced,1,major,1,1,1,1,1,1,1,open,none,safe,joint,0,333.129306,979,preferred,9.0,0
S00965,LTFM,41.205466,29.309172,B787-9,wide_body,2771,weather,1260,low,0.9,1260.0,1260.0,2345.096163,aircraft_fuel,EHAM,3800,60,asphalt,ILS,1,1,advanced,1,major,1,1,1,1,1,1,1,open,none,safe,civil,1,2223.501376,1029,extended,10.0,0
S00965,LTFM,41.205466,29.309172,B787-9,wide_body,2771,weather,1260,low,0.9,1260.0,1260.0,2345.096163,aircraft_fuel,DAAG,3500,60,asphalt,RNAV,0,1,basic,1,basic,1,1,1,1,1,1,0,open,none,safe,civil,0,2302.351377,729,extended,11.0,0
S00965,LTFM,41.205466,29.309172,B787-9,wide_body,2771,weather,1260,low,0.9,1260.0,1260.0,2345.096163,aircraft_fuel,EFHK,3440,60,asphalt,ILS,1,1,advanced,1,major,1,1,1,1,1,1,1,open,none,safe,civil,0,2146.001546,669,extended,12.0,0
S00965,LTFM,41.205466,29.309172,B787-9,wide_body,2771,weather,1260,low,0.9,1260.0,1260.0,2345.096163,aircraft_fuel,ULLI,3780,60,concrete,ILS,1,1,advanced,1,major,1,1,1,1,1,1,1,open,none,caution,civil,0,2068.697684,1009,extended,13.0,0
S00965,LTFM,41.205466,29.309172,B787-9,wide_body,2771,weather,1260,low,0.9,1260.0,1260.0,2345.096163,aircraft_fuel,LCLK,2987,45,asphalt,ILS,1,0,none,1,basic,1,0,1,1,1,1,1,open,none,safe,civil,0,798.679345,216,preferred,14.0,0
S00965,LTFM,41.205466,29.309172,B787-9,wide_body,2771,weather,1260,low,0.9,1260.0,1260.0,2345.096163,aircraft_fuel,UUEE,3700,60,concrete,ILS,1,1,advanced,1,major,1,1,1,1,1,1,1,open,none,caution,civil,0,1744.410835,929,extended,15.0,0
S00965,LTFM,41.205466,29.309172,B787-9,wide_body,2771,weather,1260,low,0.9,1260.0,1260.0,2345.096163,aircraft_fuel,ESSA,3301,45,asphalt,ILS,1,1,advanced,1,major,1,1,1,1,1,1,1,open,none,safe,civil,0,2196.321708,530,extended,16.0,0
S00966,CYVR,49.311631,-122.470817,B767-300ER,wide_body,3032,medical,514,critical,0.75,937.5,514.0,859.309019,emergency,CYVR,3505,61,asphalt,ILS,1,1,advanced,1,major,1,1,1,1,1,1,1,open,none,safe,civil,0,53.391829,473,preferred,1.0,1
S00967,LPPT,39.406742,-8.469472,A350-900,wide_body,3065,mechanical,595,low,0.9,1350.0,595.0,988.694068,emergency,LEMD,4350,60,asphalt,ILS,1,1,advanced,1,major,1,1,1,1,1,1,1,open,none,safe,civil,1,434.518243,1285,preferred,1.0,1
S00967,LPPT,39.406742,-8.469472,A350-900,wide_body,3065,mechanical,595,low,0.9,1350.0,595.0,988.694068,emergency,LPPT,3707,45,asphalt,ILS,1,1,advanced,1,major,1,1,1,1,1,1,1,open,none,safe,civil,0,90.246461,642,preferred,2.0,0
S00967,LPPT,39.406742,-8.469472,A350-900,wide_body,3065,mechanical,595,low,0.9,1350.0,595.0,988.694068,emergency,GMMN,3720,45,asphalt,ILS,1,1,advanced,1,major,1,1,1,1,1,1,1,open,none,safe,civil,0,676.121078,655,extended,3.0,0
S00968,NZAA,-37.030354,174.540436,A321,narrow_body,2579,mechanical,740,normal,1.0,1000.0,740.0,1141.951435,emergency,NZAA,3635,45,concrete,ILS,1,1,advanced,1,major,1,1,1,1,1,1,1,open,none,safe,civil,0,21.925719,1056,preferred,1.0,1
S00969,LCLK,35.374449,34.148521,A319,narrow_body,2020,weather,500,normal,1.0,900.0,500.0,807.374452,emergency,OJAI,3660,61,asphalt,ILS,1,1,advanced,1,major,1,1,1,1,1,1,1,open,none,safe,civil,0,440.556975,1640,preferred,1.0,1
S00969,LCLK,35.374449,34.148521,A319,narrow_body,2020,weather,500,normal,1.0,900.0,500.0,807.374452,emergency,HECA,4000,60,asphalt,ILS,1,1,basic,1,major,1,1,1,1,1,1,1,open,none,safe,civil,0,639.218919,1980,extended,2.0,0
S00969,LCLK,35.374449,34.148521,A319,narrow_body,2020,weather,500,normal,1.0,900.0,500.0,807.374452,emergency,LTAC,3750,45,asphalt,ILS,1,1,advanced,1,major,1,1,1,1,1,1,1,open,none,safe,joint,0,538.206137,1730,extended,3.0,0
S00969,LCLK,35.374449,34.148521,A319,narrow_body,2020,weather,500,normal,1.0,900.0,500.0,807.374452,emergency,LCLK,2987,45,asphalt,ILS,1,0,none,1,basic,1,0,1,1,1,1,1,open,none,safe,civil,0,73.149169,967,preferred,4.0,0
S00970,EGCC,52.435915,-2.661079,A320,narrow_body,2200,security,764,normal,1.0,950.0,764.0,1283.471784,emergency,LFPG,4215,45,asphalt,ILS,1,1,advanced,1,major,1,1,1,1,1,1,1,open,none,safe,civil,1,528.876654,2015,preferred,1.0,1
S00970,EGCC,52.435915,-2.661079,A320,narrow_body,2200,security,764,normal,1.0,950.0,764.0,1283.471784,emergency,EGLL,3901,50,asphalt,ILS,1,1,advanced,1,major,1,1,1,1,1,1,1,open,none,safe,civil,1,185.114712,1701,preferred,2.0,0
S00970,EGCC,52.435915,-2.661079,A320,narrow_body,2200,security,764,normal,1.0,950.0,764.0,1283.471784,emergency,EHAM,3800,60,asphalt,ILS,1,1,advanced,1,major,1,1,1,1,1,1,1,open,none,safe,civil,1,504.0409,1600,preferred,3.0,0
S00970,EGCC,52.435915,-2.661079,A320,narrow_body,2200,security,764,normal,1.0,950.0,764.0,1283.471784,emergency,EDDF,4000,60,asphalt,ILS,1,1,advanced,1,major,1,1,1,0,1,1,1,open,none,safe,civil,1,824.815561,1800,extended,4.0,0
S00970,EGCC,52.435915,-2.661079,A320,narrow_body,2200,security,764,normal,1.0,950.0,764.0,1283.471784,emergency,EGKK,3317,45,asphalt,ILS,1,1,advanced,1,major,1,1,1,1,1,1,1,open,none,safe,civil,1,222.391672,1117,preferred,5.0,0
S00970,EGCC,52.435915,-2.661079,A320,narrow_body,2200,security,764,normal,1.0,950.0,764.0,1283.471784,emergency,ENGM,3600,45,asphalt,ILS,1,1,advanced,1,major,1,1,1,1,1,1,1,open,none,safe,civil,0,1205.621096,1400,extended,6.0,0
S00970,EGCC,52.435915,-2.661079,A320,narrow_body,2200,security,764,normal,1.0,950.0,764.0,1283.471784,emergency,EIDW,3110,45,concrete,ILS,1,1,advanced,1,major,1,1,1,1,1,1,1,open,none,safe,civil,0,265.363403,910,preferred,7.0,0
S00970,EGCC,52.435915,-2.661079,A320,narrow_body,2200,security,764,normal,1.0,950.0,764.0,1283.471784,emergency,EGCC,3048,46,asphalt,ILS,1,1,advanced,1,major,1,1,1,1,1,1,1,open,none,safe,civil,1,105.293124,848,preferred,8.0,0
S00971,LIRF,42.159712,12.524302,A320,narrow_body,2290,security,877,normal,1.0,950.0,877.0,1415.017106,emergency,LEMD,4350,60,asphalt,ILS,1,1,advanced,1,major,1,1,1,1,1,1,1,open,none,safe,civil,1,1354.743501,2060,extended,1.0,1
S00971,LIRF,42.159712,12.524302,A320,narrow_body,2290,security,877,normal,1.0,950.0,877.0,1415.017106,emergency,LIRF,3902,60,asphalt,ILS,1,1,basic,1,major,1,1,1,1,1,1,1,open,none,safe,civil,1,45.457576,1612,preferred,2.0,0
S00971,LIRF,42.159712,12.524302,A320,narrow_body,2290,security,877,normal,1.0,950.0,877.0,1415.017106,emergency,LFPG,4215,45,asphalt,ILS,1,1,advanced,1,major,1,1,1,1,1,1,1,open,none,safe,civil,1,1085.496625,1925,extended,3.0,0
S00971,LIRF,42.159712,12.524302,A320,narrow_body,2290,security,877,normal,1.0,950.0,877.0,1415.017106,emergency,LTFM,4100,60,asphalt,ILS,1,1,advanced,1,major,1,1,1,1,1,1,0,open,none,safe,civil,0,1346.810118,1810,extended,4.0,0
S00971,LIRF,42.159712,12.524302,A320,narrow_body,2290,security,877,normal,1.0,950.0,877.0,1415.017106,emergency,EDDF,4000,60,asphalt,ILS,1,1,advanced,1,major,1,1,1,0,1,1,1,open,none,safe,civil,1,926.340866,1710,extended,5.0,0
S00971,LIRF,42.159712,12.524302,A320,narrow_body,2290,security,877,normal,1.0,950.0,877.0,1415.017106,emergency,LGAV,4000,45,asphalt,ILS,1,1,advanced,1,major,1,1,1,1,1,1,1,open,none,safe,civil,0,1078.360478,1710,extended,6.0,0
S00971,LIRF,42.159712,12.524302,A320,narrow_body,2290,security,877,normal,1.0,950.0,877.0,1415.017106,emergency,EHAM,3800,60,asphalt,ILS,1,1,advanced,1,major,1,1,1,1,1,1,1,open,none,safe,civil,1,1269.840608,1510,extended,7.0,0
S00971,LIRF,42.159712,12.524302,A320,narrow_body,2290,security,877,normal,1.0,950.0,877.0,1415.017106,emergency,DTTA,3200,45,asphalt,RNAV,0,1,basic,1,basic,1,0,1,1,1,1,1,open,none,safe,civil,0,622.261264,910,preferred,8.0,0
S00971,LIRF,42.159712,12.524302,A320,narrow_body,2290,security,877,normal,1.0,950.0,877.0,1415.017106,emergency,DAAG,3500,60,asphalt,RNAV,0,1,basic,1,basic,1,1,1,1,1,1,0,open,none,safe,civil,0,1003.369868,1210,extended,9.0,0
S00971,LIRF,42.159712,12.524302,A320,narrow_body,2290,security,877,normal,1.0,950.0,877.0,1415.017106,emergency,EGKK,3317,45,asphalt,ILS,1,1,advanced,1,major,1,1,1,1,1,1,1,open,none,safe,civil,1,1389.117531,1027,extended,10.0,0
S00972,KJFK,40.986402,-73.815075,CRJ900,regional_jet,1777,technical,597,normal,1.0,700.0,597.0,867.647069,emergency,KJFK,4423,61,asphalt,ILS,1,1,advanced,1,major,1,1,1,1,1,1,1,open,none,safe,civil,1,38.696823,2646,preferred,1.0,1
S00972,KJFK,40.986402,-73.815075,CRJ900,regional_jet,1777,technical,597,normal,1.0,700.0,597.0,867.647069,emergency,CYYZ,3389,61,asphalt,ILS,1,1,advanced,1,major,1,1,1,1,1,1,1,open,none,safe,civil,1,563.598121,1612,preferred,2.0,0
S00973,DAAG,35.998591,2.249721,A320,narrow_body,2248,security,1050,normal,1.0,950.0,950.0,1684.76979,aircraft_fuel,LEMD,4350,60,asphalt,ILS,1,1,advanced,1,major,1,1,1,1,1,1,1,open,none,safe,civil,1,712.620497,2102,preferred,1.0,1
S00973,DAAG,35.998591,2.249721,A320,narrow_body,2248,security,1050,normal,1.0,950.0,950.0,1684.76979,aircraft_fuel,LFPG,4215,45,asphalt,ILS,1,1,advanced,1,major,1,1,1,1,1,1,1,open,none,safe,civil,1,1446.89895,1967,extended,2.0,0
S00973,DAAG,35.998591,2.249721,A320,narrow_body,2248,security,1050,normal,1.0,950.0,950.0,1684.76979,aircraft_fuel,GMMN,3720,45,asphalt,ILS,1,1,advanced,1,major,1,1,1,1,1,1,1,open,none,safe,civil,0,945.559383,1472,preferred,3.0,0
S00973,DAAG,35.998591,2.249721,A320,narrow_body,2248,security,1050,normal,1.0,950.0,950.0,1684.76979,aircraft_fuel,EDDF,4000,60,asphalt,ILS,1,1,advanced,1,major,1,1,1,0,1,1,1,open,none,safe,civil,1,1640.535697,1752,extended,4.0,0
S00973,DAAG,35.998591,2.249721,A320,narrow_body,2248,security,1050,normal,1.0,950.0,950.0,1684.76979,aircraft_fuel,LIRF,3902,60,asphalt,ILS,1,1,basic,1,major,1,1,1,1,1,1,1,open,none,safe,civil,1,1078.568405,1654,extended,5.0,0
S00973,DAAG,35.998591,2.249721,A320,narrow_body,2248,security,1050,normal,1.0,950.0,950.0,1684.76979,aircraft_fuel,DAAG,3500,60,asphalt,RNAV,0,1,basic,1,basic,1,1,1,1,1,1,0,open,none,safe,civil,0,115.947314,1252,preferred,6.0,0
S00973,DAAG,35.998591,2.249721,A320,narrow_body,2248,security,1050,normal,1.0,950.0,950.0,1684.76979,aircraft_fuel,LPPT,3707,45,asphalt,ILS,1,1,advanced,1,major,1,1,1,1,1,1,1,open,none,safe,civil,0,1051.554888,1459,extended,7.0,0
S00973,DAAG,35.998591,2.249721,A320,narrow_body,2248,security,1050,normal,1.0,950.0,950.0,1684.76979,aircraft_fuel,DTTA,3200,45,asphalt,RNAV,0,1,basic,1,basic,1,0,1,1,1,1,1,open,none,safe,civil,0,719.804346,952,preferred,8.0,0
S00974,FMMI,-18.641261,48.203549,A220-300,narrow_body,2088,weather,686,low,0.9,855.0,686.0,1129.29561,emergency,FMMI,3100,45,asphalt,VOR,0,0,none,0,none,0,0,1,1,1,1,0,open,none,caution,civil,0,78.262721,1012,preferred,1.0,1
S00975,KORD,42.025734,-88.369808,A350-900,wide_body,3036,weather,885,normal,1.0,1500.0,885.0,1530.930802,emergency,KJFK,4423,61,asphalt,ILS,1,1,advanced,1,major,1,1,1,1,1,1,1,open,none,safe,civil,1,1226.419788,1387,extended,1.0,1
S00975,KORD,42.025734,-88.369808,A350-900,wide_body,3036,weather,885,normal,1.0,1500.0,885.0,1530.930802,emergency,KORD,3962,46,concrete,ILS,1,1,advanced,1,major,1,1,1,1,1,1,1,open,none,safe,civil,0,38.779875,926,preferred,2.0,0
S00975,KORD,42.025734,-88.369808,A350-900,wide_body,3036,weather,885,normal,1.0,1500.0,885.0,1530.930802,emergency,KATL,3776,46,concrete,ILS,1,1,advanced,1,major,1,1,1,1,1,1,1,open,none,safe,civil,0,994.66973,740,extended,3.0,0
S00975,KORD,42.025734,-88.369808,A350-900,wide_body,3036,weather,885,normal,1.0,1500.0,885.0,1530.930802,emergency,CYYZ,3389,61,asphalt,ILS,1,1,advanced,1,major,1,1,1,1,1,1,1,open,none,safe,civil,1,735.369175,353,preferred,4.0,0
S00976,DNMM,6.87034,2.784488,A330-300,wide_body,3018,technical,1086,normal,1.0,1300.0,1086.0,1793.968218,emergency,DNMM,3900,60,asphalt,ILS,1,1,advanced,1,major,1,1,1,1,1,1,1,open,none,caution,civil,0,67.628023,882,preferred,1.0,1
S00976,DNMM,6.87034,2.784488,A330-300,wide_body,3018,technical,1086,normal,1.0,1300.0,1086.0,1793.968218,emergency,DGAA,3403,61,asphalt,RNAV,0,0,none,1,basic,1,0,1,1,1,1,0,open,none,safe,civil,0,355.257072,385,preferred,2.0,0
S00976,DNMM,6.87034,2.784488,A330-300,wide_body,3018,technical,1086,normal,1.0,1300.0,1086.0,1793.968218,emergency,DNAA,3609,60,asphalt,RNAV,0,0,none,1,basic,1,0,1,1,1,1,1,open,none,safe,joint,0,547.433696,591,preferred,3.0,0
S00976,DNMM,6.87034,2.784488,A330-300,wide_body,3018,technical,1086,normal,1.0,1300.0,1086.0,1793.968218,emergency,DNKN,3200,46,asphalt,RNAV,0,0,none,1,basic,1,0,1,0,0,1,1,open,none,safe,joint,0,852.937436,182,preferred,4.0,0
S00977,KATL,34.390282,-83.292036,B767-300ER,wide_body,2961,technical,1059,normal,1.0,1250.0,1059.0,1842.664303,emergency,KJFK,4423,61,asphalt,ILS,1,1,advanced,1,major,1,1,1,1,1,1,1,open,none,safe,civil,1,1088.239097,1462,extended,1.0,1
S00977,KATL,34.390282,-83.292036,B767-300ER,wide_body,2961,technical,1059,normal,1.0,1250.0,1059.0,1842.664303,emergency,KORD,3962,46,concrete,ILS,1,1,advanced,1,major,1,1,1,1,1,1,1,open,none,safe,civil,0,934.771527,1001,preferred,2.0,0
S00977,KATL,34.390282,-83.292036,B767-300ER,wide_body,2961,technical,1059,normal,1.0,1250.0,1059.0,1842.664303,emergency,KATL,3776,46,concrete,ILS,1,1,advanced,1,major,1,1,1,1,1,1,1,open,none,safe,civil,0,134.109949,815,preferred,3.0,0
S00977,KATL,34.390282,-83.292036,B767-300ER,wide_body,2961,technical,1059,normal,1.0,1250.0,1059.0,1842.664303,emergency,CYYZ,3389,61,asphalt,ILS,1,1,advanced,1,major,1,1,1,1,1,1,1,open,none,safe,civil,1,1079.586805,428,extended,4.0,0
S00978,DGAA,5.167128,0.346929,B737 MAX 8,narrow_body,2354,technical,1140,normal,1.0,1000.0,1000.0,1642.771486,aircraft_fuel,DNMM,3900,60,asphalt,ILS,1,1,advanced,1,major,1,1,1,1,1,1,1,open,none,caution,civil,0,364.437196,1546,preferred,1.0,1
S00978,DGAA,5.167128,0.346929,B737 MAX 8,narrow_body,2354,technical,1140,normal,1.0,1000.0,1000.0,1642.771486,aircraft_fuel,DGAA,3403,61,asphalt,RNAV,0,0,none,1,basic,1,0,1,1,1,1,0,open,none,safe,civil,0,74.879261,1049,preferred,2.0,0
S00978,DGAA,5.167128,0.346929,B737 MAX 8,narrow_body,2354,technical,1140,normal,1.0,1000.0,1000.0,1642.771486,aircraft_fuel,DNAA,3609,60,asphalt,RNAV,0,0,none,1,basic,1,0,1,1,1,1,1,open,none,safe,joint,0,874.348238,1255,preferred,3.0,0
S00978,DGAA,5.167128,0.346929,B737 MAX 8,narrow_body,2354,technical,1140,normal,1.0,1000.0,1000.0,1642.771486,aircraft_fuel,DNKN,3200,46,asphalt,RNAV,0,0,none,1,basic,1,0,1,0,0,1,1,open,none,safe,joint,0,1180.08728,846,extended,4.0,0
S00979,VNKT,27.698437,84.034978,E190,regional_jet,1842,technical,935,critical,0.75,600.0,600.0,854.82498,aircraft_fuel,VIDP,4430,60,asphalt,ILS,1,1,advanced,1,major,1,1,1,1,1,1,1,open,none,safe,civil,1,687.07772,2588,extended,1.0,1
S00979,VNKT,27.698437,84.034978,E190,regional_jet,1842,technical,935,critical,0.75,600.0,600.0,854.82498,aircraft_fuel,VNKT,3350,45,asphalt,VOR,0,0,none,0,none,0,0,1,1,1,1,1,open,none,caution,civil,0,130.364002,1508,preferred,2.0,0
S00980,LTAC,39.815507,33.825553,B767-300ER,wide_body,3002,medical,684,critical,0.75,937.5,684.0,1120.824023,emergency,LTFM,4100,60,asphalt,ILS,1,1,advanced,1,major,1,1,1,1,1,1,0,open,none,safe,civil,0,459.860751,1098,preferred,1.0,1
S00980,LTAC,39.815507,33.825553,B767-300ER,wide_body,3002,medical,684,critical,0.75,937.5,684.0,1120.824023,emergency,LGAV,4000,45,asphalt,ILS,1,1,advanced,1,major,1,1,1,1,1,1,1,open,none,safe,civil,0,879.997776,998,extended,2.0,0
S00980,LTAC,39.815507,33.825553,B767-300ER,wide_body,3002,medical,684,critical,0.75,937.5,684.0,1120.824023,emergency,HECA,4000,60,asphalt,ILS,1,1,basic,1,major,1,1,1,1,1,1,1,open,none,safe,civil,0,1101.366249,998,extended,3.0,0
S00980,LTAC,39.815507,33.825553,B767-300ER,wide_body,3002,medical,684,critical,0.75,937.5,684.0,1120.824023,emergency,LTAC,3750,45,asphalt,ILS,1,1,advanced,1,major,1,1,1,1,1,1,1,open,none,safe,joint,0,78.842584,748,preferred,4.0,0
S00980,LTAC,39.815507,33.825553,B767-300ER,wide_body,3002,medical,684,critical,0.75,937.5,684.0,1120.824023,emergency,OJAI,3660,61,asphalt,ILS,1,1,advanced,1,major,1,1,1,1,1,1,1,open,none,safe,civil,0,920.806483,658,extended,5.0,0
S00981,LEMD,40.653366,-3.315941,CRJ900,regional_jet,1887,weather,1167,low,0.9,630.0,630.0,942.597447,aircraft_fuel,LEMD,4350,60,asphalt,ILS,1,1,advanced,1,major,1,1,1,1,1,1,1,open,none,safe,civil,1,28.017797,2463,preferred,1.0,1
S00981,LEMD,40.653366,-3.315941,CRJ900,regional_jet,1887,weather,1167,low,0.9,630.0,630.0,942.597447,aircraft_fuel,LPPT,3707,45,asphalt,ILS,1,1,advanced,1,major,1,1,1,1,1,1,1,open,none,safe,civil,0,539.421891,1820,preferred,2.0,0
S00981,LEMD,40.653366,-3.315941,CRJ900,regional_jet,1887,weather,1167,low,0.9,630.0,630.0,942.597447,aircraft_fuel,GMMN,3720,45,asphalt,ILS,1,1,advanced,1,major,1,1,1,1,1,1,1,open,none,safe,civil,0,894.324083,1833,extended,3.0,0
S00981,LEMD,40.653366,-3.315941,CRJ900,regional_jet,1887,weather,1167,low,0.9,630.0,630.0,942.597447,aircraft_fuel,DAAG,3500,60,asphalt,RNAV,0,1,basic,1,basic,1,1,1,1,1,1,0,open,none,safe,civil,0,717.448781,1613,extended,4.0,0
S00982,RJTT,35.828044,140.205402,A319,narrow_body,2151,medical,562,low,0.9,810.0,562.0,898.475669,emergency,RJAA,4000,60,asphalt,ILS,1,1,advanced,1,major,1,1,1,0,1,1,1,open,none,safe,civil,1,17.805764,1849,preferred,1.0,1
S00982,RJTT,35.828044,140.205402,A319,narrow_body,2151,medical,562,low,0.9,810.0,562.0,898.475669,emergency,RJTT,3360,61,asphalt,ILS,1,1,advanced,1,major,1,1,1,1,1,1,1,open,none,safe,civil,1,48.848752,1209,preferred,2.0,0
S00982,RJTT,35.828044,140.205402,A319,narrow_body,2151,medical,562,low,0.9,810.0,562.0,898.475669,emergency,RJCC,3000,61,asphalt,RNAV,0,1,basic,1,basic,1,1,1,1,1,1,1,open,none,safe,joint,0,782.897439,849,extended,3.0,0
S00983,MMMX,19.030268,-99.37547,E190,regional_jet,1876,medical,750,low,0.9,720.0,720.0,1095.434089,aircraft_fuel,MMMX,3952,45,asphalt,ILS,1,1,basic,1,major,1,1,1,1,1,1,1,open,none,safe,civil,0,55.316587,2076,preferred,1.0,1
S00984,KORD,41.971086,-87.623396,A321,narrow_body,2387,weather,629,critical,0.75,750.0,629.0,1036.220916,emergency,KORD,3962,46,concrete,ILS,1,1,advanced,1,major,1,1,1,1,1,1,1,open,none,safe,civil,0,23.2777,1575,preferred,1.0,1
S00984,KORD,41.971086,-87.623396,A321,narrow_body,2387,weather,629,critical,0.75,750.0,629.0,1036.220916,emergency,KATL,3776,46,concrete,ILS,1,1,advanced,1,major,1,1,1,1,1,1,1,open,none,safe,civil,0,968.121754,1389,extended,2.0,0
S00984,KORD,41.971086,-87.623396,A321,narrow_body,2387,weather,629,critical,0.75,750.0,629.0,1036.220916,emergency,CYYZ,3389,61,asphalt,ILS,1,1,advanced,1,major,1,1,1,1,1,1,1,open,none,safe,civil,1,678.641118,1002,extended,3.0,0
S00985,SAEZ,-34.586343,-58.60986,B767-300ER,wide_body,2974,security,532,normal,1.0,1250.0,532.0,903.792655,emergency,SAEZ,3300,60,asphalt,ILS,1,1,basic,1,major,1,1,1,1,1,1,1,open,none,safe,civil,0,27.085832,326,preferred,1.0,1
S00986,UAAA,42.724657,78.602508,A350-900,wide_body,2853,operational_constraints,806,low,0.9,1350.0,806.0,1433.663641,emergency,UAAA,4500,45,asphalt,RNAV,0,1,basic,1,basic,1,1,1,1,1,1,1,open,none,safe,civil,0,144.801173,1647,preferred,1.0,1
S00986,UAAA,42.724657,78.602508,A350-900,wide_body,2853,operational_constraints,806,low,0.9,1350.0,806.0,1433.663641,emergency,UACC,3500,45,asphalt,RNAV,0,1,basic,1,basic,1,1,1,1,1,1,1,open,none,safe,civil,0,1069.555354,647,extended,2.0,0
S00986,UAAA,42.724657,78.602508,A350-900,wide_body,2853,operational_constraints,806,low,0.9,1350.0,806.0,1433.663641,emergency,OPLA,3360,46,concrete,RNAV,0,0,none,1,basic,1,0,1,1,1,1,1,open,none,caution,civil,0,1299.688108,507,extended,3.0,0
S00987,EFHK,60.406022,24.027485,E175,regional_jet,1762,medical,1015,normal,1.0,750.0,750.0,1156.279363,aircraft_fuel,ENGM,3600,45,asphalt,ILS,1,1,advanced,1,major,1,1,1,1,1,1,1,open,none,safe,civil,0,711.43247,1838,preferred,1.0,1
S00987,EFHK,60.406022,24.027485,E175,regional_jet,1762,medical,1015,normal,1.0,750.0,750.0,1156.279363,aircraft_fuel,EFHK,3440,60,asphalt,ILS,1,1,advanced,1,major,1,1,1,1,1,1,1,open,none,safe,civil,0,52.375002,1678,preferred,2.0,0
S00987,EFHK,60.406022,24.027485,E175,regional_jet,1762,medical,1015,normal,1.0,750.0,750.0,1156.279363,aircraft_fuel,ULLI,3780,60,concrete,ILS,1,1,advanced,1,major,1,1,1,1,1,1,1,open,none,caution,civil,0,351.930278,2018,preferred,3.0,0
S00987,EFHK,60.406022,24.027485,E175,regional_jet,1762,medical,1015,normal,1.0,750.0,750.0,1156.279363,aircraft_fuel,ESSA,3301,45,asphalt,ILS,1,1,advanced,1,major,1,1,1,1,1,1,1,open,none,safe,civil,0,348.96444,1539,preferred,4.0,0
S00987,EFHK,60.406022,24.027485,E175,regional_jet,1762,medical,1015,normal,1.0,750.0,750.0,1156.279363,aircraft_fuel,UUEE,3700,60,concrete,ILS,1,1,advanced,1,major,1,1,1,1,1,1,1,open,none,caution,civil,0,923.654159,1938,extended,5.0,0
S00988,HELX,26.489239,32.435128,A321,narrow_body,2517,mechanical,464,normal,1.0,1000.0,464.0,759.259493,emergency,HECA,4000,60,asphalt,ILS,1,1,basic,1,major,1,1,1,1,1,1,1,open,none,safe,civil,0,415.405939,1483,preferred,1.0,1
S00988,HELX,26.489239,32.435128,A321,narrow_body,2517,mechanical,464,normal,1.0,1000.0,464.0,759.259493,emergency,OJAI,3660,61,asphalt,ILS,1,1,advanced,1,major,1,1,1,1,1,1,1,open,none,safe,civil,0,676.726723,1143,extended,2.0,0
S00988,HELX,26.489239,32.435128,A321,narrow_body,2517,mechanical,464,normal,1.0,1000.0,464.0,759.259493,emergency,HELX,3000,45,asphalt,RNAV,0,0,none,1,basic,1,0,1,0,0,1,1,open,none,safe,joint,0,94.937727,483,preferred,3.0,0
S00989,ZSPD,31.000728,121.846907,A319,narrow_body,2107,security,872,normal,1.0,900.0,872.0,1481.089239,emergency,ZSPD,4000,60,concrete,ILS,1,1,advanced,1,major,1,1,1,1,1,1,1,open,none,safe,civil,1,16.358768,1893,preferred,1.0,1
S00989,ZSPD,31.000728,121.846907,A319,narrow_body,2107,security,872,normal,1.0,900.0,872.0,1481.089239,emergency,RKSI,4000,60,asphalt,ILS,1,1,advanced,1,major,1,1,1,1,1,1,1,open,none,safe,civil,1,834.251573,1893,preferred,2.0,0
S00989,ZSPD,31.000728,121.846907,A319,narrow_body,2107,security,872,normal,1.0,900.0,872.0,1481.089239,emergency,RCTP,3660,60,concrete,ILS,1,1,advanced,1,major,1,1,1,1,1,1,1,open,none,safe,civil,0,661.356313,1553,preferred,3.0,0
S00989,ZSPD,31.000728,121.846907,A319,narrow_body,2107,security,872,normal,1.0,900.0,872.0,1481.089239,emergency,ZBAA,3810,60,asphalt,ILS,1,1,advanced,1,major,1,1,1,1,1,1,1,open,none,safe,civil,1,1114.923294,1703,extended,4.0,0
S00990,HAAB,9.191228,38.681664,A350-900,wide_body,2813,weather,714,normal,1.0,1500.0,714.0,1292.368344,emergency,HKJK,4117,45,asphalt,RNAV,0,1,basic,1,basic,1,0,1,1,1,1,1,open,none,safe,civil,0,1184.702602,1304,extended,1.0,1
S00991,RJAA,35.750777,140.648963,A319,narrow_body,2066,security,975,normal,1.0,900.0,900.0,1587.983815,aircraft_fuel,RJAA,4000,60,asphalt,ILS,1,1,advanced,1,major,1,1,1,0,1,1,1,open,none,safe,civil,1,23.566056,1934,preferred,1.0,1
S00991,RJAA,35.750777,140.648963,A319,narrow_body,2066,security,975,normal,1.0,900.0,900.0,1587.983815,aircraft_fuel,RKSI,4000,60,asphalt,ILS,1,1,advanced,1,major,1,1,1,1,1,1,1,open,none,safe,civil,1,1280.331793,1934,extended,2.0,0
S00991,RJAA,35.750777,140.648963,A319,narrow_body,2066,security,975,normal,1.0,900.0,900.0,1587.983815,aircraft_fuel,RJTT,3360,61,asphalt,ILS,1,1,advanced,1,major,1,1,1,1,1,1,1,open,none,safe,civil,1,81.033264,1294,preferred,3.0,0
S00991,RJAA,35.750777,140.648963,A319,narrow_body,2066,security,975,normal,1.0,900.0,900.0,1587.983815,aircraft_fuel,RJCC,3000,61,asphalt,RNAV,0,1,basic,1,basic,1,1,1,1,1,1,1,open,none,safe,joint,0,786.140861,934,preferred,4.0,0
S00992,UOOO,69.247709,85.141696,B737-800,narrow_body,2399,security,625,normal,1.0,950.0,625.0,1057.891813,emergency,UOOO,2800,45,concrete,VOR,0,0,none,1,basic,1,0,1,0,0,1,0,open,restricted,caution,joint,0,86.461847,401,preferred,1.0,1
S00993,NZAA,-37.073715,174.502721,E175,regional_jet,1780,security,1111,normal,1.0,750.0,750.0,1102.589086,aircraft_fuel,NZAA,3635,45,concrete,ILS,1,1,advanced,1,major,1,1,1,1,1,1,1,open,none,safe,civil,0,26.090509,1855,preferred,1.0,1
S00994,EIDW,52.497279,-6.872218,A330-300,wide_body,2878,operational_constraints,962,low,0.9,1170.0,962.0,1814.881085,emergency,LFPG,4215,45,asphalt,ILS,1,1,advanced,1,major,1,1,1,1,1,1,1,open,none,safe,civil,1,767.370197,1337,preferred,1.0,1
S00994,EIDW,52.497279,-6.872218,A330-300,wide_body,2878,operational_constraints,962,low,0.9,1170.0,962.0,1814.881085,emergency,LEMD,4350,60,asphalt,ILS,1,1,advanced,1,major,1,1,1,1,1,1,1,open,none,safe,civil,1,1358.085807,1472,extended,2.0,0
S00994,EIDW,52.497279,-6.872218,A330-300,wide_body,2878,operational_constraints,962,low,0.9,1170.0,962.0,1814.881085,emergency,EGLL,3901,50,asphalt,ILS,1,1,advanced,1,major,1,1,1,1,1,1,1,open,none,safe,civil,1,453.554607,1023,preferred,3.0,0
S00994,EIDW,52.497279,-6.872218,A330-300,wide_body,2878,operational_constraints,962,low,0.9,1170.0,962.0,1814.881085,emergency,EHAM,3800,60,asphalt,ILS,1,1,advanced,1,major,1,1,1,1,1,1,1,open,none,safe,civil,1,788.823899,922,preferred,4.0,0
S00994,EIDW,52.497279,-6.872218,A330-300,wide_body,2878,operational_constraints,962,low,0.9,1170.0,962.0,1814.881085,emergency,EDDF,4000,60,asphalt,ILS,1,1,advanced,1,major,1,1,1,0,1,1,1,open,none,safe,civil,1,1105.894345,1122,extended,5.0,0
S00994,EIDW,52.497279,-6.872218,A330-300,wide_body,2878,operational_constraints,962,low,0.9,1170.0,962.0,1814.881085,emergency,LPPT,3707,45,asphalt,ILS,1,1,advanced,1,major,1,1,1,1,1,1,1,open,none,safe,civil,0,1535.066945,829,extended,6.0,0
S00994,EIDW,52.497279,-6.872218,A330-300,wide_body,2878,operational_constraints,962,low,0.9,1170.0,962.0,1814.881085,emergency,EGKK,3317,45,asphalt,ILS,1,1,advanced,1,major,1,1,1,1,1,1,1,open,none,safe,civil,1,483.186625,439,preferred,7.0,0
S00994,EIDW,52.497279,-6.872218,A330-300,wide_body,2878,operational_constraints,962,low,0.9,1170.0,962.0,1814.881085,emergency,ENGM,3600,45,asphalt,ILS,1,1,advanced,1,major,1,1,1,1,1,1,1,open,none,safe,civil,0,1392.031216,722,extended,8.0,0
S00994,EIDW,52.497279,-6.872218,A330-300,wide_body,2878,operational_constraints,962,low,0.9,1170.0,962.0,1814.881085,emergency,EIDW,3110,45,concrete,ILS,1,1,advanced,1,major,1,1,1,1,1,1,1,open,none,safe,civil,0,111.338914,232,preferred,9.0,0
S00994,EIDW,52.497279,-6.872218,A330-300,wide_body,2878,operational_constraints,962,low,0.9,1170.0,962.0,1814.881085,emergency,EGCC,3048,46,asphalt,ILS,1,1,advanced,1,major,1,1,1,1,1,1,1,open,none,safe,civil,1,322.486046,170,preferred,10.0,0
S00994,EIDW,52.497279,-6.872218,A330-300,wide_body,2878,operational_constraints,962,low,0.9,1170.0,962.0,1814.881085,emergency,ESSA,3301,45,asphalt,ILS,1,1,advanced,1,major,1,1,1,1,1,1,1,open,none,safe,civil,0,1718.316813,423,extended,11.0,0
S00994,EIDW,52.497279,-6.872218,A330-300,wide_body,2878,operational_constraints,962,low,0.9,1170.0,962.0,1814.881085,emergency,BIKF,3065,60,asphalt,RNAV,0,1,basic,1,basic,1,0,1,1,1,1,1,open,none,safe,joint,0,1565.464815,187,extended,12.0,0
S00996,YSSY,-33.60369,151.245715,B737-800,narrow_body,2297,operational_constraints,1124,low,0.9,855.0,855.0,1403.469862,aircraft_fuel,YSSY,3962,45,asphalt,ILS,1,1,advanced,1,major,1,1,1,0,1,1,1,open,none,safe,civil,1,38.600094,1665,preferred,1.0,1
S00996,YSSY,-33.60369,151.245715,B737-800,narrow_body,2297,operational_constraints,1124,low,0.9,855.0,855.0,1403.469862,aircraft_fuel,YMML,3657,60,asphalt,ILS,1,1,advanced,1,major,1,1,1,1,1,1,1,open,none,safe,civil,0,734.418821,1360,preferred,2.0,0
S00997,VABB,19.248265,72.593409,CRJ900,regional_jet,1795,technical,849,normal,1.0,700.0,700.0,1090.533618,aircraft_fuel,VABB,3509,60,asphalt,ILS,1,1,advanced,1,major,1,1,1,1,1,1,1,open,none,safe,civil,1,33.851863,1714,preferred,1.0,1
S00997,VABB,19.248265,72.593409,CRJ900,regional_jet,1795,technical,849,normal,1.0,700.0,700.0,1090.533618,aircraft_fuel,OPKC,3400,46,concrete,RNAV,0,1,basic,1,basic,1,1,1,1,1,1,1,open,none,caution,civil,0,841.901309,1605,extended,2.0,0
S00998,HELX,25.876343,31.945671,A320,narrow_body,2422,technical,1126,normal,1.0,950.0,950.0,1511.086423,aircraft_fuel,HECA,4000,60,asphalt,ILS,1,1,basic,1,major,1,1,1,1,1,1,1,open,none,safe,civil,0,474.003803,1578,preferred,1.0,1
S00998,HELX,25.876343,31.945671,A320,narrow_body,2422,technical,1126,normal,1.0,950.0,950.0,1511.086423,aircraft_fuel,OERK,4205,60,asphalt,ILS,1,1,advanced,1,major,1,1,1,1,1,1,1,open,none,safe,civil,0,1484.423488,1783,extended,2.0,0
S00998,HELX,25.876343,31.945671,A320,narrow_body,2422,technical,1126,normal,1.0,950.0,950.0,1511.086423,aircraft_fuel,OJAI,3660,61,asphalt,ILS,1,1,advanced,1,major,1,1,1,1,1,1,1,open,none,safe,civil,0,760.179331,1238,preferred,3.0,0
S00998,HELX,25.876343,31.945671,A320,narrow_body,2422,technical,1126,normal,1.0,950.0,950.0,1511.086423,aircraft_fuel,HELX,3000,45,asphalt,RNAV,0,0,none,1,basic,1,0,1,0,0,1,1,open,none,safe,joint,0,79.541673,578,preferred,4.0,0
S00998,HELX,25.876343,31.945671,A320,narrow_body,2422,technical,1126,normal,1.0,950.0,950.0,1511.086423,aircraft_fuel,LCLK,2987,45,asphalt,ILS,1,0,none,1,basic,1,0,1,1,1,1,1,open,none,safe,civil,0,1013.446358,565,extended,5.0,0
S00999,LTFM,42.070035,28.6394,A319,narrow_body,2075,operational_constraints,1146,normal,1.0,900.0,900.0,1481.696457,aircraft_fuel,LTFM,4100,60,asphalt,ILS,1,1,advanced,1,major,1,1,1,1,1,1,0,open,none,safe,civil,0,88.752714,2025,preferred,1.0,1
S00999,LTFM,42.070035,28.6394,A319,narrow_body,2075,operational_constraints,1146,normal,1.0,900.0,900.0,1481.696457,aircraft_fuel,LGAV,4000,45,asphalt,ILS,1,1,advanced,1,major,1,1,1,1,1,1,1,open,none,safe,civil,0,609.040492,1925,preferred,2.0,0
S00999,LTFM,42.070035,28.6394,A319,narrow_body,2075,operational_constraints,1146,normal,1.0,900.0,900.0,1481.696457,aircraft_fuel,HECA,4000,60,asphalt,ILS,1,1,basic,1,major,1,1,1,1,1,1,1,open,none,safe,civil,0,1352.393144,1925,extended,3.0,0
S00999,LTFM,42.070035,28.6394,A319,narrow_body,2075,operational_constraints,1146,normal,1.0,900.0,900.0,1481.696457,aircraft_fuel,LIRF,3902,60,asphalt,ILS,1,1,basic,1,major,1,1,1,1,1,1,1,open,none,safe,civil,1,1353.735119,1827,extended,4.0,0
S00999,LTFM,42.070035,28.6394,A319,narrow_body,2075,operational_constraints,1146,normal,1.0,900.0,900.0,1481.696457,aircraft_fuel,LTAC,3750,45,asphalt,ILS,1,1,advanced,1,major,1,1,1,1,1,1,1,open,none,safe,joint,0,423.990239,1675,preferred,5.0,0
S00999,LTFM,42.070035,28.6394,A319,narrow_body,2075,operational_constraints,1146,normal,1.0,900.0,900.0,1481.696457,aircraft_fuel,OJAI,3660,61,asphalt,ILS,1,1,advanced,1,major,1,1,1,1,1,1,1,open,none,safe,civil,0,1322.168034,1585,extended,6.0,0
S00999,LTFM,42.070035,28.6394,A319,narrow_body,2075,operational_constraints,1146,normal,1.0,900.0,900.0,1481.696457,aircraft_fuel,LCLK,2987,45,asphalt,ILS,1,0,none,1,basic,1,0,1,1,1,1,1,open,none,safe,civil,0,909.763341,912,extended,7.0,0
S01000,KATL,33.475471,-85.343807,A319,narrow_body,2226,operational_constraints,1052,normal,1.0,900.0,900.0,1486.181383,aircraft_fuel,KJFK,4423,61,asphalt,ILS,1,1,advanced,1,major,1,1,1,1,1,1,1,open,none,safe,civil,1,1297.161413,2197,extended,1.0,1
S01000,KATL,33.475471,-85.343807,A319,narrow_body,2226,operational_constraints,1052,normal,1.0,900.0,900.0,1486.181383,aircraft_fuel,KATL,3776,46,concrete,ILS,1,1,advanced,1,major,1,1,1,1,1,1,1,open,none,safe,civil,0,86.725658,1550,preferred,2.0,0
S01000,KATL,33.475471,-85.343807,A319,narrow_body,2226,operational_constraints,1052,normal,1.0,900.0,900.0,1486.181383,aircraft_fuel,KORD,3962,46,concrete,ILS,1,1,advanced,1,major,1,1,1,1,1,1,1,open,none,safe,civil,0,971.826076,1736,extended,3.0,0
S01000,KATL,33.475471,-85.343807,A319,narrow_body,2226,operational_constraints,1052,normal,1.0,900.0,900.0,1486.181383,aircraft_fuel,CYYZ,3389,61,asphalt,ILS,1,1,advanced,1,major,1,1,1,1,1,1,1,open,none,safe,civil,1,1237.451478,1163,extended,4.0,0
S01001,VABB,18.304964,72.541432,B737-800,narrow_body,2478,weather,960,critical,0.75,712.5,712.5,1163.329491,aircraft_fuel,VABB,3509,60,asphalt,ILS,1,1,advanced,1,major,1,1,1,1,1,1,1,open,none,safe,civil,1,93.685663,1031,preferred,1.0,1
S01001,VABB,18.304964,72.541432,B737-800,narrow_body,2478,weather,960,critical,0.75,712.5,712.5,1163.329491,aircraft_fuel,OPKC,3400,46,concrete,RNAV,0,1,basic,1,basic,1,1,1,1,1,1,1,open,none,caution,civil,0,920.724508,922,extended,2.0,0
S01002,DTTA,37.21533,10.307278,A320,narrow_body,2290,security,505,critical,0.75,712.5,505.0,828.761317,emergency,LIRF,3902,60,asphalt,ILS,1,1,basic,1,major,1,1,1,1,1,1,1,open,none,safe,civil,1,536.832771,1612,extended,1.0,1
S01002,DTTA,37.21533,10.307278,A320,narrow_body,2290,security,505,critical,0.75,712.5,505.0,828.761317,emergency,DTTA,3200,45,asphalt,RNAV,0,1,basic,1,basic,1,0,1,1,1,1,1,open,none,safe,civil,0,41.130294,910,preferred,2.0,0
S01002,DTTA,37.21533,10.307278,A320,narrow_body,2290,security,505,critical,0.75,712.5,505.0,828.761317,emergency,DAAG,3500,60,asphalt,RNAV,0,1,basic,1,basic,1,1,1,1,1,1,0,open,none,safe,civil,0,632.752399,1210,extended,3.0,0
S01003,CYYZ,43.978893,-79.777263,B787-9,wide_body,2837,technical,802,low,0.9,1260.0,802.0,1329.284582,emergency,KJFK,4423,61,asphalt,ILS,1,1,advanced,1,major,1,1,1,1,1,1,1,open,none,safe,civil,1,617.09752,1586,preferred,1.0,1
S01003,CYYZ,43.978893,-79.777263,B787-9,wide_body,2837,technical,802,low,0.9,1260.0,802.0,1329.284582,emergency,KORD,3962,46,concrete,ILS,1,1,advanced,1,major,1,1,1,1,1,1,1,open,none,safe,civil,0,697.232711,1125,preferred,2.0,0
S01003,CYYZ,43.978893,-79.777263,B787-9,wide_body,2837,technical,802,low,0.9,1260.0,802.0,1329.284582,emergency,CYYZ,3389,61,asphalt,ILS,1,1,advanced,1,major,1,1,1,1,1,1,1,open,none,safe,civil,1,35.71405,552,preferred,3.0,0
S01003,CYYZ,43.978893,-79.777263,B787-9,wide_body,2837,technical,802,low,0.9,1260.0,802.0,1329.284582,emergency,KATL,3776,46,concrete,ILS,1,1,advanced,1,major,1,1,1,1,1,1,1,open,none,safe,civil,0,1218.017034,939,extended,4.0,0
S01005,FAOR,-26.857174,28.935288,A350-900,wide_body,2861,medical,703,normal,1.0,1500.0,703.0,1208.14572,emergency,FAOR,4418,61,asphalt,ILS,1,1,advanced,1,major,1,1,1,1,1,1,1,open,none,safe,civil,0,105.128528,1557,preferred,1.0,1
S01006,CYYZ,43.736457,-79.049087,B767-300ER,wide_body,2985,technical,1063,low,0.9,1125.0,1063.0,1919.668916,emergency,KJFK,4423,61,asphalt,ILS,1,1,advanced,1,major,1,1,1,1,1,1,1,open,none,safe,civil,1,553.966952,1438,preferred,1.0,1
S01006,CYYZ,43.736457,-79.049087,B767-300ER,wide_body,2985,technical,1063,low,0.9,1125.0,1063.0,1919.668916,emergency,KORD,3962,46,concrete,ILS,1,1,advanced,1,major,1,1,1,1,1,1,1,open,none,safe,civil,0,747.41664,977,preferred,2.0,0
S01006,CYYZ,43.736457,-79.049087,B767-300ER,wide_body,2985,technical,1063,low,0.9,1125.0,1063.0,1919.668916,emergency,CYYZ,3389,61,asphalt,ILS,1,1,advanced,1,major,1,1,1,1,1,1,1,open,none,safe,civil,1,47.131222,404,preferred,3.0,0
S01006,CYYZ,43.736457,-79.049087,B767-300ER,wide_body,2985,technical,1063,low,0.9,1125.0,1063.0,1919.668916,emergency,KATL,3776,46,concrete,ILS,1,1,advanced,1,major,1,1,1,1,1,1,1,open,none,safe,civil,0,1215.517086,791,extended,4.0,0
S01007,DNMM,6.154584,3.242475,A320,narrow_body,2255,medical,1026,low,0.9,855.0,855.0,1362.875798,aircraft_fuel,DNMM,3900,60,asphalt,ILS,1,1,advanced,1,major,1,1,1,1,1,1,1,open,none,caution,civil,0,47.809058,1645,preferred,1.0,1
S01008,OERK,24.743792,47.043414,A330-300,wide_body,2817,weather,545,low,0.9,1170.0,545.0,995.347957,emergency,OTHH,4850,60,asphalt,ILS,1,1,advanced,1,major,1,1,1,1,1,1,1,open,none,safe,civil,0,463.703903,2033,preferred,1.0,1
S01008,OERK,24.743792,47.043414,A330-300,wide_body,2817,weather,545,low,0.9,1170.0,545.0,995.347957,emergency,OKKK,4580,60,asphalt,ILS,1,1,advanced,1,major,1,1,1,1,1,1,1,open,none,safe,civil,0,506.608891,1763,preferred,2.0,0
S01008,OERK,24.743792,47.043414,A330-300,wide_body,2817,weather,545,low,0.9,1170.0,545.0,995.347957,emergency,OERK,4205,60,asphalt,ILS,1,1,advanced,1,major,1,1,1,1,1,1,1,open,none,safe,civil,0,42.121966,1388,preferred,3.0,0
S01008,OERK,24.743792,47.043414,A330-300,wide_body,2817,weather,545,low,0.9,1170.0,545.0,995.347957,emergency,OMDB,4447,60,asphalt,ILS,1,1,advanced,1,major,1,1,1,1,1,1,1,open,none,safe,civil,1,840.996388,1630,extended,4.0,0
S01008,OERK,24.743792,47.043414,A330-300,wide_body,2817,weather,545,low,0.9,1170.0,545.0,995.347957,emergency,OBBI,3956,60,asphalt,ILS,1,1,advanced,1,major,1,1,1,1,1,1,1,open,none,safe,civil,0,398.483927,1139,preferred,5.0,0
S01008,OERK,24.743792,47.043414,A330-300,wide_body,2817,weather,545,low,0.9,1170.0,545.0,995.347957,emergency,OMAA,4106,60,asphalt,ILS,1,1,advanced,1,major,1,1,1,1,1,1,1,open,none,safe,civil,0,769.651671,1289,extended,6.0,0
S01009,ENGM,61.099842,10.291177,A321,narrow_body,2497,mechanical,677,normal,1.0,1000.0,677.0,1129.158136,emergency,ENGM,3600,45,asphalt,ILS,1,1,advanced,1,major,1,1,1,1,1,1,1,open,none,safe,civil,0,109.967386,1103,preferred,1.0,1
S01009,ENGM,61.099842,10.291177,A321,narrow_body,2497,mechanical,677,normal,1.0,1000.0,677.0,1129.158136,emergency,EHAM,3800,60,asphalt,ILS,1,1,advanced,1,major,1,1,1,1,1,1,1,open,none,safe,civil,1,1033.238484,1303,extended,2.0,0
S01009,ENGM,61.099842,10.291177,A321,narrow_body,2497,mechanical,677,normal,1.0,1000.0,677.0,1129.158136,emergency,ESSA,3301,45,asphalt,ILS,1,1,advanced,1,major,1,1,1,1,1,1,1,open,none,safe,civil,0,449.445206,804,preferred,3.0,0
S01009,ENGM,61.099842,10.291177,A321,narrow_body,2497,mechanical,677,normal,1.0,1000.0,677.0,1129.158136,emergency,EFHK,3440,60,asphalt,ILS,1,1,advanced,1,major,1,1,1,1,1,1,1,open,none,safe,civil,0,801.1876,943,extended,4.0,0
S01009,ENGM,61.099842,10.291177,A321,narrow_body,2497,mechanical,677,normal,1.0,1000.0,677.0,1129.158136,emergency,ULLI,3780,60,concrete,ILS,1,1,advanced,1,major,1,1,1,1,1,1,1,open,none,caution,civil,0,1100.298122,1283,extended,5.0,0
S01010,KORD,42.101749,-87.659213,A350-900,wide_body,2939,technical,901,low,0.9,1350.0,901.0,1669.787669,emergency,KJFK,4423,61,asphalt,ILS,1,1,advanced,1,major,1,1,1,1,1,1,1,open,none,safe,civil,1,1168.250962,1484,extended,1.0,1
S01010,KORD,42.101749,-87.659213,A350-900,wide_body,2939,technical,901,low,0.9,1350.0,901.0,1669.787669,emergency,KORD,3962,46,concrete,ILS,1,1,advanced,1,major,1,1,1,1,1,1,1,open,none,safe,civil,0,24.471032,1023,preferred,2.0,0
S01010,KORD,42.101749,-87.659213,A350-900,wide_body,2939,technical,901,low,0.9,1350.0,901.0,1669.787669,emergency,KATL,3776,46,concrete,ILS,1,1,advanced,1,major,1,1,1,1,1,1,1,open,none,safe,civil,0,982.859064,837,extended,3.0,0
S01010,KORD,42.101749,-87.659213,A350-900,wide_body,2939,technical,901,low,0.9,1350.0,901.0,1669.787669,emergency,CYYZ,3389,61,asphalt,ILS,1,1,advanced,1,major,1,1,1,1,1,1,1,open,none,safe,civil,1,676.887651,450,preferred,4.0,0
S01011,OPKC,25.048612,67.120926,B787-9,wide_body,2929,weather,607,low,0.9,1260.0,607.0,1054.879934,emergency,OOMS,4080,45,asphalt,ILS,1,1,advanced,1,major,1,1,1,1,1,1,1,open,none,safe,civil,0,909.448277,1151,extended,1.0,1
S01011,OPKC,25.048612,67.120926,B787-9,wide_body,2929,weather,607,low,0.9,1260.0,607.0,1054.879934,emergency,VABB,3509,60,asphalt,ILS,1,1,advanced,1,major,1,1,1,1,1,1,1,open,none,safe,civil,1,888.47713,580,extended,2.0,0
S01011,OPKC,25.048612,67.120926,B787-9,wide_body,2929,weather,607,low,0.9,1260.0,607.0,1054.879934,emergency,OPKC,3400,46,concrete,RNAV,0,1,basic,1,basic,1,1,1,1,1,1,1,open,none,caution,civil,0,16.305159,471,preferred,3.0,0
S01011,OPKC,25.048612,67.120926,B787-9,wide_body,2929,weather,607,low,0.9,1260.0,607.0,1054.879934,emergency,OPLA,3360,46,concrete,RNAV,0,0,none,1,basic,1,0,1,1,1,1,1,open,none,caution,civil,0,1012.628391,431,extended,4.0,0
S01012,OMAA,24.108702,54.04879,A319,narrow_body,2138,operational_constraints,1241,normal,1.0,900.0,900.0,1496.015516,aircraft_fuel,OTHH,4850,60,asphalt,ILS,1,1,advanced,1,major,1,1,1,1,1,1,1,open,none,safe,civil,0,278.498686,2712,preferred,1.0,1
S01012,OMAA,24.108702,54.04879,A319,narrow_body,2138,operational_constraints,1241,normal,1.0,900.0,900.0,1496.015516,aircraft_fuel,OKKK,4580,60,asphalt,ILS,1,1,advanced,1,major,1,1,1,1,1,1,1,open,none,safe,civil,0,829.442015,2442,preferred,2.0,0
S01012,OMAA,24.108702,54.04879,A319,narrow_body,2138,operational_constraints,1241,normal,1.0,900.0,900.0,1496.015516,aircraft_fuel,OMDB,4447,60,asphalt,ILS,1,1,advanced,1,major,1,1,1,1,1,1,1,open,none,safe,civil,1,184.242648,2309,preferred,3.0,0
S01012,OMAA,24.108702,54.04879,A319,narrow_body,2138,operational_constraints,1241,normal,1.0,900.0,900.0,1496.015516,aircraft_fuel,OERK,4205,60,asphalt,ILS,1,1,advanced,1,major,1,1,1,1,1,1,1,open,none,safe,civil,0,749.36824,2067,preferred,4.0,0
S01012,OMAA,24.108702,54.04879,A319,narrow_body,2138,operational_constraints,1241,normal,1.0,900.0,900.0,1496.015516,aircraft_fuel,OMAA,4106,60,asphalt,ILS,1,1,advanced,1,major,1,1,1,1,1,1,1,open,none,safe,civil,0,71.199333,1968,preferred,5.0,0
S01012,OMAA,24.108702,54.04879,A319,narrow_body,2138,operational_constraints,1241,normal,1.0,900.0,900.0,1496.015516,aircraft_fuel,OOMS,4080,45,asphalt,ILS,1,1,advanced,1,major,1,1,1,1,1,1,1,open,none,safe,civil,0,434.509721,1942,preferred,6.0,0
S01012,OMAA,24.108702,54.04879,A319,narrow_body,2138,operational_constraints,1241,normal,1.0,900.0,900.0,1496.015516,aircraft_fuel,OBBI,3956,60,asphalt,ILS,1,1,advanced,1,major,1,1,1,1,1,1,1,open,none,safe,civil,0,418.800654,1818,preferred,7.0,0
S01012,OMAA,24.108702,54.04879,A319,narrow_body,2138,operational_constraints,1241,normal,1.0,900.0,900.0,1496.015516,aircraft_fuel,OPKC,3400,46,concrete,RNAV,0,1,basic,1,basic,1,1,1,1,1,1,1,open,none,caution,civil,0,1329.079198,1262,extended,8.0,0
S01013,WIMM,3.53382,99.275169,A330-300,wide_body,3114,weather,679,normal,1.0,1300.0,679.0,1201.361973,emergency,WMKK,4124,60,asphalt,ILS,1,1,advanced,1,major,1,1,1,1,1,1,1,open,none,safe,civil,0,284.186009,1010,preferred,1.0,1
S01013,WIMM,3.53382,99.275169,A330-300,wide_body,3114,weather,679,normal,1.0,1300.0,679.0,1201.361973,emergency,WSSS,4000,60,asphalt,ILS,1,1,advanced,1,major,1,1,1,1,1,1,1,open,none,safe,civil,1,577.705327,886,preferred,2.0,0
S01013,WIMM,3.53382,99.275169,A330-300,wide_body,3114,weather,679,normal,1.0,1300.0,679.0,1201.361973,emergency,VTBS,4000,60,asphalt,ILS,1,1,advanced,1,major,1,1,1,1,1,1,1,open,none,safe,civil,0,1139.83824,886,extended,3.0,0
S01014,ESSA,59.716146,16.842723,E175,regional_jet,1771,medical,625,critical,0.75,562.5,562.5,866.126436,aircraft_fuel,ENGM,3600,45,asphalt,ILS,1,1,advanced,1,major,1,1,1,1,1,1,1,open,none,safe,civil,0,323.968345,1829,preferred,1.0,1
S01014,ESSA,59.716146,16.842723,E175,regional_jet,1771,medical,625,critical,0.75,562.5,562.5,866.126436,aircraft_fuel,EFHK,3440,60,asphalt,ILS,1,1,advanced,1,major,1,1,1,1,1,1,1,open,none,safe,civil,0,455.890773,1669,preferred,2.0,0
S01014,ESSA,59.716146,16.842723,E175,regional_jet,1771,medical,625,critical,0.75,562.5,562.5,866.126436,aircraft_fuel,ESSA,3301,45,asphalt,ILS,1,1,advanced,1,major,1,1,1,1,1,1,1,open,none,safe,civil,0,61.425425,1530,preferred,3.0,0
S01014,ESSA,59.716146,16.842723,E175,regional_jet,1771,medical,625,critical,0.75,562.5,562.5,866.126436,aircraft_fuel,ULLI,3780,60,concrete,ILS,1,1,advanced,1,major,1,1,1,1,1,1,1,open,none,caution,civil,0,750.326614,2009,extended,4.0,0
S01015,OMAA,24.757029,54.575484,A320,narrow_body,2466,medical,939,normal,1.0,950.0,939.0,1497.83524,emergency,OTHH,4850,60,asphalt,ILS,1,1,advanced,1,major,1,1,1,1,1,1,1,open,none,safe,civil,0,304.459581,2384,preferred,1.0,1
S01015,OMAA,24.757029,54.575484,A320,narrow_body,2466,medical,939,normal,1.0,950.0,939.0,1497.83524,emergency,OKKK,4580,60,asphalt,ILS,1,1,advanced,1,major,1,1,1,1,1,1,1,open,none,safe,civil,0,821.384725,2114,preferred,2.0,0
S01015,OMAA,24.757029,54.575484,A320,narrow_body,2466,medical,939,normal,1.0,950.0,939.0,1497.83524,emergency,OMDB,4447,60,asphalt,ILS,1,1,advanced,1,major,1,1,1,1,1,1,1,open,none,safe,civil,1,97.102071,1981,preferred,3.0,0
S01015,OMAA,24.757029,54.575484,A320,narrow_body,2466,medical,939,normal,1.0,950.0,939.0,1497.83524,emergency,OERK,4205,60,asphalt,ILS,1,1,advanced,1,major,1,1,1,1,1,1,1,open,none,safe,civil,0,794.908173,1739,preferred,4.0,0
S01015,OMAA,24.757029,54.575484,A320,narrow_body,2466,medical,939,normal,1.0,950.0,939.0,1497.83524,emergency,OMAA,4106,60,asphalt,ILS,1,1,advanced,1,major,1,1,1,1,1,1,1,open,none,safe,civil,0,35.926936,1640,preferred,5.0,0
S01015,OMAA,24.757029,54.575484,A320,narrow_body,2466,medical,939,normal,1.0,950.0,939.0,1497.83524,emergency,OOMS,4080,45,asphalt,ILS,1,1,advanced,1,major,1,1,1,1,1,1,1,open,none,safe,civil,0,397.677648,1614,preferred,6.0,0
S01015,OMAA,24.757029,54.575484,A320,narrow_body,2466,medical,939,normal,1.0,950.0,939.0,1497.83524,emergency,OBBI,3956,60,asphalt,ILS,1,1,advanced,1,major,1,1,1,1,1,1,1,open,none,safe,civil,0,429.345104,1490,preferred,7.0,0
S01015,OMAA,24.757029,54.575484,A320,narrow_body,2466,medical,939,normal,1.0,950.0,939.0,1497.83524,emergency,OPKC,3400,46,concrete,RNAV,0,1,basic,1,basic,1,1,1,1,1,1,1,open,none,caution,civil,0,1269.695176,934,extended,8.0,0
S01016,EGCC,53.581918,-2.516885,E170,regional_jet,1789,fuel,876,normal,1.0,700.0,700.0,993.811103,aircraft_fuel,LFPG,4215,45,asphalt,ILS,1,1,advanced,1,major,1,1,1,1,1,1,1,open,none,safe,civil,1,618.431822,2426,preferred,1.0,1
S01016,EGCC,53.581918,-2.516885,E170,regional_jet,1789,fuel,876,normal,1.0,700.0,700.0,993.811103,aircraft_fuel,EGLL,3901,50,asphalt,ILS,1,1,advanced,1,major,1,1,1,1,1,1,1,open,none,safe,civil,1,272.869651,2112,preferred,2.0,0
S01016,EGCC,53.581918,-2.516885,E170,regional_jet,1789,fuel,876,normal,1.0,700.0,700.0,993.811103,aircraft_fuel,EHAM,3800,60,asphalt,ILS,1,1,advanced,1,major,1,1,1,1,1,1,1,open,none,safe,civil,1,507.707947,2011,preferred,3.0,0
S01016,EGCC,53.581918,-2.516885,E170,regional_jet,1789,fuel,876,normal,1.0,700.0,700.0,993.811103,aircraft_fuel,EDDF,4000,60,asphalt,ILS,1,1,advanced,1,major,1,1,1,0,1,1,1,open,none,safe,civil,1,856.716599,2211,extended,4.0,0
S01016,EGCC,53.581918,-2.516885,E170,regional_jet,1789,fuel,876,normal,1.0,700.0,700.0,993.811103,aircraft_fuel,EGKK,3317,45,asphalt,ILS,1,1,advanced,1,major,1,1,1,1,1,1,1,open,none,safe,civil,1,313.414744,1528,preferred,5.0,0
S01016,EGCC,53.581918,-2.516885,E170,regional_jet,1789,fuel,876,normal,1.0,700.0,700.0,993.811103,aircraft_fuel,EIDW,3110,45,concrete,ILS,1,1,advanced,1,major,1,1,1,1,1,1,1,open,none,safe,civil,0,248.23988,1321,preferred,6.0,0
S01016,EGCC,53.581918,-2.516885,E170,regional_jet,1789,fuel,876,normal,1.0,700.0,700.0,993.811103,aircraft_fuel,EGCC,3048,46,asphalt,ILS,1,1,advanced,1,major,1,1,1,1,1,1,1,open,none,safe,civil,1,30.002802,1259,preferred,7.0,0
S01017,VABB,19.697964,72.399266,B737 MAX 8,narrow_body,2426,fuel,561,normal,1.0,1000.0,561.0,859.685429,emergency,VABB,3509,60,asphalt,ILS,1,1,advanced,1,major,1,1,1,1,1,1,1,open,none,safe,civil,1,83.699714,1083,preferred,1.0,1
S01017,VABB,19.697964,72.399266,B737 MAX 8,narrow_body,2426,fuel,561,normal,1.0,1000.0,561.0,859.685429,emergency,OPKC,3400,46,concrete,RNAV,0,1,basic,1,basic,1,1,1,1,1,1,1,open,none,caution,civil,0,790.905649,974,extended,2.0,0
