scenario_id,seed_airport_icao,aircraft_lat,aircraft_lon,aircraft_type,aircraft_category,required_runway_m,emergency_type,max_range_km,fuel_state,fuel_multiplier,aircraft_adjusted_range_km,usable_range_km,extended_range_km,binding_side,airport_icao,runway_length_m,runway_width_m,surface_type,approach_type,has_ils,has_medical,medical_level,has_rescue,rescue_category,has_firefighting,has_maintenance,fuel_available,open_24h,is_international,tower_available,weather_reporting,closure_status,restricted_status,unsafe_status,civil_military,slot_restricted,distance_km,runway_margin_m,distance_zone,target_rank,is_top_choice,distance_rank,range_coverage_ratio,runway_rank
S00001,OERK,24.603892,46.685704,B737 MAX 8,narrow_body,2348,technical,1076,low,0.9,900.0,900.0,1438.858593,aircraft_fuel,OERK,4205,60,asphalt,ILS,1,1,advanced,1,major,1,1,1,1,1,1,1,open,none,safe,civil,0,39.352747,1857,preferred,1.0,1,1,22.8701,4
S00001,OERK,24.603892,46.685704,B737 MAX 8,narrow_body,2348,technical,1076,low,0.9,900.0,900.0,1438.858593,aircraft_fuel,OBBI,3956,60,asphalt,ILS,1,1,advanced,1,major,1,1,1,1,1,1,1,open,none,safe,civil,0,437.7933,1608,preferred,2.0,0,2,2.0558,7
S00001,OERK,24.603892,46.685704,B737 MAX 8,narrow_body,2348,technical,1076,low,0.9,900.0,900.0,1438.858593,aircraft_fuel,OTHH,4850,60,asphalt,ILS,1,1,advanced,1,major,1,1,1,1,1,1,1,open,none,safe,civil,0,501.822375,2502,preferred,3.0,0,3,1.7935,1
S00001,OERK,24.603892,46.685704,B737 MAX 8,narrow_body,2348,technical,1076,low,0.9,900.0,900.0,1438.858593,aircraft_fuel,OKKK,4580,60,asphalt,ILS,1,1,advanced,1,major,1,1,1,1,1,1,1,open,none,safe,civil,0,529.312384,2232,preferred,4.0,0,4,1.7003,2
S00001,OERK,24.603892,46.685704,B737 MAX 8,narrow_body,2348,technical,1076,low,0.9,900.0,900.0,1438.858593,aircraft_fuel,OMAA,4106,60,asphalt,ILS,1,1,advanced,1,major,1,1,1,1,1,1,1,open,none,safe,civil,0,805.722335,1758,preferred,5.0,0,5,1.117,5
S00001,OERK,24.603892,46.685704,B737 MAX 8,narrow_body,2348,technical,1076,low,0.9,900.0,900.0,1438.858593,aircraft_fuel,OMDB,4447,60,asphalt,ILS,1,1,advanced,1,major,1,1,1,1,1,1,1,open,none,safe,civil,1,878.579794,2099,preferred,6.0,0,6,1.0244,3
S00001,OERK,24.603892,46.685704,B737 MAX 8,narrow_body,2348,technical,1076,low,0.9,900.0,900.0,1438.858593,aircraft_fuel,OOMS,4080,45,asphalt,ILS,1,1,advanced,1,major,1,1,1,1,1,1,1,open,none,safe,civil,0,1182.284927,1732,extended,7.0,0,7,0.7612,6
S00001,OERK,24.603892,46.685704,B737 MAX 8,narrow_body,2348,technical,1076,low,0.9,900.0,900.0,1438.858593,aircraft_fuel,OJAI,3660,61,asphalt,ILS,1,1,advanced,1,major,1,1,1,1,1,1,1,open,none,safe,civil,0,1312.222517,1312,extended,8.0,0,8,0.6859,8
S00001,OERK,24.603892,46.685704,B737 MAX 8,narrow_body,2348,technical,1076,low,0.9,900.0,900.0,1438.858593,aircraft_fuel,HELX,3000,45,asphalt,RNAV,0,0,none,1,basic,1,0,1,0,0,1,1,open,none,safe,joint,0,1411.519387,652,extended,9.0,0,9,0.6376,9
S00002,LCLK,34.650759,34.074,A320,narrow_body,2201,mechanical,602,low,0.9,855.0,602.0,922.283928,emergency,LCLK,2987,45,asphalt,ILS,1,0,none,1,basic,1,0,1,1,1,1,1,open,none,safe,civil,0,48.013392,786,preferred,1.0,1,1,12.5382,5
S00002,LCLK,34.650759,34.074,A320,narrow_body,2201,mechanical,602,low,0.9,855.0,602.0,922.283928,emergency,OJAI,3660,61,asphalt,ILS,1,1,advanced,1,major,1,1,1,1,1,1,1,open,none,safe,civil,0,371.339562,1459,preferred,2.0,0,2,1.6212,4
S00002,LCLK,34.650759,34.074,A320,narrow_body,2201,mechanical,602,low,0.9,855.0,602.0,922.283928,emergency,HECA,4000,60,asphalt,ILS,1,1,basic,1,major,1,1,1,1,1,1,1,open,none,safe,civil,0,563.819667,1799,preferred,3.0,0,3,1.0677,2
S00002,LCLK,34.650759,34.074,A320,narrow_body,2201,mechanical,602,low,0.9,855.0,602.0,922.283928,emergency,LTFM,4100,60,asphalt,ILS,1,1,advanced,1,major,1,1,1,1,1,1,0,open,none,safe,civil,0,872.40589,1899,extended,4.0,0,5,0.69,1
S00002,LCLK,34.650759,34.074,A320,narrow_body,2201,mechanical,602,low,0.9,855.0,602.0,922.283928,emergency,LTAC,3750,45,asphalt,ILS,1,1,advanced,1,major,1,1,1,1,1,1,1,open,none,safe,joint,0,616.450736,1549,extended,5.0,0,4,0.9766,3
S00005,LEMD,40.195426,-4.457602,B737-800,narrow_body,2281,medical,993,normal,1.0,950.0,950.0,1686.303214,aircraft_fuel,LEMD,4350,60,asphalt,ILS,1,1,advanced,1,major,1,1,1,1,1,1,1,open,none,safe,civil,1,82.022563,2069,preferred,1.0,1,1,11.5822,1
S00005,LEMD,40.195426,-4.457602,B737-800,narrow_body,2281,medical,993,normal,1.0,950.0,950.0,1686.303214,aircraft_fuel,LPPT,3707,45,asphalt,ILS,1,1,advanced,1,major,1,1,1,1,1,1,1,open,none,safe,civil,0,431.095025,1426,preferred,2.0,0,2,2.2037,8
S00005,LEMD,40.195426,-4.457602,B737-800,narrow_body,2281,medical,993,normal,1.0,950.0,950.0,1686.303214,aircraft_fuel,GMMN,3720,45,asphalt,ILS,1,1,advanced,1,major,1,1,1,1,1,1,1,open,none,safe,civil,0,808.702096,1439,preferred,3.0,0,4,1.1747,7
S00005,LEMD,40.195426,-4.457602,B737-800,narrow_body,2281,medical,993,normal,1.0,950.0,950.0,1686.303214,aircraft_fuel,DAAG,3500,60,asphalt,RNAV,0,1,basic,1,basic,1,1,1,1,1,1,0,open,none,safe,civil,0,772.897572,1219,preferred,4.0,0,3,1.2291,9
S00005,LEMD,40.195426,-4.457602,B737-800,narrow_body,2281,medical,993,normal,1.0,950.0,950.0,1686.303214,aircraft_fuel,LFPG,4215,45,asphalt,ILS,1,1,advanced,1,major,1,1,1,1,1,1,1,open,none,safe,civil,1,1125.178676,1934,extended,5.0,0,5,0.8443,2
S00005,LEMD,40.195426,-4.457602,B737-800,narrow_body,2281,medical,993,normal,1.0,950.0,950.0,1686.303214,aircraft_fuel,EGLL,3901,50,asphalt,ILS,1,1,advanced,1,major,1,1,1,1,1,1,1,open,none,safe,civil,1,1290.938041,1620,extended,6.0,0,7,0.7359,5
S00005,LEMD,40.195426,-4.457602,B737-800,narrow_body,2281,medical,993,normal,1.0,950.0,950.0,1686.303214,aircraft_fuel,LIRF,3902,60,asphalt,ILS,1,1,basic,1,major,1,1,1,1,1,1,1,open,none,safe,civil,1,1411.356393,1621,extended,7.0,0,9,0.6731,4
S00005,LEMD,40.195426,-4.457602,B737-800,narrow_body,2281,medical,993,normal,1.0,950.0,950.0,1686.303214,aircraft_fuel,EDDF,4000,60,asphalt,ILS,1,1,advanced,1,major,1,1,1,0,1,1,1,open,none,safe,civil,1,1491.904907,1719,extended,8.0,0,12,0.6368,3
S00005,LEMD,40.195426,-4.457602,B737-800,narrow_body,2281,medical,993,normal,1.0,950.0,950.0,1686.303214,aircraft_fuel,EHAM,3800,60,asphalt,ILS,1,1,advanced,1,major,1,1,1,1,1,1,1,open,none,safe,civil,1,1519.325012,1519,extended,9.0,0,13,0.6253,6
S00005,LEMD,40.195426,-4.457602,B737-800,narrow_body,2281,medical,993,normal,1.0,950.0,950.0,1686.303214,aircraft_fuel,EGKK,3317,45,asphalt,ILS,1,1,advanced,1,major,1,1,1,1,1,1,1,open,none,safe,civil,1,1261.808646,1036,extended,10.0,0,6,0.7529,10
S00005,LEMD,40.195426,-4.457602,B737-800,narrow_body,2281,medical,993,normal,1.0,950.0,950.0,1686.303214,aircraft_fuel,DTTA,3200,45,asphalt,RNAV,0,1,basic,1,basic,1,0,1,1,1,1,1,open,none,safe,civil,0,1328.704397,919,extended,11.0,0,8,0.715,11
S00005,LEMD,40.195426,-4.457602,B737-800,narrow_body,2281,medical,993,normal,1.0,950.0,950.0,1686.303214,aircraft_fuel,EIDW,3110,45,concrete,ILS,1,1,advanced,1,major,1,1,1,1,1,1,1,open,none,safe,civil,0,1477.742802,829,extended,12.0,0,11,0.6429,12
S00005,LEMD,40.195426,-4.457602,B737-800,narrow_body,2281,medical,993,normal,1.0,950.0,950.0,1686.303214,aircraft_fuel,EGCC,3048,46,asphalt,ILS,1,1,advanced,1,major,1,1,1,1,1,1,1,open,none,safe,civil,1,1472.366882,767,extended,13.0,0,10,0.6452,13
S00007,OPKC,25.284895,67.153765,E175,regional_jet,1803,medical,901,normal,1.0,750.0,750.0,1126.999762,aircraft_fuel,OPKC,3400,46,concrete,RNAV,0,1,basic,1,basic,1,1,1,1,1,1,1,open,none,caution,civil,0,42.081562,1597,preferred,1.0,1,1,17.8225,4
S00007,OPKC,25.284895,67.153765,E175,regional_jet,1803,medical,901,normal,1.0,750.0,750.0,1126.999762,aircraft_fuel,VABB,3509,60,asphalt,ILS,1,1,advanced,1,major,1,1,1,1,1,1,1,open,none,safe,civil,1,905.701321,1706,extended,2.0,0,2,0.8281,3
S00007,OPKC,25.284895,67.153765,E175,regional_jet,1803,medical,901,normal,1.0,750.0,750.0,1126.999762,aircraft_fuel,OOMS,4080,45,asphalt,ILS,1,1,advanced,1,major,1,1,1,1,1,1,1,open,none,safe,civil,0,916.885484,2277,extended,3.0,0,3,0.818,2
S00007,OPKC,25.284895,67.153765,E175,regional_jet,1803,medical,901,normal,1.0,750.0,750.0,1126.999762,aircraft_fuel,VIDP,4430,60,asphalt,ILS,1,1,advanced,1,major,1,1,1,1,1,1,1,open,none,safe,civil,1,1050.144368,2627,extended,4.0,0,4,0.7142,1
S00011,DAAG,36.645517,2.698656,A320,narrow_body,2412,mechanical,738,normal,1.0,950.0,738.0,1221.546516,emergency,DAAG,3500,60,asphalt,RNAV,0,1,basic,1,basic,1,1,1,1,1,1,0,open,none,safe,civil,0,46.323354,1088,preferred,1.0,1,1,15.9315,5
S00011,DAAG,36.645517,2.698656,A320,narrow_body,2412,mechanical,738,normal,1.0,950.0,738.0,1221.546516,emergency,LEMD,4350,60,asphalt,ILS,1,1,advanced,1,major,1,1,1,1,1,1,1,open,none,safe,civil,1,692.712449,1938,preferred,2.0,0,3,1.0654,1
S00011,DAAG,36.645517,2.698656,A320,narrow_body,2412,mechanical,738,normal,1.0,950.0,738.0,1221.546516,emergency,DTTA,3200,45,asphalt,RNAV,0,1,basic,1,basic,1,0,1,1,1,1,1,open,none,safe,civil,0,670.988815,788,preferred,3.0,0,2,1.0999,6
S00011,DAAG,36.645517,2.698656,A320,narrow_body,2412,mechanical,738,normal,1.0,950.0,738.0,1221.546516,emergency,LIRF,3902,60,asphalt,ILS,1,1,basic,1,major,1,1,1,1,1,1,1,open,none,safe,civil,1,1002.13424,1490,extended,4.0,0,4,0.7364,2
S00011,DAAG,36.645517,2.698656,A320,narrow_body,2412,mechanical,738,normal,1.0,950.0,738.0,1221.546516,emergency,GMMN,3720,45,asphalt,ILS,1,1,advanced,1,major,1,1,1,1,1,1,1,open,none,safe,civil,0,1004.783831,1308,extended,5.0,0,5,0.7345,3
S00011,DAAG,36.645517,2.698656,A320,narrow_body,2412,mechanical,738,normal,1.0,950.0,738.0,1221.546516,emergency,LPPT,3707,45,asphalt,ILS,1,1,advanced,1,major,1,1,1,1,1,1,1,open,none,safe,civil,0,1066.922631,1295,extended,6.0,0,6,0.6917,4
S00018,ESSA,59.829893,16.115474,E170,regional_jet,1800,mechanical,905,normal,1.0,700.0,700.0,1072.661984,aircraft_fuel,ESSA,3301,45,asphalt,ILS,1,1,advanced,1,major,1,1,1,1,1,1,1,open,none,safe,civil,0,103.591003,1501,preferred,1.0,1,1,6.7573,4
S00018,ESSA,59.829893,16.115474,E170,regional_jet,1800,mechanical,905,normal,1.0,700.0,700.0,1072.661984,aircraft_fuel,ENGM,3600,45,asphalt,ILS,1,1,advanced,1,major,1,1,1,1,1,1,1,open,none,safe,civil,0,281.577976,1800,preferred,2.0,0,2,2.486,2
S00018,ESSA,59.829893,16.115474,E170,regional_jet,1800,mechanical,905,normal,1.0,700.0,700.0,1072.661984,aircraft_fuel,EFHK,3440,60,asphalt,ILS,1,1,advanced,1,major,1,1,1,1,1,1,1,open,none,safe,civil,0,493.433361,1640,preferred,3.0,0,3,1.4186,3
S00018,ESSA,59.829893,16.115474,E170,regional_jet,1800,mechanical,905,normal,1.0,700.0,700.0,1072.661984,aircraft_fuel,ULLI,3780,60,concrete,ILS,1,1,advanced,1,major,1,1,1,1,1,1,1,open,none,caution,civil,0,789.435239,1980,extended,4.0,0,4,0.8867,1
S00020,EDDF,51.069717,8.981945,B767-300ER,wide_body,3072,mechanical,705,low,0.9,1125.0,705.0,1076.103602,emergency,EDDF,4000,60,asphalt,ILS,1,1,advanced,1,major,1,1,1,0,1,1,1,open,none,safe,civil,1,119.776622,928,preferred,1.0,1,1,5.886,2
S00020,EDDF,51.069717,8.981945,B767-300ER,wide_body,3072,mechanical,705,low,0.9,1125.0,705.0,1076.103602,emergency,LFPG,4215,45,asphalt,ILS,1,1,advanced,1,major,1,1,1,1,1,1,1,open,none,safe,civil,1,512.821711,1143,preferred,2.0,0,3,1.3747,1
S00020,EDDF,51.069717,8.981945,B767-300ER,wide_body,3072,mechanical,705,low,0.9,1125.0,705.0,1076.103602,emergency,EHAM,3800,60,asphalt,ILS,1,1,advanced,1,major,1,1,1,1,1,1,1,open,none,safe,civil,1,321.6788,728,preferred,3.0,0,2,2.1916,5
S00020,EDDF,51.069717,8.981945,B767-300ER,wide_body,3072,mechanical,705,low,0.9,1125.0,705.0,1076.103602,emergency,EGLL,3901,50,asphalt,ILS,1,1,advanced,1,major,1,1,1,1,1,1,1,open,none,safe,civil,1,657.911947,829,preferred,4.0,0,5,1.0716,4
S00020,EDDF,51.069717,8.981945,B767-300ER,wide_body,3072,mechanical,705,low,0.9,1125.0,705.0,1076.103602,emergency,EGKK,3317,45,asphalt,ILS,1,1,advanced,1,major,1,1,1,1,1,1,1,open,none,safe,civil,1,639.663815,245,preferred,5.0,0,4,1.1021,7
S00020,EDDF,51.069717,8.981945,B767-300ER,wide_body,3072,mechanical,705,low,0.9,1125.0,705.0,1076.103602,emergency,LIRF,3902,60,asphalt,ILS,1,1,basic,1,major,1,1,1,1,1,1,1,open,none,safe,civil,1,1059.995029,830,extended,6.0,0,7,0.6651,3
S00020,EDDF,51.069717,8.981945,B767-300ER,wide_body,3072,mechanical,705,low,0.9,1125.0,705.0,1076.103602,emergency,ENGM,3600,45,asphalt,ILS,1,1,advanced,1,major,1,1,1,1,1,1,1,open,none,safe,civil,0,1023.104019,528,extended,7.0,0,6,0.6891,6
S00020,EDDF,51.069717,8.981945,B767-300ER,wide_body,3072,mechanical,705,low,0.9,1125.0,705.0,1076.103602,emergency,EIDW,3110,45,concrete,ILS,1,1,advanced,1,major,1,1,1,1,1,1,1,open,none,safe,civil,0,1068.116977,38,extended,8.0,0,8,0.66,8
S00021,HELX,25.872722,32.599388,A321,narrow_body,2420,operational_constraints,971,low,0.9,900.0,900.0,1615.606745,aircraft_fuel,HECA,4000,60,asphalt,ILS,1,1,basic,1,major,1,1,1,1,1,1,1,open,none,safe,civil,0,485.889987,1580,preferred,1.0,1,2,1.8523,3
S00021,HELX,25.872722,32.599388,A321,narrow_body,2420,operational_constraints,971,low,0.9,900.0,900.0,1615.606745,aircraft_fuel,HELX,3000,45,asphalt,RNAV,0,0,none,1,basic,1,0,1,0,0,1,1,open,none,safe,joint,0,24.867234,580,preferred,2.0,0,1,36.1922,7
S00021,HELX,25.872722,32.599388,A321,narrow_body,2420,operational_constraints,971,low,0.9,900.0,900.0,1615.606745,aircraft_fuel,OJAI,3660,61,asphalt,ILS,1,1,advanced,1,major,1,1,1,1,1,1,1,open,none,safe,civil,0,729.586247,1240,preferred,3.0,0,3,1.2336,6
S00021,HELX,25.872722,32.599388,A321,narrow_body,2420,operational_constraints,971,low,0.9,900.0,900.0,1615.606745,aircraft_fuel,OERK,4205,60,asphalt,ILS,1,1,advanced,1,major,1,1,1,1,1,1,1,open,none,safe,civil,0,1419.022287,1785,extended,4.0,0,5,0.6342,2
S00021,HELX,25.872722,32.599388,A321,narrow_body,2420,operational_constraints,971,low,0.9,900.0,900.0,1615.606745,aircraft_fuel,OKKK,4580,60,asphalt,ILS,1,1,advanced,1,major,1,1,1,1,1,1,1,open,none,safe,civil,0,1559.161195,2160,extended,5.0,0,6,0.5772,1
S00021,HELX,25.872722,32.599388,A321,narrow_body,2420,operational_constraints,971,low,0.9,900.0,900.0,1615.606745,aircraft_fuel,LGAV,4000,45,asphalt,ILS,1,1,advanced,1,major,1,1,1,1,1,1,1,open,none,safe,civil,0,1568.815473,1580,extended,6.0,0,7,0.5737,3
S00021,HELX,25.872722,32.599388,A321,narrow_body,2420,operational_constraints,971,low,0.9,900.0,900.0,1615.606745,aircraft_fuel,LTAC,3750,45,asphalt,ILS,1,1,advanced,1,major,1,1,1,1,1,1,1,open,none,safe,joint,0,1585.550274,1330,extended,7.0,0,8,0.5676,5
S00021,HELX,25.872722,32.599388,A321,narrow_body,2420,operational_constraints,971,low,0.9,900.0,900.0,1615.606745,aircraft_fuel,LCLK,2987,45,asphalt,ILS,1,0,none,1,basic,1,0,1,1,1,1,1,open,none,safe,civil,0,1005.821292,567,extended,8.0,0,4,0.8948,8
S00024,DNMM,6.457259,4.032494,E190,regional_jet,1925,weather,777,low,0.9,720.0,720.0,1008.510579,aircraft_fuel,DNMM,3900,60,asphalt,ILS,1,1,advanced,1,major,1,1,1,1,1,1,1,open,none,caution,civil,0,79.712391,1975,preferred,1.0,1,1,9.0325,1
S00024,DNMM,6.457259,4.032494,E190,regional_jet,1925,weather,777,low,0.9,720.0,720.0,1008.510579,aircraft_fuel,DGAA,3403,61,asphalt,RNAV,0,0,none,1,basic,1,0,1,1,1,1,0,open,none,safe,civil,0,473.915862,1478,preferred,2.0,0,3,1.5193,3
S00024,DNMM,6.457259,4.032494,E190,regional_jet,1925,weather,777,low,0.9,720.0,720.0,1008.510579,aircraft_fuel,DNAA,3609,60,asphalt,RNAV,0,0,none,1,basic,1,0,1,1,1,1,1,open,none,safe,joint,0,455.038886,1684,preferred,3.0,0,2,1.5823,2
S00024,DNMM,6.457259,4.032494,E190,regional_jet,1925,weather,777,low,0.9,720.0,720.0,1008.510579,aircraft_fuel,DNKN,3200,46,asphalt,RNAV,0,0,none,1,basic,1,0,1,0,0,1,1,open,none,safe,joint,0,793.252022,1275,extended,4.0,0,4,0.9077,4
S00025,RKSI,38.059707,126.623792,E190,regional_jet,1906,mechanical,778,normal,1.0,800.0,778.0,1205.000007,emergency,RKSI,4000,60,asphalt,ILS,1,1,advanced,1,major,1,1,1,1,1,1,1,open,none,safe,civil,1,67.406042,2094,preferred,1.0,1,1,11.542,1
S00025,RKSI,38.059707,126.623792,E190,regional_jet,1906,mechanical,778,normal,1.0,800.0,778.0,1205.000007,emergency,ZSPD,4000,60,concrete,ILS,1,1,advanced,1,major,1,1,1,1,1,1,1,open,none,safe,civil,1,886.207543,2094,extended,2.0,0,2,0.8779,1
S00025,RKSI,38.059707,126.623792,E190,regional_jet,1906,mechanical,778,normal,1.0,800.0,778.0,1205.000007,emergency,ZBAA,3810,60,asphalt,ILS,1,1,advanced,1,major,1,1,1,1,1,1,1,open,none,safe,civil,1,893.693888,1904,extended,3.0,0,3,0.8705,3
S00025,RKSI,38.059707,126.623792,E190,regional_jet,1906,mechanical,778,normal,1.0,800.0,778.0,1205.000007,emergency,RJTT,3360,61,asphalt,ILS,1,1,advanced,1,major,1,1,1,1,1,1,1,open,none,safe,civil,1,1203.569586,1454,extended,4.0,0,4,0.6464,4
S00026,LTFM,41.561709,28.389847,A319,narrow_body,2115,technical,793,normal,1.0,900.0,793.0,1268.62357,emergency,LTFM,4100,60,asphalt,ILS,1,1,advanced,1,major,1,1,1,1,1,1,0,open,none,safe,civil,0,42.800612,1985,preferred,1.0,1,1,18.5278,1
S00026,LTFM,41.561709,28.389847,A319,narrow_body,2115,technical,793,normal,1.0,900.0,793.0,1268.62357,emergency,LGAV,4000,45,asphalt,ILS,1,1,advanced,1,major,1,1,1,1,1,1,1,open,none,safe,civil,0,553.857207,1885,preferred,2.0,0,3,1.4318,2
S00026,LTFM,41.561709,28.389847,A319,narrow_body,2115,technical,793,normal,1.0,900.0,793.0,1268.62357,emergency,LTAC,3750,45,asphalt,ILS,1,1,advanced,1,major,1,1,1,1,1,1,1,open,none,safe,joint,0,418.825624,1635,preferred,3.0,0,2,1.8934,3
S00026,LTFM,41.561709,28.389847,A319,narrow_body,2115,technical,793,normal,1.0,900.0,793.0,1268.62357,emergency,LCLK,2987,45,asphalt,ILS,1,0,none,1,basic,1,0,1,1,1,1,1,open,none,safe,civil,0,872.492328,872,extended,4.0,0,4,0.9089,4
S00028,WSSS,1.512516,103.439351,E190,regional_jet,1839,security,1070,normal,1.0,800.0,800.0,1216.415278,aircraft_fuel,WSSS,4000,60,asphalt,ILS,1,1,advanced,1,major,1,1,1,1,1,1,1,open,none,safe,civil,1,64.242998,2161,preferred,1.0,1,1,12.4527,2
S00028,WSSS,1.512516,103.439351,E190,regional_jet,1839,security,1070,normal,1.0,800.0,800.0,1216.415278,aircraft_fuel,WMKK,4124,60,asphalt,ILS,1,1,advanced,1,major,1,1,1,1,1,1,1,open,none,safe,civil,0,236.059825,2285,preferred,2.0,0,2,3.389,1
S00028,WSSS,1.512516,103.439351,E190,regional_jet,1839,security,1070,normal,1.0,800.0,800.0,1216.415278,aircraft_fuel,WIMM,3000,60,asphalt,RNAV,1,1,basic,1,basic,1,0,1,1,0,1,1,open,none,safe,civil,0,558.510426,1161,preferred,3.0,0,3,1.4324,3
S00030,RKSI,36.876217,126.397711,E190,regional_jet,1848,operational_constraints,1184,low,0.9,720.0,720.0,1117.468142,aircraft_fuel,RKSI,4000,60,asphalt,ILS,1,1,advanced,1,major,1,1,1,1,1,1,1,open,none,safe,civil,1,66.094522,2152,preferred,1.0,1,1,10.8935,1
S00030,RKSI,36.876217,126.397711,E190,regional_jet,1848,operational_constraints,1184,low,0.9,720.0,720.0,1117.468142,aircraft_fuel,ZSPD,4000,60,concrete,ILS,1,1,advanced,1,major,1,1,1,1,1,1,1,open,none,safe,civil,1,764.969957,2152,extended,2.0,0,2,0.9412,1
S00030,RKSI,36.876217,126.397711,E190,regional_jet,1848,operational_constraints,1184,low,0.9,720.0,720.0,1117.468142,aircraft_fuel,ZBAA,3810,60,asphalt,ILS,1,1,advanced,1,major,1,1,1,1,1,1,1,open,none,safe,civil,1,923.784468,1962,extended,3.0,0,3,0.7794,3
S00031,RJAA,35.684512,140.631726,A220-300,narrow_body,2242,mechanical,625,normal,1.0,950.0,625.0,1059.482063,emergency,RJAA,4000,60,asphalt,ILS,1,1,advanced,1,major,1,1,1,0,1,1,1,open,none,safe,civil,1,23.845263,1758,preferred,1.0,1,1,26.2107,1
S00031,RJAA,35.684512,140.631726,A220-300,narrow_body,2242,mechanical,625,normal,1.0,950.0,625.0,1059.482063,emergency,RJTT,3360,61,asphalt,ILS,1,1,advanced,1,major,1,1,1,1,1,1,1,open,none,safe,civil,1,77.819082,1118,preferred,2.0,0,2,8.0314,2
S00031,RJAA,35.684512,140.631726,A220-300,narrow_body,2242,mechanical,625,normal,1.0,950.0,625.0,1059.482063,emergency,RJCC,3000,61,asphalt,RNAV,0,1,basic,1,basic,1,1,1,1,1,1,1,open,none,safe,joint,0,793.634743,758,extended,3.0,0,3,0.7875,3
S00034,WMKK,3.256183,101.658204,A321,narrow_body,2400,weather,1246,low,0.9,900.0,900.0,1552.53166,aircraft_fuel,WMKK,4124,60,asphalt,ILS,1,1,advanced,1,major,1,1,1,1,1,1,1,open,none,safe,civil,0,57.067028,1724,preferred,1.0,1,1,15.7709,1
S00034,WMKK,3.256183,101.658204,A321,narrow_body,2400,weather,1246,low,0.9,900.0,900.0,1552.53166,aircraft_fuel,WSSS,4000,60,asphalt,ILS,1,1,advanced,1,major,1,1,1,1,1,1,1,open,none,safe,civil,1,335.053928,1600,preferred,2.0,0,3,2.6861,2
S00034,WMKK,3.256183,101.658204,A321,narrow_body,2400,weather,1246,low,0.9,900.0,900.0,1552.53166,aircraft_fuel,WIMM,3000,60,asphalt,RNAV,1,1,basic,1,basic,1,0,1,1,0,1,1,open,none,safe,civil,0,310.750312,600,preferred,3.0,0,2,2.8962,4
S00034,WMKK,3.256183,101.658204,A321,narrow_body,2400,weather,1246,low,0.9,900.0,900.0,1552.53166,aircraft_fuel,VTBS,4000,60,asphalt,ILS,1,1,advanced,1,major,1,1,1,1,1,1,1,open,none,safe,civil,0,1163.509114,1600,extended,4.0,0,4,0.7735,2
S00035,OPKC,25.079841,66.930517,A320,narrow_body,2338,weather,1152,low,0.9,855.0,855.0,1525.542714,aircraft_fuel,OPKC,3400,46,concrete,RNAV,0,1,basic,1,basic,1,1,1,1,1,1,1,open,none,caution,civil,0,30.168368,1062,preferred,1.0,1,1,28.3409,6
S00035,OPKC,25.079841,66.930517,A320,narrow_body,2338,weather,1152,low,0.9,855.0,855.0,1525.542714,aircraft_fuel,OOMS,4080,45,asphalt,ILS,1,1,advanced,1,major,1,1,1,1,1,1,1,open,none,safe,civil,0,891.003715,1742,extended,2.0,0,2,0.9596,4
S00035,OPKC,25.079841,66.930517,A320,narrow_body,2338,weather,1152,low,0.9,855.0,855.0,1525.542714,aircraft_fuel,VIDP,4430,60,asphalt,ILS,1,1,advanced,1,major,1,1,1,1,1,1,1,open,none,safe,civil,1,1079.69753,2092,extended,3.0,0,5,0.7919,2
S00035,OPKC,25.079841,66.930517,A320,narrow_body,2338,weather,1152,low,0.9,855.0,855.0,1525.542714,aircraft_fuel,OMDB,4447,60,asphalt,ILS,1,1,advanced,1,major,1,1,1,1,1,1,1,open,none,safe,civil,1,1163.159733,2109,extended,4.0,0,6,0.7351,1
S00035,OPKC,25.079841,66.930517,A320,narrow_body,2338,weather,1152,low,0.9,855.0,855.0,1525.542714,aircraft_fuel,OMAA,4106,60,asphalt,ILS,1,1,advanced,1,major,1,1,1,1,1,1,1,open,none,safe,civil,0,1241.676385,1768,extended,5.0,0,7,0.6886,3
S00035,OPKC,25.079841,66.930517,A320,narrow_body,2338,weather,1152,low,0.9,855.0,855.0,1525.542714,aircraft_fuel,VABB,3509,60,asphalt,ILS,1,1,advanced,1,major,1,1,1,1,1,1,1,open,none,safe,civil,1,904.160041,1171,extended,6.0,0,3,0.9456,5
S00035,OPKC,25.079841,66.930517,A320,narrow_body,2338,weather,1152,low,0.9,855.0,855.0,1525.542714,aircraft_fuel,OPLA,3360,46,concrete,RNAV,0,0,none,1,basic,1,0,1,1,1,1,1,open,none,caution,civil,0,1023.30379,1022,extended,7.0,0,4,0.8355,7
S00036,VABB,18.734817,72.21415,E190,regional_jet,1841,operational_constraints,1149,normal,1.0,800.0,800.0,1338.062792,aircraft_fuel,VABB,3509,60,asphalt,ILS,1,1,advanced,1,major,1,1,1,1,1,1,1,open,none,safe,civil,1,79.231316,1668,preferred,1.0,1,1,10.097,2
S00036,VABB,18.734817,72.21415,E190,regional_jet,1841,operational_constraints,1149,normal,1.0,800.0,800.0,1338.062792,aircraft_fuel,VIDP,4430,60,asphalt,ILS,1,1,advanced,1,major,1,1,1,1,1,1,1,open,none,safe,civil,1,1199.470046,2589,extended,2.0,0,3,0.667,1
S00036,VABB,18.734817,72.21415,E190,regional_jet,1841,operational_constraints,1149,normal,1.0,800.0,800.0,1338.062792,aircraft_fuel,OPKC,3400,46,concrete,RNAV,0,1,basic,1,basic,1,1,1,1,1,1,1,open,none,caution,civil,0,861.774057,1559,extended,3.0,0,2,0.9283,3
S00038,UUEE,56.009972,37.92834,A320,narrow_body,2313,technical,914,normal,1.0,950.0,914.0,1593.004348,emergency,UUEE,3700,60,concrete,ILS,1,1,advanced,1,major,1,1,1,1,1,1,1,open,none,caution,civil,0,32.370341,1387,preferred,1.0,1,1,28.2357,2
S00038,UUEE,56.009972,37.92834,A320,narrow_body,2313,technical,914,normal,1.0,950.0,914.0,1593.004348,emergency,EFHK,3440,60,asphalt,ILS,1,1,advanced,1,major,1,1,1,1,1,1,1,open,none,safe,civil,0,896.448337,1127,preferred,2.0,0,3,1.0196,3
S00038,UUEE,56.009972,37.92834,A320,narrow_body,2313,technical,914,normal,1.0,950.0,914.0,1593.004348,emergency,ULLI,3780,60,concrete,ILS,1,1,advanced,1,major,1,1,1,1,1,1,1,open,none,caution,civil,0,617.970353,1467,preferred,3.0,0,2,1.479,1
S00038,UUEE,56.009972,37.92834,A320,narrow_body,2313,technical,914,normal,1.0,950.0,914.0,1593.004348,emergency,ESSA,3301,45,asphalt,ILS,1,1,advanced,1,major,1,1,1,1,1,1,1,open,none,safe,civil,0,1245.58746,988,extended,4.0,0,4,0.7338,4
S00040,WIMM,2.907597,98.666047,A319,narrow_body,2131,medical,981,normal,1.0,900.0,900.0,1550.972303,aircraft_fuel,WMKK,4124,60,asphalt,ILS,1,1,advanced,1,major,1,1,1,1,1,1,1,open,none,safe,civil,0,338.539699,1993,preferred,1.0,1,2,2.6585,1
S00040,WIMM,2.907597,98.666047,A319,narrow_body,2131,medical,981,normal,1.0,900.0,900.0,1550.972303,aircraft_fuel,WIMM,3000,60,asphalt,RNAV,1,1,basic,1,basic,1,0,1,1,0,1,1,open,none,safe,civil,0,85.165481,869,preferred,2.0,0,1,10.5677,4
S00040,WIMM,2.907597,98.666047,A319,narrow_body,2131,medical,981,normal,1.0,900.0,900.0,1550.972303,aircraft_fuel,WSSS,4000,60,asphalt,ILS,1,1,advanced,1,major,1,1,1,1,1,1,1,open,none,safe,civil,1,616.823002,1869,preferred,3.0,0,3,1.4591,2
S00040,WIMM,2.907597,98.666047,A319,narrow_body,2131,medical,981,normal,1.0,900.0,900.0,1550.972303,aircraft_fuel,VTBS,4000,60,asphalt,ILS,1,1,advanced,1,major,1,1,1,1,1,1,1,open,none,safe,civil,0,1219.577285,1869,extended,4.0,0,4,0.738,2
S00042,OERK,25.231262,46.413135,A319,narrow_body,2151,mechanical,458,normal,1.0,900.0,458.0,720.02337,emergency,OERK,4205,60,asphalt,ILS,1,1,advanced,1,major,1,1,1,1,1,1,1,open,none,safe,civil,0,41.874368,2054,preferred,1.0,1,1,10.9375,3
S00042,OERK,25.231262,46.413135,A319,narrow_body,2151,mechanical,458,normal,1.0,900.0,458.0,720.02337,emergency,OBBI,3956,60,asphalt,ILS,1,1,advanced,1,major,1,1,1,1,1,1,1,open,none,safe,civil,0,438.476,1805,preferred,2.0,0,2,1.0445,4
S00042,OERK,25.231262,46.413135,A319,narrow_body,2151,mechanical,458,normal,1.0,900.0,458.0,720.02337,emergency,OKKK,4580,60,asphalt,ILS,1,1,advanced,1,major,1,1,1,1,1,1,1,open,none,safe,civil,0,469.927275,2429,extended,3.0,0,3,0.9746,2
S00042,OERK,25.231262,46.413135,A319,narrow_body,2151,mechanical,458,normal,1.0,900.0,458.0,720.02337,emergency,OTHH,4850,60,asphalt,ILS,1,1,advanced,1,major,1,1,1,1,1,1,1,open,none,safe,civil,0,522.436259,2699,extended,4.0,0,4,0.8767,1
S00043,LPPT,39.635397,-9.441057,CRJ900,regional_jet,1891,mechanical,854,low,0.9,630.0,630.0,886.121427,aircraft_fuel,LPPT,3707,45,asphalt,ILS,1,1,advanced,1,major,1,1,1,1,1,1,1,open,none,safe,civil,0,98.542835,1816,preferred,1.0,1,1,6.3932,3
S00043,LPPT,39.635397,-9.441057,CRJ900,regional_jet,1891,mechanical,854,low,0.9,630.0,630.0,886.121427,aircraft_fuel,LEMD,4350,60,asphalt,ILS,1,1,advanced,1,major,1,1,1,1,1,1,1,open,none,safe,civil,1,508.362568,2459,preferred,2.0,0,2,1.2393,1
S00043,LPPT,39.635397,-9.441057,CRJ900,regional_jet,1891,mechanical,854,low,0.9,630.0,630.0,886.121427,aircraft_fuel,GMMN,3720,45,asphalt,ILS,1,1,advanced,1,major,1,1,1,1,1,1,1,open,none,safe,civil,0,716.277576,1829,extended,3.0,0,3,0.8795,2
S00050,EDDF,50.775808,9.345152,CRJ900,regional_jet,1894,fuel,585,low,0.9,630.0,585.0,840.065508,emergency,EDDF,4000,60,asphalt,ILS,1,1,advanced,1,major,1,1,1,0,1,1,1,open,none,safe,civil,1,100.238858,2106,preferred,1.0,1,1,5.8361,2
S00050,EDDF,50.775808,9.345152,CRJ900,regional_jet,1894,fuel,585,low,0.9,630.0,585.0,840.065508,emergency,EHAM,3800,60,asphalt,ILS,1,1,advanced,1,major,1,1,1,1,1,1,1,open,none,safe,civil,1,359.665365,1906,preferred,2.0,0,2,1.6265,4
S00050,EDDF,50.775808,9.345152,CRJ900,regional_jet,1894,fuel,585,low,0.9,630.0,585.0,840.065508,emergency,LFPG,4215,45,asphalt,ILS,1,1,advanced,1,major,1,1,1,1,1,1,1,open,none,safe,civil,1,524.398814,2321,preferred,3.0,0,3,1.1156,1
S00050,EDDF,50.775808,9.345152,CRJ900,regional_jet,1894,fuel,585,low,0.9,630.0,585.0,840.065508,emergency,EGLL,3901,50,asphalt,ILS,1,1,advanced,1,major,1,1,1,1,1,1,1,open,none,safe,civil,1,688.128828,2007,extended,4.0,0,5,0.8501,3
S00050,EDDF,50.775808,9.345152,CRJ900,regional_jet,1894,fuel,585,low,0.9,630.0,585.0,840.065508,emergency,EGKK,3317,45,asphalt,ILS,1,1,advanced,1,major,1,1,1,1,1,1,1,open,none,safe,civil,1,668.304072,1423,extended,5.0,0,4,0.8754,5
S00056,UUEE,56.567568,37.044478,A319,narrow_body,2150,operational_constraints,933,low,0.9,810.0,810.0,1261.074572,aircraft_fuel,UUEE,3700,60,concrete,ILS,1,1,advanced,1,major,1,1,1,1,1,1,1,open,none,caution,civil,0,69.476756,1550,preferred,1.0,1,1,11.6586,2
S00056,UUEE,56.567568,37.044478,A319,narrow_body,2150,operational_constraints,933,low,0.9,810.0,810.0,1261.074572,aircraft_fuel,ULLI,3780,60,concrete,ILS,1,1,advanced,1,major,1,1,1,1,1,1,1,open,none,caution,civil,0,535.511646,1630,preferred,2.0,0,2,1.5126,1
S00056,UUEE,56.567568,37.044478,A319,narrow_body,2150,operational_constraints,933,low,0.9,810.0,810.0,1261.074572,aircraft_fuel,EFHK,3440,60,asphalt,ILS,1,1,advanced,1,major,1,1,1,1,1,1,1,open,none,safe,civil,0,815.665299,1290,extended,3.0,0,3,0.9931,3
S00056,UUEE,56.567568,37.044478,A319,narrow_body,2150,operational_constraints,933,low,0.9,810.0,810.0,1261.074572,aircraft_fuel,ESSA,3301,45,asphalt,ILS,1,1,advanced,1,major,1,1,1,1,1,1,1,open,none,safe,civil,0,1169.339723,1151,extended,4.0,0,4,0.6927,4
S00057,EDDF,49.891024,7.812127,E190,regional_jet,1800,medical,813,critical,0.75,600.0,600.0,924.358507,aircraft_fuel,EDDF,4000,60,asphalt,ILS,1,1,advanced,1,major,1,1,1,0,1,1,1,open,none,safe,civil,1,55.472494,2200,preferred,1.0,1,1,10.8162,2
S00057,EDDF,49.891024,7.812127,E190,regional_jet,1800,medical,813,critical,0.75,600.0,600.0,924.358507,aircraft_fuel,EHAM,3800,60,asphalt,ILS,1,1,advanced,1,major,1,1,1,1,1,1,1,open,none,safe,civil,1,342.819965,2000,preferred,2.0,0,2,1.7502,4
S00057,EDDF,49.891024,7.812127,E190,regional_jet,1800,medical,813,critical,0.75,600.0,600.0,924.358507,aircraft_fuel,LFPG,4215,45,asphalt,ILS,1,1,advanced,1,major,1,1,1,1,1,1,1,open,none,safe,civil,1,392.454299,2415,preferred,3.0,0,3,1.5288,1
S00057,EDDF,49.891024,7.812127,E190,regional_jet,1800,medical,813,critical,0.75,600.0,600.0,924.358507,aircraft_fuel,EGKK,3317,45,asphalt,ILS,1,1,advanced,1,major,1,1,1,1,1,1,1,open,none,safe,civil,1,582.153162,1517,preferred,4.0,0,4,1.0307,5
S00057,EDDF,49.891024,7.812127,E190,regional_jet,1800,medical,813,critical,0.75,600.0,600.0,924.358507,aircraft_fuel,EGLL,3901,50,asphalt,ILS,1,1,advanced,1,major,1,1,1,1,1,1,1,open,none,safe,civil,1,608.334788,2101,extended,5.0,0,5,0.9863,3
S00057,EDDF,49.891024,7.812127,E190,regional_jet,1800,medical,813,critical,0.75,600.0,600.0,924.358507,aircraft_fuel,EGCC,3048,46,asphalt,ILS,1,1,advanced,1,major,1,1,1,1,1,1,1,open,none,safe,civil,1,794.695888,1248,extended,6.0,0,6,0.755,6
S00060,LTFM,40.69559,27.315517,A350-900,wide_body,3008,weather,1263,critical,0.75,1125.0,1125.0,1897.342378,aircraft_fuel,LTFM,4100,60,asphalt,ILS,1,1,advanced,1,major,1,1,1,1,1,1,0,open,none,safe,civil,0,135.232275,1092,preferred,1.0,1,1,8.319,1
S00060,LTFM,40.69559,27.315517,A350-900,wide_body,3008,weather,1263,critical,0.75,1125.0,1125.0,1897.342378,aircraft_fuel,LGAV,4000,45,asphalt,ILS,1,1,advanced,1,major,1,1,1,1,1,1,1,open,none,safe,civil,0,422.104623,992,preferred,2.0,0,2,2.6652,2
S00060,LTFM,40.69559,27.315517,A350-900,wide_body,3008,weather,1263,critical,0.75,1125.0,1125.0,1897.342378,aircraft_fuel,LTAC,3750,45,asphalt,ILS,1,1,advanced,1,major,1,1,1,1,1,1,1,open,none,safe,joint,0,484.892142,742,preferred,3.0,0,3,2.3201,6
S00060,LTFM,40.69559,27.315517,A350-900,wide_body,3008,weather,1263,critical,0.75,1125.0,1125.0,1897.342378,aircraft_fuel,HECA,4000,60,asphalt,ILS,1,1,basic,1,major,1,1,1,1,1,1,1,open,none,safe,civil,0,1233.247401,992,extended,4.0,0,4,0.9122,2
S00060,LTFM,40.69559,27.315517,A350-900,wide_body,3008,weather,1263,critical,0.75,1125.0,1125.0,1897.342378,aircraft_fuel,LIRF,3902,60,asphalt,ILS,1,1,basic,1,major,1,1,1,1,1,1,1,open,none,safe,civil,1,1263.703686,894,extended,5.0,0,5,0.8902,5
S00060,LTFM,40.69559,27.315517,A350-900,wide_body,3008,weather,1263,critical,0.75,1125.0,1125.0,1897.342378,aircraft_fuel,EDDF,4000,60,asphalt,ILS,1,1,advanced,1,major,1,1,1,0,1,1,1,open,none,safe,civil,1,1787.485187,992,extended,6.0,0,8,0.6294,2
S00060,LTFM,40.69559,27.315517,A350-900,wide_body,3008,weather,1263,critical,0.75,1125.0,1125.0,1897.342378,aircraft_fuel,OJAI,3660,61,asphalt,ILS,1,1,advanced,1,major,1,1,1,1,1,1,1,open,none,safe,civil,0,1264.12678,652,extended,7.0,0,6,0.8899,8
S00060,LTFM,40.69559,27.315517,A350-900,wide_body,3008,weather,1263,critical,0.75,1125.0,1125.0,1897.342378,aircraft_fuel,DTTA,3200,45,asphalt,RNAV,0,1,basic,1,basic,1,0,1,1,1,1,1,open,none,safe,civil,0,1538.986602,192,extended,8.0,0,7,0.731,9
S00060,LTFM,40.69559,27.315517,A350-900,wide_body,3008,weather,1263,critical,0.75,1125.0,1125.0,1897.342378,aircraft_fuel,UUEE,3700,60,concrete,ILS,1,1,advanced,1,major,1,1,1,1,1,1,1,open,none,caution,civil,0,1851.34693,692,extended,9.0,0,9,0.6077,7
S00063,OBBI,26.451089,51.327191,B737-800,narrow_body,2288,weather,1162,normal,1.0,950.0,950.0,1626.04987,aircraft_fuel,OBBI,3956,60,asphalt,ILS,1,1,advanced,1,major,1,1,1,1,1,1,1,open,none,safe,civil,0,71.677721,1668,preferred,1.0,1,1,13.2538,7
S00063,OBBI,26.451089,51.327191,B737-800,narrow_body,2288,weather,1162,normal,1.0,950.0,950.0,1626.04987,aircraft_fuel,OTHH,4850,60,asphalt,ILS,1,1,advanced,1,major,1,1,1,1,1,1,1,open,none,safe,civil,0,133.971803,2562,preferred,2.0,0,2,7.091,1
S00063,OBBI,26.451089,51.327191,B737-800,narrow_body,2288,weather,1162,normal,1.0,950.0,950.0,1626.04987,aircraft_fuel,OMAA,4106,60,asphalt,ILS,1,1,advanced,1,major,1,1,1,1,1,1,1,open,none,safe,civil,0,401.492735,1818,preferred,3.0,0,3,2.3662,5
S00063,OBBI,26.451089,51.327191,B737-800,narrow_body,2288,weather,1162,normal,1.0,950.0,950.0,1626.04987,aircraft_fuel,OMDB,4447,60,asphalt,ILS,1,1,advanced,1,major,1,1,1,1,1,1,1,open,none,safe,civil,1,426.106245,2159,preferred,4.0,0,4,2.2295,3
S00063,OBBI,26.451089,51.327191,B737-800,narrow_body,2288,weather,1162,normal,1.0,950.0,950.0,1626.04987,aircraft_fuel,OKKK,4580,60,asphalt,ILS,1,1,advanced,1,major,1,1,1,1,1,1,1,open,none,safe,civil,0,451.703741,2292,preferred,5.0,0,5,2.1031,2
S00063,OBBI,26.451089,51.327191,B737-800,narrow_body,2288,weather,1162,normal,1.0,950.0,950.0,1626.04987,aircraft_fuel,OERK,4205,60,asphalt,ILS,1,1,advanced,1,major,1,1,1,1,1,1,1,open,none,safe,civil,0,492.521667,1917,preferred,6.0,0,6,1.9288,4
S00063,OBBI,26.451089,51.327191,B737-800,narrow_body,2288,weather,1162,normal,1.0,950.0,950.0,1626.04987,aircraft_fuel,OOMS,4080,45,asphalt,ILS,1,1,advanced,1,major,1,1,1,1,1,1,1,open,none,safe,civil,0,769.226043,1792,preferred,7.0,0,7,1.235,6
S00063,OBBI,26.451089,51.327191,B737-800,narrow_body,2288,weather,1162,normal,1.0,950.0,950.0,1626.04987,aircraft_fuel,OJAI,3660,61,asphalt,ILS,1,1,advanced,1,major,1,1,1,1,1,1,1,open,none,safe,civil,0,1599.248606,1372,extended,8.0,0,9,0.594,8
S00063,OBBI,26.451089,51.327191,B737-800,narrow_body,2288,weather,1162,normal,1.0,950.0,950.0,1626.04987,aircraft_fuel,OPKC,3400,46,concrete,RNAV,0,1,basic,1,basic,1,1,1,1,1,1,1,open,none,caution,civil,0,1594.972545,1112,extended,9.0,0,8,0.5956,9
S00064,OJAI,31.128782,36.445209,B777-300ER,wide_body,3322,fuel,793,critical,0.75,1125.0,793.0,1321.420367,emergency,OJAI,3660,61,asphalt,ILS,1,1,advanced,1,major,1,1,1,1,1,1,1,open,none,safe,civil,0,78.735838,338,preferred,1.0,1,1,10.0717,5
S00064,OJAI,31.128782,36.445209,B777-300ER,wide_body,3322,fuel,793,critical,0.75,1125.0,793.0,1321.420367,emergency,HECA,4000,60,asphalt,ILS,1,1,basic,1,major,1,1,1,1,1,1,1,open,none,safe,civil,0,496.106958,678,preferred,2.0,0,2,1.5984,3
S00064,OJAI,31.128782,36.445209,B777-300ER,wide_body,3322,fuel,793,critical,0.75,1125.0,793.0,1321.420367,emergency,OKKK,4580,60,asphalt,ILS,1,1,advanced,1,major,1,1,1,1,1,1,1,open,none,safe,civil,0,1127.300966,1258,extended,3.0,0,4,0.7035,1
S00064,OJAI,31.128782,36.445209,B777-300ER,wide_body,3322,fuel,793,critical,0.75,1125.0,793.0,1321.420367,emergency,OERK,4205,60,asphalt,ILS,1,1,advanced,1,major,1,1,1,1,1,1,1,open,none,safe,civil,0,1216.994455,883,extended,4.0,0,5,0.6516,2
S00064,OJAI,31.128782,36.445209,B777-300ER,wide_body,3322,fuel,793,critical,0.75,1125.0,793.0,1321.420367,emergency,LTAC,3750,45,asphalt,ILS,1,1,advanced,1,major,1,1,1,1,1,1,1,open,none,safe,joint,0,1047.889583,428,extended,5.0,0,3,0.7568,4
S00072,OERK,25.201428,47.190481,E170,regional_jet,1735,fuel,852,critical,0.75,525.0,525.0,782.666677,aircraft_fuel,OERK,4205,60,asphalt,ILS,1,1,advanced,1,major,1,1,1,1,1,1,1,open,none,safe,civil,0,56.454509,2470,preferred,1.0,1,1,9.2995,3
S00072,OERK,25.201428,47.190481,E170,regional_jet,1735,fuel,852,critical,0.75,525.0,525.0,782.666677,aircraft_fuel,OBBI,3956,60,asphalt,ILS,1,1,advanced,1,major,1,1,1,1,1,1,1,open,none,safe,civil,0,365.046077,2221,preferred,2.0,0,2,1.4382,5
S00072,OERK,25.201428,47.190481,E170,regional_jet,1735,fuel,852,critical,0.75,525.0,525.0,782.666677,aircraft_fuel,OTHH,4850,60,asphalt,ILS,1,1,advanced,1,major,1,1,1,1,1,1,1,open,none,safe,civil,0,444.377119,3115,preferred,3.0,0,3,1.1814,1
S00072,OERK,25.201428,47.190481,E170,regional_jet,1735,fuel,852,critical,0.75,525.0,525.0,782.666677,aircraft_fuel,OKKK,4580,60,asphalt,ILS,1,1,advanced,1,major,1,1,1,1,1,1,1,open,none,safe,civil,0,453.928611,2845,preferred,4.0,0,4,1.1566,2
S00072,OERK,25.201428,47.190481,E170,regional_jet,1735,fuel,852,critical,0.75,525.0,525.0,782.666677,aircraft_fuel,OMAA,4106,60,asphalt,ILS,1,1,advanced,1,major,1,1,1,1,1,1,1,open,none,safe,civil,0,757.392223,2371,extended,5.0,0,5,0.6932,4
S00073,ZSPD,31.332725,121.646441,A321,narrow_body,2405,weather,1122,low,0.9,900.0,900.0,1565.427556,aircraft_fuel,ZSPD,4000,60,concrete,ILS,1,1,advanced,1,major,1,1,1,1,1,1,1,open,none,safe,civil,1,25.89277,1595,preferred,1.0,1,1,34.7587,1
S00073,ZSPD,31.332725,121.646441,A321,narrow_body,2405,weather,1122,low,0.9,900.0,900.0,1565.427556,aircraft_fuel,RKSI,4000,60,asphalt,ILS,1,1,advanced,1,major,1,1,1,1,1,1,1,open,none,safe,civil,1,812.037823,1595,preferred,2.0,0,3,1.1083,1
S00073,ZSPD,31.332725,121.646441,A321,narrow_body,2405,weather,1122,low,0.9,900.0,900.0,1565.427556,aircraft_fuel,RCTP,3660,60,concrete,ILS,1,1,advanced,1,major,1,1,1,1,1,1,1,open,none,safe,civil,0,696.703798,1255,preferred,3.0,0,2,1.2918,4
S00073,ZSPD,31.332725,121.646441,A321,narrow_body,2405,weather,1122,low,0.9,900.0,900.0,1565.427556,aircraft_fuel,ZBAA,3810,60,asphalt,ILS,1,1,advanced,1,major,1,1,1,1,1,1,1,open,none,safe,civil,1,1073.453974,1405,extended,4.0,0,4,0.8384,3
S00074,OJAI,32.279022,36.515727,B787-9,wide_body,2917,operational_constraints,746,low,0.9,1260.0,746.0,1277.507482,emergency,OJAI,3660,61,asphalt,ILS,1,1,advanced,1,major,1,1,1,1,1,1,1,open,none,safe,civil,0,79.093997,743,preferred,1.0,1,1,9.4318,5
S00074,OJAI,32.279022,36.515727,B787-9,wide_body,2917,operational_constraints,746,low,0.9,1260.0,746.0,1277.507482,emergency,HECA,4000,60,asphalt,ILS,1,1,basic,1,major,1,1,1,1,1,1,1,open,none,safe,civil,0,543.197872,1083,preferred,2.0,0,3,1.3733,3
S00074,OJAI,32.279022,36.515727,B787-9,wide_body,2917,operational_constraints,746,low,0.9,1260.0,746.0,1277.507482,emergency,OKKK,4580,60,asphalt,ILS,1,1,advanced,1,major,1,1,1,1,1,1,1,open,none,safe,civil,0,1145.326262,1663,extended,3.0,0,6,0.6513,1
S00074,OJAI,32.279022,36.515727,B787-9,wide_body,2917,operational_constraints,746,low,0.9,1260.0,746.0,1277.507482,emergency,LCLK,2987,45,asphalt,ILS,1,0,none,1,basic,1,0,1,1,1,1,1,open,none,safe,civil,0,393.725293,70,preferred,4.0,0,2,1.8947,7
S00074,OJAI,32.279022,36.515727,B787-9,wide_body,2917,operational_constraints,746,low,0.9,1260.0,746.0,1277.507482,emergency,LTFM,4100,60,asphalt,ILS,1,1,advanced,1,major,1,1,1,1,1,1,0,open,none,safe,civil,0,1215.834756,1183,extended,5.0,0,7,0.6136,2
S00074,OJAI,32.279022,36.515727,B787-9,wide_body,2917,operational_constraints,746,low,0.9,1260.0,746.0,1277.507482,emergency,LTAC,3750,45,asphalt,ILS,1,1,advanced,1,major,1,1,1,1,1,1,1,open,none,safe,joint,0,927.960136,833,extended,6.0,0,5,0.8039,4
S00074,OJAI,32.279022,36.515727,B787-9,wide_body,2917,operational_constraints,746,low,0.9,1260.0,746.0,1277.507482,emergency,HELX,3000,45,asphalt,RNAV,0,0,none,1,basic,1,0,1,0,0,1,1,open,none,safe,joint,0,822.736166,83,extended,7.0,0,4,0.9067,6
S00076,WMKK,2.793588,101.273167,A330-300,wide_body,2906,technical,1133,normal,1.0,1300.0,1133.0,2117.529847,emergency,WMKK,4124,60,asphalt,ILS,1,1,advanced,1,major,1,1,1,1,1,1,1,open,none,safe,civil,0,48.80956,1218,preferred,1.0,1,1,23.2127,1
S00076,WMKK,2.793588,101.273167,A330-300,wide_body,2906,technical,1133,normal,1.0,1300.0,1133.0,2117.529847,emergency,WSSS,4000,60,asphalt,ILS,1,1,advanced,1,major,1,1,1,1,1,1,1,open,none,safe,civil,1,342.297572,1094,preferred,2.0,0,3,3.31,2
S00076,WMKK,2.793588,101.273167,A330-300,wide_body,2906,technical,1133,normal,1.0,1300.0,1133.0,2117.529847,emergency,WIMM,3000,60,asphalt,RNAV,1,1,basic,1,basic,1,0,1,1,0,1,1,open,none,safe,civil,0,281.374867,94,preferred,3.0,0,2,4.0267,4
S00076,WMKK,2.793588,101.273167,A330-300,wide_body,2906,technical,1133,normal,1.0,1300.0,1133.0,2117.529847,emergency,VTBS,4000,60,asphalt,ILS,1,1,advanced,1,major,1,1,1,1,1,1,1,open,none,safe,civil,0,1212.015602,1094,extended,4.0,0,4,0.9348,2
S00079,LEMD,41.274058,-3.481177,E175,regional_jet,1885,operational_constraints,952,normal,1.0,750.0,750.0,1130.485846,aircraft_fuel,LEMD,4350,60,asphalt,ILS,1,1,advanced,1,major,1,1,1,1,1,1,1,open,none,safe,civil,1,87.141402,2465,preferred,1.0,1,1,8.6067,1
S00079,LEMD,41.274058,-3.481177,E175,regional_jet,1885,operational_constraints,952,normal,1.0,750.0,750.0,1130.485846,aircraft_fuel,LPPT,3707,45,asphalt,ILS,1,1,advanced,1,major,1,1,1,1,1,1,1,open,none,safe,civil,0,555.39021,1822,preferred,2.0,0,2,1.3504,4
S00079,LEMD,41.274058,-3.481177,E175,regional_jet,1885,operational_constraints,952,normal,1.0,750.0,750.0,1130.485846,aircraft_fuel,DAAG,3500,60,asphalt,RNAV,0,1,basic,1,basic,1,1,1,1,1,1,0,open,none,safe,civil,0,770.478115,1615,extended,3.0,0,3,0.9734,5
S00079,LEMD,41.274058,-3.481177,E175,regional_jet,1885,operational_constraints,952,normal,1.0,750.0,750.0,1130.485846,aircraft_fuel,GMMN,3720,45,asphalt,ILS,1,1,advanced,1,major,1,1,1,1,1,1,1,open,none,safe,civil,0,950.974794,1835,extended,4.0,0,4,0.7887,3
S00079,LEMD,41.274058,-3.481177,E175,regional_jet,1885,operational_constraints,952,normal,1.0,750.0,750.0,1130.485846,aircraft_fuel,LFPG,4215,45,asphalt,ILS,1,1,advanced,1,major,1,1,1,1,1,1,1,open,none,safe,civil,1,980.986791,2330,extended,5.0,0,5,0.7645,2
S00079,LEMD,41.274058,-3.481177,E175,regional_jet,1885,operational_constraints,952,normal,1.0,750.0,750.0,1130.485846,aircraft_fuel,EGKK,3317,45,asphalt,ILS,1,1,advanced,1,major,1,1,1,1,1,1,1,open,none,safe,civil,1,1126.608664,1432,extended,6.0,0,6,0.6657,6
S00080,RKSI,37.693742,126.283631,A321,narrow_body,2327,fuel,661,normal,1.0,1000.0,661.0,1031.037923,emergency,RKSI,4000,60,asphalt,ILS,1,1,advanced,1,major,1,1,1,1,1,1,1,open,none,safe,civil,1,29.007912,1673,preferred,1.0,1,1,22.7869,1
S00080,RKSI,37.693742,126.283631,A321,narrow_body,2327,fuel,661,normal,1.0,1000.0,661.0,1031.037923,emergency,ZSPD,4000,60,concrete,ILS,1,1,advanced,1,major,1,1,1,1,1,1,1,open,none,safe,civil,1,835.951351,1673,extended,2.0,0,2,0.7907,1
S00080,RKSI,37.693742,126.283631,A321,narrow_body,2327,fuel,661,normal,1.0,1000.0,661.0,1031.037923,emergency,ZBAA,3810,60,asphalt,ILS,1,1,advanced,1,major,1,1,1,1,1,1,1,open,none,safe,civil,1,878.794295,1483,extended,3.0,0,3,0.7522,3
S00082,LCLK,35.285327,33.729698,A320,narrow_body,2306,security,750,critical,0.75,712.5,712.5,1134.324561,aircraft_fuel,LCLK,2987,45,asphalt,ILS,1,0,none,1,basic,1,0,1,1,1,1,1,open,none,safe,civil,0,46.601393,681,preferred,1.0,1,1,15.2892,7
S00082,LCLK,35.285327,33.729698,A320,narrow_body,2306,security,750,critical,0.75,712.5,712.5,1134.324561,aircraft_fuel,OJAI,3660,61,asphalt,ILS,1,1,advanced,1,major,1,1,1,1,1,1,1,open,none,safe,civil,0,448.276248,1354,preferred,2.0,0,2,1.5894,5
S00082,LCLK,35.285327,33.729698,A320,narrow_body,2306,security,750,critical,0.75,712.5,712.5,1134.324561,aircraft_fuel,HECA,4000,60,asphalt,ILS,1,1,basic,1,major,1,1,1,1,1,1,1,open,none,safe,civil,0,615.266731,1694,preferred,3.0,0,4,1.158,2
S00082,LCLK,35.285327,33.729698,A320,narrow_body,2306,security,750,critical,0.75,712.5,712.5,1134.324561,aircraft_fuel,LTAC,3750,45,asphalt,ILS,1,1,advanced,1,major,1,1,1,1,1,1,1,open,none,safe,joint,0,542.349385,1444,preferred,4.0,0,3,1.3137,4
S00082,LCLK,35.285327,33.729698,A320,narrow_body,2306,security,750,critical,0.75,712.5,712.5,1134.324561,aircraft_fuel,LTFM,4100,60,asphalt,ILS,1,1,advanced,1,major,1,1,1,1,1,1,0,open,none,safe,civil,0,795.809057,1794,extended,5.0,0,5,0.8953,1
S00082,LCLK,35.285327,33.729698,A320,narrow_body,2306,security,750,critical,0.75,712.5,712.5,1134.324561,aircraft_fuel,LGAV,4000,45,asphalt,ILS,1,1,advanced,1,major,1,1,1,1,1,1,1,open,none,safe,civil,0,921.24586,1694,extended,6.0,0,6,0.7734,2
S00082,LCLK,35.285327,33.729698,A320,narrow_body,2306,security,750,critical,0.75,712.5,712.5,1134.324561,aircraft_fuel,HELX,3000,45,asphalt,RNAV,0,0,none,1,basic,1,0,1,0,0,1,1,open,none,safe,joint,0,1073.529282,694,extended,7.0,0,7,0.6637,6
S00083,ZSPD,31.299543,121.546406,A350-900,wide_body,2939,medical,704,normal,1.0,1500.0,704.0,1217.564078,emergency,ZSPD,4000,60,concrete,ILS,1,1,advanced,1,major,1,1,1,1,1,1,1,open,none,safe,civil,1,30.101653,1061,preferred,1.0,1,1,23.3874,1
S00083,ZSPD,31.299543,121.546406,A350-900,wide_body,2939,medical,704,normal,1.0,1500.0,704.0,1217.564078,emergency,RCTP,3660,60,concrete,ILS,1,1,advanced,1,major,1,1,1,1,1,1,1,open,none,safe,civil,0,692.517642,721,preferred,2.0,0,2,1.0166,4
S00083,ZSPD,31.299543,121.546406,A350-900,wide_body,2939,medical,704,normal,1.0,1500.0,704.0,1217.564078,emergency,RKSI,4000,60,asphalt,ILS,1,1,advanced,1,major,1,1,1,1,1,1,1,open,none,safe,civil,1,820.17272,1061,extended,3.0,0,3,0.8584,1
S00083,ZSPD,31.299543,121.546406,A350-900,wide_body,2939,medical,704,normal,1.0,1500.0,704.0,1217.564078,emergency,ZBAA,3810,60,asphalt,ILS,1,1,advanced,1,major,1,1,1,1,1,1,1,open,none,safe,civil,1,1073.059603,871,extended,4.0,0,4,0.6561,3
S00085,OBBI,26.028477,50.965715,CRJ900,regional_jet,1878,operational_constraints,1010,normal,1.0,700.0,700.0,1142.880415,aircraft_fuel,OBBI,3956,60,asphalt,ILS,1,1,advanced,1,major,1,1,1,1,1,1,1,open,none,safe,civil,0,42.160892,2078,preferred,1.0,1,1,16.6031,7
S00085,OBBI,26.028477,50.965715,CRJ900,regional_jet,1878,operational_constraints,1010,normal,1.0,700.0,700.0,1142.880415,aircraft_fuel,OTHH,4850,60,asphalt,ILS,1,1,advanced,1,major,1,1,1,1,1,1,1,open,none,safe,civil,0,105.836127,2972,preferred,2.0,0,2,6.614,1
S00085,OBBI,26.028477,50.965715,CRJ900,regional_jet,1878,operational_constraints,1010,normal,1.0,700.0,700.0,1142.880415,aircraft_fuel,OMAA,4106,60,asphalt,ILS,1,1,advanced,1,major,1,1,1,1,1,1,1,open,none,safe,civil,0,410.376045,2228,preferred,3.0,0,3,1.7058,5
S00085,OBBI,26.028477,50.965715,CRJ900,regional_jet,1878,operational_constraints,1010,normal,1.0,700.0,700.0,1142.880415,aircraft_fuel,OERK,4205,60,asphalt,ILS,1,1,advanced,1,major,1,1,1,1,1,1,1,open,none,safe,civil,0,444.483122,2327,preferred,4.0,0,4,1.5749,4
S00085,OBBI,26.028477,50.965715,CRJ900,regional_jet,1878,operational_constraints,1010,normal,1.0,700.0,700.0,1142.880415,aircraft_fuel,OMDB,4447,60,asphalt,ILS,1,1,advanced,1,major,1,1,1,1,1,1,1,open,none,safe,civil,1,449.995675,2569,preferred,5.0,0,5,1.5556,3
S00085,OBBI,26.028477,50.965715,CRJ900,regional_jet,1878,operational_constraints,1010,normal,1.0,700.0,700.0,1142.880415,aircraft_fuel,OKKK,4580,60,asphalt,ILS,1,1,advanced,1,major,1,1,1,1,1,1,1,open,none,safe,civil,0,461.911706,2702,preferred,6.0,0,6,1.5154,2
S00085,OBBI,26.028477,50.965715,CRJ900,regional_jet,1878,operational_constraints,1010,normal,1.0,700.0,700.0,1142.880415,aircraft_fuel,OOMS,4080,45,asphalt,ILS,1,1,advanced,1,major,1,1,1,1,1,1,1,open,none,safe,civil,0,786.380908,2202,extended,7.0,0,7,0.8902,6
S00086,OMDB,24.511412,55.30334,A320,narrow_body,2454,medical,495,normal,1.0,950.0,495.0,760.100055,emergency,OMAA,4106,60,asphalt,ILS,1,1,advanced,1,major,1,1,1,1,1,1,1,open,none,safe,civil,0,66.658468,1652,preferred,1.0,1,1,7.4259,3
S00086,OMDB,24.511412,55.30334,A320,narrow_body,2454,medical,495,normal,1.0,950.0,495.0,760.100055,emergency,OMDB,4447,60,asphalt,ILS,1,1,advanced,1,major,1,1,1,1,1,1,1,open,none,safe,civil,1,82.387009,1993,preferred,2.0,0,2,6.0082,2
S00086,OMDB,24.511412,55.30334,A320,narrow_body,2454,medical,495,normal,1.0,950.0,495.0,760.100055,emergency,OOMS,4080,45,asphalt,ILS,1,1,advanced,1,major,1,1,1,1,1,1,1,open,none,safe,civil,0,319.270253,1626,preferred,3.0,0,3,1.5504,4
S00086,OMDB,24.511412,55.30334,A320,narrow_body,2454,medical,495,normal,1.0,950.0,495.0,760.100055,emergency,OTHH,4850,60,asphalt,ILS,1,1,advanced,1,major,1,1,1,1,1,1,1,open,none,safe,civil,0,382.210086,2396,preferred,4.0,0,4,1.2951,1
S00086,OMDB,24.511412,55.30334,A320,narrow_body,2454,medical,495,normal,1.0,950.0,495.0,760.100055,emergency,OBBI,3956,60,asphalt,ILS,1,1,advanced,1,major,1,1,1,1,1,1,1,open,none,safe,civil,0,507.684267,1502,extended,5.0,0,5,0.975,5
S00087,OMAA,24.063196,54.855809,A350-900,wide_body,3027,operational_constraints,996,normal,1.0,1500.0,996.0,1642.450956,emergency,OMDB,4447,60,asphalt,ILS,1,1,advanced,1,major,1,1,1,1,1,1,1,open,none,safe,civil,1,141.842809,1420,preferred,1.0,1,2,7.0219,3
S00087,OMAA,24.063196,54.855809,A350-900,wide_body,3027,operational_constraints,996,normal,1.0,1500.0,996.0,1642.450956,emergency,OMAA,4106,60,asphalt,ILS,1,1,advanced,1,major,1,1,1,1,1,1,1,open,none,safe,civil,0,46.937228,1079,preferred,2.0,0,1,21.2198,5
S00087,OMAA,24.063196,54.855809,A350-900,wide_body,3027,operational_constraints,996,normal,1.0,1500.0,996.0,1642.450956,emergency,OTHH,4850,60,asphalt,ILS,1,1,advanced,1,major,1,1,1,1,1,1,1,open,none,safe,civil,0,354.664404,1823,preferred,3.0,0,4,2.8083,1
S00087,OMAA,24.063196,54.855809,A350-900,wide_body,3027,operational_constraints,996,normal,1.0,1500.0,996.0,1642.450956,emergency,OOMS,4080,45,asphalt,ILS,1,1,advanced,1,major,1,1,1,1,1,1,1,open,none,safe,civil,0,352.592584,1053,preferred,4.0,0,3,2.8248,6
S00087,OMAA,24.063196,54.855809,A350-900,wide_body,3027,operational_constraints,996,normal,1.0,1500.0,996.0,1642.450956,emergency,OKKK,4580,60,asphalt,ILS,1,1,advanced,1,major,1,1,1,1,1,1,1,open,none,safe,civil,0,892.792716,1553,preferred,5.0,0,7,1.1156,2
S00087,OMAA,24.063196,54.855809,A350-900,wide_body,3027,operational_constraints,996,normal,1.0,1500.0,996.0,1642.450956,emergency,OBBI,3956,60,asphalt,ILS,1,1,advanced,1,major,1,1,1,1,1,1,1,open,none,safe,civil,0,490.134907,929,preferred,6.0,0,5,2.0321,7
S00087,OMAA,24.063196,54.855809,A350-900,wide_body,3027,operational_constraints,996,normal,1.0,1500.0,996.0,1642.450956,emergency,OERK,4205,60,asphalt,ILS,1,1,advanced,1,major,1,1,1,1,1,1,1,open,none,safe,civil,0,831.121145,1178,preferred,7.0,0,6,1.1984,4
S00087,OMAA,24.063196,54.855809,A350-900,wide_body,3027,operational_constraints,996,normal,1.0,1500.0,996.0,1642.450956,emergency,OPKC,3400,46,concrete,RNAV,0,1,basic,1,basic,1,1,1,1,1,1,1,open,none,caution,civil,0,1248.302684,373,extended,8.0,0,8,0.7979,8
S00088,OJAI,32.20571,35.973918,E175,regional_jet,1743,medical,798,normal,1.0,750.0,750.0,1185.833526,aircraft_fuel,OJAI,3660,61,asphalt,ILS,1,1,advanced,1,major,1,1,1,1,1,1,1,open,none,safe,civil,0,53.75005,1917,preferred,1.0,1,1,13.9535,3
S00088,OJAI,32.20571,35.973918,E175,regional_jet,1743,medical,798,normal,1.0,750.0,750.0,1185.833526,aircraft_fuel,HECA,4000,60,asphalt,ILS,1,1,basic,1,major,1,1,1,1,1,1,1,open,none,safe,civil,0,493.810049,2257,preferred,2.0,0,2,1.5188,1
S00088,OJAI,32.20571,35.973918,E175,regional_jet,1743,medical,798,normal,1.0,750.0,750.0,1185.833526,aircraft_fuel,LTAC,3750,45,asphalt,ILS,1,1,advanced,1,major,1,1,1,1,1,1,1,open,none,safe,joint,0,920.455605,2007,extended,3.0,0,3,0.8148,2
S00093,LTAC,39.938014,32.197302,A350-900,wide_body,2813,operational_constraints,1197,normal,1.0,1500.0,1197.0,2029.734284,emergency,LTFM,4100,60,asphalt,ILS,1,1,advanced,1,major,1,1,1,1,1,1,0,open,none,safe,civil,0,328.093381,1287,preferred,1.0,1,2,3.6484,2
S00093,LTAC,39.938014,32.197302,A350-900,wide_body,2813,operational_constraints,1197,normal,1.0,1500.0,1197.0,2029.734284,emergency,LTAC,3750,45,asphalt,ILS,1,1,advanced,1,major,1,1,1,1,1,1,1,open,none,safe,joint,0,71.135968,937,preferred,2.0,0,1,16.8269,6
S00093,LTAC,39.938014,32.197302,A350-900,wide_body,2813,operational_constraints,1197,normal,1.0,1500.0,1197.0,2029.734284,emergency,LGAV,4000,45,asphalt,ILS,1,1,advanced,1,major,1,1,1,1,1,1,1,open,none,safe,civil,0,747.355266,1187,preferred,3.0,0,4,1.6016,3
S00093,LTAC,39.938014,32.197302,A350-900,wide_body,2813,operational_constraints,1197,normal,1.0,1500.0,1197.0,2029.734284,emergency,HECA,4000,60,asphalt,ILS,1,1,basic,1,major,1,1,1,1,1,1,1,open,none,safe,civil,0,1095.069268,1187,preferred,4.0,0,6,1.0931,3
S00093,LTAC,39.938014,32.197302,A350-900,wide_body,2813,operational_constraints,1197,normal,1.0,1500.0,1197.0,2029.734284,emergency,OJAI,3660,61,asphalt,ILS,1,1,advanced,1,major,1,1,1,1,1,1,1,open,none,safe,civil,0,975.233472,847,preferred,5.0,0,5,1.2274,8
S00093,LTAC,39.938014,32.197302,A350-900,wide_body,2813,operational_constraints,1197,normal,1.0,1500.0,1197.0,2029.734284,emergency,OKKK,4580,60,asphalt,ILS,1,1,advanced,1,major,1,1,1,1,1,1,1,open,none,safe,civil,0,1866.858091,1767,extended,6.0,0,10,0.6412,1
S00093,LTAC,39.938014,32.197302,A350-900,wide_body,2813,operational_constraints,1197,normal,1.0,1500.0,1197.0,2029.734284,emergency,LCLK,2987,45,asphalt,ILS,1,0,none,1,basic,1,0,1,1,1,1,1,open,none,safe,civil,0,576.894326,174,preferred,7.0,0,3,2.0749,11
S00093,LTAC,39.938014,32.197302,A350-900,wide_body,2813,operational_constraints,1197,normal,1.0,1500.0,1197.0,2029.734284,emergency,LIRF,3902,60,asphalt,ILS,1,1,basic,1,major,1,1,1,1,1,1,1,open,none,safe,civil,1,1686.005484,1089,extended,8.0,0,8,0.71,5
S00093,LTAC,39.938014,32.197302,A350-900,wide_body,2813,operational_constraints,1197,normal,1.0,1500.0,1197.0,2029.734284,emergency,DTTA,3200,45,asphalt,RNAV,0,1,basic,1,basic,1,0,1,1,1,1,1,open,none,safe,civil,0,1940.056024,387,extended,9.0,0,11,0.617,9
S00093,LTAC,39.938014,32.197302,A350-900,wide_body,2813,operational_constraints,1197,normal,1.0,1500.0,1197.0,2029.734284,emergency,UUEE,3700,60,concrete,ILS,1,1,advanced,1,major,1,1,1,1,1,1,1,open,none,caution,civil,0,1823.923113,887,extended,10.0,0,9,0.6563,7
S00093,LTAC,39.938014,32.197302,A350-900,wide_body,2813,operational_constraints,1197,normal,1.0,1500.0,1197.0,2029.734284,emergency,HELX,3000,45,asphalt,RNAV,0,0,none,1,basic,1,0,1,0,0,1,1,open,none,safe,joint,0,1587.125212,187,extended,11.0,0,7,0.7542,10
S00094,OBBI,25.668346,51.290647,E190,regional_jet,1817,medical,528,normal,1.0,800.0,528.0,787.104995,emergency,OTHH,4850,60,asphalt,ILS,1,1,advanced,1,major,1,1,1,1,1,1,1,open,none,safe,civil,0,54.288797,3033,preferred,1.0,1,1,9.7258,1
S00094,OBBI,25.668346,51.290647,E190,regional_jet,1817,medical,528,normal,1.0,800.0,528.0,787.104995,emergency,OBBI,3956,60,asphalt,ILS,1,1,advanced,1,major,1,1,1,1,1,1,1,open,none,safe,civil,0,93.257756,2139,preferred,2.0,0,2,5.6617,7
S00094,OBBI,25.668346,51.290647,E190,regional_jet,1817,medical,528,normal,1.0,800.0,528.0,787.104995,emergency,OMAA,4106,60,asphalt,ILS,1,1,advanced,1,major,1,1,1,1,1,1,1,open,none,safe,civil,0,364.79015,2289,preferred,3.0,0,3,1.4474,5
S00094,OBBI,25.668346,51.290647,E190,regional_jet,1817,medical,528,normal,1.0,800.0,528.0,787.104995,emergency,OMDB,4447,60,asphalt,ILS,1,1,advanced,1,major,1,1,1,1,1,1,1,open,none,safe,civil,1,412.272619,2630,preferred,4.0,0,4,1.2807,3
S00094,OBBI,25.668346,51.290647,E190,regional_jet,1817,medical,528,normal,1.0,800.0,528.0,787.104995,emergency,OERK,4205,60,asphalt,ILS,1,1,advanced,1,major,1,1,1,1,1,1,1,open,none,safe,civil,0,468.256294,2388,preferred,5.0,0,5,1.1276,4
S00094,OBBI,25.668346,51.290647,E190,regional_jet,1817,medical,528,normal,1.0,800.0,528.0,787.104995,emergency,OKKK,4580,60,asphalt,ILS,1,1,advanced,1,major,1,1,1,1,1,1,1,open,none,safe,civil,0,513.495129,2763,preferred,6.0,0,6,1.0282,2
S00094,OBBI,25.668346,51.290647,E190,regional_jet,1817,medical,528,normal,1.0,800.0,528.0,787.104995,emergency,OOMS,4080,45,asphalt,ILS,1,1,advanced,1,major,1,1,1,1,1,1,1,open,none,safe,civil,0,743.308448,2263,extended,7.0,0,7,0.7103,6
S00096,LPPT,39.428253,-8.890108,A320,narrow_body,2430,security,526,critical,0.75,712.5,526.0,840.220246,emergency,LPPT,3707,45,asphalt,ILS,1,1,advanced,1,major,1,1,1,1,1,1,1,open,none,safe,civil,0,74.999477,1277,preferred,1.0,1,1,7.0134,3
S00096,LPPT,39.428253,-8.890108,A320,narrow_body,2430,security,526,critical,0.75,712.5,526.0,840.220246,emergency,LEMD,4350,60,asphalt,ILS,1,1,advanced,1,major,1,1,1,1,1,1,1,open,none,safe,civil,1,468.371548,1920,preferred,2.0,0,2,1.123,1
S00096,LPPT,39.428253,-8.890108,A320,narrow_body,2430,security,526,critical,0.75,712.5,526.0,840.220246,emergency,GMMN,3720,45,asphalt,ILS,1,1,advanced,1,major,1,1,1,1,1,1,1,open,none,safe,civil,0,683.873099,1290,extended,3.0,0,3,0.7691,2
S00102,HELX,25.277403,32.425084,B737-800,narrow_body,2320,operational_constraints,931,low,0.9,855.0,855.0,1427.01169,aircraft_fuel,HECA,4000,60,asphalt,ILS,1,1,basic,1,major,1,1,1,1,1,1,1,open,none,safe,civil,0,546.973573,1680,preferred,1.0,1,2,1.5631,1
S00102,HELX,25.277403,32.425084,B737-800,narrow_body,2320,operational_constraints,931,low,0.9,855.0,855.0,1427.01169,aircraft_fuel,HELX,3000,45,asphalt,RNAV,0,0,none,1,basic,1,0,1,0,0,1,1,open,none,safe,joint,0,52.096777,680,preferred,2.0,0,1,16.4118,3
S00102,HELX,25.277403,32.425084,B737-800,narrow_body,2320,operational_constraints,931,low,0.9,855.0,855.0,1427.01169,aircraft_fuel,OJAI,3660,61,asphalt,ILS,1,1,advanced,1,major,1,1,1,1,1,1,1,open,none,safe,civil,0,796.83435,1340,preferred,3.0,0,3,1.073,2
S00102,HELX,25.277403,32.425084,B737-800,narrow_body,2320,operational_constraints,931,low,0.9,855.0,855.0,1427.01169,aircraft_fuel,LCLK,2987,45,asphalt,ILS,1,0,none,1,basic,1,0,1,1,1,1,1,open,none,safe,civil,0,1073.412405,667,extended,4.0,0,4,0.7965,4
S00103,OPLA,30.795438,74.605317,A320,narrow_body,2219,medical,1119,normal,1.0,950.0,950.0,1550.145719,aircraft_fuel,VIDP,4430,60,asphalt,ILS,1,1,advanced,1,major,1,1,1,1,1,1,1,open,none,safe,civil,1,346.230494,2211,preferred,1.0,1,1,2.7438,2
S00103,OPLA,30.795438,74.605317,A320,narrow_body,2219,medical,1119,normal,1.0,950.0,950.0,1550.145719,aircraft_fuel,UAAA,4500,45,asphalt,RNAV,0,1,basic,1,basic,1,1,1,1,1,1,1,open,none,safe,civil,0,1412.940994,2281,extended,2.0,0,4,0.6724,1
S00103,OPLA,30.795438,74.605317,A320,narrow_body,2219,medical,1119,normal,1.0,950.0,950.0,1550.145719,aircraft_fuel,VABB,3509,60,asphalt,ILS,1,1,advanced,1,major,1,1,1,1,1,1,1,open,none,safe,civil,1,1313.396424,1290,extended,3.0,0,3,0.7233,3
S00103,OPLA,30.795438,74.605317,A320,narrow_body,2219,medical,1119,normal,1.0,950.0,950.0,1550.145719,aircraft_fuel,OPKC,3400,46,concrete,RNAV,0,1,basic,1,basic,1,1,1,1,1,1,1,open,none,caution,civil,0,981.551754,1181,extended,4.0,0,2,0.9679,4
S00107,DTTA,36.759527,10.439245,A220-300,narrow_body,2033,weather,1158,normal,1.0,950.0,950.0,1462.62328,aircraft_fuel,DTTA,3200,45,asphalt,RNAV,0,1,basic,1,basic,1,0,1,1,1,1,1,open,none,safe,civil,0,21.444395,1167,preferred,1.0,1,1,44.3006,5
S00107,DTTA,36.759527,10.439245,A220-300,narrow_body,2033,weather,1158,normal,1.0,950.0,950.0,1462.62328,aircraft_fuel,LIRF,3902,60,asphalt,ILS,1,1,basic,1,major,1,1,1,1,1,1,1,open,none,safe,civil,1,582.230352,1869,preferred,2.0,0,2,1.6317,3
S00107,DTTA,36.759527,10.439245,A220-300,narrow_body,2033,weather,1158,normal,1.0,950.0,950.0,1462.62328,aircraft_fuel,DAAG,3500,60,asphalt,RNAV,0,1,basic,1,basic,1,1,1,1,1,1,0,open,none,safe,civil,0,643.772443,1467,preferred,3.0,0,3,1.4757,4
S00107,DTTA,36.759527,10.439245,A220-300,narrow_body,2033,weather,1158,normal,1.0,950.0,950.0,1462.62328,aircraft_fuel,LGAV,4000,45,asphalt,ILS,1,1,advanced,1,major,1,1,1,1,1,1,1,open,none,safe,civil,0,1199.892141,1967,extended,4.0,0,4,0.7917,2
S00107,DTTA,36.759527,10.439245,A220-300,narrow_body,2033,weather,1158,normal,1.0,950.0,950.0,1462.62328,aircraft_fuel,LEMD,4350,60,asphalt,ILS,1,1,advanced,1,major,1,1,1,1,1,1,1,open,none,safe,civil,1,1284.3123,2317,extended,5.0,0,5,0.7397,1
S00113,ULLI,59.410752,31.033534,E175,regional_jet,1728,mechanical,672,normal,1.0,750.0,672.0,992.700726,emergency,ULLI,3780,60,concrete,ILS,1,1,advanced,1,major,1,1,1,1,1,1,1,open,none,caution,civil,0,61.300847,2052,preferred,1.0,1,1,10.9623,1
S00113,ULLI,59.410752,31.033534,E175,regional_jet,1728,mechanical,672,normal,1.0,750.0,672.0,992.700726,emergency,EFHK,3440,60,asphalt,ILS,1,1,advanced,1,major,1,1,1,1,1,1,1,open,none,safe,civil,0,353.429985,1712,preferred,2.0,0,2,1.9014,3
S00113,ULLI,59.410752,31.033534,E175,regional_jet,1728,mechanical,672,normal,1.0,750.0,672.0,992.700726,emergency,UUEE,3700,60,concrete,ILS,1,1,advanced,1,major,1,1,1,1,1,1,1,open,none,caution,civil,0,537.560801,1972,preferred,3.0,0,3,1.2501,2
S00113,ULLI,59.410752,31.033534,E175,regional_jet,1728,mechanical,672,normal,1.0,750.0,672.0,992.700726,emergency,ESSA,3301,45,asphalt,ILS,1,1,advanced,1,major,1,1,1,1,1,1,1,open,none,safe,civil,0,738.19475,1573,extended,4.0,0,4,0.9103,4
S00115,OOMS,23.483432,58.803117,B737-800,narrow_body,2295,operational_constraints,937,critical,0.75,712.5,712.5,1181.359669,aircraft_fuel,OOMS,4080,45,asphalt,ILS,1,1,advanced,1,major,1,1,1,1,1,1,1,open,none,safe,civil,0,54.363296,1785,preferred,1.0,1,1,13.1063,4
S00115,OOMS,23.483432,58.803117,B737-800,narrow_body,2295,operational_constraints,937,critical,0.75,712.5,712.5,1181.359669,aircraft_fuel,OMDB,4447,60,asphalt,ILS,1,1,advanced,1,major,1,1,1,1,1,1,1,open,none,safe,civil,1,399.260801,2152,preferred,2.0,0,2,1.7845,2
S00115,OOMS,23.483432,58.803117,B737-800,narrow_body,2295,operational_constraints,937,critical,0.75,712.5,712.5,1181.359669,aircraft_fuel,OMAA,4106,60,asphalt,ILS,1,1,advanced,1,major,1,1,1,1,1,1,1,open,none,safe,civil,0,435.281491,1811,preferred,3.0,0,3,1.6369,3
S00115,OOMS,23.483432,58.803117,B737-800,narrow_body,2295,operational_constraints,937,critical,0.75,712.5,712.5,1181.359669,aircraft_fuel,OTHH,4850,60,asphalt,ILS,1,1,advanced,1,major,1,1,1,1,1,1,1,open,none,safe,civil,0,755.279077,2555,extended,4.0,0,4,0.9434,1
S00115,OOMS,23.483432,58.803117,B737-800,narrow_body,2295,operational_constraints,937,critical,0.75,712.5,712.5,1181.359669,aircraft_fuel,OBBI,3956,60,asphalt,ILS,1,1,advanced,1,major,1,1,1,1,1,1,1,open,none,safe,civil,0,879.726955,1661,extended,5.0,0,6,0.8099,5
S00115,OOMS,23.483432,58.803117,B737-800,narrow_body,2295,operational_constraints,937,critical,0.75,712.5,712.5,1181.359669,aircraft_fuel,OPKC,3400,46,concrete,RNAV,0,1,basic,1,basic,1,1,1,1,1,1,1,open,none,caution,civil,0,862.179352,1105,extended,6.0,0,5,0.8264,6
S00117,ZSPD,30.549421,121.560929,B737 MAX 8,narrow_body,2539,technical,786,normal,1.0,1000.0,786.0,1254.721673,emergency,ZSPD,4000,60,concrete,ILS,1,1,advanced,1,major,1,1,1,1,1,1,1,open,none,safe,civil,1,70.036891,1461,preferred,1.0,1,1,11.2227,1
S00117,ZSPD,30.549421,121.560929,B737 MAX 8,narrow_body,2539,technical,786,normal,1.0,1000.0,786.0,1254.721673,emergency,RCTP,3660,60,concrete,ILS,1,1,advanced,1,major,1,1,1,1,1,1,1,open,none,safe,civil,0,609.2806,1121,preferred,2.0,0,2,1.29,4
S00117,ZSPD,30.549421,121.560929,B737 MAX 8,narrow_body,2539,technical,786,normal,1.0,1000.0,786.0,1254.721673,emergency,RKSI,4000,60,asphalt,ILS,1,1,advanced,1,major,1,1,1,1,1,1,1,open,none,safe,civil,1,891.387301,1461,extended,3.0,0,3,0.8818,1
S00117,ZSPD,30.549421,121.560929,B737 MAX 8,narrow_body,2539,technical,786,normal,1.0,1000.0,786.0,1254.721673,emergency,ZBAA,3810,60,asphalt,ILS,1,1,advanced,1,major,1,1,1,1,1,1,1,open,none,safe,civil,1,1150.704939,1271,extended,4.0,0,4,0.6831,3
S00121,WSSS,0.629198,104.005224,E175,regional_jet,1830,mechanical,1070,normal,1.0,750.0,750.0,1244.89657,aircraft_fuel,WSSS,4000,60,asphalt,ILS,1,1,advanced,1,major,1,1,1,1,1,1,1,open,none,safe,civil,1,80.180358,2170,preferred,1.0,1,1,9.3539,2
S00121,WSSS,0.629198,104.005224,E175,regional_jet,1830,mechanical,1070,normal,1.0,750.0,750.0,1244.89657,aircraft_fuel,WMKK,4124,60,asphalt,ILS,1,1,advanced,1,major,1,1,1,1,1,1,1,open,none,safe,civil,0,347.062899,2294,preferred,2.0,0,2,2.161,1
S00121,WSSS,0.629198,104.005224,E175,regional_jet,1830,mechanical,1070,normal,1.0,750.0,750.0,1244.89657,aircraft_fuel,WIMM,3000,60,asphalt,RNAV,1,1,basic,1,basic,1,0,1,1,0,1,1,open,none,safe,civil,0,660.148605,1170,preferred,3.0,0,3,1.1361,3
S00122,EDDF,49.808239,8.677997,A350-900,wide_body,2996,medical,953,normal,1.0,1500.0,953.0,1706.344399,emergency,EDDF,4000,60,asphalt,ILS,1,1,advanced,1,major,1,1,1,0,1,1,1,open,none,safe,civil,1,25.758583,1004,preferred,1.0,1,1,36.9974,3
S00122,EDDF,49.808239,8.677997,A350-900,wide_body,2996,medical,953,normal,1.0,1500.0,953.0,1706.344399,emergency,LFPG,4215,45,asphalt,ILS,1,1,advanced,1,major,1,1,1,1,1,1,1,open,none,safe,civil,1,451.752301,1219,preferred,2.0,0,3,2.1096,2
S00122,EDDF,49.808239,8.677997,A350-900,wide_body,2996,medical,953,normal,1.0,1500.0,953.0,1706.344399,emergency,EHAM,3800,60,asphalt,ILS,1,1,advanced,1,major,1,1,1,1,1,1,1,open,none,safe,civil,1,389.931702,804,preferred,3.0,0,2,2.444,6
S00122,EDDF,49.808239,8.677997,A350-900,wide_body,2996,medical,953,normal,1.0,1500.0,953.0,1706.344399,emergency,EGLL,3901,50,asphalt,ILS,1,1,advanced,1,major,1,1,1,1,1,1,1,open,none,safe,civil,1,669.881823,905,preferred,4.0,0,5,1.4226,5
S00122,EDDF,49.808239,8.677997,A350-900,wide_body,2996,medical,953,normal,1.0,1500.0,953.0,1706.344399,emergency,LIRF,3902,60,asphalt,ILS,1,1,basic,1,major,1,1,1,1,1,1,1,open,none,safe,civil,1,931.804861,906,preferred,5.0,0,7,1.0227,4
S00122,EDDF,49.808239,8.677997,A350-900,wide_body,2996,medical,953,normal,1.0,1500.0,953.0,1706.344399,emergency,LEMD,4350,60,asphalt,ILS,1,1,advanced,1,major,1,1,1,1,1,1,1,open,none,safe,civil,1,1409.145065,1354,extended,6.0,0,11,0.6763,1
S00122,EDDF,49.808239,8.677997,A350-900,wide_body,2996,medical,953,normal,1.0,1500.0,953.0,1706.344399,emergency,EGKK,3317,45,asphalt,ILS,1,1,advanced,1,major,1,1,1,1,1,1,1,open,none,safe,civil,1,644.236783,321,preferred,7.0,0,4,1.4793,10
S00122,EDDF,49.808239,8.677997,A350-900,wide_body,2996,medical,953,normal,1.0,1500.0,953.0,1706.344399,emergency,EGCC,3048,46,asphalt,ILS,1,1,advanced,1,major,1,1,1,1,1,1,1,open,none,safe,civil,1,852.1024,52,preferred,8.0,0,6,1.1184,14
S00122,EDDF,49.808239,8.677997,A350-900,wide_body,2996,medical,953,normal,1.0,1500.0,953.0,1706.344399,emergency,ENGM,3600,45,asphalt,ILS,1,1,advanced,1,major,1,1,1,1,1,1,1,open,none,safe,civil,0,1164.920023,604,extended,9.0,0,9,0.8181,7
S00122,EDDF,49.808239,8.677997,A350-900,wide_body,2996,medical,953,normal,1.0,1500.0,953.0,1706.344399,emergency,DAAG,3500,60,asphalt,RNAV,0,1,basic,1,basic,1,1,1,1,1,1,0,open,none,safe,civil,0,1522.852543,504,extended,10.0,0,13,0.6258,8
S00122,EDDF,49.808239,8.677997,A350-900,wide_body,2996,medical,953,normal,1.0,1500.0,953.0,1706.344399,emergency,EFHK,3440,60,asphalt,ILS,1,1,advanced,1,major,1,1,1,1,1,1,1,open,none,safe,civil,0,1553.957806,444,extended,11.0,0,14,0.6133,9
S00122,EDDF,49.808239,8.677997,A350-900,wide_body,2996,medical,953,normal,1.0,1500.0,953.0,1706.344399,emergency,ESSA,3301,45,asphalt,ILS,1,1,advanced,1,major,1,1,1,1,1,1,1,open,none,safe,civil,0,1242.370991,305,extended,12.0,0,10,0.7671,11
S00122,EDDF,49.808239,8.677997,A350-900,wide_body,2996,medical,953,normal,1.0,1500.0,953.0,1706.344399,emergency,EIDW,3110,45,concrete,ILS,1,1,advanced,1,major,1,1,1,1,1,1,1,open,none,safe,civil,0,1104.649054,114,extended,13.0,0,8,0.8627,13
S00122,EDDF,49.808239,8.677997,A350-900,wide_body,2996,medical,953,normal,1.0,1500.0,953.0,1706.344399,emergency,DTTA,3200,45,asphalt,RNAV,0,1,basic,1,basic,1,0,1,1,1,1,1,open,none,safe,civil,0,1446.132543,204,extended,14.0,0,12,0.659,12
S00123,OJAI,32.330545,36.360337,A319,narrow_body,2090,medical,1096,normal,1.0,900.0,900.0,1484.732437,aircraft_fuel,OJAI,3660,61,asphalt,ILS,1,1,advanced,1,major,1,1,1,1,1,1,1,open,none,safe,civil,0,75.945192,1570,preferred,1.0,1,1,11.8507,7
S00123,OJAI,32.330545,36.360337,A319,narrow_body,2090,medical,1096,normal,1.0,900.0,900.0,1484.732437,aircraft_fuel,HECA,4000,60,asphalt,ILS,1,1,basic,1,major,1,1,1,1,1,1,1,open,none,safe,civil,0,532.510964,1910,preferred,2.0,0,2,1.6901,4
S00123,OJAI,32.330545,36.360337,A319,narrow_body,2090,medical,1096,normal,1.0,900.0,900.0,1484.732437,aircraft_fuel,OKKK,4580,60,asphalt,ILS,1,1,advanced,1,major,1,1,1,1,1,1,1,open,none,safe,civil,0,1160.89142,2490,extended,3.0,0,4,0.7753,1
S00123,OJAI,32.330545,36.360337,A319,narrow_body,2090,medical,1096,normal,1.0,900.0,900.0,1484.732437,aircraft_fuel,LTFM,4100,60,asphalt,ILS,1,1,advanced,1,major,1,1,1,1,1,1,0,open,none,safe,civil,0,1203.192067,2010,extended,4.0,0,5,0.748,3
S00123,OJAI,32.330545,36.360337,A319,narrow_body,2090,medical,1096,normal,1.0,900.0,900.0,1484.732437,aircraft_fuel,LGAV,4000,45,asphalt,ILS,1,1,advanced,1,major,1,1,1,1,1,1,1,open,none,safe,civil,0,1288.074613,1910,extended,5.0,0,6,0.6987,4
S00123,OJAI,32.330545,36.360337,A319,narrow_body,2090,medical,1096,normal,1.0,900.0,900.0,1484.732437,aircraft_fuel,OERK,4205,60,asphalt,ILS,1,1,advanced,1,major,1,1,1,1,1,1,1,open,none,safe,civil,0,1298.726147,2115,extended,6.0,0,7,0.693,2
S00123,OJAI,32.330545,36.360337,A319,narrow_body,2090,medical,1096,normal,1.0,900.0,900.0,1484.732437,aircraft_fuel,LTAC,3750,45,asphalt,ILS,1,1,advanced,1,major,1,1,1,1,1,1,1,open,none,safe,joint,0,917.88332,1660,extended,7.0,0,3,0.9805,6
S00129,EHAM,52.159624,5.301569,E170,regional_jet,1722,mechanical,996,normal,1.0,700.0,700.0,990.383103,aircraft_fuel,EHAM,3800,60,asphalt,ILS,1,1,advanced,1,major,1,1,1,1,1,1,1,open,none,safe,civil,1,40.188619,2078,preferred,1.0,1,1,17.4179,4
S00129,EHAM,52.159624,5.301569,E170,regional_jet,1722,mechanical,996,normal,1.0,700.0,700.0,990.383103,aircraft_fuel,EDDF,4000,60,asphalt,ILS,1,1,advanced,1,major,1,1,1,0,1,1,1,open,none,safe,civil,1,328.53868,2278,preferred,2.0,0,2,2.1306,2
S00129,EHAM,52.159624,5.301569,E170,regional_jet,1722,mechanical,996,normal,1.0,700.0,700.0,990.383103,aircraft_fuel,EGKK,3317,45,asphalt,ILS,1,1,advanced,1,major,1,1,1,1,1,1,1,open,none,safe,civil,1,394.771115,1595,preferred,3.0,0,3,1.7732,6
S00129,EHAM,52.159624,5.301569,E170,regional_jet,1722,mechanical,996,normal,1.0,700.0,700.0,990.383103,aircraft_fuel,LFPG,4215,45,asphalt,ILS,1,1,advanced,1,major,1,1,1,1,1,1,1,open,none,safe,civil,1,400.384357,2493,preferred,4.0,0,4,1.7483,1
S00129,EHAM,52.159624,5.301569,E170,regional_jet,1722,mechanical,996,normal,1.0,700.0,700.0,990.383103,aircraft_fuel,EGLL,3901,50,asphalt,ILS,1,1,advanced,1,major,1,1,1,1,1,1,1,open,none,safe,civil,1,403.272692,2179,preferred,5.0,0,5,1.7358,3
S00129,EHAM,52.159624,5.301569,E170,regional_jet,1722,mechanical,996,normal,1.0,700.0,700.0,990.383103,aircraft_fuel,EGCC,3048,46,asphalt,ILS,1,1,advanced,1,major,1,1,1,1,1,1,1,open,none,safe,civil,1,526.586914,1326,preferred,6.0,0,6,1.3293,8
S00129,EHAM,52.159624,5.301569,E170,regional_jet,1722,mechanical,996,normal,1.0,700.0,700.0,990.383103,aircraft_fuel,ENGM,3600,45,asphalt,ILS,1,1,advanced,1,major,1,1,1,1,1,1,1,open,none,safe,civil,0,961.890611,1878,extended,7.0,0,8,0.7277,5
S00129,EHAM,52.159624,5.301569,E170,regional_jet,1722,mechanical,996,normal,1.0,700.0,700.0,990.383103,aircraft_fuel,EIDW,3110,45,concrete,ILS,1,1,advanced,1,major,1,1,1,1,1,1,1,open,none,safe,civil,0,789.29279,1388,extended,8.0,0,7,0.8869,7
S00130,UUEE,56.615824,37.833146,A220-300,narrow_body,2081,fuel,611,normal,1.0,950.0,611.0,940.218288,emergency,UUEE,3700,60,concrete,ILS,1,1,advanced,1,major,1,1,1,1,1,1,1,open,none,caution,civil,0,75.668979,1619,preferred,1.0,1,1,8.0746,2
S00130,UUEE,56.615824,37.833146,A220-300,narrow_body,2081,fuel,611,normal,1.0,950.0,611.0,940.218288,emergency,ULLI,3780,60,concrete,ILS,1,1,advanced,1,major,1,1,1,1,1,1,1,open,none,caution,civil,0,566.943303,1699,preferred,2.0,0,2,1.0777,1
S00130,UUEE,56.615824,37.833146,A220-300,narrow_body,2081,fuel,611,normal,1.0,950.0,611.0,940.218288,emergency,EFHK,3440,60,asphalt,ILS,1,1,advanced,1,major,1,1,1,1,1,1,1,open,none,safe,civil,0,852.164732,1359,extended,3.0,0,3,0.717,3
S00137,EHAM,52.168677,4.432637,B787-9,wide_body,2905,mechanical,1054,normal,1.0,1400.0,1054.0,1826.767662,emergency,EHAM,3800,60,asphalt,ILS,1,1,advanced,1,major,1,1,1,1,1,1,1,open,none,safe,civil,1,27.401588,895,preferred,1.0,1,1,38.4649,6
S00137,EHAM,52.168677,4.432637,B787-9,wide_body,2905,mechanical,1054,normal,1.0,1400.0,1054.0,1826.767662,emergency,LFPG,4215,45,asphalt,ILS,1,1,advanced,1,major,1,1,1,1,1,1,1,open,none,safe,civil,1,375.505721,1310,preferred,2.0,0,5,2.8069,2
S00137,EHAM,52.168677,4.432637,B787-9,wide_body,2905,mechanical,1054,normal,1.0,1400.0,1054.0,1826.767662,emergency,EDDF,4000,60,asphalt,ILS,1,1,advanced,1,major,1,1,1,0,1,1,1,open,none,safe,civil,1,373.700826,1095,preferred,3.0,0,4,2.8204,3
S00137,EHAM,52.168677,4.432637,B787-9,wide_body,2905,mechanical,1054,normal,1.0,1400.0,1054.0,1826.767662,emergency,EGLL,3901,50,asphalt,ILS,1,1,advanced,1,major,1,1,1,1,1,1,1,open,none,safe,civil,1,345.048606,996,preferred,4.0,0,3,3.0546,5
S00137,EHAM,52.168677,4.432637,B787-9,wide_body,2905,mechanical,1054,normal,1.0,1400.0,1054.0,1826.767662,emergency,EGKK,3317,45,asphalt,ILS,1,1,advanced,1,major,1,1,1,1,1,1,1,open,none,safe,civil,1,338.083869,412,preferred,5.0,0,2,3.1176,12
S00137,EHAM,52.168677,4.432637,B787-9,wide_body,2905,mechanical,1054,normal,1.0,1400.0,1054.0,1826.767662,emergency,LEMD,4350,60,asphalt,ILS,1,1,advanced,1,major,1,1,1,1,1,1,1,open,none,safe,civil,1,1434.293931,1445,extended,6.0,0,11,0.7349,1
S00137,EHAM,52.168677,4.432637,B787-9,wide_body,2905,mechanical,1054,normal,1.0,1400.0,1054.0,1826.767662,emergency,ENGM,3600,45,asphalt,ILS,1,1,advanced,1,major,1,1,1,1,1,1,1,open,none,safe,civil,0,981.998111,695,preferred,7.0,0,8,1.0733,9
S00137,EHAM,52.168677,4.432637,B787-9,wide_body,2905,mechanical,1054,normal,1.0,1400.0,1054.0,1826.767662,emergency,EGCC,3048,46,asphalt,ILS,1,1,advanced,1,major,1,1,1,1,1,1,1,open,none,safe,civil,1,469.980526,143,preferred,8.0,0,6,2.2426,16
S00137,EHAM,52.168677,4.432637,B787-9,wide_body,2905,mechanical,1054,normal,1.0,1400.0,1054.0,1826.767662,emergency,EIDW,3110,45,concrete,ILS,1,1,advanced,1,major,1,1,1,1,1,1,1,open,none,safe,civil,0,731.797604,205,preferred,9.0,0,7,1.4403,15
S00137,EHAM,52.168677,4.432637,B787-9,wide_body,2905,mechanical,1054,normal,1.0,1400.0,1054.0,1826.767662,emergency,LIRF,3902,60,asphalt,ILS,1,1,basic,1,major,1,1,1,1,1,1,1,open,none,safe,civil,1,1294.354439,997,extended,10.0,0,10,0.8143,4
S00137,EHAM,52.168677,4.432637,B787-9,wide_body,2905,mechanical,1054,normal,1.0,1400.0,1054.0,1826.767662,emergency,LPPT,3707,45,asphalt,ILS,1,1,advanced,1,major,1,1,1,1,1,1,1,open,none,safe,civil,0,1819.791781,802,extended,11.0,0,16,0.5792,8
S00137,EHAM,52.168677,4.432637,B787-9,wide_body,2905,mechanical,1054,normal,1.0,1400.0,1054.0,1826.767662,emergency,DAAG,3500,60,asphalt,RNAV,0,1,basic,1,basic,1,1,1,1,1,1,0,open,none,safe,civil,0,1723.370036,595,extended,12.0,0,13,0.6116,10
S00137,EHAM,52.168677,4.432637,B787-9,wide_body,2905,mechanical,1054,normal,1.0,1400.0,1054.0,1826.767662,emergency,EFHK,3440,60,asphalt,ILS,1,1,advanced,1,major,1,1,1,1,1,1,1,open,none,safe,civil,0,1548.416116,535,extended,13.0,0,12,0.6807,11
S00137,EHAM,52.168677,4.432637,B787-9,wide_body,2905,mechanical,1054,normal,1.0,1400.0,1054.0,1826.767662,emergency,ESSA,3301,45,asphalt,ILS,1,1,advanced,1,major,1,1,1,1,1,1,1,open,none,safe,civil,0,1178.767816,396,extended,14.0,0,9,0.8942,13
S00137,EHAM,52.168677,4.432637,B787-9,wide_body,2905,mechanical,1054,normal,1.0,1400.0,1054.0,1826.767662,emergency,ULLI,3780,60,concrete,ILS,1,1,advanced,1,major,1,1,1,1,1,1,1,open,none,caution,civil,0,1800.783785,875,extended,15.0,0,15,0.5853,7
S00137,EHAM,52.168677,4.432637,B787-9,wide_body,2905,mechanical,1054,normal,1.0,1400.0,1054.0,1826.767662,emergency,DTTA,3200,45,asphalt,RNAV,0,1,basic,1,basic,1,0,1,1,1,1,1,open,none,safe,civil,0,1762.716035,295,extended,16.0,0,14,0.5979,14
S00143,RJCC,42.89035,142.097242,E190,regional_jet,1897,weather,652,normal,1.0,800.0,652.0,970.311429,emergency,RJCC,3000,61,asphalt,RNAV,0,1,basic,1,basic,1,1,1,1,1,1,1,open,none,safe,joint,0,35.577509,1103,preferred,1.0,1,1,18.3262,3
S00143,RJCC,42.89035,142.097242,E190,regional_jet,1897,weather,652,normal,1.0,800.0,652.0,970.311429,emergency,RJAA,4000,60,asphalt,ILS,1,1,advanced,1,major,1,1,1,0,1,1,1,open,none,safe,civil,1,805.371596,2103,extended,2.0,0,2,0.8096,1
S00143,RJCC,42.89035,142.097242,E190,regional_jet,1897,weather,652,normal,1.0,800.0,652.0,970.311429,emergency,RJTT,3360,61,asphalt,ILS,1,1,advanced,1,major,1,1,1,1,1,1,1,open,none,safe,civil,1,840.0601,1463,extended,3.0,0,3,0.7761,2
S00148,EGCC,53.404201,-1.711136,CRJ900,regional_jet,1727,weather,1185,low,0.9,630.0,630.0,911.337407,aircraft_fuel,EGCC,3048,46,asphalt,ILS,1,1,advanced,1,major,1,1,1,1,1,1,1,open,none,safe,civil,1,37.816359,1321,preferred,1.0,1,1,16.6595,7
S00148,EGCC,53.404201,-1.711136,CRJ900,regional_jet,1727,weather,1185,low,0.9,630.0,630.0,911.337407,aircraft_fuel,EGLL,3901,50,asphalt,ILS,1,1,advanced,1,major,1,1,1,1,1,1,1,open,none,safe,civil,1,231.106996,2174,preferred,2.0,0,2,2.726,3
S00148,EGCC,53.404201,-1.711136,CRJ900,regional_jet,1727,weather,1185,low,0.9,630.0,630.0,911.337407,aircraft_fuel,EGKK,3317,45,asphalt,ILS,1,1,advanced,1,major,1,1,1,1,1,1,1,open,none,safe,civil,1,271.403521,1590,preferred,3.0,0,3,2.3213,5
S00148,EGCC,53.404201,-1.711136,CRJ900,regional_jet,1727,weather,1185,low,0.9,630.0,630.0,911.337407,aircraft_fuel,EIDW,3110,45,concrete,ILS,1,1,advanced,1,major,1,1,1,1,1,1,1,open,none,safe,civil,0,301.561947,1383,preferred,4.0,0,4,2.0891,6
S00148,EGCC,53.404201,-1.711136,CRJ900,regional_jet,1727,weather,1185,low,0.9,630.0,630.0,911.337407,aircraft_fuel,EHAM,3800,60,asphalt,ILS,1,1,advanced,1,major,1,1,1,1,1,1,1,open,none,safe,civil,1,451.305949,2073,preferred,5.0,0,5,1.3959,4
S00148,EGCC,53.404201,-1.711136,CRJ900,regional_jet,1727,weather,1185,low,0.9,630.0,630.0,911.337407,aircraft_fuel,LFPG,4215,45,asphalt,ILS,1,1,advanced,1,major,1,1,1,1,1,1,1,open,none,safe,civil,1,571.732816,2488,preferred,6.0,0,6,1.1019,1
S00148,EGCC,53.404201,-1.711136,CRJ900,regional_jet,1727,weather,1185,low,0.9,630.0,630.0,911.337407,aircraft_fuel,EDDF,4000,60,asphalt,ILS,1,1,advanced,1,major,1,1,1,0,1,1,1,open,none,safe,civil,1,799.952141,2273,extended,7.0,0,7,0.7875,2
S00152,DNAA,9.213558,7.605228,A220-300,narrow_body,2126,operational_constraints,637,normal,1.0,950.0,637.0,1026.28696,emergency,DNAA,3609,60,asphalt,RNAV,0,0,none,1,basic,1,0,1,1,1,1,1,open,none,safe,joint,0,44.034219,1483,preferred,1.0,1,1,14.466,2
S00152,DNAA,9.213558,7.605228,A220-300,narrow_body,2126,operational_constraints,637,normal,1.0,950.0,637.0,1026.28696,emergency,DNKN,3200,46,asphalt,RNAV,0,0,none,1,basic,1,0,1,0,0,1,1,open,none,safe,joint,0,330.758182,1074,preferred,2.0,0,2,1.9259,4
S00152,DNAA,9.213558,7.605228,A220-300,narrow_body,2126,operational_constraints,637,normal,1.0,950.0,637.0,1026.28696,emergency,DNMM,3900,60,asphalt,ILS,1,1,advanced,1,major,1,1,1,1,1,1,1,open,none,caution,civil,0,555.450563,1774,preferred,3.0,0,3,1.1468,1
S00152,DNAA,9.213558,7.605228,A220-300,narrow_body,2126,operational_constraints,637,normal,1.0,950.0,637.0,1026.28696,emergency,DGAA,3403,61,asphalt,RNAV,0,0,none,1,basic,1,0,1,1,1,1,0,open,none,safe,civil,0,946.123368,1277,extended,4.0,0,4,0.6733,3
S00153,HECA,28.575307,31.228254,E170,regional_jet,1772,technical,610,low,0.9,630.0,610.0,864.582008,emergency,HECA,4000,60,asphalt,ILS,1,1,basic,1,major,1,1,1,1,1,1,1,open,none,safe,civil,0,171.599013,2228,preferred,1.0,1,1,3.5548,1
S00153,HECA,28.575307,31.228254,E170,regional_jet,1772,technical,610,low,0.9,630.0,610.0,864.582008,emergency,OJAI,3660,61,asphalt,ILS,1,1,advanced,1,major,1,1,1,1,1,1,1,open,none,safe,civil,0,576.411615,1888,preferred,2.0,0,3,1.0583,2
S00153,HECA,28.575307,31.228254,E170,regional_jet,1772,technical,610,low,0.9,630.0,610.0,864.582008,emergency,HELX,3000,45,asphalt,RNAV,0,0,none,1,basic,1,0,1,0,0,1,1,open,none,safe,joint,0,354.528211,1228,preferred,3.0,0,2,1.7206,3
S00153,HECA,28.575307,31.228254,E170,regional_jet,1772,technical,610,low,0.9,630.0,610.0,864.582008,emergency,LCLK,2987,45,asphalt,ILS,1,0,none,1,basic,1,0,1,1,1,1,1,open,none,safe,civil,0,736.189884,1215,extended,4.0,0,4,0.8286,4
S00154,HECA,29.778138,31.177843,A380-800,very_large,3461,mechanical,935,normal,1.0,1600.0,935.0,1724.053554,emergency,HECA,4000,60,asphalt,ILS,1,1,basic,1,major,1,1,1,1,1,1,1,open,none,safe,civil,0,42.649366,539,preferred,1.0,1,1,21.923,4
S00154,HECA,29.778138,31.177843,A380-800,very_large,3461,mechanical,935,normal,1.0,1600.0,935.0,1724.053554,emergency,OJAI,3660,61,asphalt,ILS,1,1,advanced,1,major,1,1,1,1,1,1,1,open,none,safe,civil,0,508.352928,199,preferred,2.0,0,2,1.8393,7
S00154,HECA,29.778138,31.177843,A380-800,very_large,3461,mechanical,935,normal,1.0,1600.0,935.0,1724.053554,emergency,OKKK,4580,60,asphalt,ILS,1,1,advanced,1,major,1,1,1,1,1,1,1,open,none,safe,civil,0,1624.826355,1119,extended,3.0,0,7,0.5754,1
S00154,HECA,29.778138,31.177843,A380-800,very_large,3461,mechanical,935,normal,1.0,1600.0,935.0,1724.053554,emergency,OERK,4205,60,asphalt,ILS,1,1,advanced,1,major,1,1,1,1,1,1,1,open,none,safe,civil,0,1621.997963,744,extended,4.0,0,6,0.5764,2
S00154,HECA,29.778138,31.177843,A380-800,very_large,3461,mechanical,935,normal,1.0,1600.0,935.0,1724.053554,emergency,LTFM,4100,60,asphalt,ILS,1,1,advanced,1,major,1,1,1,1,1,1,0,open,none,safe,civil,0,1297.234776,639,extended,5.0,0,5,0.7208,3
S00154,HECA,29.778138,31.177843,A380-800,very_large,3461,mechanical,935,normal,1.0,1600.0,935.0,1724.053554,emergency,LGAV,4000,45,asphalt,ILS,1,1,advanced,1,major,1,1,1,1,1,1,1,open,none,safe,civil,0,1125.654083,539,extended,6.0,0,3,0.8306,4
S00154,HECA,29.778138,31.177843,A380-800,very_large,3461,mechanical,935,normal,1.0,1600.0,935.0,1724.053554,emergency,LTAC,3750,45,asphalt,ILS,1,1,advanced,1,major,1,1,1,1,1,1,1,open,none,safe,joint,0,1162.63994,289,extended,7.0,0,4,0.8042,6
S00155,EIDW,53.051587,-4.745344,B737 MAX 8,narrow_body,2378,medical,532,critical,0.75,750.0,532.0,817.876478,emergency,EGLL,3901,50,asphalt,ILS,1,1,advanced,1,major,1,1,1,1,1,1,1,open,none,safe,civil,1,340.451314,1523,preferred,1.0,1,3,1.5626,2
S00155,EIDW,53.051587,-4.745344,B737 MAX 8,narrow_body,2378,medical,532,critical,0.75,750.0,532.0,817.876478,emergency,EIDW,3110,45,concrete,ILS,1,1,advanced,1,major,1,1,1,1,1,1,1,open,none,safe,civil,0,109.297035,732,preferred,2.0,0,1,4.8675,5
S00155,EIDW,53.051587,-4.745344,B737 MAX 8,narrow_body,2378,medical,532,critical,0.75,750.0,532.0,817.876478,emergency,EGCC,3048,46,asphalt,ILS,1,1,advanced,1,major,1,1,1,1,1,1,1,open,none,safe,civil,1,167.924638,670,preferred,3.0,0,2,3.1681,6
S00155,EIDW,53.051587,-4.745344,B737 MAX 8,narrow_body,2378,medical,532,critical,0.75,750.0,532.0,817.876478,emergency,EGKK,3317,45,asphalt,ILS,1,1,advanced,1,major,1,1,1,1,1,1,1,open,none,safe,civil,1,376.406139,939,preferred,4.0,0,4,1.4134,4
S00155,EIDW,53.051587,-4.745344,B737 MAX 8,narrow_body,2378,medical,532,critical,0.75,750.0,532.0,817.876478,emergency,LFPG,4215,45,asphalt,ILS,1,1,advanced,1,major,1,1,1,1,1,1,1,open,none,safe,civil,1,679.575796,1837,extended,5.0,0,6,0.7828,1
S00155,EIDW,53.051587,-4.745344,B737 MAX 8,narrow_body,2378,medical,532,critical,0.75,750.0,532.0,817.876478,emergency,EHAM,3800,60,asphalt,ILS,1,1,advanced,1,major,1,1,1,1,1,1,1,open,none,safe,civil,1,645.863737,1422,extended,6.0,0,5,0.8237,3
S00157,VIDP,29.17324,77.384461,A350-900,wide_body,2970,security,999,normal,1.0,1500.0,999.0,1749.303571,emergency,VIDP,4430,60,asphalt,ILS,1,1,advanced,1,major,1,1,1,1,1,1,1,open,none,safe,civil,1,74.227808,1460,preferred,1.0,1,1,13.4586,2
S00157,VIDP,29.17324,77.384461,A350-900,wide_body,2970,security,999,normal,1.0,1500.0,999.0,1749.303571,emergency,UAAA,4500,45,asphalt,RNAV,0,1,basic,1,basic,1,1,1,1,1,1,1,open,none,safe,civil,0,1577.151728,1530,extended,2.0,0,6,0.6334,1
S00157,VIDP,29.17324,77.384461,A350-900,wide_body,2970,security,999,normal,1.0,1500.0,999.0,1749.303571,emergency,OPLA,3360,46,concrete,RNAV,0,0,none,1,basic,1,0,1,1,1,1,1,open,none,caution,civil,0,387.269,390,preferred,3.0,0,2,2.5796,5
S00157,VIDP,29.17324,77.384461,A350-900,wide_body,2970,security,999,normal,1.0,1500.0,999.0,1749.303571,emergency,VABB,3509,60,asphalt,ILS,1,1,advanced,1,major,1,1,1,1,1,1,1,open,none,safe,civil,1,1211.034741,539,extended,4.0,0,5,0.8249,3
S00157,VIDP,29.17324,77.384461,A350-900,wide_body,2970,security,999,normal,1.0,1500.0,999.0,1749.303571,emergency,OPKC,3400,46,concrete,RNAV,0,1,basic,1,basic,1,1,1,1,1,1,1,open,none,caution,civil,0,1117.564746,430,extended,5.0,0,4,0.8939,4
S00157,VIDP,29.17324,77.384461,A350-900,wide_body,2970,security,999,normal,1.0,1500.0,999.0,1749.303571,emergency,VNKT,3350,45,asphalt,VOR,0,0,none,0,none,0,0,1,1,1,1,1,open,none,caution,civil,0,796.682105,380,preferred,6.0,0,3,1.254,6
S00158,WIMM,2.927152,99.140313,B737-800,narrow_body,2433,medical,496,normal,1.0,950.0,496.0,755.912598,emergency,WMKK,4124,60,asphalt,ILS,1,1,advanced,1,major,1,1,1,1,1,1,1,open,none,safe,civil,0,286.099106,1691,preferred,1.0,1,2,1.7337,1
S00158,WIMM,2.927152,99.140313,B737-800,narrow_body,2433,medical,496,normal,1.0,950.0,496.0,755.912598,emergency,WIMM,3000,60,asphalt,RNAV,1,1,basic,1,basic,1,0,1,1,0,1,1,open,none,safe,civil,0,84.337012,567,preferred,2.0,0,1,5.8812,3
S00158,WIMM,2.927152,99.140313,B737-800,narrow_body,2433,medical,496,normal,1.0,950.0,496.0,755.912598,emergency,WSSS,4000,60,asphalt,ILS,1,1,advanced,1,major,1,1,1,1,1,1,1,open,none,safe,civil,1,567.102806,1567,extended,3.0,0,3,0.8746,2
S00159,LPPT,38.762714,-9.914332,A320,narrow_body,2406,medical,718,low,0.9,855.0,718.0,1175.305137,emergency,LPPT,3707,45,asphalt,ILS,1,1,advanced,1,major,1,1,1,1,1,1,1,open,none,safe,civil,0,67.513885,1301,preferred,1.0,1,1,10.6348,3
S00159,LPPT,38.762714,-9.914332,A320,narrow_body,2406,medical,718,low,0.9,855.0,718.0,1175.305137,emergency,LEMD,4350,60,asphalt,ILS,1,1,advanced,1,major,1,1,1,1,1,1,1,open,none,safe,civil,1,576.070424,1944,preferred,2.0,0,2,1.2464,1
S00159,LPPT,38.762714,-9.914332,A320,narrow_body,2406,medical,718,low,0.9,855.0,718.0,1175.305137,emergency,GMMN,3720,45,asphalt,ILS,1,1,advanced,1,major,1,1,1,1,1,1,1,open,none,safe,civil,0,635.191213,1314,preferred,3.0,0,3,1.1304,2
S00162,EGCC,52.748854,-1.759828,A319,narrow_body,2000,medical,399,normal,1.0,900.0,399.0,635.975563,emergency,EGLL,3901,50,asphalt,ILS,1,1,advanced,1,major,1,1,1,1,1,1,1,open,none,safe,civil,1,167.559212,1901,preferred,1.0,1,2,2.3812,2
S00162,EGCC,52.748854,-1.759828,A319,narrow_body,2000,medical,399,normal,1.0,900.0,399.0,635.975563,emergency,EGCC,3048,46,asphalt,ILS,1,1,advanced,1,major,1,1,1,1,1,1,1,open,none,safe,civil,1,75.560511,1048,preferred,2.0,0,1,5.2805,6
S00162,EGCC,52.748854,-1.759828,A319,narrow_body,2000,medical,399,normal,1.0,900.0,399.0,635.975563,emergency,EGKK,3317,45,asphalt,ILS,1,1,advanced,1,major,1,1,1,1,1,1,1,open,none,safe,civil,1,208.064391,1317,preferred,3.0,0,3,1.9177,4
S00162,EGCC,52.748854,-1.759828,A319,narrow_body,2000,medical,399,normal,1.0,900.0,399.0,635.975563,emergency,EIDW,3110,45,concrete,ILS,1,1,advanced,1,major,1,1,1,1,1,1,1,open,none,safe,civil,0,309.967273,1110,preferred,4.0,0,4,1.2872,5
S00162,EGCC,52.748854,-1.759828,A319,narrow_body,2000,medical,399,normal,1.0,900.0,399.0,635.975563,emergency,EHAM,3800,60,asphalt,ILS,1,1,advanced,1,major,1,1,1,1,1,1,1,open,none,safe,civil,1,443.860588,1800,extended,5.0,0,5,0.8989,3
S00162,EGCC,52.748854,-1.759828,A319,narrow_body,2000,medical,399,normal,1.0,900.0,399.0,635.975563,emergency,LFPG,4215,45,asphalt,ILS,1,1,advanced,1,major,1,1,1,1,1,1,1,open,none,safe,civil,1,514.137439,2215,extended,6.0,0,6,0.7761,1
S00164,OKKK,29.535259,48.102109,A320,narrow_body,2262,security,457,normal,1.0,950.0,457.0,740.724567,emergency,OKKK,4580,60,asphalt,ILS,1,1,advanced,1,major,1,1,1,1,1,1,1,open,none,safe,civil,0,36.857195,2318,preferred,1.0,1,1,12.3992,2
S00164,OKKK,29.535259,48.102109,A320,narrow_body,2262,security,457,normal,1.0,950.0,457.0,740.724567,emergency,OBBI,3956,60,asphalt,ILS,1,1,advanced,1,major,1,1,1,1,1,1,1,open,none,safe,civil,0,440.562615,1694,preferred,2.0,0,2,1.0373,4
S00164,OKKK,29.535259,48.102109,A320,narrow_body,2262,security,457,normal,1.0,950.0,457.0,740.724567,emergency,OERK,4205,60,asphalt,ILS,1,1,advanced,1,major,1,1,1,1,1,1,1,open,none,safe,civil,0,527.560822,1943,extended,3.0,0,3,0.8663,3
S00164,OKKK,29.535259,48.102109,A320,narrow_body,2262,security,457,normal,1.0,950.0,457.0,740.724567,emergency,OTHH,4850,60,asphalt,ILS,1,1,advanced,1,major,1,1,1,1,1,1,1,open,none,safe,civil,0,586.761847,2588,extended,4.0,0,4,0.7789,1
S00165,WIMM,3.578399,99.077944,A220-300,narrow_body,2082,weather,720,normal,1.0,950.0,720.0,1098.120132,emergency,WIMM,3000,60,asphalt,RNAV,1,1,basic,1,basic,1,0,1,1,0,1,1,open,none,safe,civil,0,22.510454,918,preferred,1.0,1,1,31.9851,3
S00165,WIMM,3.578399,99.077944,A220-300,narrow_body,2082,weather,720,normal,1.0,950.0,720.0,1098.120132,emergency,WMKK,4124,60,asphalt,ILS,1,1,advanced,1,major,1,1,1,1,1,1,1,open,none,safe,civil,0,306.545211,2042,preferred,2.0,0,2,2.3488,1
S00165,WIMM,3.578399,99.077944,A220-300,narrow_body,2082,weather,720,normal,1.0,950.0,720.0,1098.120132,emergency,WSSS,4000,60,asphalt,ILS,1,1,advanced,1,major,1,1,1,1,1,1,1,open,none,safe,civil,1,599.677725,1918,preferred,3.0,0,3,1.2006,2
S00170,RJCC,42.3886,142.325513,B777-300ER,wide_body,3161,security,960,normal,1.0,1500.0,960.0,1700.815006,emergency,RJAA,4000,60,asphalt,ILS,1,1,advanced,1,major,1,1,1,0,1,1,1,open,none,safe,civil,1,754.796554,839,preferred,1.0,1,1,1.2719,1
S00170,RJCC,42.3886,142.325513,B777-300ER,wide_body,3161,security,960,normal,1.0,1500.0,960.0,1700.815006,emergency,RJTT,3360,61,asphalt,ILS,1,1,advanced,1,major,1,1,1,1,1,1,1,open,none,safe,civil,1,791.379308,199,preferred,2.0,0,2,1.2131,3
S00170,RJCC,42.3886,142.325513,B777-300ER,wide_body,3161,security,960,normal,1.0,1500.0,960.0,1700.815006,emergency,RKSI,4000,60,asphalt,ILS,1,1,advanced,1,major,1,1,1,1,1,1,1,open,none,safe,civil,1,1457.099168,839,extended,3.0,0,3,0.6588,1
S00172,LPPT,38.743118,-8.18135,A220-300,narrow_body,2097,security,923,low,0.9,855.0,855.0,1416.041925,aircraft_fuel,LPPT,3707,45,asphalt,ILS,1,1,advanced,1,major,1,1,1,1,1,1,1,open,none,safe,civil,0,82.87383,1610,preferred,1.0,1,1,10.3169,3
S00172,LPPT,38.743118,-8.18135,A220-300,narrow_body,2097,security,923,low,0.9,855.0,855.0,1416.041925,aircraft_fuel,LEMD,4350,60,asphalt,ILS,1,1,advanced,1,major,1,1,1,1,1,1,1,open,none,safe,civil,1,440.075635,2253,preferred,2.0,0,2,1.9428,1
S00172,LPPT,38.743118,-8.18135,A220-300,narrow_body,2097,security,923,low,0.9,855.0,855.0,1416.041925,aircraft_fuel,GMMN,3720,45,asphalt,ILS,1,1,advanced,1,major,1,1,1,1,1,1,1,open,none,safe,civil,0,600.096406,1623,preferred,3.0,0,3,1.4248,2
S00172,LPPT,38.743118,-8.18135,A220-300,narrow_body,2097,security,923,low,0.9,855.0,855.0,1416.041925,aircraft_fuel,DAAG,3500,60,asphalt,RNAV,0,1,basic,1,basic,1,1,1,1,1,1,0,open,none,safe,civil,0,1027.183408,1403,extended,4.0,0,4,0.8324,4
S00174,EGLL,51.360158,-0.621585,A330-300,wide_body,2909,mechanical,842,normal,1.0,1300.0,842.0,1570.908536,emergency,EGLL,3901,50,asphalt,ILS,1,1,advanced,1,major,1,1,1,1,1,1,1,open,none,safe,civil,1,16.64112,992,preferred,1.0,1,1,50.5976,5
S00174,EGLL,51.360158,-0.621585,A330-300,wide_body,2909,mechanical,842,normal,1.0,1300.0,842.0,1570.908536,emergency,LFPG,4215,45,asphalt,ILS,1,1,advanced,1,major,1,1,1,1,1,1,1,open,none,safe,civil,1,345.588425,1306,preferred,2.0,0,4,2.4364,2
S00174,EGLL,51.360158,-0.621585,A330-300,wide_body,2909,mechanical,842,normal,1.0,1300.0,842.0,1570.908536,emergency,EGKK,3317,45,asphalt,ILS,1,1,advanced,1,major,1,1,1,1,1,1,1,open,none,safe,civil,1,38.374982,408,preferred,3.0,0,2,21.9414,9
S00174,EGLL,51.360158,-0.621585,A330-300,wide_body,2909,mechanical,842,normal,1.0,1300.0,842.0,1570.908536,emergency,EHAM,3800,60,asphalt,ILS,1,1,advanced,1,major,1,1,1,1,1,1,1,open,none,safe,civil,1,384.67381,891,preferred,4.0,0,5,2.1889,6
S00174,EGLL,51.360158,-0.621585,A330-300,wide_body,2909,mechanical,842,normal,1.0,1300.0,842.0,1570.908536,emergency,EDDF,4000,60,asphalt,ILS,1,1,advanced,1,major,1,1,1,0,1,1,1,open,none,safe,civil,1,662.921995,1091,preferred,5.0,0,7,1.2701,3
S00174,EGLL,51.360158,-0.621585,A330-300,wide_body,2909,mechanical,842,normal,1.0,1300.0,842.0,1570.908536,emergency,EGCC,3048,46,asphalt,ILS,1,1,advanced,1,major,1,1,1,1,1,1,1,open,none,safe,civil,1,248.474551,139,preferred,6.0,0,3,3.3887,12
S00174,EGLL,51.360158,-0.621585,A330-300,wide_body,2909,mechanical,842,normal,1.0,1300.0,842.0,1570.908536,emergency,LEMD,4350,60,asphalt,ILS,1,1,advanced,1,major,1,1,1,1,1,1,1,open,none,safe,civil,1,1229.420872,1441,extended,7.0,0,9,0.6849,1
S00174,EGLL,51.360158,-0.621585,A330-300,wide_body,2909,mechanical,842,normal,1.0,1300.0,842.0,1570.908536,emergency,EIDW,3110,45,concrete,ILS,1,1,advanced,1,major,1,1,1,1,1,1,1,open,none,safe,civil,0,446.338509,201,preferred,8.0,0,6,1.8865,11
S00174,EGLL,51.360158,-0.621585,A330-300,wide_body,2909,mechanical,842,normal,1.0,1300.0,842.0,1570.908536,emergency,LIRF,3902,60,asphalt,ILS,1,1,basic,1,major,1,1,1,1,1,1,1,open,none,safe,civil,1,1443.973864,993,extended,9.0,0,10,0.5831,4
S00174,EGLL,51.360158,-0.621585,A330-300,wide_body,2909,mechanical,842,normal,1.0,1300.0,842.0,1570.908536,emergency,LPPT,3707,45,asphalt,ILS,1,1,advanced,1,major,1,1,1,1,1,1,1,open,none,safe,civil,0,1547.835421,798,extended,10.0,0,12,0.544,7
S00174,EGLL,51.360158,-0.621585,A330-300,wide_body,2909,mechanical,842,normal,1.0,1300.0,842.0,1570.908536,emergency,ENGM,3600,45,asphalt,ILS,1,1,advanced,1,major,1,1,1,1,1,1,1,open,none,safe,civil,0,1221.876749,691,extended,11.0,0,8,0.6891,8
S00174,EGLL,51.360158,-0.621585,A330-300,wide_body,2909,mechanical,842,normal,1.0,1300.0,842.0,1570.908536,emergency,ESSA,3301,45,asphalt,ILS,1,1,advanced,1,major,1,1,1,1,1,1,1,open,none,safe,civil,0,1479.363191,392,extended,12.0,0,11,0.5692,10
S00178,DNAA,8.915209,7.953601,A321,narrow_body,2475,fuel,639,critical,0.75,750.0,639.0,1145.483159,emergency,DNAA,3609,60,asphalt,RNAV,0,0,none,1,basic,1,0,1,1,1,1,1,open,none,safe,joint,0,76.516032,1134,preferred,1.0,1,1,8.3512,2
S00178,DNAA,8.915209,7.953601,A321,narrow_body,2475,fuel,639,critical,0.75,750.0,639.0,1145.483159,emergency,DNMM,3900,60,asphalt,ILS,1,1,advanced,1,major,1,1,1,1,1,1,1,open,none,caution,civil,0,572.754707,1425,preferred,2.0,0,3,1.1157,1
S00178,DNAA,8.915209,7.953601,A321,narrow_body,2475,fuel,639,critical,0.75,750.0,639.0,1145.483159,emergency,DNKN,3200,46,asphalt,RNAV,0,0,none,1,basic,1,0,1,0,0,1,1,open,none,safe,joint,0,353.856061,725,preferred,3.0,0,2,1.8058,4
S00178,DNAA,8.915209,7.953601,A321,narrow_body,2475,fuel,639,critical,0.75,750.0,639.0,1145.483159,emergency,DGAA,3403,61,asphalt,RNAV,0,0,none,1,basic,1,0,1,1,1,1,0,open,none,safe,civil,0,968.246161,928,extended,4.0,0,4,0.66,3
S00179,VTBS,13.511416,100.020368,B777-300ER,wide_body,3140,weather,912,critical,0.75,1125.0,912.0,1644.705065,emergency,VTBS,4000,60,asphalt,ILS,1,1,advanced,1,major,1,1,1,1,1,1,1,open,none,safe,civil,0,80.768453,860,preferred,1.0,1,1,11.2915,2
S00179,VTBS,13.511416,100.020368,B777-300ER,wide_body,3140,weather,912,critical,0.75,1125.0,912.0,1644.705065,emergency,WMKK,4124,60,asphalt,ILS,1,1,advanced,1,major,1,1,1,1,1,1,1,open,none,safe,civil,0,1211.423982,984,extended,2.0,0,2,0.7528,1
S00179,VTBS,13.511416,100.020368,B777-300ER,wide_body,3140,weather,912,critical,0.75,1125.0,912.0,1644.705065,emergency,WSSS,4000,60,asphalt,ILS,1,1,advanced,1,major,1,1,1,1,1,1,1,open,none,safe,civil,1,1421.207181,860,extended,3.0,0,3,0.6417,2
S00184,LTFM,41.141902,28.887214,A320,narrow_body,2206,weather,560,low,0.9,855.0,560.0,882.021856,emergency,LTFM,4100,60,asphalt,ILS,1,1,advanced,1,major,1,1,1,1,1,1,0,open,none,safe,civil,0,19.670179,1894,preferred,1.0,1,1,28.4695,1
S00184,LTFM,41.141902,28.887214,A320,narrow_body,2206,weather,560,low,0.9,855.0,560.0,882.021856,emergency,LGAV,4000,45,asphalt,ILS,1,1,advanced,1,major,1,1,1,1,1,1,1,open,none,safe,civil,0,553.630569,1794,preferred,2.0,0,3,1.0115,2
S00184,LTFM,41.141902,28.887214,A320,narrow_body,2206,weather,560,low,0.9,855.0,560.0,882.021856,emergency,LTAC,3750,45,asphalt,ILS,1,1,advanced,1,major,1,1,1,1,1,1,1,open,none,safe,joint,0,364.461214,1544,preferred,3.0,0,2,1.5365,3
S00184,LTFM,41.141902,28.887214,A320,narrow_body,2206,weather,560,low,0.9,855.0,560.0,882.021856,emergency,LCLK,2987,45,asphalt,ILS,1,0,none,1,basic,1,0,1,1,1,1,1,open,none,safe,civil,0,810.771082,781,extended,4.0,0,4,0.6907,4
S00191,LCLK,34.711584,33.322353,E170,regional_jet,1777,operational_constraints,1198,normal,1.0,700.0,700.0,1082.201235,aircraft_fuel,LCLK,2987,45,asphalt,ILS,1,0,none,1,basic,1,0,1,1,1,1,1,open,none,safe,civil,0,33.073331,1210,preferred,1.0,1,1,21.1651,7
S00191,LCLK,34.711584,33.322353,E170,regional_jet,1777,operational_constraints,1198,normal,1.0,700.0,700.0,1082.201235,aircraft_fuel,OJAI,3660,61,asphalt,ILS,1,1,advanced,1,major,1,1,1,1,1,1,1,open,none,safe,civil,0,414.920148,1883,preferred,2.0,0,2,1.6871,5
S00191,LCLK,34.711584,33.322353,E170,regional_jet,1777,operational_constraints,1198,normal,1.0,700.0,700.0,1082.201235,aircraft_fuel,HECA,4000,60,asphalt,ILS,1,1,basic,1,major,1,1,1,1,1,1,1,open,none,safe,civil,0,542.468126,2223,preferred,3.0,0,3,1.2904,2
S00191,LCLK,34.711584,33.322353,E170,regional_jet,1777,operational_constraints,1198,normal,1.0,700.0,700.0,1082.201235,aircraft_fuel,LTAC,3750,45,asphalt,ILS,1,1,advanced,1,major,1,1,1,1,1,1,1,open,none,safe,joint,0,602.98077,1973,preferred,4.0,0,4,1.1609,4
S00191,LCLK,34.711584,33.322353,E170,regional_jet,1777,operational_constraints,1198,normal,1.0,700.0,700.0,1082.201235,aircraft_fuel,LTFM,4100,60,asphalt,ILS,1,1,advanced,1,major,1,1,1,1,1,1,0,open,none,safe,civil,0,832.995542,2323,extended,5.0,0,5,0.8403,1
S00191,LCLK,34.711584,33.322353,E170,regional_jet,1777,operational_constraints,1198,normal,1.0,700.0,700.0,1082.201235,aircraft_fuel,LGAV,4000,45,asphalt,ILS,1,1,advanced,1,major,1,1,1,1,1,1,1,open,none,safe,civil,0,912.892727,2223,extended,6.0,0,6,0.7668,2
S00191,LCLK,34.711584,33.322353,E170,regional_jet,1777,operational_constraints,1198,normal,1.0,700.0,700.0,1082.201235,aircraft_fuel,HELX,3000,45,asphalt,RNAV,0,0,none,1,basic,1,0,1,0,0,1,1,open,none,safe,joint,0,1007.000298,1223,extended,7.0,0,7,0.6951,6
S00192,OMAA,24.22819,54.560253,A321,narrow_body,2424,weather,1095,normal,1.0,1000.0,1000.0,1741.535512,aircraft_fuel,OMAA,4106,60,asphalt,ILS,1,1,advanced,1,major,1,1,1,1,1,1,1,open,none,safe,civil,0,25.319084,1682,preferred,1.0,1,1,39.4959,5
S00192,OMAA,24.22819,54.560253,A321,narrow_body,2424,weather,1095,normal,1.0,1000.0,1000.0,1741.535512,aircraft_fuel,OMDB,4447,60,asphalt,ILS,1,1,advanced,1,major,1,1,1,1,1,1,1,open,none,safe,civil,1,140.02734,2023,preferred,2.0,0,2,7.1415,3
S00192,OMAA,24.22819,54.560253,A321,narrow_body,2424,weather,1095,normal,1.0,1000.0,1000.0,1741.535512,aircraft_fuel,OTHH,4850,60,asphalt,ILS,1,1,advanced,1,major,1,1,1,1,1,1,1,open,none,safe,civil,0,319.94247,2426,preferred,3.0,0,3,3.1256,1
S00192,OMAA,24.22819,54.560253,A321,narrow_body,2424,weather,1095,normal,1.0,1000.0,1000.0,1741.535512,aircraft_fuel,OOMS,4080,45,asphalt,ILS,1,1,advanced,1,major,1,1,1,1,1,1,1,open,none,safe,civil,0,385.015889,1656,preferred,4.0,0,4,2.5973,6
S00192,OMAA,24.22819,54.560253,A321,narrow_body,2424,weather,1095,normal,1.0,1000.0,1000.0,1741.535512,aircraft_fuel,OBBI,3956,60,asphalt,ILS,1,1,advanced,1,major,1,1,1,1,1,1,1,open,none,safe,civil,0,454.981418,1532,preferred,5.0,0,5,2.1979,7
S00192,OMAA,24.22819,54.560253,A321,narrow_body,2424,weather,1095,normal,1.0,1000.0,1000.0,1741.535512,aircraft_fuel,OERK,4205,60,asphalt,ILS,1,1,advanced,1,major,1,1,1,1,1,1,1,open,none,safe,civil,0,798.868346,1781,preferred,6.0,0,6,1.2518,4
S00192,OMAA,24.22819,54.560253,A321,narrow_body,2424,weather,1095,normal,1.0,1000.0,1000.0,1741.535512,aircraft_fuel,OKKK,4580,60,asphalt,ILS,1,1,advanced,1,major,1,1,1,1,1,1,1,open,none,safe,civil,0,858.189089,2156,preferred,7.0,0,7,1.1652,2
S00192,OMAA,24.22819,54.560253,A321,narrow_body,2424,weather,1095,normal,1.0,1000.0,1000.0,1741.535512,aircraft_fuel,OPKC,3400,46,concrete,RNAV,0,1,basic,1,basic,1,1,1,1,1,1,1,open,none,caution,civil,0,1276.051281,976,extended,8.0,0,8,0.7837,8
S00196,HECA,30.262846,32.016891,B737-800,narrow_body,2290,mechanical,1056,critical,0.75,712.5,712.5,1250.795394,aircraft_fuel,HECA,4000,60,asphalt,ILS,1,1,basic,1,major,1,1,1,1,1,1,1,open,none,safe,civil,0,61.939384,1710,preferred,1.0,1,1,11.5032,1
S00196,HECA,30.262846,32.016891,B737-800,narrow_body,2290,mechanical,1056,critical,0.75,712.5,712.5,1250.795394,aircraft_fuel,OJAI,3660,61,asphalt,ILS,1,1,advanced,1,major,1,1,1,1,1,1,1,open,none,safe,civil,0,412.277318,1370,preferred,2.0,0,2,1.7282,4
S00196,HECA,30.262846,32.016891,B737-800,narrow_body,2290,mechanical,1056,critical,0.75,712.5,712.5,1250.795394,aircraft_fuel,LCLK,2987,45,asphalt,ILS,1,0,none,1,basic,1,0,1,1,1,1,1,open,none,safe,civil,0,534.511632,697,preferred,3.0,0,4,1.333,6
S00196,HECA,30.262846,32.016891,B737-800,narrow_body,2290,mechanical,1056,critical,0.75,712.5,712.5,1250.795394,aircraft_fuel,LGAV,4000,45,asphalt,ILS,1,1,advanced,1,major,1,1,1,1,1,1,1,open,none,safe,civil,0,1130.603208,1710,extended,4.0,0,6,0.6302,1
S00196,HECA,30.262846,32.016891,B737-800,narrow_body,2290,mechanical,1056,critical,0.75,712.5,712.5,1250.795394,aircraft_fuel,HELX,3000,45,asphalt,RNAV,0,0,none,1,basic,1,0,1,0,0,1,1,open,none,safe,joint,0,515.058962,710,preferred,5.0,0,3,1.3833,5
S00196,HECA,30.262846,32.016891,B737-800,narrow_body,2290,mechanical,1056,critical,0.75,712.5,712.5,1250.795394,aircraft_fuel,LTAC,3750,45,asphalt,ILS,1,1,advanced,1,major,1,1,1,1,1,1,1,open,none,safe,joint,0,1100.539508,1460,extended,6.0,0,5,0.6474,3
S00197,LFPG,49.22062,2.48363,A321,narrow_body,2433,fuel,796,low,0.9,900.0,796.0,1321.913449,emergency,LFPG,4215,45,asphalt,ILS,1,1,advanced,1,major,1,1,1,1,1,1,1,open,none,safe,civil,1,24.088158,1782,preferred,1.0,1,1,33.0453,2
S00197,LFPG,49.22062,2.48363,A321,narrow_body,2433,fuel,796,low,0.9,900.0,796.0,1321.913449,emergency,EGLL,3901,50,asphalt,ILS,1,1,advanced,1,major,1,1,1,1,1,1,1,open,none,safe,civil,1,325.872993,1468,preferred,2.0,0,3,2.4427,5
S00197,LFPG,49.22062,2.48363,A321,narrow_body,2433,fuel,796,low,0.9,900.0,796.0,1321.913449,emergency,EDDF,4000,60,asphalt,ILS,1,1,advanced,1,major,1,1,1,0,1,1,1,open,none,safe,civil,1,446.529269,1567,preferred,3.0,0,5,1.7826,3
S00197,LFPG,49.22062,2.48363,A321,narrow_body,2433,fuel,796,low,0.9,900.0,796.0,1321.913449,emergency,EHAM,3800,60,asphalt,ILS,1,1,advanced,1,major,1,1,1,1,1,1,1,open,none,safe,civil,1,378.926321,1367,preferred,4.0,0,4,2.1007,6
S00197,LFPG,49.22062,2.48363,A321,narrow_body,2433,fuel,796,low,0.9,900.0,796.0,1321.913449,emergency,EGKK,3317,45,asphalt,ILS,1,1,advanced,1,major,1,1,1,1,1,1,1,open,none,safe,civil,1,286.472667,884,preferred,5.0,0,2,2.7786,7
S00197,LFPG,49.22062,2.48363,A321,narrow_body,2433,fuel,796,low,0.9,900.0,796.0,1321.913449,emergency,EGCC,3048,46,asphalt,ILS,1,1,advanced,1,major,1,1,1,1,1,1,1,open,none,safe,civil,1,566.057569,615,preferred,6.0,0,6,1.4062,9
S00197,LFPG,49.22062,2.48363,A321,narrow_body,2433,fuel,796,low,0.9,900.0,796.0,1321.913449,emergency,LEMD,4350,60,asphalt,ILS,1,1,advanced,1,major,1,1,1,1,1,1,1,open,none,safe,civil,1,1080.608767,1917,extended,7.0,0,8,0.7366,1
S00197,LFPG,49.22062,2.48363,A321,narrow_body,2433,fuel,796,low,0.9,900.0,796.0,1321.913449,emergency,LIRF,3902,60,asphalt,ILS,1,1,basic,1,major,1,1,1,1,1,1,1,open,none,safe,civil,1,1120.414538,1469,extended,8.0,0,9,0.7105,4
S00197,LFPG,49.22062,2.48363,A321,narrow_body,2433,fuel,796,low,0.9,900.0,796.0,1321.913449,emergency,EIDW,3110,45,concrete,ILS,1,1,advanced,1,major,1,1,1,1,1,1,1,open,none,safe,civil,0,766.08108,677,preferred,9.0,0,7,1.0391,8
S00201,UAAA,43.501427,78.166369,A321,narrow_body,2533,mechanical,933,normal,1.0,1000.0,933.0,1417.284975,emergency,UAAA,4500,45,asphalt,RNAV,0,1,basic,1,basic,1,1,1,1,1,1,1,open,none,safe,civil,0,92.193753,1967,preferred,1.0,1,1,10.12,1
S00201,UAAA,43.501427,78.166369,A321,narrow_body,2533,mechanical,933,normal,1.0,1000.0,933.0,1417.284975,emergency,UACC,3500,45,asphalt,RNAV,0,1,basic,1,basic,1,1,1,1,1,1,1,open,none,safe,civil,0,976.720633,967,extended,2.0,0,2,0.9552,2
S00201,UAAA,43.501427,78.166369,A321,narrow_body,2533,mechanical,933,normal,1.0,1000.0,933.0,1417.284975,emergency,OPLA,3360,46,concrete,RNAV,0,0,none,1,basic,1,0,1,1,1,1,1,open,none,caution,civil,0,1372.406976,827,extended,3.0,0,3,0.6798,3
S00202,WMKK,3.291885,101.678656,E190,regional_jet,1926,mechanical,1031,normal,1.0,800.0,800.0,1206.726941,aircraft_fuel,WMKK,4124,60,asphalt,ILS,1,1,advanced,1,major,1,1,1,1,1,1,1,open,none,safe,civil,0,60.845962,2198,preferred,1.0,1,1,13.148,1
S00202,WMKK,3.291885,101.678656,E190,regional_jet,1926,mechanical,1031,normal,1.0,800.0,800.0,1206.726941,aircraft_fuel,WSSS,4000,60,asphalt,ILS,1,1,advanced,1,major,1,1,1,1,1,1,1,open,none,safe,civil,1,335.83266,2074,preferred,2.0,0,3,2.3821,2
S00202,WMKK,3.291885,101.678656,E190,regional_jet,1926,mechanical,1031,normal,1.0,800.0,800.0,1206.726941,aircraft_fuel,WIMM,3000,60,asphalt,RNAV,1,1,basic,1,basic,1,0,1,1,0,1,1,open,none,safe,civil,0,312.474329,1074,preferred,3.0,0,2,2.5602,4
S00202,WMKK,3.291885,101.678656,E190,regional_jet,1926,mechanical,1031,normal,1.0,800.0,800.0,1206.726941,aircraft_fuel,VTBS,4000,60,asphalt,ILS,1,1,advanced,1,major,1,1,1,1,1,1,1,open,none,safe,civil,0,1159.749652,2074,extended,4.0,0,4,0.6898,2
S00203,OJAI,31.887603,36.111455,A321,narrow_body,2403,operational_constraints,1043,low,0.9,900.0,900.0,1601.912467,aircraft_fuel,OJAI,3660,61,asphalt,ILS,1,1,advanced,1,major,1,1,1,1,1,1,1,open,none,safe,civil,0,21.482772,1257,preferred,1.0,1,1,41.894,8
S00203,OJAI,31.887603,36.111455,A321,narrow_body,2403,operational_constraints,1043,low,0.9,900.0,900.0,1601.912467,aircraft_fuel,HECA,4000,60,asphalt,ILS,1,1,basic,1,major,1,1,1,1,1,1,1,open,none,safe,civil,0,490.794544,1597,preferred,2.0,0,3,1.8338,4
S00203,OJAI,31.887603,36.111455,A321,narrow_body,2403,operational_constraints,1043,low,0.9,900.0,900.0,1601.912467,aircraft_fuel,LCLK,2987,45,asphalt,ILS,1,0,none,1,basic,1,0,1,1,1,1,1,open,none,safe,civil,0,404.50912,584,preferred,3.0,0,2,2.2249,10
S00203,OJAI,31.887603,36.111455,A321,narrow_body,2403,operational_constraints,1043,low,0.9,900.0,900.0,1601.912467,aircraft_fuel,OKKK,4580,60,asphalt,ILS,1,1,advanced,1,major,1,1,1,1,1,1,1,open,none,safe,civil,0,1172.74733,2177,extended,4.0,0,6,0.7674,1
S00203,OJAI,31.887603,36.111455,A321,narrow_body,2403,operational_constraints,1043,low,0.9,900.0,900.0,1601.912467,aircraft_fuel,LTFM,4100,60,asphalt,ILS,1,1,advanced,1,major,1,1,1,1,1,1,0,open,none,safe,civil,0,1233.254874,1697,extended,5.0,0,7,0.7298,3
S00203,OJAI,31.887603,36.111455,A321,narrow_body,2403,operational_constraints,1043,low,0.9,900.0,900.0,1601.912467,aircraft_fuel,OERK,4205,60,asphalt,ILS,1,1,advanced,1,major,1,1,1,1,1,1,1,open,none,safe,civil,0,1289.418674,1802,extended,6.0,0,8,0.698,2
S00203,OJAI,31.887603,36.111455,A321,narrow_body,2403,operational_constraints,1043,low,0.9,900.0,900.0,1601.912467,aircraft_fuel,LGAV,4000,45,asphalt,ILS,1,1,advanced,1,major,1,1,1,1,1,1,1,open,none,safe,civil,0,1295.712796,1597,extended,7.0,0,9,0.6946,4
S00203,OJAI,31.887603,36.111455,A321,narrow_body,2403,operational_constraints,1043,low,0.9,900.0,900.0,1601.912467,aircraft_fuel,OBBI,3956,60,asphalt,ILS,1,1,advanced,1,major,1,1,1,1,1,1,1,open,none,safe,civil,0,1541.987858,1553,extended,8.0,0,10,0.5837,6
S00203,OJAI,31.887603,36.111455,A321,narrow_body,2403,operational_constraints,1043,low,0.9,900.0,900.0,1601.912467,aircraft_fuel,LTAC,3750,45,asphalt,ILS,1,1,advanced,1,major,1,1,1,1,1,1,1,open,none,safe,joint,0,958.033383,1347,extended,9.0,0,5,0.9394,7
S00203,OJAI,31.887603,36.111455,A321,narrow_body,2403,operational_constraints,1043,low,0.9,900.0,900.0,1601.912467,aircraft_fuel,HELX,3000,45,asphalt,RNAV,0,0,none,1,basic,1,0,1,0,0,1,1,open,none,safe,joint,0,766.639417,597,preferred,10.0,0,4,1.174,9
S00206,LGAV,37.991676,22.890739,B777-300ER,wide_body,3092,operational_constraints,909,normal,1.0,1500.0,909.0,1697.908753,emergency,LGAV,4000,45,asphalt,ILS,1,1,advanced,1,major,1,1,1,1,1,1,1,open,none,safe,civil,0,92.582487,908,preferred,1.0,1,1,9.8183,2
S00206,LGAV,37.991676,22.890739,B777-300ER,wide_body,3092,operational_constraints,909,normal,1.0,1500.0,909.0,1697.908753,emergency,LTFM,4100,60,asphalt,ILS,1,1,advanced,1,major,1,1,1,1,1,1,0,open,none,safe,civil,0,619.044349,1008,preferred,2.0,0,2,1.4684,1
S00206,LGAV,37.991676,22.890739,B777-300ER,wide_body,3092,operational_constraints,909,normal,1.0,1500.0,909.0,1697.908753,emergency,LTAC,3750,45,asphalt,ILS,1,1,advanced,1,major,1,1,1,1,1,1,1,open,none,safe,joint,0,903.611595,658,preferred,3.0,0,3,1.006,5
S00206,LGAV,37.991676,22.890739,B777-300ER,wide_body,3092,operational_constraints,909,normal,1.0,1500.0,909.0,1697.908753,emergency,HECA,4000,60,asphalt,ILS,1,1,basic,1,major,1,1,1,1,1,1,1,open,none,safe,civil,0,1174.404896,908,extended,4.0,0,6,0.774,2
S00206,LGAV,37.991676,22.890739,B777-300ER,wide_body,3092,operational_constraints,909,normal,1.0,1500.0,909.0,1697.908753,emergency,LIRF,3902,60,asphalt,ILS,1,1,basic,1,major,1,1,1,1,1,1,1,open,none,safe,civil,1,1000.750653,810,extended,5.0,0,4,0.9083,4
S00206,LGAV,37.991676,22.890739,B777-300ER,wide_body,3092,operational_constraints,909,normal,1.0,1500.0,909.0,1697.908753,emergency,OJAI,3660,61,asphalt,ILS,1,1,advanced,1,major,1,1,1,1,1,1,1,open,none,safe,civil,0,1381.906894,568,extended,6.0,0,7,0.6578,6
S00206,LGAV,37.991676,22.890739,B777-300ER,wide_body,3092,operational_constraints,909,normal,1.0,1500.0,909.0,1697.908753,emergency,DTTA,3200,45,asphalt,RNAV,0,1,basic,1,basic,1,0,1,1,1,1,1,open,none,safe,civil,0,1124.595172,108,extended,7.0,0,5,0.8083,7
S00209,LTAC,40.47754,32.634261,A350-900,wide_body,2945,mechanical,795,low,0.9,1350.0,795.0,1431.670132,emergency,LTFM,4100,60,asphalt,ILS,1,1,advanced,1,major,1,1,1,1,1,1,0,open,none,safe,civil,0,339.814082,1155,preferred,1.0,1,2,2.3395,1
S00209,LTAC,40.47754,32.634261,A350-900,wide_body,2945,mechanical,795,low,0.9,1350.0,795.0,1431.670132,emergency,LTAC,3750,45,asphalt,ILS,1,1,advanced,1,major,1,1,1,1,1,1,1,open,none,safe,joint,0,49.457987,805,preferred,2.0,0,1,16.0742,4
S00209,LTAC,40.47754,32.634261,A350-900,wide_body,2945,mechanical,795,low,0.9,1350.0,795.0,1431.670132,emergency,LGAV,4000,45,asphalt,ILS,1,1,advanced,1,major,1,1,1,1,1,1,1,open,none,safe,civil,0,799.82485,1055,extended,3.0,0,4,0.994,2
S00209,LTAC,40.47754,32.634261,A350-900,wide_body,2945,mechanical,795,low,0.9,1350.0,795.0,1431.670132,emergency,HECA,4000,60,asphalt,ILS,1,1,basic,1,major,1,1,1,1,1,1,1,open,none,safe,civil,0,1158.069272,1055,extended,4.0,0,6,0.6865,2
S00209,LTAC,40.47754,32.634261,A350-900,wide_body,2945,mechanical,795,low,0.9,1350.0,795.0,1431.670132,emergency,LCLK,2987,45,asphalt,ILS,1,0,none,1,basic,1,0,1,1,1,1,1,open,none,safe,civil,0,629.020719,42,preferred,5.0,0,3,1.2639,6
S00209,LTAC,40.47754,32.634261,A350-900,wide_body,2945,mechanical,795,low,0.9,1350.0,795.0,1431.670132,emergency,OJAI,3660,61,asphalt,ILS,1,1,advanced,1,major,1,1,1,1,1,1,1,open,none,safe,civil,0,1018.976935,715,extended,6.0,0,5,0.7802,5
S00212,OBBI,27.084129,50.569234,E190,regional_jet,1901,medical,960,normal,1.0,800.0,800.0,1247.570229,aircraft_fuel,OBBI,3956,60,asphalt,ILS,1,1,advanced,1,major,1,1,1,1,1,1,1,open,none,safe,civil,0,91.081741,2055,preferred,1.0,1,1,8.7833,7
S00212,OBBI,27.084129,50.569234,E190,regional_jet,1901,medical,960,normal,1.0,800.0,800.0,1247.570229,aircraft_fuel,OTHH,4850,60,asphalt,ILS,1,1,advanced,1,major,1,1,1,1,1,1,1,open,none,safe,civil,0,226.493183,2949,preferred,2.0,0,2,3.5321,1
S00212,OBBI,27.084129,50.569234,E190,regional_jet,1901,medical,960,normal,1.0,800.0,800.0,1247.570229,aircraft_fuel,OKKK,4580,60,asphalt,ILS,1,1,advanced,1,major,1,1,1,1,1,1,1,open,none,safe,civil,0,348.670253,2679,preferred,3.0,0,3,2.2944,2
S00212,OBBI,27.084129,50.569234,E190,regional_jet,1901,medical,960,normal,1.0,800.0,800.0,1247.570229,aircraft_fuel,OERK,4205,60,asphalt,ILS,1,1,advanced,1,major,1,1,1,1,1,1,1,open,none,safe,civil,0,453.261924,2304,preferred,4.0,0,4,1.765,4
S00212,OBBI,27.084129,50.569234,E190,regional_jet,1901,medical,960,normal,1.0,800.0,800.0,1247.570229,aircraft_fuel,OMAA,4106,60,asphalt,ILS,1,1,advanced,1,major,1,1,1,1,1,1,1,open,none,safe,civil,0,503.245736,2205,preferred,5.0,0,5,1.5897,5
S00212,OBBI,27.084129,50.569234,E190,regional_jet,1901,medical,960,normal,1.0,800.0,800.0,1247.570229,aircraft_fuel,OMDB,4447,60,asphalt,ILS,1,1,advanced,1,major,1,1,1,1,1,1,1,open,none,safe,civil,1,520.75494,2546,preferred,6.0,0,6,1.5362,3
S00212,OBBI,27.084129,50.569234,E190,regional_jet,1901,medical,960,normal,1.0,800.0,800.0,1247.570229,aircraft_fuel,OOMS,4080,45,asphalt,ILS,1,1,advanced,1,major,1,1,1,1,1,1,1,open,none,safe,civil,0,866.527535,2179,extended,7.0,0,7,0.9232,6
S00213,LEMD,40.759865,-3.926979,CRJ900,regional_jet,1726,medical,700,normal,1.0,700.0,700.0,1069.820661,aircraft_fuel,LEMD,4350,60,asphalt,ILS,1,1,advanced,1,major,1,1,1,1,1,1,1,open,none,safe,civil,1,42.119779,2624,preferred,1.0,1,1,16.6193,1
S00213,LEMD,40.759865,-3.926979,CRJ900,regional_jet,1726,medical,700,normal,1.0,700.0,700.0,1069.820661,aircraft_fuel,LPPT,3707,45,asphalt,ILS,1,1,advanced,1,major,1,1,1,1,1,1,1,open,none,safe,civil,0,496.464477,1981,preferred,2.0,0,2,1.41,4
S00213,LEMD,40.759865,-3.926979,CRJ900,regional_jet,1726,medical,700,normal,1.0,700.0,700.0,1069.820661,aircraft_fuel,DAAG,3500,60,asphalt,RNAV,0,1,basic,1,basic,1,1,1,1,1,1,0,open,none,safe,civil,0,766.505648,1774,extended,3.0,0,3,0.9132,5
S00213,LEMD,40.759865,-3.926979,CRJ900,regional_jet,1726,medical,700,normal,1.0,700.0,700.0,1069.820661,aircraft_fuel,GMMN,3720,45,asphalt,ILS,1,1,advanced,1,major,1,1,1,1,1,1,1,open,none,safe,civil,0,883.684416,1994,extended,4.0,0,4,0.7921,3
S00213,LEMD,40.759865,-3.926979,CRJ900,regional_jet,1726,medical,700,normal,1.0,700.0,700.0,1069.820661,aircraft_fuel,LFPG,4215,45,asphalt,ILS,1,1,advanced,1,major,1,1,1,1,1,1,1,open,none,safe,civil,1,1048.883543,2489,extended,5.0,0,5,0.6674,2
S00214,LFPG,48.813915,1.858303,A321,narrow_body,2452,medical,950,normal,1.0,1000.0,950.0,1689.81431,emergency,LFPG,4215,45,asphalt,ILS,1,1,advanced,1,major,1,1,1,1,1,1,1,open,none,safe,civil,1,55.281782,1763,preferred,1.0,1,1,17.1847,2
S00214,LFPG,48.813915,1.858303,A321,narrow_body,2452,medical,950,normal,1.0,1000.0,950.0,1689.81431,emergency,EGLL,3901,50,asphalt,ILS,1,1,advanced,1,major,1,1,1,1,1,1,1,open,none,safe,civil,1,338.43827,1449,preferred,2.0,0,3,2.807,5
S00214,LFPG,48.813915,1.858303,A321,narrow_body,2452,medical,950,normal,1.0,1000.0,950.0,1689.81431,emergency,EDDF,4000,60,asphalt,ILS,1,1,advanced,1,major,1,1,1,0,1,1,1,open,none,safe,civil,1,502.848702,1548,preferred,3.0,0,5,1.8892,3
S00214,LFPG,48.813915,1.858303,A321,narrow_body,2452,medical,950,normal,1.0,1000.0,950.0,1689.81431,emergency,EHAM,3800,60,asphalt,ILS,1,1,advanced,1,major,1,1,1,1,1,1,1,open,none,safe,civil,1,439.375703,1348,preferred,4.0,0,4,2.1622,6
S00214,LFPG,48.813915,1.858303,A321,narrow_body,2452,medical,950,normal,1.0,1000.0,950.0,1689.81431,emergency,EGKK,3317,45,asphalt,ILS,1,1,advanced,1,major,1,1,1,1,1,1,1,open,none,safe,civil,1,297.904818,865,preferred,5.0,0,2,3.1889,10
S00214,LFPG,48.813915,1.858303,A321,narrow_body,2452,medical,950,normal,1.0,1000.0,950.0,1689.81431,emergency,LEMD,4350,60,asphalt,ILS,1,1,advanced,1,major,1,1,1,1,1,1,1,open,none,safe,civil,1,1019.396588,1898,extended,6.0,0,8,0.9319,1
S00214,LFPG,48.813915,1.858303,A321,narrow_body,2452,medical,950,normal,1.0,1000.0,950.0,1689.81431,emergency,EGCC,3048,46,asphalt,ILS,1,1,advanced,1,major,1,1,1,1,1,1,1,open,none,safe,civil,1,581.30609,596,preferred,7.0,0,6,1.6343,14
S00214,LFPG,48.813915,1.858303,A321,narrow_body,2452,medical,950,normal,1.0,1000.0,950.0,1689.81431,emergency,LIRF,3902,60,asphalt,ILS,1,1,basic,1,major,1,1,1,1,1,1,1,open,none,safe,civil,1,1124.211169,1450,extended,8.0,0,9,0.845,4
S00214,LFPG,48.813915,1.858303,A321,narrow_body,2452,medical,950,normal,1.0,1000.0,950.0,1689.81431,emergency,EIDW,3110,45,concrete,ILS,1,1,advanced,1,major,1,1,1,1,1,1,1,open,none,safe,civil,0,763.693802,658,preferred,9.0,0,7,1.244,13
S00214,LFPG,48.813915,1.858303,A321,narrow_body,2452,medical,950,normal,1.0,1000.0,950.0,1689.81431,emergency,LPPT,3707,45,asphalt,ILS,1,1,advanced,1,major,1,1,1,1,1,1,1,open,none,safe,civil,0,1419.324781,1255,extended,10.0,0,12,0.6693,7
S00214,LFPG,48.813915,1.858303,A321,narrow_body,2452,medical,950,normal,1.0,1000.0,950.0,1689.81431,emergency,ENGM,3600,45,asphalt,ILS,1,1,advanced,1,major,1,1,1,1,1,1,1,open,none,safe,civil,0,1395.956943,1148,extended,11.0,0,11,0.6805,8
S00214,LFPG,48.813915,1.858303,A321,narrow_body,2452,medical,950,normal,1.0,1000.0,950.0,1689.81431,emergency,DAAG,3500,60,asphalt,RNAV,0,1,basic,1,basic,1,1,1,1,1,1,0,open,none,safe,civil,0,1352.166759,1048,extended,12.0,0,10,0.7026,9
S00214,LFPG,48.813915,1.858303,A321,narrow_body,2452,medical,950,normal,1.0,1000.0,950.0,1689.81431,emergency,ESSA,3301,45,asphalt,ILS,1,1,advanced,1,major,1,1,1,1,1,1,1,open,none,safe,civil,0,1586.081438,849,extended,13.0,0,14,0.599,11
S00214,LFPG,48.813915,1.858303,A321,narrow_body,2452,medical,950,normal,1.0,1000.0,950.0,1689.81431,emergency,DTTA,3200,45,asphalt,RNAV,0,1,basic,1,basic,1,0,1,1,1,1,1,open,none,safe,civil,0,1492.895388,748,extended,14.0,0,13,0.6363,12
S00215,LIRF,41.626145,12.1688,E175,regional_jet,1789,medical,826,normal,1.0,750.0,750.0,1140.00118,aircraft_fuel,LIRF,3902,60,asphalt,ILS,1,1,basic,1,major,1,1,1,1,1,1,1,open,none,safe,civil,1,21.003428,2113,preferred,1.0,1,1,35.7085,4
S00215,LIRF,41.626145,12.1688,E175,regional_jet,1789,medical,826,normal,1.0,750.0,750.0,1140.00118,aircraft_fuel,DTTA,3200,45,asphalt,RNAV,0,1,basic,1,basic,1,0,1,1,1,1,1,open,none,safe,civil,0,556.634804,1411,preferred,2.0,0,2,1.3474,6
S00215,LIRF,41.626145,12.1688,E175,regional_jet,1789,medical,826,normal,1.0,750.0,750.0,1140.00118,aircraft_fuel,DAAG,3500,60,asphalt,RNAV,0,1,basic,1,basic,1,1,1,1,1,1,0,open,none,safe,civil,0,946.165816,1711,extended,3.0,0,3,0.7927,5
S00215,LIRF,41.626145,12.1688,E175,regional_jet,1789,medical,826,normal,1.0,750.0,750.0,1140.00118,aircraft_fuel,EDDF,4000,60,asphalt,ILS,1,1,advanced,1,major,1,1,1,0,1,1,1,open,none,safe,civil,1,974.784382,2211,extended,4.0,0,4,0.7694,2
S00215,LIRF,41.626145,12.1688,E175,regional_jet,1789,medical,826,normal,1.0,750.0,750.0,1140.00118,aircraft_fuel,LGAV,4000,45,asphalt,ILS,1,1,advanced,1,major,1,1,1,1,1,1,1,open,none,safe,civil,0,1085.520687,2211,extended,5.0,0,5,0.6909,2
S00215,LIRF,41.626145,12.1688,E175,regional_jet,1789,medical,826,normal,1.0,750.0,750.0,1140.00118,aircraft_fuel,LFPG,4215,45,asphalt,ILS,1,1,advanced,1,major,1,1,1,1,1,1,1,open,none,safe,civil,1,1111.409647,2426,extended,6.0,0,6,0.6748,1
S00216,OERK,25.413074,46.321835,B777-300ER,wide_body,3312,weather,1151,low,0.9,1350.0,1151.0,2124.151843,emergency,OERK,4205,60,asphalt,ILS,1,1,advanced,1,major,1,1,1,1,1,1,1,open,none,safe,civil,0,63.276067,893,preferred,1.0,1,1,18.1901,4
S00216,OERK,25.413074,46.321835,B777-300ER,wide_body,3312,weather,1151,low,0.9,1350.0,1151.0,2124.151843,emergency,OTHH,4850,60,asphalt,ILS,1,1,advanced,1,major,1,1,1,1,1,1,1,open,none,safe,civil,0,531.42498,1538,preferred,2.0,0,4,2.1659,1
S00216,OERK,25.413074,46.321835,B777-300ER,wide_body,3312,weather,1151,low,0.9,1350.0,1151.0,2124.151843,emergency,OKKK,4580,60,asphalt,ILS,1,1,advanced,1,major,1,1,1,1,1,1,1,open,none,safe,civil,0,453.986148,1268,preferred,3.0,0,3,2.5353,2
S00216,OERK,25.413074,46.321835,B777-300ER,wide_body,3312,weather,1151,low,0.9,1350.0,1151.0,2124.151843,emergency,OMDB,4447,60,asphalt,ILS,1,1,advanced,1,major,1,1,1,1,1,1,1,open,none,safe,civil,1,909.477573,1135,preferred,4.0,0,6,1.2656,3
S00216,OERK,25.413074,46.321835,B777-300ER,wide_body,3312,weather,1151,low,0.9,1350.0,1151.0,2124.151843,emergency,OBBI,3956,60,asphalt,ILS,1,1,advanced,1,major,1,1,1,1,1,1,1,open,none,safe,civil,0,442.207941,644,preferred,5.0,0,2,2.6028,8
S00216,OERK,25.413074,46.321835,B777-300ER,wide_body,3312,weather,1151,low,0.9,1350.0,1151.0,2124.151843,emergency,OMAA,4106,60,asphalt,ILS,1,1,advanced,1,major,1,1,1,1,1,1,1,open,none,safe,civil,0,846.488751,794,preferred,6.0,0,5,1.3597,5
S00216,OERK,25.413074,46.321835,B777-300ER,wide_body,3312,weather,1151,low,0.9,1350.0,1151.0,2124.151843,emergency,OOMS,4080,45,asphalt,ILS,1,1,advanced,1,major,1,1,1,1,1,1,1,open,none,safe,civil,0,1226.647877,768,extended,7.0,0,7,0.9383,6
S00216,OERK,25.413074,46.321835,B777-300ER,wide_body,3312,weather,1151,low,0.9,1350.0,1151.0,2124.151843,emergency,HECA,4000,60,asphalt,ILS,1,1,basic,1,major,1,1,1,1,1,1,1,open,none,safe,civil,0,1557.15767,688,extended,8.0,0,9,0.7392,7
S00216,OERK,25.413074,46.321835,B777-300ER,wide_body,3312,weather,1151,low,0.9,1350.0,1151.0,2124.151843,emergency,OJAI,3660,61,asphalt,ILS,1,1,advanced,1,major,1,1,1,1,1,1,1,open,none,safe,civil,0,1227.621036,348,extended,9.0,0,8,0.9376,10
S00216,OERK,25.413074,46.321835,B777-300ER,wide_body,3312,weather,1151,low,0.9,1350.0,1151.0,2124.151843,emergency,LTAC,3750,45,asphalt,ILS,1,1,advanced,1,major,1,1,1,1,1,1,1,open,none,safe,joint,0,2051.474993,438,extended,10.0,0,10,0.5611,9
S00216,OERK,25.413074,46.321835,B777-300ER,wide_body,3312,weather,1151,low,0.9,1350.0,1151.0,2124.151843,emergency,OPKC,3400,46,concrete,RNAV,0,1,basic,1,basic,1,1,1,1,1,1,1,open,none,caution,civil,0,2095.979212,88,extended,11.0,0,11,0.5491,11
S00218,LEMD,40.536291,-4.110309,E170,regional_jet,1650,medical,793,low,0.9,630.0,630.0,982.62048,aircraft_fuel,LEMD,4350,60,asphalt,ILS,1,1,advanced,1,major,1,1,1,1,1,1,1,open,none,safe,civil,1,45.73387,2700,preferred,1.0,1,1,13.7753,1
S00218,LEMD,40.536291,-4.110309,E170,regional_jet,1650,medical,793,low,0.9,630.0,630.0,982.62048,aircraft_fuel,LPPT,3707,45,asphalt,ILS,1,1,advanced,1,major,1,1,1,1,1,1,1,open,none,safe,civil,0,472.306802,2057,preferred,2.0,0,2,1.3339,3
S00218,LEMD,40.536291,-4.110309,E170,regional_jet,1650,medical,793,low,0.9,630.0,630.0,982.62048,aircraft_fuel,DAAG,3500,60,asphalt,RNAV,0,1,basic,1,basic,1,1,1,1,1,1,0,open,none,safe,civil,0,766.093226,1850,extended,3.0,0,3,0.8224,4
S00218,LEMD,40.536291,-4.110309,E170,regional_jet,1650,medical,793,low,0.9,630.0,630.0,982.62048,aircraft_fuel,GMMN,3720,45,asphalt,ILS,1,1,advanced,1,major,1,1,1,1,1,1,1,open,none,safe,civil,0,854.798815,2070,extended,4.0,0,4,0.737,2
S00219,EGCC,52.876433,-2.751397,A321,narrow_body,2320,medical,653,critical,0.75,750.0,653.0,1094.987237,emergency,EGLL,3901,50,asphalt,ILS,1,1,advanced,1,major,1,1,1,1,1,1,1,open,none,safe,civil,1,220.997566,1581,preferred,1.0,1,2,2.9548,3
S00219,EGCC,52.876433,-2.751397,A321,narrow_body,2320,medical,653,critical,0.75,750.0,653.0,1094.987237,emergency,EGCC,3048,46,asphalt,ILS,1,1,advanced,1,major,1,1,1,1,1,1,1,open,none,safe,civil,1,61.87068,728,preferred,2.0,0,1,10.5543,7
S00219,EGCC,52.876433,-2.751397,A321,narrow_body,2320,medical,653,critical,0.75,750.0,653.0,1094.987237,emergency,EHAM,3800,60,asphalt,ILS,1,1,advanced,1,major,1,1,1,1,1,1,1,open,none,safe,civil,1,511.318404,1480,preferred,3.0,0,5,1.2771,4
S00219,EGCC,52.876433,-2.751397,A321,narrow_body,2320,medical,653,critical,0.75,750.0,653.0,1094.987237,emergency,LFPG,4215,45,asphalt,ILS,1,1,advanced,1,major,1,1,1,1,1,1,1,open,none,safe,civil,1,568.123764,1895,preferred,4.0,0,6,1.1494,1
S00219,EGCC,52.876433,-2.751397,A321,narrow_body,2320,medical,653,critical,0.75,750.0,653.0,1094.987237,emergency,EGKK,3317,45,asphalt,ILS,1,1,advanced,1,major,1,1,1,1,1,1,1,open,none,safe,civil,1,260.233941,997,preferred,5.0,0,4,2.5093,5
S00219,EGCC,52.876433,-2.751397,A321,narrow_body,2320,medical,653,critical,0.75,750.0,653.0,1094.987237,emergency,EIDW,3110,45,concrete,ILS,1,1,advanced,1,major,1,1,1,1,1,1,1,open,none,safe,civil,0,241.994841,790,preferred,6.0,0,3,2.6984,6
S00219,EGCC,52.876433,-2.751397,A321,narrow_body,2320,medical,653,critical,0.75,750.0,653.0,1094.987237,emergency,EDDF,4000,60,asphalt,ILS,1,1,advanced,1,major,1,1,1,0,1,1,1,open,none,safe,civil,1,844.184147,1680,extended,7.0,0,7,0.7735,2
S00220,LFPG,49.679613,2.927802,A220-300,narrow_body,2065,mechanical,812,normal,1.0,950.0,812.0,1410.341029,emergency,LFPG,4215,45,asphalt,ILS,1,1,advanced,1,major,1,1,1,1,1,1,1,open,none,safe,civil,1,79.334665,2150,preferred,1.0,1,1,10.2351,2
S00220,LFPG,49.679613,2.927802,A220-300,narrow_body,2065,mechanical,812,normal,1.0,950.0,812.0,1410.341029,emergency,EGLL,3901,50,asphalt,ILS,1,1,advanced,1,major,1,1,1,1,1,1,1,open,none,safe,civil,1,311.224775,1836,preferred,2.0,0,3,2.609,5
S00220,LFPG,49.679613,2.927802,A220-300,narrow_body,2065,mechanical,812,normal,1.0,950.0,812.0,1410.341029,emergency,EHAM,3800,60,asphalt,ILS,1,1,advanced,1,major,1,1,1,1,1,1,1,open,none,safe,civil,1,319.299745,1735,preferred,3.0,0,4,2.5431,6
S00220,LFPG,49.679613,2.927802,A220-300,narrow_body,2065,mechanical,812,normal,1.0,950.0,812.0,1410.341029,emergency,EDDF,4000,60,asphalt,ILS,1,1,advanced,1,major,1,1,1,0,1,1,1,open,none,safe,civil,1,405.412824,1935,preferred,4.0,0,5,2.0029,3
S00220,LFPG,49.679613,2.927802,A220-300,narrow_body,2065,mechanical,812,normal,1.0,950.0,812.0,1410.341029,emergency,EGKK,3317,45,asphalt,ILS,1,1,advanced,1,major,1,1,1,1,1,1,1,open,none,safe,civil,1,274.475184,1252,preferred,5.0,0,2,2.9584,8
S00220,LFPG,49.679613,2.927802,A220-300,narrow_body,2065,mechanical,812,normal,1.0,950.0,812.0,1410.341029,emergency,EGCC,3048,46,asphalt,ILS,1,1,advanced,1,major,1,1,1,1,1,1,1,open,none,safe,civil,1,544.245156,983,preferred,6.0,0,6,1.492,10
S00220,LFPG,49.679613,2.927802,A220-300,narrow_body,2065,mechanical,812,normal,1.0,950.0,812.0,1410.341029,emergency,EIDW,3110,45,concrete,ILS,1,1,advanced,1,major,1,1,1,1,1,1,1,open,none,safe,civil,0,759.032209,1045,preferred,7.0,0,7,1.0698,9
S00220,LFPG,49.679613,2.927802,A220-300,narrow_body,2065,mechanical,812,normal,1.0,950.0,812.0,1410.341029,emergency,LIRF,3902,60,asphalt,ILS,1,1,basic,1,major,1,1,1,1,1,1,1,open,none,safe,civil,1,1134.165263,1837,extended,8.0,0,8,0.7159,4
S00220,LFPG,49.679613,2.927802,A220-300,narrow_body,2065,mechanical,812,normal,1.0,950.0,812.0,1410.341029,emergency,LEMD,4350,60,asphalt,ILS,1,1,advanced,1,major,1,1,1,1,1,1,1,open,none,safe,civil,1,1140.79171,2285,extended,9.0,0,9,0.7118,1
S00220,LFPG,49.679613,2.927802,A220-300,narrow_body,2065,mechanical,812,normal,1.0,950.0,812.0,1410.341029,emergency,ENGM,3600,45,asphalt,ILS,1,1,advanced,1,major,1,1,1,1,1,1,1,open,none,safe,civil,0,1278.155559,1535,extended,10.0,0,10,0.6353,7
S00222,WSSS,1.129694,103.878736,B737 MAX 8,narrow_body,2385,medical,822,normal,1.0,1000.0,822.0,1256.547938,emergency,WSSS,4000,60,asphalt,ILS,1,1,advanced,1,major,1,1,1,1,1,1,1,open,none,safe,civil,1,27.664692,1615,preferred,1.0,1,1,29.713,2
S00222,WSSS,1.129694,103.878736,B737 MAX 8,narrow_body,2385,medical,822,normal,1.0,1000.0,822.0,1256.547938,emergency,WMKK,4124,60,asphalt,ILS,1,1,advanced,1,major,1,1,1,1,1,1,1,open,none,safe,civil,0,300.613536,1739,preferred,2.0,0,2,2.7344,1
S00222,WSSS,1.129694,103.878736,B737 MAX 8,narrow_body,2385,medical,822,normal,1.0,1000.0,822.0,1256.547938,emergency,WIMM,3000,60,asphalt,RNAV,1,1,basic,1,basic,1,0,1,1,0,1,1,open,none,safe,civil,0,621.075368,615,preferred,3.0,0,3,1.3235,3
S00223,EIDW,53.398463,-7.060007,E170,regional_jet,1640,fuel,447,critical,0.75,525.0,447.0,626.029624,emergency,EIDW,3110,45,concrete,ILS,1,1,advanced,1,major,1,1,1,1,1,1,1,open,none,safe,civil,0,52.98729,1470,preferred,1.0,1,1,8.436,3
S00223,EIDW,53.398463,-7.060007,E170,regional_jet,1640,fuel,447,critical,0.75,525.0,447.0,626.029624,emergency,EGCC,3048,46,asphalt,ILS,1,1,advanced,1,major,1,1,1,1,1,1,1,open,none,safe,civil,1,317.393195,1408,preferred,2.0,0,2,1.4083,4
S00223,EIDW,53.398463,-7.060007,E170,regional_jet,1640,fuel,447,critical,0.75,525.0,447.0,626.029624,emergency,EGLL,3901,50,asphalt,ILS,1,1,advanced,1,major,1,1,1,1,1,1,1,open,none,safe,civil,1,495.872058,2261,extended,3.0,0,3,0.9014,1
S00223,EIDW,53.398463,-7.060007,E170,regional_jet,1640,fuel,447,critical,0.75,525.0,447.0,626.029624,emergency,EGKK,3317,45,asphalt,ILS,1,1,advanced,1,major,1,1,1,1,1,1,1,open,none,safe,civil,1,530.101355,1677,extended,4.0,0,4,0.8432,2
S00224,OTHH,25.227089,50.785541,CRJ900,regional_jet,1778,mechanical,919,normal,1.0,700.0,700.0,1091.211703,aircraft_fuel,OTHH,4850,60,asphalt,ILS,1,1,advanced,1,major,1,1,1,1,1,1,1,open,none,safe,civil,0,82.878591,3072,preferred,1.0,1,1,8.4461,1
S00224,OTHH,25.227089,50.785541,CRJ900,regional_jet,1778,mechanical,919,normal,1.0,700.0,700.0,1091.211703,aircraft_fuel,OBBI,3956,60,asphalt,ILS,1,1,advanced,1,major,1,1,1,1,1,1,1,open,none,safe,civil,0,116.610271,2178,preferred,2.0,0,2,6.0029,7
S00224,OTHH,25.227089,50.785541,CRJ900,regional_jet,1778,mechanical,919,normal,1.0,700.0,700.0,1091.211703,aircraft_fuel,OMAA,4106,60,asphalt,ILS,1,1,advanced,1,major,1,1,1,1,1,1,1,open,none,safe,civil,0,399.556396,2328,preferred,3.0,0,3,1.7519,5
S00224,OTHH,25.227089,50.785541,CRJ900,regional_jet,1778,mechanical,919,normal,1.0,700.0,700.0,1091.211703,aircraft_fuel,OERK,4205,60,asphalt,ILS,1,1,advanced,1,major,1,1,1,1,1,1,1,open,none,safe,civil,0,412.612075,2427,preferred,4.0,0,4,1.6965,4
S00224,OTHH,25.227089,50.785541,CRJ900,regional_jet,1778,mechanical,919,normal,1.0,700.0,700.0,1091.211703,aircraft_fuel,OMDB,4447,60,asphalt,ILS,1,1,advanced,1,major,1,1,1,1,1,1,1,open,none,safe,civil,1,461.190973,2669,preferred,5.0,0,5,1.5178,3
S00224,OTHH,25.227089,50.785541,CRJ900,regional_jet,1778,mechanical,919,normal,1.0,700.0,700.0,1091.211703,aircraft_fuel,OKKK,4580,60,asphalt,ILS,1,1,advanced,1,major,1,1,1,1,1,1,1,open,none,safe,civil,0,524.425886,2802,preferred,6.0,0,6,1.3348,2
S00224,OTHH,25.227089,50.785541,CRJ900,regional_jet,1778,mechanical,919,normal,1.0,700.0,700.0,1091.211703,aircraft_fuel,OOMS,4080,45,asphalt,ILS,1,1,advanced,1,major,1,1,1,1,1,1,1,open,none,safe,civil,0,780.485456,2302,extended,7.0,0,7,0.8969,6
S00225,LPPT,38.234815,-9.205098,B777-300ER,wide_body,3292,technical,802,normal,1.0,1500.0,802.0,1310.993658,emergency,LPPT,3707,45,asphalt,ILS,1,1,advanced,1,major,1,1,1,1,1,1,1,open,none,safe,civil,0,61.063754,415,preferred,1.0,1,1,13.1338,3
S00225,LPPT,38.234815,-9.205098,B777-300ER,wide_body,3292,technical,802,normal,1.0,1500.0,802.0,1310.993658,emergency,LEMD,4350,60,asphalt,ILS,1,1,advanced,1,major,1,1,1,1,1,1,1,open,none,safe,civil,1,545.343863,1058,preferred,2.0,0,2,1.4706,1
S00225,LPPT,38.234815,-9.205098,B777-300ER,wide_body,3292,technical,802,normal,1.0,1500.0,802.0,1310.993658,emergency,GMMN,3720,45,asphalt,ILS,1,1,advanced,1,major,1,1,1,1,1,1,1,open,none,safe,civil,0,560.449447,428,preferred,3.0,0,3,1.431,2
S00225,LPPT,38.234815,-9.205098,B777-300ER,wide_body,3292,technical,802,normal,1.0,1500.0,802.0,1310.993658,emergency,DAAG,3500,60,asphalt,RNAV,0,1,basic,1,basic,1,1,1,1,1,1,0,open,none,safe,civil,0,1108.577708,208,extended,4.0,0,4,0.7234,4
S00226,OPLA,31.499268,74.014781,A350-900,wide_body,2822,fuel,603,low,0.9,1350.0,603.0,1013.20853,emergency,VIDP,4430,60,asphalt,ILS,1,1,advanced,1,major,1,1,1,1,1,1,1,open,none,safe,civil,1,441.629997,1608,preferred,1.0,1,2,1.3654,1
S00226,OPLA,31.499268,74.014781,A350-900,wide_body,2822,fuel,603,low,0.9,1350.0,603.0,1013.20853,emergency,OPLA,3360,46,concrete,RNAV,0,0,none,1,basic,1,0,1,1,1,1,1,open,none,caution,civil,0,36.94335,538,preferred,2.0,0,1,16.3223,3
S00226,OPLA,31.499268,74.014781,A350-900,wide_body,2822,fuel,603,low,0.9,1350.0,603.0,1013.20853,emergency,OPKC,3400,46,concrete,RNAV,0,1,basic,1,basic,1,1,1,1,1,1,1,open,none,caution,civil,0,993.716618,578,extended,3.0,0,3,0.6068,2
S00228,OBBI,27.512065,50.393209,A330-300,wide_body,2957,fuel,495,normal,1.0,1300.0,495.0,817.164514,emergency,OTHH,4850,60,asphalt,ILS,1,1,advanced,1,major,1,1,1,1,1,1,1,open,none,safe,civil,0,276.80881,1893,preferred,1.0,1,2,1.7882,1
S00228,OBBI,27.512065,50.393209,A330-300,wide_body,2957,fuel,495,normal,1.0,1300.0,495.0,817.164514,emergency,OKKK,4580,60,asphalt,ILS,1,1,advanced,1,major,1,1,1,1,1,1,1,open,none,safe,civil,0,304.085564,1623,preferred,2.0,0,3,1.6278,2
S00228,OBBI,27.512065,50.393209,A330-300,wide_body,2957,fuel,495,normal,1.0,1300.0,495.0,817.164514,emergency,OBBI,3956,60,asphalt,ILS,1,1,advanced,1,major,1,1,1,1,1,1,1,open,none,safe,civil,0,140.518639,999,preferred,3.0,0,1,3.5227,6
S00228,OBBI,27.512065,50.393209,A330-300,wide_body,2957,fuel,495,normal,1.0,1300.0,495.0,817.164514,emergency,OERK,4205,60,asphalt,ILS,1,1,advanced,1,major,1,1,1,1,1,1,1,open,none,safe,civil,0,465.201512,1248,preferred,4.0,0,4,1.0641,4
S00228,OBBI,27.512065,50.393209,A330-300,wide_body,2957,fuel,495,normal,1.0,1300.0,495.0,817.164514,emergency,OMDB,4447,60,asphalt,ILS,1,1,advanced,1,major,1,1,1,1,1,1,1,open,none,safe,civil,1,555.942745,1490,extended,5.0,0,6,0.8904,3
S00228,OBBI,27.512065,50.393209,A330-300,wide_body,2957,fuel,495,normal,1.0,1300.0,495.0,817.164514,emergency,OMAA,4106,60,asphalt,ILS,1,1,advanced,1,major,1,1,1,1,1,1,1,open,none,safe,civil,0,545.456933,1149,extended,6.0,0,5,0.9075,5
S00233,OERK,25.327496,45.954814,B787-9,wide_body,2827,fuel,497,low,0.9,1260.0,497.0,899.17932,emergency,OERK,4205,60,asphalt,ILS,1,1,advanced,1,major,1,1,1,1,1,1,1,open,none,safe,civil,0,85.440468,1378,preferred,1.0,1,1,5.8169,3
S00233,OERK,25.327496,45.954814,B787-9,wide_body,2827,fuel,497,low,0.9,1260.0,497.0,899.17932,emergency,OKKK,4580,60,asphalt,ILS,1,1,advanced,1,major,1,1,1,1,1,1,1,open,none,safe,civil,0,476.866127,1753,preferred,2.0,0,2,1.0422,2
S00233,OERK,25.327496,45.954814,B787-9,wide_body,2827,fuel,497,low,0.9,1260.0,497.0,899.17932,emergency,OBBI,3956,60,asphalt,ILS,1,1,advanced,1,major,1,1,1,1,1,1,1,open,none,safe,civil,0,480.285003,1129,preferred,3.0,0,3,1.0348,5
S00233,OERK,25.327496,45.954814,B787-9,wide_body,2827,fuel,497,low,0.9,1260.0,497.0,899.17932,emergency,OTHH,4850,60,asphalt,ILS,1,1,advanced,1,major,1,1,1,1,1,1,1,open,none,safe,civil,0,568.30576,2023,extended,4.0,0,4,0.8745,1
S00233,OERK,25.327496,45.954814,B787-9,wide_body,2827,fuel,497,low,0.9,1260.0,497.0,899.17932,emergency,OMAA,4106,60,asphalt,ILS,1,1,advanced,1,major,1,1,1,1,1,1,1,open,none,safe,civil,0,882.380193,1279,extended,5.0,0,5,0.5632,4
S00238,HECA,30.149944,31.81216,E170,regional_jet,1671,weather,502,critical,0.75,525.0,502.0,718.826331,emergency,HECA,4000,60,asphalt,ILS,1,1,basic,1,major,1,1,1,1,1,1,1,open,none,safe,civil,0,40.183179,2329,preferred,1.0,1,1,12.4928,1
S00238,HECA,30.149944,31.81216,E170,regional_jet,1671,weather,502,critical,0.75,525.0,502.0,718.826331,emergency,OJAI,3660,61,asphalt,ILS,1,1,advanced,1,major,1,1,1,1,1,1,1,open,none,safe,civil,0,435.38451,1989,preferred,2.0,0,2,1.153,2
S00238,HECA,30.149944,31.81216,E170,regional_jet,1671,weather,502,critical,0.75,525.0,502.0,718.826331,emergency,LCLK,2987,45,asphalt,ILS,1,0,none,1,basic,1,0,1,1,1,1,1,open,none,safe,civil,0,552.190312,1316,extended,3.0,0,4,0.9091,4
S00238,HECA,30.149944,31.81216,E170,regional_jet,1671,weather,502,critical,0.75,525.0,502.0,718.826331,emergency,HELX,3000,45,asphalt,RNAV,0,0,none,1,basic,1,0,1,0,0,1,1,open,none,safe,joint,0,505.724022,1329,extended,4.0,0,3,0.9926,3
S00240,BIKF,64.288631,-20.833154,A350-900,wide_body,2814,security,1226,normal,1.0,1500.0,1226.0,2272.044582,emergency,BIKF,3065,60,asphalt,RNAV,0,1,basic,1,basic,1,0,1,1,1,1,1,open,none,safe,joint,0,92.361771,251,preferred,1.0,1,1,13.2739,8
S00240,BIKF,64.288631,-20.833154,A350-900,wide_body,2814,security,1226,normal,1.0,1500.0,1226.0,2272.044582,emergency,LFPG,4215,45,asphalt,ILS,1,1,advanced,1,major,1,1,1,1,1,1,1,open,none,safe,civil,1,2194.301692,1401,extended,2.0,0,9,0.5587,1
S00240,BIKF,64.288631,-20.833154,A350-900,wide_body,2814,security,1226,normal,1.0,1500.0,1226.0,2272.044582,emergency,EGLL,3901,50,asphalt,ILS,1,1,advanced,1,major,1,1,1,1,1,1,1,open,none,safe,civil,1,1849.124627,1087,extended,3.0,0,5,0.663,2
S00240,BIKF,64.288631,-20.833154,A350-900,wide_body,2814,security,1226,normal,1.0,1500.0,1226.0,2272.044582,emergency,EHAM,3800,60,asphalt,ILS,1,1,advanced,1,major,1,1,1,1,1,1,1,open,none,safe,civil,1,1978.073011,986,extended,4.0,0,7,0.6198,3
S00240,BIKF,64.288631,-20.833154,A350-900,wide_body,2814,security,1226,normal,1.0,1500.0,1226.0,2272.044582,emergency,ENGM,3600,45,asphalt,ILS,1,1,advanced,1,major,1,1,1,1,1,1,1,open,none,safe,civil,0,1695.127105,786,extended,5.0,0,4,0.7232,4
S00240,BIKF,64.288631,-20.833154,A350-900,wide_body,2814,security,1226,normal,1.0,1500.0,1226.0,2272.044582,emergency,EGKK,3317,45,asphalt,ILS,1,1,advanced,1,major,1,1,1,1,1,1,1,open,none,safe,civil,1,1889.601748,503,extended,6.0,0,6,0.6488,5
S00240,BIKF,64.288631,-20.833154,A350-900,wide_body,2814,security,1226,normal,1.0,1500.0,1226.0,2272.044582,emergency,ESSA,3301,45,asphalt,ILS,1,1,advanced,1,major,1,1,1,1,1,1,1,open,none,safe,civil,0,2054.767731,487,extended,7.0,0,8,0.5967,6
S00240,BIKF,64.288631,-20.833154,A350-900,wide_body,2814,security,1226,normal,1.0,1500.0,1226.0,2272.044582,emergency,EIDW,3110,45,concrete,ILS,1,1,advanced,1,major,1,1,1,1,1,1,1,open,none,safe,civil,0,1462.241505,296,extended,8.0,0,2,0.8384,7
S00240,BIKF,64.288631,-20.833154,A350-900,wide_body,2814,security,1226,normal,1.0,1500.0,1226.0,2272.044582,emergency,EGCC,3048,46,asphalt,ILS,1,1,advanced,1,major,1,1,1,1,1,1,1,open,none,safe,civil,1,1606.443728,234,extended,9.0,0,3,0.7632,9
S00243,ENGM,58.721365,12.283896,B737 MAX 8,narrow_body,2386,fuel,605,low,0.9,900.0,605.0,982.635665,emergency,ENGM,3600,45,asphalt,ILS,1,1,advanced,1,major,1,1,1,1,1,1,1,open,none,safe,civil,0,176.861866,1214,preferred,1.0,1,1,3.4207,2
S00243,ENGM,58.721365,12.283896,B737 MAX 8,narrow_body,2386,fuel,605,low,0.9,900.0,605.0,982.635665,emergency,ESSA,3301,45,asphalt,ILS,1,1,advanced,1,major,1,1,1,1,1,1,1,open,none,safe,civil,0,337.544172,915,preferred,2.0,0,2,1.7924,4
S00243,ENGM,58.721365,12.283896,B737 MAX 8,narrow_body,2386,fuel,605,low,0.9,900.0,605.0,982.635665,emergency,EHAM,3800,60,asphalt,ILS,1,1,advanced,1,major,1,1,1,1,1,1,1,open,none,safe,civil,1,854.792181,1414,extended,3.0,0,4,0.7078,1
S00243,ENGM,58.721365,12.283896,B737 MAX 8,narrow_body,2386,fuel,605,low,0.9,900.0,605.0,982.635665,emergency,EFHK,3440,60,asphalt,ILS,1,1,advanced,1,major,1,1,1,1,1,1,1,open,none,safe,civil,0,735.599703,1054,extended,4.0,0,3,0.8225,3
S00245,WIMM,2.513835,98.392187,A319,narrow_body,2039,operational_constraints,959,normal,1.0,900.0,900.0,1615.792107,aircraft_fuel,WMKK,4124,60,asphalt,ILS,1,1,advanced,1,major,1,1,1,1,1,1,1,open,none,safe,civil,0,369.434805,2085,preferred,1.0,1,2,2.4362,1
S00245,WIMM,2.513835,98.392187,A319,narrow_body,2039,operational_constraints,959,normal,1.0,900.0,900.0,1615.792107,aircraft_fuel,WIMM,3000,60,asphalt,RNAV,1,1,basic,1,basic,1,0,1,1,0,1,1,open,none,safe,civil,0,136.828565,961,preferred,2.0,0,1,6.5776,4
S00245,WIMM,2.513835,98.392187,A319,narrow_body,2039,operational_constraints,959,normal,1.0,900.0,900.0,1615.792107,aircraft_fuel,WSSS,4000,60,asphalt,ILS,1,1,advanced,1,major,1,1,1,1,1,1,1,open,none,safe,civil,1,635.83312,1961,preferred,3.0,0,3,1.4155,2
S00245,WIMM,2.513835,98.392187,A319,narrow_body,2039,operational_constraints,959,normal,1.0,900.0,900.0,1615.792107,aircraft_fuel,VTBS,4000,60,asphalt,ILS,1,1,advanced,1,major,1,1,1,1,1,1,1,open,none,safe,civil,0,1268.424952,1961,extended,4.0,0,4,0.7095,2
S00246,LEMD,40.378553,-3.973986,CRJ900,regional_jet,1722,operational_constraints,1211,low,0.9,630.0,630.0,926.160626,aircraft_fuel,LEMD,4350,60,asphalt,ILS,1,1,advanced,1,major,1,1,1,1,1,1,1,open,none,safe,civil,1,36.319956,2628,preferred,1.0,1,1,17.3458,1
S00246,LEMD,40.378553,-3.973986,CRJ900,regional_jet,1722,operational_constraints,1211,low,0.9,630.0,630.0,926.160626,aircraft_fuel,LPPT,3707,45,asphalt,ILS,1,1,advanced,1,major,1,1,1,1,1,1,1,open,none,safe,civil,0,476.611771,1985,preferred,2.0,0,2,1.3218,3
S00246,LEMD,40.378553,-3.973986,CRJ900,regional_jet,1722,operational_constraints,1211,low,0.9,630.0,630.0,926.160626,aircraft_fuel,DAAG,3500,60,asphalt,RNAV,0,1,basic,1,basic,1,1,1,1,1,1,0,open,none,safe,civil,0,747.133255,1778,extended,3.0,0,3,0.8432,4
S00246,LEMD,40.378553,-3.973986,CRJ900,regional_jet,1722,operational_constraints,1211,low,0.9,630.0,630.0,926.160626,aircraft_fuel,GMMN,3720,45,asphalt,ILS,1,1,advanced,1,major,1,1,1,1,1,1,1,open,none,safe,civil,0,843.128204,1998,extended,4.0,0,4,0.7472,2
S00247,OBBI,25.954387,50.682737,E170,regional_jet,1682,mechanical,1028,normal,1.0,700.0,700.0,1153.467101,aircraft_fuel,OBBI,3956,60,asphalt,ILS,1,1,advanced,1,major,1,1,1,1,1,1,1,open,none,safe,civil,0,35.083933,2274,preferred,1.0,1,1,19.9522,7
S00247,OBBI,25.954387,50.682737,E170,regional_jet,1682,mechanical,1028,normal,1.0,700.0,700.0,1153.467101,aircraft_fuel,OTHH,4850,60,asphalt,ILS,1,1,advanced,1,major,1,1,1,1,1,1,1,open,none,safe,civil,0,119.781088,3168,preferred,2.0,0,2,5.844,1
S00247,OBBI,25.954387,50.682737,E170,regional_jet,1682,mechanical,1028,normal,1.0,700.0,700.0,1153.467101,aircraft_fuel,OERK,4205,60,asphalt,ILS,1,1,advanced,1,major,1,1,1,1,1,1,1,open,none,safe,civil,0,415.036209,2523,preferred,3.0,0,3,1.6866,4
S00247,OBBI,25.954387,50.682737,E170,regional_jet,1682,mechanical,1028,normal,1.0,700.0,700.0,1153.467101,aircraft_fuel,OMAA,4106,60,asphalt,ILS,1,1,advanced,1,major,1,1,1,1,1,1,1,open,none,safe,civil,0,433.08463,2424,preferred,4.0,0,4,1.6163,5
S00247,OBBI,25.954387,50.682737,E170,regional_jet,1682,mechanical,1028,normal,1.0,700.0,700.0,1153.467101,aircraft_fuel,OKKK,4580,60,asphalt,ILS,1,1,advanced,1,major,1,1,1,1,1,1,1,open,none,safe,civil,0,451.289411,2898,preferred,5.0,0,5,1.5511,2
S00247,OBBI,25.954387,50.682737,E170,regional_jet,1682,mechanical,1028,normal,1.0,700.0,700.0,1153.467101,aircraft_fuel,OMDB,4447,60,asphalt,ILS,1,1,advanced,1,major,1,1,1,1,1,1,1,open,none,safe,civil,1,476.580847,2765,preferred,6.0,0,6,1.4688,3
S00247,OBBI,25.954387,50.682737,E170,regional_jet,1682,mechanical,1028,normal,1.0,700.0,700.0,1153.467101,aircraft_fuel,OOMS,4080,45,asphalt,ILS,1,1,advanced,1,major,1,1,1,1,1,1,1,open,none,safe,civil,0,810.775469,2398,extended,7.0,0,7,0.8634,6
S00248,VABB,18.652034,73.32553,E190,regional_jet,1872,medical,740,normal,1.0,800.0,740.0,1199.833793,emergency,VABB,3509,60,asphalt,ILS,1,1,advanced,1,major,1,1,1,1,1,1,1,open,none,safe,civil,1,68.382222,1637,preferred,1.0,1,1,10.8215,2
S00248,VABB,18.652034,73.32553,E190,regional_jet,1872,medical,740,normal,1.0,800.0,740.0,1199.833793,emergency,VIDP,4430,60,asphalt,ILS,1,1,advanced,1,major,1,1,1,1,1,1,1,open,none,safe,civil,1,1166.040667,2558,extended,2.0,0,3,0.6346,1
S00248,VABB,18.652034,73.32553,E190,regional_jet,1872,medical,740,normal,1.0,800.0,740.0,1199.833793,emergency,OPKC,3400,46,concrete,RNAV,0,1,basic,1,basic,1,1,1,1,1,1,1,open,none,caution,civil,0,942.457931,1528,extended,3.0,0,2,0.7852,3
S00249,EHAM,52.724476,5.272439,A321,narrow_body,2427,operational_constraints,990,normal,1.0,1000.0,990.0,1540.834914,emergency,EHAM,3800,60,asphalt,ILS,1,1,advanced,1,major,1,1,1,1,1,1,1,open,none,safe,civil,1,57.641442,1373,preferred,1.0,1,1,17.1751,6
S00249,EHAM,52.724476,5.272439,A321,narrow_body,2427,operational_constraints,990,normal,1.0,1000.0,990.0,1540.834914,emergency,EDDF,4000,60,asphalt,ILS,1,1,advanced,1,major,1,1,1,0,1,1,1,open,none,safe,civil,1,376.750129,1573,preferred,2.0,0,2,2.6277,3
S00249,EHAM,52.724476,5.272439,A321,narrow_body,2427,operational_constraints,990,normal,1.0,1000.0,990.0,1540.834914,emergency,EGLL,3901,50,asphalt,ILS,1,1,advanced,1,major,1,1,1,1,1,1,1,open,none,safe,civil,1,415.507728,1474,preferred,3.0,0,4,2.3826,5
S00249,EHAM,52.724476,5.272439,A321,narrow_body,2427,operational_constraints,990,normal,1.0,1000.0,990.0,1540.834914,emergency,LFPG,4215,45,asphalt,ILS,1,1,advanced,1,major,1,1,1,1,1,1,1,open,none,safe,civil,1,454.980516,1788,preferred,4.0,0,5,2.1759,2
S00249,EHAM,52.724476,5.272439,A321,narrow_body,2427,operational_constraints,990,normal,1.0,1000.0,990.0,1540.834914,emergency,EGKK,3317,45,asphalt,ILS,1,1,advanced,1,major,1,1,1,1,1,1,1,open,none,safe,civil,1,413.035309,890,preferred,5.0,0,3,2.3969,9
S00249,EHAM,52.724476,5.272439,A321,narrow_body,2427,operational_constraints,990,normal,1.0,1000.0,990.0,1540.834914,emergency,ENGM,3600,45,asphalt,ILS,1,1,advanced,1,major,1,1,1,1,1,1,1,open,none,safe,civil,0,903.627459,1173,preferred,6.0,0,8,1.0956,7
S00249,EHAM,52.724476,5.272439,A321,narrow_body,2427,operational_constraints,990,normal,1.0,1000.0,990.0,1540.834914,emergency,EGCC,3048,46,asphalt,ILS,1,1,advanced,1,major,1,1,1,1,1,1,1,open,none,safe,civil,1,509.186185,621,preferred,7.0,0,6,1.9443,12
S00249,EHAM,52.724476,5.272439,A321,narrow_body,2427,operational_constraints,990,normal,1.0,1000.0,990.0,1540.834914,emergency,EIDW,3110,45,concrete,ILS,1,1,advanced,1,major,1,1,1,1,1,1,1,open,none,safe,civil,0,773.618949,683,preferred,8.0,0,7,1.2797,11
S00249,EHAM,52.724476,5.272439,A321,narrow_body,2427,operational_constraints,990,normal,1.0,1000.0,990.0,1540.834914,emergency,LIRF,3902,60,asphalt,ILS,1,1,basic,1,major,1,1,1,1,1,1,1,open,none,safe,civil,1,1322.03581,1475,extended,9.0,0,10,0.7488,4
S00249,EHAM,52.724476,5.272439,A321,narrow_body,2427,operational_constraints,990,normal,1.0,1000.0,990.0,1540.834914,emergency,LEMD,4350,60,asphalt,ILS,1,1,advanced,1,major,1,1,1,1,1,1,1,open,none,safe,civil,1,1515.951905,1923,extended,10.0,0,12,0.6531,1
S00249,EHAM,52.724476,5.272439,A321,narrow_body,2427,operational_constraints,990,normal,1.0,1000.0,990.0,1540.834914,emergency,EFHK,3440,60,asphalt,ILS,1,1,advanced,1,major,1,1,1,1,1,1,1,open,none,safe,civil,0,1464.602886,1013,extended,11.0,0,11,0.676,8
S00249,EHAM,52.724476,5.272439,A321,narrow_body,2427,operational_constraints,990,normal,1.0,1000.0,990.0,1540.834914,emergency,ESSA,3301,45,asphalt,ILS,1,1,advanced,1,major,1,1,1,1,1,1,1,open,none,safe,civil,0,1094.833514,874,extended,12.0,0,9,0.9042,10
S00252,RKSI,37.517974,126.866814,E175,regional_jet,1813,weather,667,low,0.9,675.0,667.0,969.62617,emergency,RKSI,4000,60,asphalt,ILS,1,1,advanced,1,major,1,1,1,1,1,1,1,open,none,safe,civil,1,37.085637,2187,preferred,1.0,1,1,17.9854,1
S00252,RKSI,37.517974,126.866814,E175,regional_jet,1813,weather,667,low,0.9,675.0,667.0,969.62617,emergency,ZSPD,4000,60,concrete,ILS,1,1,advanced,1,major,1,1,1,1,1,1,1,open,none,safe,civil,1,847.280041,2187,extended,2.0,0,2,0.7872,1
S00252,RKSI,37.517974,126.866814,E175,regional_jet,1813,weather,667,low,0.9,675.0,667.0,969.62617,emergency,ZBAA,3810,60,asphalt,ILS,1,1,advanced,1,major,1,1,1,1,1,1,1,open,none,safe,civil,1,933.759798,1997,extended,3.0,0,3,0.7143,3
S00253,LIRF,40.85415,12.955262,E175,regional_jet,1850,technical,670,normal,1.0,750.0,670.0,1009.758931,emergency,LIRF,3902,60,asphalt,ILS,1,1,basic,1,major,1,1,1,1,1,1,1,open,none,safe,civil,1,120.895633,2052,preferred,1.0,1,1,5.542,2
S00253,LIRF,40.85415,12.955262,E175,regional_jet,1850,technical,670,normal,1.0,750.0,670.0,1009.758931,emergency,DTTA,3200,45,asphalt,RNAV,0,1,basic,1,basic,1,0,1,1,1,1,1,open,none,safe,civil,0,503.861513,1350,preferred,2.0,0,2,1.3297,4
S00253,LIRF,40.85415,12.955262,E175,regional_jet,1850,technical,670,normal,1.0,750.0,670.0,1009.758931,emergency,DAAG,3500,60,asphalt,RNAV,0,1,basic,1,basic,1,1,1,1,1,1,0,open,none,safe,civil,0,962.006479,1650,extended,3.0,0,3,0.6965,3
S00253,LIRF,40.85415,12.955262,E175,regional_jet,1850,technical,670,normal,1.0,750.0,670.0,1009.758931,emergency,LGAV,4000,45,asphalt,ILS,1,1,advanced,1,major,1,1,1,1,1,1,1,open,none,safe,civil,0,997.639482,2150,extended,4.0,0,4,0.6716,1
S00254,RCTP,24.637309,120.250721,A321,narrow_body,2441,technical,812,low,0.9,900.0,812.0,1402.306942,emergency,RCTP,3660,60,concrete,ILS,1,1,advanced,1,major,1,1,1,1,1,1,1,open,none,safe,civil,0,110.543188,1219,preferred,1.0,1,1,7.3455,3
S00254,RCTP,24.637309,120.250721,A321,narrow_body,2441,technical,812,low,0.9,900.0,812.0,1402.306942,emergency,ZSPD,4000,60,concrete,ILS,1,1,advanced,1,major,1,1,1,1,1,1,1,open,none,safe,civil,1,739.363692,1559,preferred,2.0,0,2,1.0982,1
S00254,RCTP,24.637309,120.250721,A321,narrow_body,2441,technical,812,low,0.9,900.0,812.0,1402.306942,emergency,RPLL,3737,60,concrete,ILS,1,1,basic,1,basic,1,1,1,1,1,1,1,open,none,caution,civil,0,1129.130829,1296,extended,3.0,0,3,0.7191,2
S00255,OOMS,23.670056,58.129603,E190,regional_jet,1849,operational_constraints,584,normal,1.0,800.0,584.0,834.87218,emergency,OOMS,4080,45,asphalt,ILS,1,1,advanced,1,major,1,1,1,1,1,1,1,open,none,safe,civil,0,17.65662,2231,preferred,1.0,1,1,33.0754,4
S00255,OOMS,23.670056,58.129603,E190,regional_jet,1849,operational_constraints,584,normal,1.0,800.0,584.0,834.87218,emergency,OMDB,4447,60,asphalt,ILS,1,1,advanced,1,major,1,1,1,1,1,1,1,open,none,safe,civil,1,329.856869,2598,preferred,2.0,0,2,1.7705,2
S00255,OOMS,23.670056,58.129603,E190,regional_jet,1849,operational_constraints,584,normal,1.0,800.0,584.0,834.87218,emergency,OMAA,4106,60,asphalt,ILS,1,1,advanced,1,major,1,1,1,1,1,1,1,open,none,safe,civil,0,363.623722,2257,preferred,3.0,0,3,1.6061,3
S00255,OOMS,23.670056,58.129603,E190,regional_jet,1849,operational_constraints,584,normal,1.0,800.0,584.0,834.87218,emergency,OTHH,4850,60,asphalt,ILS,1,1,advanced,1,major,1,1,1,1,1,1,1,open,none,safe,civil,0,683.571636,3001,extended,4.0,0,4,0.8543,1
S00255,OOMS,23.670056,58.129603,E190,regional_jet,1849,operational_constraints,584,normal,1.0,800.0,584.0,834.87218,emergency,OBBI,3956,60,asphalt,ILS,1,1,advanced,1,major,1,1,1,1,1,1,1,open,none,safe,civil,0,808.355834,2107,extended,5.0,0,5,0.7225,5
S00256,BIKF,64.259256,-23.252736,B787-9,wide_body,2949,operational_constraints,1083,critical,0.75,1050.0,1050.0,1896.803736,aircraft_fuel,BIKF,3065,60,asphalt,RNAV,0,1,basic,1,basic,1,0,1,1,1,1,1,open,none,safe,joint,0,43.775845,116,preferred,1.0,1,1,23.9858,3
S00256,BIKF,64.259256,-23.252736,B787-9,wide_body,2949,operational_constraints,1083,critical,0.75,1050.0,1050.0,1896.803736,aircraft_fuel,ENGM,3600,45,asphalt,ILS,1,1,advanced,1,major,1,1,1,1,1,1,1,open,none,safe,civil,0,1811.921576,651,extended,2.0,0,4,0.5795,1
S00256,BIKF,64.259256,-23.252736,B787-9,wide_body,2949,operational_constraints,1083,critical,0.75,1050.0,1050.0,1896.803736,aircraft_fuel,EIDW,3110,45,concrete,ILS,1,1,advanced,1,major,1,1,1,1,1,1,1,open,none,safe,civil,0,1540.926773,161,extended,3.0,0,2,0.6814,2
S00256,BIKF,64.259256,-23.252736,B787-9,wide_body,2949,operational_constraints,1083,critical,0.75,1050.0,1050.0,1896.803736,aircraft_fuel,EGCC,3048,46,asphalt,ILS,1,1,advanced,1,major,1,1,1,1,1,1,1,open,none,safe,civil,1,1696.405521,99,extended,4.0,0,3,0.619,4
S00257,UUEE,56.083893,36.345996,A330-300,wide_body,2995,medical,1079,low,0.9,1170.0,1079.0,2042.863132,emergency,UUEE,3700,60,concrete,ILS,1,1,advanced,1,major,1,1,1,1,1,1,1,open,none,caution,civil,0,67.243244,705,preferred,1.0,1,1,16.0462,5
S00257,UUEE,56.083893,36.345996,A330-300,wide_body,2995,medical,1079,low,0.9,1170.0,1079.0,2042.863132,emergency,EFHK,3440,60,asphalt,ILS,1,1,advanced,1,major,1,1,1,1,1,1,1,open,none,safe,civil,0,814.663836,445,preferred,2.0,0,3,1.3245,7
S00257,UUEE,56.083893,36.345996,A330-300,wide_body,2995,medical,1079,low,0.9,1170.0,1079.0,2042.863132,emergency,ULLI,3780,60,concrete,ILS,1,1,advanced,1,major,1,1,1,1,1,1,1,open,none,caution,civil,0,546.998905,785,preferred,3.0,0,2,1.9726,3
S00257,UUEE,56.083893,36.345996,A330-300,wide_body,2995,medical,1079,low,0.9,1170.0,1079.0,2042.863132,emergency,LTFM,4100,60,asphalt,ILS,1,1,advanced,1,major,1,1,1,1,1,1,0,open,none,safe,civil,0,1736.454607,1105,extended,4.0,0,6,0.6214,1
S00257,UUEE,56.083893,36.345996,A330-300,wide_body,2995,medical,1079,low,0.9,1170.0,1079.0,2042.863132,emergency,EDDF,4000,60,asphalt,ILS,1,1,advanced,1,major,1,1,1,0,1,1,1,open,none,safe,civil,1,1959.36672,1005,extended,5.0,0,8,0.5507,2
S00257,UUEE,56.083893,36.345996,A330-300,wide_body,2995,medical,1079,low,0.9,1170.0,1079.0,2042.863132,emergency,ENGM,3600,45,asphalt,ILS,1,1,advanced,1,major,1,1,1,1,1,1,1,open,none,safe,civil,0,1539.729318,605,extended,6.0,0,5,0.7008,6
S00257,UUEE,56.083893,36.345996,A330-300,wide_body,2995,medical,1079,low,0.9,1170.0,1079.0,2042.863132,emergency,ESSA,3301,45,asphalt,ILS,1,1,advanced,1,major,1,1,1,1,1,1,1,open,none,safe,civil,0,1154.560349,306,extended,7.0,0,4,0.9346,8
S00257,UUEE,56.083893,36.345996,A330-300,wide_body,2995,medical,1079,low,0.9,1170.0,1079.0,2042.863132,emergency,LTAC,3750,45,asphalt,ILS,1,1,advanced,1,major,1,1,1,1,1,1,1,open,none,safe,joint,0,1791.030523,755,extended,8.0,0,7,0.6024,4
S00259,ZSPD,31.573795,121.178167,E170,regional_jet,1735,mechanical,796,low,0.9,630.0,630.0,1015.541355,aircraft_fuel,ZSPD,4000,60,concrete,ILS,1,1,advanced,1,major,1,1,1,1,1,1,1,open,none,safe,civil,1,76.373177,2265,preferred,1.0,1,1,8.249,1
S00259,ZSPD,31.573795,121.178167,E170,regional_jet,1735,mechanical,796,low,0.9,630.0,630.0,1015.541355,aircraft_fuel,RCTP,3660,60,concrete,ILS,1,1,advanced,1,major,1,1,1,1,1,1,1,open,none,safe,civil,0,722.352708,1925,extended,2.0,0,2,0.8722,3
S00259,ZSPD,31.573795,121.178167,E170,regional_jet,1735,mechanical,796,low,0.9,630.0,630.0,1015.541355,aircraft_fuel,RKSI,4000,60,asphalt,ILS,1,1,advanced,1,major,1,1,1,1,1,1,1,open,none,safe,civil,1,813.955134,2265,extended,3.0,0,3,0.774,1
S00262,DGAA,6.144329,0.368082,A350-900,wide_body,2984,technical,622,low,0.9,1350.0,622.0,1014.538391,emergency,DGAA,3403,61,asphalt,RNAV,0,0,none,1,basic,1,0,1,1,1,1,0,open,none,safe,civil,0,84.22642,419,preferred,1.0,1,1,7.3849,3
S00262,DGAA,6.144329,0.368082,A350-900,wide_body,2984,technical,622,low,0.9,1350.0,622.0,1014.538391,emergency,DNMM,3900,60,asphalt,ILS,1,1,advanced,1,major,1,1,1,1,1,1,1,open,none,caution,civil,0,329.877836,916,preferred,2.0,0,2,1.8855,1
S00262,DGAA,6.144329,0.368082,A350-900,wide_body,2984,technical,622,low,0.9,1350.0,622.0,1014.538391,emergency,DNAA,3609,60,asphalt,RNAV,0,0,none,1,basic,1,0,1,1,1,1,1,open,none,safe,joint,0,823.881748,625,extended,3.0,0,3,0.755,2
S00265,RCTP,24.625459,120.611893,B777-300ER,wide_body,3062,weather,988,normal,1.0,1500.0,988.0,1787.6113,emergency,RCTP,3660,60,concrete,ILS,1,1,advanced,1,major,1,1,1,1,1,1,1,open,none,safe,civil,0,80.349923,598,preferred,1.0,1,1,12.2962,5
S00265,RCTP,24.625459,120.611893,B777-300ER,wide_body,3062,weather,988,normal,1.0,1500.0,988.0,1787.6113,emergency,ZSPD,4000,60,concrete,ILS,1,1,advanced,1,major,1,1,1,1,1,1,1,open,none,safe,civil,1,734.168443,938,preferred,2.0,0,2,1.3457,1
S00265,RCTP,24.625459,120.611893,B777-300ER,wide_body,3062,weather,988,normal,1.0,1500.0,988.0,1787.6113,emergency,RKSI,4000,60,asphalt,ILS,1,1,advanced,1,major,1,1,1,1,1,1,1,open,none,safe,civil,1,1531.748367,938,extended,3.0,0,4,0.645,1
S00265,RCTP,24.625459,120.611893,B777-300ER,wide_body,3062,weather,988,normal,1.0,1500.0,988.0,1787.6113,emergency,ZBAA,3810,60,asphalt,ILS,1,1,advanced,1,major,1,1,1,1,1,1,1,open,none,safe,civil,1,1758.535302,748,extended,4.0,0,5,0.5618,3
S00265,RCTP,24.625459,120.611893,B777-300ER,wide_body,3062,weather,988,normal,1.0,1500.0,988.0,1787.6113,emergency,RPLL,3737,60,concrete,ILS,1,1,basic,1,basic,1,1,1,1,1,1,1,open,none,caution,civil,0,1125.752801,675,extended,5.0,0,3,0.8776,4
S00266,DTTA,36.965702,10.010616,A320,narrow_body,2333,technical,1103,low,0.9,855.0,855.0,1361.872753,aircraft_fuel,DTTA,3200,45,asphalt,RNAV,0,1,basic,1,basic,1,0,1,1,1,1,1,open,none,safe,civil,0,23.097342,867,preferred,1.0,1,1,37.0172,5
S00266,DTTA,36.965702,10.010616,A320,narrow_body,2333,technical,1103,low,0.9,855.0,855.0,1361.872753,aircraft_fuel,LIRF,3902,60,asphalt,ILS,1,1,basic,1,major,1,1,1,1,1,1,1,open,none,safe,civil,1,571.435933,1569,preferred,2.0,0,2,1.4962,3
S00266,DTTA,36.965702,10.010616,A320,narrow_body,2333,technical,1103,low,0.9,855.0,855.0,1361.872753,aircraft_fuel,DAAG,3500,60,asphalt,RNAV,0,1,basic,1,basic,1,1,1,1,1,1,0,open,none,safe,civil,0,605.495143,1167,preferred,3.0,0,3,1.4121,4
S00266,DTTA,36.965702,10.010616,A320,narrow_body,2333,technical,1103,low,0.9,855.0,855.0,1361.872753,aircraft_fuel,LGAV,4000,45,asphalt,ILS,1,1,advanced,1,major,1,1,1,1,1,1,1,open,none,safe,civil,0,1233.574866,1667,extended,4.0,0,4,0.6931,2
S00266,DTTA,36.965702,10.010616,A320,narrow_body,2333,technical,1103,low,0.9,855.0,855.0,1361.872753,aircraft_fuel,LEMD,4350,60,asphalt,ILS,1,1,advanced,1,major,1,1,1,1,1,1,1,open,none,safe,civil,1,1240.267991,2017,extended,5.0,0,5,0.6894,1
S00267,WMKK,2.534547,101.413598,A220-300,narrow_body,2070,medical,1090,critical,0.75,712.5,712.5,1164.001117,aircraft_fuel,WMKK,4124,60,asphalt,ILS,1,1,advanced,1,major,1,1,1,1,1,1,1,open,none,safe,civil,0,40.43002,2054,preferred,1.0,1,1,17.623,1
S00267,WMKK,2.534547,101.413598,A220-300,narrow_body,2070,medical,1090,critical,0.75,712.5,712.5,1164.001117,aircraft_fuel,WSSS,4000,60,asphalt,ILS,1,1,advanced,1,major,1,1,1,1,1,1,1,open,none,safe,civil,1,315.552769,1930,preferred,2.0,0,3,2.2579,2
S00267,WMKK,2.534547,101.413598,A220-300,narrow_body,2070,medical,1090,critical,0.75,712.5,712.5,1164.001117,aircraft_fuel,WIMM,3000,60,asphalt,RNAV,1,1,basic,1,basic,1,0,1,1,0,1,1,open,none,safe,civil,0,306.531226,930,preferred,3.0,0,2,2.3244,3
S00268,ZSPD,30.612001,120.896994,B787-9,wide_body,3003,fuel,767,normal,1.0,1400.0,767.0,1423.101641,emergency,ZSPD,4000,60,concrete,ILS,1,1,advanced,1,major,1,1,1,1,1,1,1,open,none,safe,civil,1,104.883157,997,preferred,1.0,1,1,7.3129,1
S00268,ZSPD,30.612001,120.896994,B787-9,wide_body,3003,fuel,767,normal,1.0,1400.0,767.0,1423.101641,emergency,RCTP,3660,60,concrete,ILS,1,1,advanced,1,major,1,1,1,1,1,1,1,open,none,safe,civil,0,616.271053,657,preferred,2.0,0,2,1.2446,4
S00268,ZSPD,30.612001,120.896994,B787-9,wide_body,3003,fuel,767,normal,1.0,1400.0,767.0,1423.101641,emergency,RKSI,4000,60,asphalt,ILS,1,1,advanced,1,major,1,1,1,1,1,1,1,open,none,safe,civil,1,917.850827,997,extended,3.0,0,3,0.8356,1
S00268,ZSPD,30.612001,120.896994,B787-9,wide_body,3003,fuel,767,normal,1.0,1400.0,767.0,1423.101641,emergency,ZBAA,3810,60,asphalt,ILS,1,1,advanced,1,major,1,1,1,1,1,1,1,open,none,safe,civil,1,1122.04694,807,extended,4.0,0,4,0.6836,3
S00269,LPPT,38.115142,-9.00584,A320,narrow_body,2346,security,616,normal,1.0,950.0,616.0,1056.553515,emergency,LPPT,3707,45,asphalt,ILS,1,1,advanced,1,major,1,1,1,1,1,1,1,open,none,safe,civil,0,74.934542,1361,preferred,1.0,1,1,8.2205,3
S00269,LPPT,38.115142,-9.00584,A320,narrow_body,2346,security,616,normal,1.0,950.0,616.0,1056.553515,emergency,LEMD,4350,60,asphalt,ILS,1,1,advanced,1,major,1,1,1,1,1,1,1,open,none,safe,civil,1,536.978131,2004,preferred,2.0,0,2,1.1472,1
S00269,LPPT,38.115142,-9.00584,A320,narrow_body,2346,security,616,normal,1.0,950.0,616.0,1056.553515,emergency,GMMN,3720,45,asphalt,ILS,1,1,advanced,1,major,1,1,1,1,1,1,1,open,none,safe,civil,0,543.137209,1374,preferred,3.0,0,3,1.1342,2
S00271,DNAA,9.194787,7.005084,B737-800,narrow_body,2318,technical,1052,low,0.9,855.0,855.0,1448.913693,aircraft_fuel,DNAA,3609,60,asphalt,RNAV,0,0,none,1,basic,1,0,1,1,1,1,1,open,none,safe,joint,0,35.212953,1291,preferred,1.0,1,1,24.2808,2
S00271,DNAA,9.194787,7.005084,B737-800,narrow_body,2318,technical,1052,low,0.9,855.0,855.0,1448.913693,aircraft_fuel,DNMM,3900,60,asphalt,ILS,1,1,advanced,1,major,1,1,1,1,1,1,1,open,none,caution,civil,0,499.315414,1582,preferred,2.0,0,3,1.7123,1
S00271,DNAA,9.194787,7.005084,B737-800,narrow_body,2318,technical,1052,low,0.9,855.0,855.0,1448.913693,aircraft_fuel,DNKN,3200,46,asphalt,RNAV,0,0,none,1,basic,1,0,1,0,0,1,1,open,none,safe,joint,0,358.050716,882,preferred,3.0,0,2,2.3879,4
S00271,DNAA,9.194787,7.005084,B737-800,narrow_body,2318,technical,1052,low,0.9,855.0,855.0,1448.913693,aircraft_fuel,DGAA,3403,61,asphalt,RNAV,0,0,none,1,basic,1,0,1,1,1,1,0,open,none,safe,civil,0,885.723336,1085,extended,4.0,0,4,0.9653,3
S00273,OPKC,24.234721,67.389638,A319,narrow_body,2125,fuel,838,critical,0.75,675.0,675.0,1051.127949,aircraft_fuel,OPKC,3400,46,concrete,RNAV,0,1,basic,1,basic,1,1,1,1,1,1,1,open,none,caution,civil,0,78.200939,1275,preferred,1.0,1,1,8.6316,3
S00273,OPKC,24.234721,67.389638,A319,narrow_body,2125,fuel,838,critical,0.75,675.0,675.0,1051.127949,aircraft_fuel,OOMS,4080,45,asphalt,ILS,1,1,advanced,1,major,1,1,1,1,1,1,1,open,none,safe,civil,0,927.946973,1955,extended,2.0,0,3,0.7274,1
S00273,OPKC,24.234721,67.389638,A319,narrow_body,2125,fuel,838,critical,0.75,675.0,675.0,1051.127949,aircraft_fuel,VABB,3509,60,asphalt,ILS,1,1,advanced,1,major,1,1,1,1,1,1,1,open,none,safe,civil,1,804.726596,1384,extended,3.0,0,2,0.8388,2
S00274,WIMM,3.191042,99.291536,A330-300,wide_body,2872,mechanical,873,normal,1.0,1300.0,873.0,1501.343735,emergency,WMKK,4124,60,asphalt,ILS,1,1,advanced,1,major,1,1,1,1,1,1,1,open,none,safe,civil,0,273.089023,1252,preferred,1.0,1,2,3.1968,1
S00274,WIMM,3.191042,99.291536,A330-300,wide_body,2872,mechanical,873,normal,1.0,1300.0,873.0,1501.343735,emergency,WSSS,4000,60,asphalt,ILS,1,1,advanced,1,major,1,1,1,1,1,1,1,open,none,safe,civil,1,561.124605,1128,preferred,2.0,0,3,1.5558,2
S00274,WIMM,3.191042,99.291536,A330-300,wide_body,2872,mechanical,873,normal,1.0,1300.0,873.0,1501.343735,emergency,WIMM,3000,60,asphalt,RNAV,1,1,basic,1,basic,1,0,1,1,0,1,1,open,none,safe,civil,0,67.406714,128,preferred,3.0,0,1,12.9512,4
S00274,WIMM,3.191042,99.291536,A330-300,wide_body,2872,mechanical,873,normal,1.0,1300.0,873.0,1501.343735,emergency,VTBS,4000,60,asphalt,ILS,1,1,advanced,1,major,1,1,1,1,1,1,1,open,none,safe,civil,0,1177.343342,1128,extended,4.0,0,4,0.7415,2
S00276,KJFK,40.220786,-73.536716,A319,narrow_body,2011,weather,835,low,0.9,810.0,810.0,1344.879056,aircraft_fuel,KJFK,4423,61,asphalt,ILS,1,1,advanced,1,major,1,1,1,1,1,1,1,open,none,safe,civil,1,50.880463,2412,preferred,1.0,1,1,15.9197,1
S00276,KJFK,40.220786,-73.536716,A319,narrow_body,2011,weather,835,low,0.9,810.0,810.0,1344.879056,aircraft_fuel,CYYZ,3389,61,asphalt,ILS,1,1,advanced,1,major,1,1,1,1,1,1,1,open,none,safe,civil,1,633.3427,1378,preferred,2.0,0,2,1.2789,4
S00276,KJFK,40.220786,-73.536716,A319,narrow_body,2011,weather,835,low,0.9,810.0,810.0,1344.879056,aircraft_fuel,KATL,3776,46,concrete,ILS,1,1,advanced,1,major,1,1,1,1,1,1,1,open,none,safe,civil,0,1212.19752,1765,extended,3.0,0,3,0.6682,3
S00276,KJFK,40.220786,-73.536716,A319,narrow_body,2011,weather,835,low,0.9,810.0,810.0,1344.879056,aircraft_fuel,KORD,3962,46,concrete,ILS,1,1,advanced,1,major,1,1,1,1,1,1,1,open,none,safe,civil,0,1218.202375,1951,extended,4.0,0,4,0.6649,2
S00278,OKKK,29.392269,48.030035,A319,narrow_body,2159,weather,525,normal,1.0,900.0,525.0,806.930566,emergency,OKKK,4580,60,asphalt,ILS,1,1,advanced,1,major,1,1,1,1,1,1,1,open,none,safe,civil,0,19.548959,2421,preferred,1.0,1,1,26.8556,2
S00278,OKKK,29.392269,48.030035,A319,narrow_body,2159,weather,525,normal,1.0,900.0,525.0,806.930566,emergency,OBBI,3956,60,asphalt,ILS,1,1,advanced,1,major,1,1,1,1,1,1,1,open,none,safe,civil,0,431.810178,1797,preferred,2.0,0,2,1.2158,4
S00278,OKKK,29.392269,48.030035,A319,narrow_body,2159,weather,525,normal,1.0,900.0,525.0,806.930566,emergency,OERK,4205,60,asphalt,ILS,1,1,advanced,1,major,1,1,1,1,1,1,1,open,none,safe,civil,0,510.378205,2046,preferred,3.0,0,3,1.0286,3
S00278,OKKK,29.392269,48.030035,A319,narrow_body,2159,weather,525,normal,1.0,900.0,525.0,806.930566,emergency,OTHH,4850,60,asphalt,ILS,1,1,advanced,1,major,1,1,1,1,1,1,1,open,none,safe,civil,0,578.455139,2691,extended,4.0,0,4,0.9076,1
S00280,ULLI,59.879813,30.774498,B737 MAX 8,narrow_body,2348,medical,1002,low,0.9,900.0,900.0,1570.448104,aircraft_fuel,ULLI,3780,60,concrete,ILS,1,1,advanced,1,major,1,1,1,1,1,1,1,open,none,caution,civil,0,29.938438,1432,preferred,1.0,1,1,30.0617,1
S00280,ULLI,59.879813,30.774498,B737 MAX 8,narrow_body,2348,medical,1002,low,0.9,900.0,900.0,1570.448104,aircraft_fuel,EFHK,3440,60,asphalt,ILS,1,1,advanced,1,major,1,1,1,1,1,1,1,open,none,safe,civil,0,325.677154,1092,preferred,2.0,0,2,2.7635,4
S00280,ULLI,59.879813,30.774498,B737 MAX 8,narrow_body,2348,medical,1002,low,0.9,900.0,900.0,1570.448104,aircraft_fuel,ESSA,3301,45,asphalt,ILS,1,1,advanced,1,major,1,1,1,1,1,1,1,open,none,safe,civil,0,718.602831,953,preferred,3.0,0,4,1.2524,5
S00280,ULLI,59.879813,30.774498,B737 MAX 8,narrow_body,2348,medical,1002,low,0.9,900.0,900.0,1570.448104,aircraft_fuel,UUEE,3700,60,concrete,ILS,1,1,advanced,1,major,1,1,1,1,1,1,1,open,none,caution,civil,0,584.169141,1352,preferred,4.0,0,3,1.5406,2
S00280,ULLI,59.879813,30.774498,B737 MAX 8,narrow_body,2348,medical,1002,low,0.9,900.0,900.0,1570.448104,aircraft_fuel,ENGM,3600,45,asphalt,ILS,1,1,advanced,1,major,1,1,1,1,1,1,1,open,none,safe,civil,0,1089.121181,1252,extended,5.0,0,5,0.8264,3
S00281,OMAA,24.341038,54.594093,A321,narrow_body,2423,operational_constraints,819,normal,1.0,1000.0,819.0,1325.736979,emergency,OMAA,4106,60,asphalt,ILS,1,1,advanced,1,major,1,1,1,1,1,1,1,open,none,safe,civil,0,12.435891,1683,preferred,1.0,1,1,65.8578,5
S00281,OMAA,24.341038,54.594093,A321,narrow_body,2423,operational_constraints,819,normal,1.0,1000.0,819.0,1325.736979,emergency,OMDB,4447,60,asphalt,ILS,1,1,advanced,1,major,1,1,1,1,1,1,1,open,none,safe,civil,1,127.909361,2024,preferred,2.0,0,2,6.403,3
S00281,OMAA,24.341038,54.594093,A321,narrow_body,2423,operational_constraints,819,normal,1.0,1000.0,819.0,1325.736979,emergency,OTHH,4850,60,asphalt,ILS,1,1,advanced,1,major,1,1,1,1,1,1,1,open,none,safe,civil,0,318.703472,2427,preferred,3.0,0,3,2.5698,1
S00281,OMAA,24.341038,54.594093,A321,narrow_body,2423,operational_constraints,819,normal,1.0,1000.0,819.0,1325.736979,emergency,OOMS,4080,45,asphalt,ILS,1,1,advanced,1,major,1,1,1,1,1,1,1,open,none,safe,civil,0,383.966612,1657,preferred,4.0,0,4,2.133,6
S00281,OMAA,24.341038,54.594093,A321,narrow_body,2423,operational_constraints,819,normal,1.0,1000.0,819.0,1325.736979,emergency,OBBI,3956,60,asphalt,ILS,1,1,advanced,1,major,1,1,1,1,1,1,1,open,none,safe,civil,0,451.69355,1533,preferred,5.0,0,5,1.8132,7
S00281,OMAA,24.341038,54.594093,A321,narrow_body,2423,operational_constraints,819,normal,1.0,1000.0,819.0,1325.736979,emergency,OERK,4205,60,asphalt,ILS,1,1,advanced,1,major,1,1,1,1,1,1,1,open,none,safe,civil,0,800.742715,1782,preferred,6.0,0,6,1.0228,4
S00281,OMAA,24.341038,54.594093,A321,narrow_body,2423,operational_constraints,819,normal,1.0,1000.0,819.0,1325.736979,emergency,OKKK,4580,60,asphalt,ILS,1,1,advanced,1,major,1,1,1,1,1,1,1,open,none,safe,civil,0,852.466178,2157,extended,7.0,0,7,0.9607,2
S00281,OMAA,24.341038,54.594093,A321,narrow_body,2423,operational_constraints,819,normal,1.0,1000.0,819.0,1325.736979,emergency,OPKC,3400,46,concrete,RNAV,0,1,basic,1,basic,1,1,1,1,1,1,1,open,none,caution,civil,0,1271.386621,977,extended,8.0,0,8,0.6442,8
S00282,ULLI,60.136231,28.603472,E175,regional_jet,1864,mechanical,705,normal,1.0,750.0,705.0,1087.143715,emergency,EFHK,3440,60,asphalt,ILS,1,1,advanced,1,major,1,1,1,1,1,1,1,open,none,safe,civil,0,201.981407,1576,preferred,1.0,1,2,3.4904,4
S00282,ULLI,60.136231,28.603472,E175,regional_jet,1864,mechanical,705,normal,1.0,750.0,705.0,1087.143715,emergency,ULLI,3780,60,concrete,ILS,1,1,advanced,1,major,1,1,1,1,1,1,1,open,none,caution,civil,0,99.592926,1916,preferred,2.0,0,1,7.0788,1
S00282,ULLI,60.136231,28.603472,E175,regional_jet,1864,mechanical,705,normal,1.0,750.0,705.0,1087.143715,emergency,ESSA,3301,45,asphalt,ILS,1,1,advanced,1,major,1,1,1,1,1,1,1,open,none,safe,civil,0,597.218204,1437,preferred,3.0,0,3,1.1805,5
S00282,ULLI,60.136231,28.603472,E175,regional_jet,1864,mechanical,705,normal,1.0,750.0,705.0,1087.143715,emergency,UUEE,3700,60,concrete,ILS,1,1,advanced,1,major,1,1,1,1,1,1,1,open,none,caution,civil,0,693.54131,1836,preferred,4.0,0,4,1.0165,2
S00282,ULLI,60.136231,28.603472,E175,regional_jet,1864,mechanical,705,normal,1.0,750.0,705.0,1087.143715,emergency,ENGM,3600,45,asphalt,ILS,1,1,advanced,1,major,1,1,1,1,1,1,1,open,none,safe,civil,0,965.450226,1736,extended,5.0,0,5,0.7302,3
S00284,EHAM,51.811765,3.685333,A319,narrow_body,2102,technical,906,critical,0.75,675.0,675.0,1136.789413,aircraft_fuel,EHAM,3800,60,asphalt,ILS,1,1,advanced,1,major,1,1,1,1,1,1,1,open,none,safe,civil,1,92.135367,1698,preferred,1.0,1,1,7.3262,4
S00284,EHAM,51.811765,3.685333,A319,narrow_body,2102,technical,906,critical,0.75,675.0,675.0,1136.789413,aircraft_fuel,EGLL,3901,50,asphalt,ILS,1,1,advanced,1,major,1,1,1,1,1,1,1,open,none,safe,civil,1,288.507363,1799,preferred,2.0,0,3,2.3396,3
S00284,EHAM,51.811765,3.685333,A319,narrow_body,2102,technical,906,critical,0.75,675.0,675.0,1136.789413,aircraft_fuel,LFPG,4215,45,asphalt,ILS,1,1,advanced,1,major,1,1,1,1,1,1,1,open,none,safe,civil,1,321.790774,2113,preferred,3.0,0,4,2.0976,1
S00284,EHAM,51.811765,3.685333,A319,narrow_body,2102,technical,906,critical,0.75,675.0,675.0,1136.789413,aircraft_fuel,EDDF,4000,60,asphalt,ILS,1,1,advanced,1,major,1,1,1,0,1,1,1,open,none,safe,civil,1,394.954995,1898,preferred,4.0,0,5,1.7091,2
S00284,EHAM,51.811765,3.685333,A319,narrow_body,2102,technical,906,critical,0.75,675.0,675.0,1136.789413,aircraft_fuel,EGKK,3317,45,asphalt,ILS,1,1,advanced,1,major,1,1,1,1,1,1,1,open,none,safe,civil,1,277.988092,1215,preferred,5.0,0,2,2.4282,6
S00284,EHAM,51.811765,3.685333,A319,narrow_body,2102,technical,906,critical,0.75,675.0,675.0,1136.789413,aircraft_fuel,EGCC,3048,46,asphalt,ILS,1,1,advanced,1,major,1,1,1,1,1,1,1,open,none,safe,civil,1,437.507547,946,preferred,6.0,0,6,1.5428,8
S00284,EHAM,51.811765,3.685333,A319,narrow_body,2102,technical,906,critical,0.75,675.0,675.0,1136.789413,aircraft_fuel,ENGM,3600,45,asphalt,ILS,1,1,advanced,1,major,1,1,1,1,1,1,1,open,none,safe,civil,0,1038.355513,1498,extended,7.0,0,8,0.6501,5
S00284,EHAM,51.811765,3.685333,A319,narrow_body,2102,technical,906,critical,0.75,675.0,675.0,1136.789413,aircraft_fuel,EIDW,3110,45,concrete,ILS,1,1,advanced,1,major,1,1,1,1,1,1,1,open,none,safe,civil,0,694.518389,1008,extended,8.0,0,7,0.9719,7
S00285,EGKK,50.7756,0.536126,A380-800,very_large,3702,fuel,869,critical,0.75,1200.0,869.0,1417.065582,emergency,EGLL,3901,50,asphalt,ILS,1,1,advanced,1,major,1,1,1,1,1,1,1,open,none,safe,civil,1,103.955208,199,preferred,1.0,1,1,8.3594,5
S00285,EGKK,50.7756,0.536126,A380-800,very_large,3702,fuel,869,critical,0.75,1200.0,869.0,1417.065582,emergency,LFPG,4215,45,asphalt,ILS,1,1,advanced,1,major,1,1,1,1,1,1,1,open,none,safe,civil,1,243.87783,513,preferred,2.0,0,2,3.5633,2
S00285,EGKK,50.7756,0.536126,A380-800,very_large,3702,fuel,869,critical,0.75,1200.0,869.0,1417.065582,emergency,EHAM,3800,60,asphalt,ILS,1,1,advanced,1,major,1,1,1,1,1,1,1,open,none,safe,civil,1,338.36175,98,preferred,3.0,0,3,2.5683,6
S00285,EGKK,50.7756,0.536126,A380-800,very_large,3702,fuel,869,critical,0.75,1200.0,869.0,1417.065582,emergency,EDDF,4000,60,asphalt,ILS,1,1,advanced,1,major,1,1,1,0,1,1,1,open,none,safe,civil,1,574.358891,298,preferred,4.0,0,4,1.513,3
S00285,EGKK,50.7756,0.536126,A380-800,very_large,3702,fuel,869,critical,0.75,1200.0,869.0,1417.065582,emergency,LEMD,4350,60,asphalt,ILS,1,1,advanced,1,major,1,1,1,1,1,1,1,open,none,safe,civil,1,1186.624205,648,extended,5.0,0,5,0.7323,1
S00285,EGKK,50.7756,0.536126,A380-800,very_large,3702,fuel,869,critical,0.75,1200.0,869.0,1417.065582,emergency,LIRF,3902,60,asphalt,ILS,1,1,basic,1,major,1,1,1,1,1,1,1,open,none,safe,civil,1,1340.476602,200,extended,6.0,0,6,0.6483,4
S00286,KATL,33.042242,-84.539576,A320,narrow_body,2352,mechanical,797,normal,1.0,950.0,797.0,1397.637327,emergency,KATL,3776,46,concrete,ILS,1,1,advanced,1,major,1,1,1,1,1,1,1,open,none,safe,civil,0,66.906942,1424,preferred,1.0,1,1,11.9121,3
S00286,KATL,33.042242,-84.539576,A320,narrow_body,2352,mechanical,797,normal,1.0,950.0,797.0,1397.637327,emergency,KORD,3962,46,concrete,ILS,1,1,advanced,1,major,1,1,1,1,1,1,1,open,none,safe,civil,0,1036.820992,1610,extended,2.0,0,2,0.7687,2
S00286,KATL,33.042242,-84.539576,A320,narrow_body,2352,mechanical,797,normal,1.0,950.0,797.0,1397.637327,emergency,KJFK,4423,61,asphalt,ILS,1,1,advanced,1,major,1,1,1,1,1,1,1,open,none,safe,civil,1,1275.132954,2071,extended,3.0,0,4,0.625,1
S00286,KATL,33.042242,-84.539576,A320,narrow_body,2352,mechanical,797,normal,1.0,950.0,797.0,1397.637327,emergency,CYYZ,3389,61,asphalt,ILS,1,1,advanced,1,major,1,1,1,1,1,1,1,open,none,safe,civil,1,1256.91323,1037,extended,4.0,0,3,0.6341,4
S00287,VABB,18.982542,73.031313,A380-800,very_large,3593,security,1229,low,0.9,1440.0,1229.0,2295.649803,emergency,VIDP,4430,60,asphalt,ILS,1,1,advanced,1,major,1,1,1,1,1,1,1,open,none,safe,civil,1,1141.708843,837,preferred,1.0,1,1,1.0765,2
S00287,VABB,18.982542,73.031313,A380-800,very_large,3593,security,1229,low,0.9,1440.0,1229.0,2295.649803,emergency,OMDB,4447,60,asphalt,ILS,1,1,advanced,1,major,1,1,1,1,1,1,1,open,none,safe,civil,1,1945.927661,854,extended,2.0,0,3,0.6316,1
S00287,VABB,18.982542,73.031313,A380-800,very_large,3593,security,1229,low,0.9,1440.0,1229.0,2295.649803,emergency,OOMS,4080,45,asphalt,ILS,1,1,advanced,1,major,1,1,1,1,1,1,1,open,none,safe,civil,0,1610.644183,487,extended,3.0,0,2,0.763,4
S00287,VABB,18.982542,73.031313,A380-800,very_large,3593,security,1229,low,0.9,1440.0,1229.0,2295.649803,emergency,OMAA,4106,60,asphalt,ILS,1,1,advanced,1,major,1,1,1,1,1,1,1,open,none,safe,civil,0,1991.53977,513,extended,4.0,0,4,0.6171,3
S00288,DNKN,11.119409,8.574304,B767-300ER,wide_body,2940,weather,757,critical,0.75,937.5,757.0,1183.972703,emergency,DNKN,3200,46,asphalt,RNAV,0,0,none,1,basic,1,0,1,0,0,1,1,open,none,safe,joint,0,103.351928,260,preferred,1.0,1,1,7.3245,4
S00288,DNKN,11.119409,8.574304,B767-300ER,wide_body,2940,weather,757,critical,0.75,937.5,757.0,1183.972703,emergency,DNAA,3609,60,asphalt,RNAV,0,0,none,1,basic,1,0,1,1,1,1,1,open,none,safe,joint,0,275.2953,669,preferred,2.0,0,2,2.7498,2
S00288,DNKN,11.119409,8.574304,B767-300ER,wide_body,2940,weather,757,critical,0.75,937.5,757.0,1183.972703,emergency,DNMM,3900,60,asphalt,ILS,1,1,advanced,1,major,1,1,1,1,1,1,1,open,none,caution,civil,0,766.818819,960,extended,3.0,0,3,0.9872,1
S00288,DNKN,11.119409,8.574304,B767-300ER,wide_body,2940,weather,757,critical,0.75,937.5,757.0,1183.972703,emergency,DGAA,3403,61,asphalt,RNAV,0,0,none,1,basic,1,0,1,1,1,1,0,open,none,safe,civil,0,1140.128406,463,extended,4.0,0,4,0.664,3
S00289,EGLL,50.916518,-0.451381,A321,narrow_body,2403,medical,640,low,0.9,900.0,640.0,1003.180031,emergency,EGLL,3901,50,asphalt,ILS,1,1,advanced,1,major,1,1,1,1,1,1,1,open,none,safe,civil,1,61.630429,1498,preferred,1.0,1,2,10.3845,3
S00289,EGLL,50.916518,-0.451381,A321,narrow_body,2403,medical,640,low,0.9,900.0,640.0,1003.180031,emergency,EGKK,3317,45,asphalt,ILS,1,1,advanced,1,major,1,1,1,1,1,1,1,open,none,safe,civil,1,31.809619,914,preferred,2.0,0,1,20.1197,5
S00289,EGLL,50.916518,-0.451381,A321,narrow_body,2403,medical,640,low,0.9,900.0,640.0,1003.180031,emergency,LFPG,4215,45,asphalt,ILS,1,1,advanced,1,major,1,1,1,1,1,1,1,open,none,safe,civil,1,301.960747,1812,preferred,3.0,0,4,2.1195,1
S00289,EGLL,50.916518,-0.451381,A321,narrow_body,2403,medical,640,low,0.9,900.0,640.0,1003.180031,emergency,EHAM,3800,60,asphalt,ILS,1,1,advanced,1,major,1,1,1,1,1,1,1,open,none,safe,civil,1,391.853218,1397,preferred,4.0,0,5,1.6333,4
S00289,EGLL,50.916518,-0.451381,A321,narrow_body,2403,medical,640,low,0.9,900.0,640.0,1003.180031,emergency,EGCC,3048,46,asphalt,ILS,1,1,advanced,1,major,1,1,1,1,1,1,1,open,none,safe,civil,1,298.195992,645,preferred,5.0,0,3,2.1462,7
S00289,EGLL,50.916518,-0.451381,A321,narrow_body,2403,medical,640,low,0.9,900.0,640.0,1003.180031,emergency,EDDF,4000,60,asphalt,ILS,1,1,advanced,1,major,1,1,1,0,1,1,1,open,none,safe,civil,1,644.839402,1597,extended,6.0,0,7,0.9925,2
S00289,EGLL,50.916518,-0.451381,A321,narrow_body,2403,medical,640,low,0.9,900.0,640.0,1003.180031,emergency,EIDW,3110,45,concrete,ILS,1,1,advanced,1,major,1,1,1,1,1,1,1,open,none,safe,civil,0,484.581405,707,preferred,7.0,0,6,1.3207,6
S00290,OMDB,26.666127,54.056401,E175,regional_jet,1840,fuel,455,critical,0.75,562.5,455.0,678.577465,emergency,OMDB,4447,60,asphalt,ILS,1,1,advanced,1,major,1,1,1,1,1,1,1,open,none,safe,civil,1,205.121579,2607,preferred,1.0,1,1,2.2182,3
S00290,OMDB,26.666127,54.056401,E175,regional_jet,1840,fuel,455,critical,0.75,562.5,455.0,678.577465,emergency,OMAA,4106,60,asphalt,ILS,1,1,advanced,1,major,1,1,1,1,1,1,1,open,none,safe,civil,0,254.47223,2266,preferred,2.0,0,2,1.788,4
S00290,OMDB,26.666127,54.056401,E175,regional_jet,1840,fuel,455,critical,0.75,562.5,455.0,678.577465,emergency,OTHH,4850,60,asphalt,ILS,1,1,advanced,1,major,1,1,1,1,1,1,1,open,none,safe,civil,0,289.642143,3010,preferred,3.0,0,3,1.5709,1
S00290,OMDB,26.666127,54.056401,E175,regional_jet,1840,fuel,455,critical,0.75,562.5,455.0,678.577465,emergency,OBBI,3956,60,asphalt,ILS,1,1,advanced,1,major,1,1,1,1,1,1,1,open,none,safe,civil,0,343.173165,2116,preferred,4.0,0,4,1.3259,6
S00290,OMDB,26.666127,54.056401,E175,regional_jet,1840,fuel,455,critical,0.75,562.5,455.0,678.577465,emergency,OOMS,4080,45,asphalt,ILS,1,1,advanced,1,major,1,1,1,1,1,1,1,open,none,safe,civil,0,545.31029,2240,extended,5.0,0,5,0.8344,5
S00290,OMDB,26.666127,54.056401,E175,regional_jet,1840,fuel,455,critical,0.75,562.5,455.0,678.577465,emergency,OKKK,4580,60,asphalt,ILS,1,1,advanced,1,major,1,1,1,1,1,1,1,open,none,safe,civil,0,661.969738,2740,extended,6.0,0,6,0.6873,2
S00291,OPKC,24.486165,67.694936,B787-9,wide_body,2807,mechanical,1041,critical,0.75,1050.0,1041.0,1890.443019,emergency,VIDP,4430,60,asphalt,ILS,1,1,advanced,1,major,1,1,1,1,1,1,1,open,none,safe,civil,1,1038.486253,1623,preferred,1.0,1,5,1.0024,3
S00291,OPKC,24.486165,67.694936,B787-9,wide_body,2807,mechanical,1041,critical,0.75,1050.0,1041.0,1890.443019,emergency,OOMS,4080,45,asphalt,ILS,1,1,advanced,1,major,1,1,1,1,1,1,1,open,none,safe,civil,0,960.400205,1273,preferred,2.0,0,3,1.0839,5
S00291,OPKC,24.486165,67.694936,B787-9,wide_body,2807,mechanical,1041,critical,0.75,1050.0,1041.0,1890.443019,emergency,OPKC,3400,46,concrete,RNAV,0,1,basic,1,basic,1,1,1,1,1,1,1,open,none,caution,civil,0,71.388527,593,preferred,3.0,0,1,14.5822,8
S00291,OPKC,24.486165,67.694936,B787-9,wide_body,2807,mechanical,1041,critical,0.75,1050.0,1041.0,1890.443019,emergency,OMDB,4447,60,asphalt,ILS,1,1,advanced,1,major,1,1,1,1,1,1,1,open,none,safe,civil,1,1245.755738,1640,extended,4.0,0,6,0.8356,2
S00291,OPKC,24.486165,67.694936,B787-9,wide_body,2807,mechanical,1041,critical,0.75,1050.0,1041.0,1890.443019,emergency,VABB,3509,60,asphalt,ILS,1,1,advanced,1,major,1,1,1,1,1,1,1,open,none,safe,civil,1,803.211388,702,preferred,5.0,0,2,1.296,7
S00291,OPKC,24.486165,67.694936,B787-9,wide_body,2807,mechanical,1041,critical,0.75,1050.0,1041.0,1890.443019,emergency,OTHH,4850,60,asphalt,ILS,1,1,advanced,1,major,1,1,1,1,1,1,1,open,none,safe,civil,0,1624.157746,2043,extended,6.0,0,8,0.6409,1
S00291,OPKC,24.486165,67.694936,B787-9,wide_body,2807,mechanical,1041,critical,0.75,1050.0,1041.0,1890.443019,emergency,OMAA,4106,60,asphalt,ILS,1,1,advanced,1,major,1,1,1,1,1,1,1,open,none,safe,civil,0,1319.904563,1299,extended,7.0,0,7,0.7887,4
S00291,OPKC,24.486165,67.694936,B787-9,wide_body,2807,mechanical,1041,critical,0.75,1050.0,1041.0,1890.443019,emergency,OBBI,3956,60,asphalt,ILS,1,1,advanced,1,major,1,1,1,1,1,1,1,open,none,safe,civil,0,1723.80136,1149,extended,8.0,0,9,0.6039,6
S00291,OPKC,24.486165,67.694936,B787-9,wide_body,2807,mechanical,1041,critical,0.75,1050.0,1041.0,1890.443019,emergency,OPLA,3360,46,concrete,RNAV,0,0,none,1,basic,1,0,1,1,1,1,1,open,none,caution,civil,0,1022.093143,553,preferred,9.0,0,4,1.0185,9
S00291,OPKC,24.486165,67.694936,B787-9,wide_body,2807,mechanical,1041,critical,0.75,1050.0,1041.0,1890.443019,emergency,VNKT,3350,45,asphalt,VOR,0,0,none,0,none,0,0,1,1,1,1,1,open,none,caution,civil,0,1798.039533,543,extended,10.0,0,10,0.579,10
S00293,LGAV,37.960517,23.197409,E175,regional_jet,1854,weather,1081,low,0.9,675.0,675.0,1001.902549,aircraft_fuel,LGAV,4000,45,asphalt,ILS,1,1,advanced,1,major,1,1,1,1,1,1,1,open,none,safe,civil,0,65.56287,2146,preferred,1.0,1,1,10.2955,2
S00293,LGAV,37.960517,23.197409,E175,regional_jet,1854,weather,1081,low,0.9,675.0,675.0,1001.902549,aircraft_fuel,LTFM,4100,60,asphalt,ILS,1,1,advanced,1,major,1,1,1,1,1,1,0,open,none,safe,civil,0,600.257699,2246,preferred,2.0,0,2,1.1245,1
S00293,LGAV,37.960517,23.197409,E175,regional_jet,1854,weather,1081,low,0.9,675.0,675.0,1001.902549,aircraft_fuel,LTAC,3750,45,asphalt,ILS,1,1,advanced,1,major,1,1,1,1,1,1,1,open,none,safe,joint,0,879.254189,1896,extended,3.0,0,3,0.7677,3
S00293,LGAV,37.960517,23.197409,E175,regional_jet,1854,weather,1081,low,0.9,675.0,675.0,1001.902549,aircraft_fuel,LCLK,2987,45,asphalt,ILS,1,0,none,1,basic,1,0,1,1,1,1,1,open,none,safe,civil,0,993.419048,1133,extended,4.0,0,4,0.6795,4
S00295,ULLI,60.224336,29.470206,A350-900,wide_body,2994,operational_constraints,589,normal,1.0,1500.0,589.0,1013.7457,emergency,ULLI,3780,60,concrete,ILS,1,1,advanced,1,major,1,1,1,1,1,1,1,open,none,caution,civil,0,64.513435,786,preferred,1.0,1,1,9.1299,1
S00295,ULLI,60.224336,29.470206,A350-900,wide_body,2994,operational_constraints,589,normal,1.0,1500.0,589.0,1013.7457,emergency,EFHK,3440,60,asphalt,ILS,1,1,advanced,1,major,1,1,1,1,1,1,1,open,none,safe,civil,0,248.683339,446,preferred,2.0,0,2,2.3685,4
S00295,ULLI,60.224336,29.470206,A350-900,wide_body,2994,operational_constraints,589,normal,1.0,1500.0,589.0,1013.7457,emergency,ENGM,3600,45,asphalt,ILS,1,1,advanced,1,major,1,1,1,1,1,1,1,open,none,safe,civil,0,1011.578154,606,extended,3.0,0,5,0.5823,3
S00295,ULLI,60.224336,29.470206,A350-900,wide_body,2994,operational_constraints,589,normal,1.0,1500.0,589.0,1013.7457,emergency,ESSA,3301,45,asphalt,ILS,1,1,advanced,1,major,1,1,1,1,1,1,1,open,none,safe,civil,0,645.247658,307,extended,4.0,0,3,0.9128,5
S00295,ULLI,60.224336,29.470206,A350-900,wide_body,2994,operational_constraints,589,normal,1.0,1500.0,589.0,1013.7457,emergency,UUEE,3700,60,concrete,ILS,1,1,advanced,1,major,1,1,1,1,1,1,1,open,none,caution,civil,0,663.069337,706,extended,5.0,0,4,0.8883,2
S00296,RJTT,36.167217,138.621075,A320,narrow_body,2435,operational_constraints,596,normal,1.0,950.0,596.0,971.67435,emergency,RJAA,4000,60,asphalt,ILS,1,1,advanced,1,major,1,1,1,0,1,1,1,open,none,safe,civil,1,165.136325,1565,preferred,1.0,1,2,3.6091,1
S00296,RJTT,36.167217,138.621075,A320,narrow_body,2435,operational_constraints,596,normal,1.0,950.0,596.0,971.67435,emergency,RJTT,3360,61,asphalt,ILS,1,1,advanced,1,major,1,1,1,1,1,1,1,open,none,safe,civil,1,125.516136,925,preferred,2.0,0,1,4.7484,2
S00296,RJTT,36.167217,138.621075,A320,narrow_body,2435,operational_constraints,596,normal,1.0,950.0,596.0,971.67435,emergency,RJCC,3000,61,asphalt,RNAV,0,1,basic,1,basic,1,1,1,1,1,1,1,open,none,safe,joint,0,780.379183,565,extended,3.0,0,3,0.7637,3
S00298,DAAG,35.908384,3.728166,A330-300,wide_body,3099,fuel,784,low,0.9,1170.0,784.0,1275.538803,emergency,DAAG,3500,60,asphalt,RNAV,0,1,basic,1,basic,1,1,1,1,1,1,0,open,none,safe,civil,0,98.729451,401,preferred,1.0,1,1,7.9409,5
S00298,DAAG,35.908384,3.728166,A330-300,wide_body,3099,fuel,784,low,0.9,1170.0,784.0,1275.538803,emergency,LEMD,4350,60,asphalt,ILS,1,1,advanced,1,major,1,1,1,1,1,1,1,open,none,safe,civil,1,816.116731,1251,extended,2.0,0,3,0.9606,1
S00298,DAAG,35.908384,3.728166,A330-300,wide_body,3099,fuel,784,low,0.9,1170.0,784.0,1275.538803,emergency,DTTA,3200,45,asphalt,RNAV,0,1,basic,1,basic,1,0,1,1,1,1,1,open,none,safe,civil,0,591.05692,101,preferred,3.0,0,2,1.3264,6
S00298,DAAG,35.908384,3.728166,A330-300,wide_body,3099,fuel,784,low,0.9,1170.0,784.0,1275.538803,emergency,LIRF,3902,60,asphalt,ILS,1,1,basic,1,major,1,1,1,1,1,1,1,open,none,safe,civil,1,986.297502,803,extended,4.0,0,4,0.7949,2
S00298,DAAG,35.908384,3.728166,A330-300,wide_body,3099,fuel,784,low,0.9,1170.0,784.0,1275.538803,emergency,GMMN,3720,45,asphalt,ILS,1,1,advanced,1,major,1,1,1,1,1,1,1,open,none,safe,civil,0,1072.588076,621,extended,5.0,0,5,0.7309,3
S00298,DAAG,35.908384,3.728166,A330-300,wide_body,3099,fuel,784,low,0.9,1170.0,784.0,1275.538803,emergency,LPPT,3707,45,asphalt,ILS,1,1,advanced,1,major,1,1,1,1,1,1,1,open,none,safe,civil,0,1180.037209,608,extended,6.0,0,6,0.6644,4
S00299,ESSA,59.755772,16.922732,E190,regional_jet,1992,security,618,low,0.9,720.0,618.0,890.414512,emergency,ESSA,3301,45,asphalt,ILS,1,1,advanced,1,major,1,1,1,1,1,1,1,open,none,safe,civil,0,57.685684,1309,preferred,1.0,1,1,10.7132,4
S00299,ESSA,59.755772,16.922732,E190,regional_jet,1992,security,618,low,0.9,720.0,618.0,890.414512,emergency,ENGM,3600,45,asphalt,ILS,1,1,advanced,1,major,1,1,1,1,1,1,1,open,none,safe,civil,0,327.484698,1608,preferred,2.0,0,2,1.8871,2
S00299,ESSA,59.755772,16.922732,E190,regional_jet,1992,security,618,low,0.9,720.0,618.0,890.414512,emergency,EFHK,3440,60,asphalt,ILS,1,1,advanced,1,major,1,1,1,1,1,1,1,open,none,safe,civil,0,450.606862,1448,preferred,3.0,0,3,1.3715,3
S00299,ESSA,59.755772,16.922732,E190,regional_jet,1992,security,618,low,0.9,720.0,618.0,890.414512,emergency,ULLI,3780,60,concrete,ILS,1,1,advanced,1,major,1,1,1,1,1,1,1,open,none,caution,civil,0,745.384314,1788,extended,4.0,0,4,0.8291,1
S00300,EFHK,60.498931,23.77165,B767-300ER,wide_body,3163,medical,622,normal,1.0,1250.0,622.0,979.108829,emergency,EFHK,3440,60,asphalt,ILS,1,1,advanced,1,major,1,1,1,1,1,1,1,open,none,safe,civil,0,68.44488,277,preferred,1.0,1,1,9.0876,4
S00300,EFHK,60.498931,23.77165,B767-300ER,wide_body,3163,medical,622,normal,1.0,1250.0,622.0,979.108829,emergency,ESSA,3301,45,asphalt,ILS,1,1,advanced,1,major,1,1,1,1,1,1,1,open,none,safe,civil,0,337.505167,138,preferred,2.0,0,2,1.8429,5
S00300,EFHK,60.498931,23.77165,B767-300ER,wide_body,3163,medical,622,normal,1.0,1250.0,622.0,979.108829,emergency,ULLI,3780,60,concrete,ILS,1,1,advanced,1,major,1,1,1,1,1,1,1,open,none,caution,civil,0,367.381598,617,preferred,3.0,0,3,1.6931,1
S00300,EFHK,60.498931,23.77165,B767-300ER,wide_body,3163,medical,622,normal,1.0,1250.0,622.0,979.108829,emergency,ENGM,3600,45,asphalt,ILS,1,1,advanced,1,major,1,1,1,1,1,1,1,open,none,safe,civil,0,696.842844,437,extended,4.0,0,4,0.8926,3
S00300,EFHK,60.498931,23.77165,B767-300ER,wide_body,3163,medical,622,normal,1.0,1250.0,622.0,979.108829,emergency,UUEE,3700,60,concrete,ILS,1,1,advanced,1,major,1,1,1,1,1,1,1,open,none,caution,civil,0,940.807232,537,extended,5.0,0,5,0.6611,2
S00301,ESSA,60.066686,16.912106,A319,narrow_body,2075,operational_constraints,1131,normal,1.0,900.0,900.0,1519.831613,aircraft_fuel,ESSA,3301,45,asphalt,ILS,1,1,advanced,1,major,1,1,1,1,1,1,1,open,none,safe,civil,0,73.382845,1226,preferred,1.0,1,1,12.2644,9
S00301,ESSA,60.066686,16.912106,A319,narrow_body,2075,operational_constraints,1131,normal,1.0,900.0,900.0,1519.831613,aircraft_fuel,ENGM,3600,45,asphalt,ILS,1,1,advanced,1,major,1,1,1,1,1,1,1,open,none,safe,civil,0,322.048978,1525,preferred,2.0,0,2,2.7946,6
S00301,ESSA,60.066686,16.912106,A319,narrow_body,2075,operational_constraints,1131,normal,1.0,900.0,900.0,1519.831613,aircraft_fuel,EFHK,3440,60,asphalt,ILS,1,1,advanced,1,major,1,1,1,1,1,1,1,open,none,safe,civil,0,445.620749,1365,preferred,3.0,0,3,2.0197,7
S00301,ESSA,60.066686,16.912106,A319,narrow_body,2075,operational_constraints,1131,normal,1.0,900.0,900.0,1519.831613,aircraft_fuel,ULLI,3780,60,concrete,ILS,1,1,advanced,1,major,1,1,1,1,1,1,1,open,none,caution,civil,0,743.062584,1705,preferred,4.0,0,4,1.2112,4
S00301,ESSA,60.066686,16.912106,A319,narrow_body,2075,operational_constraints,1131,normal,1.0,900.0,900.0,1519.831613,aircraft_fuel,EHAM,3800,60,asphalt,ILS,1,1,advanced,1,major,1,1,1,1,1,1,1,open,none,safe,civil,1,1140.672146,1725,extended,5.0,0,5,0.789,3
S00301,ESSA,60.066686,16.912106,A319,narrow_body,2075,operational_constraints,1131,normal,1.0,900.0,900.0,1519.831613,aircraft_fuel,EDDF,4000,60,asphalt,ILS,1,1,advanced,1,major,1,1,1,0,1,1,1,open,none,safe,civil,1,1234.514082,1925,extended,6.0,0,6,0.729,1
S00301,ESSA,60.066686,16.912106,A319,narrow_body,2075,operational_constraints,1131,normal,1.0,900.0,900.0,1519.831613,aircraft_fuel,EGLL,3901,50,asphalt,ILS,1,1,advanced,1,major,1,1,1,1,1,1,1,open,none,safe,civil,1,1439.322782,1826,extended,7.0,0,9,0.6253,2
S00301,ESSA,60.066686,16.912106,A319,narrow_body,2075,operational_constraints,1131,normal,1.0,900.0,900.0,1519.831613,aircraft_fuel,EGKK,3317,45,asphalt,ILS,1,1,advanced,1,major,1,1,1,1,1,1,1,open,none,safe,civil,1,1453.803661,1242,extended,8.0,0,10,0.6191,8
S00301,ESSA,60.066686,16.912106,A319,narrow_body,2075,operational_constraints,1131,normal,1.0,900.0,900.0,1519.831613,aircraft_fuel,EGCC,3048,46,asphalt,ILS,1,1,advanced,1,major,1,1,1,1,1,1,1,open,none,safe,civil,1,1380.967415,973,extended,9.0,0,8,0.6517,10
S00301,ESSA,60.066686,16.912106,A319,narrow_body,2075,operational_constraints,1131,normal,1.0,900.0,900.0,1519.831613,aircraft_fuel,UUEE,3700,60,concrete,ILS,1,1,advanced,1,major,1,1,1,1,1,1,1,open,none,caution,civil,0,1283.552328,1625,extended,10.0,0,7,0.7012,5
S00302,ENGM,60.087547,9.140923,A330-300,wide_body,2899,weather,794,normal,1.0,1300.0,794.0,1311.441927,emergency,ENGM,3600,45,asphalt,ILS,1,1,advanced,1,major,1,1,1,1,1,1,1,open,none,safe,civil,0,109.116783,701,preferred,1.0,1,1,7.2766,6
S00302,ENGM,60.087547,9.140923,A330-300,wide_body,2899,weather,794,normal,1.0,1300.0,794.0,1311.441927,emergency,ESSA,3301,45,asphalt,ILS,1,1,advanced,1,major,1,1,1,1,1,1,1,open,none,safe,civil,0,492.586989,402,preferred,2.0,0,2,1.6119,9
S00302,ENGM,60.087547,9.140923,A330-300,wide_body,2899,weather,794,normal,1.0,1300.0,794.0,1311.441927,emergency,LFPG,4215,45,asphalt,ILS,1,1,advanced,1,major,1,1,1,1,1,1,1,open,none,safe,civil,1,1301.527122,1316,extended,3.0,0,11,0.6101,1
S00302,ENGM,60.087547,9.140923,A330-300,wide_body,2899,weather,794,normal,1.0,1300.0,794.0,1311.441927,emergency,EDDF,4000,60,asphalt,ILS,1,1,advanced,1,major,1,1,1,0,1,1,1,open,none,safe,civil,1,1119.318259,1101,extended,4.0,0,6,0.7094,2
S00302,ENGM,60.087547,9.140923,A330-300,wide_body,2899,weather,794,normal,1.0,1300.0,794.0,1311.441927,emergency,EHAM,3800,60,asphalt,ILS,1,1,advanced,1,major,1,1,1,1,1,1,1,open,none,safe,civil,1,905.875717,901,extended,5.0,0,4,0.8765,4
S00302,ENGM,60.087547,9.140923,A330-300,wide_body,2899,weather,794,normal,1.0,1300.0,794.0,1311.441927,emergency,EGLL,3901,50,asphalt,ILS,1,1,advanced,1,major,1,1,1,1,1,1,1,open,none,safe,civil,1,1128.198596,1002,extended,6.0,0,7,0.7038,3
S00302,ENGM,60.087547,9.140923,A330-300,wide_body,2899,weather,794,normal,1.0,1300.0,794.0,1311.441927,emergency,EFHK,3440,60,asphalt,ILS,1,1,advanced,1,major,1,1,1,1,1,1,1,open,none,safe,civil,0,872.560705,541,extended,7.0,0,3,0.91,7
S00302,ENGM,60.087547,9.140923,A330-300,wide_body,2899,weather,794,normal,1.0,1300.0,794.0,1311.441927,emergency,EGKK,3317,45,asphalt,ILS,1,1,advanced,1,major,1,1,1,1,1,1,1,open,none,safe,civil,1,1151.190754,418,extended,8.0,0,8,0.6897,8
S00302,ENGM,60.087547,9.140923,A330-300,wide_body,2899,weather,794,normal,1.0,1300.0,794.0,1311.441927,emergency,ULLI,3780,60,concrete,ILS,1,1,advanced,1,major,1,1,1,1,1,1,1,open,none,caution,civil,0,1171.719015,881,extended,9.0,0,9,0.6776,5
S00302,ENGM,60.087547,9.140923,A330-300,wide_body,2899,weather,794,normal,1.0,1300.0,794.0,1311.441927,emergency,EGCC,3048,46,asphalt,ILS,1,1,advanced,1,major,1,1,1,1,1,1,1,open,none,safe,civil,1,1019.9262,149,extended,10.0,0,5,0.7785,11
S00302,ENGM,60.087547,9.140923,A330-300,wide_body,2899,weather,794,normal,1.0,1300.0,794.0,1311.441927,emergency,EIDW,3110,45,concrete,ILS,1,1,advanced,1,major,1,1,1,1,1,1,1,open,none,safe,civil,0,1190.84321,211,extended,11.0,0,10,0.6668,10
S00307,RJAA,35.503882,139.933505,A321,narrow_body,2510,technical,834,normal,1.0,1000.0,834.0,1318.710421,emergency,RJAA,4000,60,asphalt,ILS,1,1,advanced,1,major,1,1,1,0,1,1,1,open,none,safe,civil,1,50.582925,1490,preferred,1.0,1,2,16.4878,1
S00307,RJAA,35.503882,139.933505,A321,narrow_body,2510,technical,834,normal,1.0,1000.0,834.0,1318.710421,emergency,RJTT,3360,61,asphalt,ILS,1,1,advanced,1,major,1,1,1,1,1,1,1,open,none,safe,civil,1,14.205883,850,preferred,2.0,0,1,58.7081,3
S00307,RJAA,35.503882,139.933505,A321,narrow_body,2510,technical,834,normal,1.0,1000.0,834.0,1318.710421,emergency,RKSI,4000,60,asphalt,ILS,1,1,advanced,1,major,1,1,1,1,1,1,1,open,none,safe,civil,1,1223.865489,1490,extended,3.0,0,4,0.6814,1
S00307,RJAA,35.503882,139.933505,A321,narrow_body,2510,technical,834,normal,1.0,1000.0,834.0,1318.710421,emergency,RJCC,3000,61,asphalt,RNAV,0,1,basic,1,basic,1,1,1,1,1,1,1,open,none,safe,joint,0,822.503991,490,preferred,4.0,0,3,1.014,4
S00308,LIRF,42.398041,11.334238,E190,regional_jet,1801,operational_constraints,1126,normal,1.0,800.0,800.0,1187.873512,aircraft_fuel,LIRF,3902,60,asphalt,ILS,1,1,basic,1,major,1,1,1,1,1,1,1,open,none,safe,civil,1,100.440235,2101,preferred,1.0,1,1,7.9649,4
S00308,LIRF,42.398041,11.334238,E190,regional_jet,1801,operational_constraints,1126,normal,1.0,800.0,800.0,1187.873512,aircraft_fuel,DTTA,3200,45,asphalt,RNAV,0,1,basic,1,basic,1,0,1,1,1,1,1,open,none,safe,civil,0,624.030127,1399,preferred,2.0,0,2,1.282,6
S00308,LIRF,42.398041,11.334238,E190,regional_jet,1801,operational_constraints,1126,normal,1.0,800.0,800.0,1187.873512,aircraft_fuel,EDDF,4000,60,asphalt,ILS,1,1,advanced,1,major,1,1,1,0,1,1,1,open,none,safe,civil,1,874.57941,2199,extended,3.0,0,3,0.9147,2
S00308,LIRF,42.398041,11.334238,E190,regional_jet,1801,operational_constraints,1126,normal,1.0,800.0,800.0,1187.873512,aircraft_fuel,DAAG,3500,60,asphalt,RNAV,0,1,basic,1,basic,1,1,1,1,1,1,0,open,none,safe,civil,0,940.994063,1699,extended,4.0,0,4,0.8502,5
S00308,LIRF,42.398041,11.334238,E190,regional_jet,1801,operational_constraints,1126,normal,1.0,800.0,800.0,1187.873512,aircraft_fuel,LFPG,4215,45,asphalt,ILS,1,1,advanced,1,major,1,1,1,1,1,1,1,open,none,safe,civil,1,1001.322955,2414,extended,5.0,0,5,0.7989,1
S00308,LIRF,42.398041,11.334238,E190,regional_jet,1801,operational_constraints,1126,normal,1.0,800.0,800.0,1187.873512,aircraft_fuel,LGAV,4000,45,asphalt,ILS,1,1,advanced,1,major,1,1,1,1,1,1,1,open,none,safe,civil,0,1179.197846,2199,extended,6.0,0,6,0.6784,2
S00309,EGCC,53.540186,-2.082478,A350-900,wide_body,3022,fuel,391,low,0.9,1350.0,391.0,639.906765,emergency,EGLL,3901,50,asphalt,ILS,1,1,advanced,1,major,1,1,1,1,1,1,1,open,none,safe,civil,1,254.956851,879,preferred,1.0,1,2,1.5336,2
S00309,EGCC,53.540186,-2.082478,A350-900,wide_body,3022,fuel,391,low,0.9,1350.0,391.0,639.906765,emergency,EGCC,3048,46,asphalt,ILS,1,1,advanced,1,major,1,1,1,1,1,1,1,open,none,safe,civil,1,24.336442,26,preferred,2.0,0,1,16.0664,6
S00309,EGCC,53.540186,-2.082478,A350-900,wide_body,3022,fuel,391,low,0.9,1350.0,391.0,639.906765,emergency,EGKK,3317,45,asphalt,ILS,1,1,advanced,1,major,1,1,1,1,1,1,1,open,none,safe,civil,1,295.461142,295,preferred,3.0,0,4,1.3234,4
S00309,EGCC,53.540186,-2.082478,A350-900,wide_body,3022,fuel,391,low,0.9,1350.0,391.0,639.906765,emergency,LFPG,4215,45,asphalt,ILS,1,1,advanced,1,major,1,1,1,1,1,1,1,open,none,safe,civil,1,597.954353,1193,extended,4.0,0,6,0.6539,1
S00309,EGCC,53.540186,-2.082478,A350-900,wide_body,3022,fuel,391,low,0.9,1350.0,391.0,639.906765,emergency,EIDW,3110,45,concrete,ILS,1,1,advanced,1,major,1,1,1,1,1,1,1,open,none,safe,civil,0,276.786098,88,preferred,5.0,0,3,1.4126,5
S00309,EGCC,53.540186,-2.082478,A350-900,wide_body,3022,fuel,391,low,0.9,1350.0,391.0,639.906765,emergency,EHAM,3800,60,asphalt,ILS,1,1,advanced,1,major,1,1,1,1,1,1,1,open,none,safe,civil,1,478.728833,778,extended,6.0,0,5,0.8167,3
S00311,LFPG,48.908023,3.009378,A330-300,wide_body,2868,weather,1110,normal,1.0,1300.0,1110.0,1921.486825,emergency,LFPG,4215,45,asphalt,ILS,1,1,advanced,1,major,1,1,1,1,1,1,1,open,none,safe,civil,1,35.082872,1347,preferred,1.0,1,1,31.6394,2
S00311,LFPG,48.908023,3.009378,A330-300,wide_body,2868,weather,1110,normal,1.0,1300.0,1110.0,1921.486825,emergency,EDDF,4000,60,asphalt,ILS,1,1,advanced,1,major,1,1,1,0,1,1,1,open,none,safe,civil,1,419.721394,1132,preferred,2.0,0,5,2.6446,3
S00311,LFPG,48.908023,3.009378,A330-300,wide_body,2868,weather,1110,normal,1.0,1300.0,1110.0,1921.486825,emergency,EGLL,3901,50,asphalt,ILS,1,1,advanced,1,major,1,1,1,1,1,1,1,open,none,safe,civil,1,377.016468,1033,preferred,3.0,0,3,2.9442,5
S00311,LFPG,48.908023,3.009378,A330-300,wide_body,2868,weather,1110,normal,1.0,1300.0,1110.0,1921.486825,emergency,LEMD,4350,60,asphalt,ILS,1,1,advanced,1,major,1,1,1,1,1,1,1,open,none,safe,civil,1,1069.576788,1482,preferred,4.0,0,9,1.0378,1
S00311,LFPG,48.908023,3.009378,A330-300,wide_body,2868,weather,1110,normal,1.0,1300.0,1110.0,1921.486825,emergency,EHAM,3800,60,asphalt,ILS,1,1,advanced,1,major,1,1,1,1,1,1,1,open,none,safe,civil,1,397.848711,932,preferred,5.0,0,4,2.79,6
S00311,LFPG,48.908023,3.009378,A330-300,wide_body,2868,weather,1110,normal,1.0,1300.0,1110.0,1921.486825,emergency,EGKK,3317,45,asphalt,ILS,1,1,advanced,1,major,1,1,1,1,1,1,1,open,none,safe,civil,1,337.827657,449,preferred,6.0,0,2,3.2857,11
S00311,LFPG,48.908023,3.009378,A330-300,wide_body,2868,weather,1110,normal,1.0,1300.0,1110.0,1921.486825,emergency,LIRF,3902,60,asphalt,ILS,1,1,basic,1,major,1,1,1,1,1,1,1,open,none,safe,civil,1,1068.713924,1034,preferred,7.0,0,8,1.0386,4
S00311,LFPG,48.908023,3.009378,A330-300,wide_body,2868,weather,1110,normal,1.0,1300.0,1110.0,1921.486825,emergency,EGCC,3048,46,asphalt,ILS,1,1,advanced,1,major,1,1,1,1,1,1,1,open,none,safe,civil,1,616.360412,180,preferred,8.0,0,6,1.8009,15
S00311,LFPG,48.908023,3.009378,A330-300,wide_body,2868,weather,1110,normal,1.0,1300.0,1110.0,1921.486825,emergency,EIDW,3110,45,concrete,ILS,1,1,advanced,1,major,1,1,1,1,1,1,1,open,none,safe,civil,0,817.796648,242,preferred,9.0,0,7,1.3573,14
S00311,LFPG,48.908023,3.009378,A330-300,wide_body,2868,weather,1110,normal,1.0,1300.0,1110.0,1921.486825,emergency,LPPT,3707,45,asphalt,ILS,1,1,advanced,1,major,1,1,1,1,1,1,1,open,none,safe,civil,0,1485.134427,839,extended,10.0,0,13,0.7474,7
S00311,LFPG,48.908023,3.009378,A330-300,wide_body,2868,weather,1110,normal,1.0,1300.0,1110.0,1921.486825,emergency,ENGM,3600,45,asphalt,ILS,1,1,advanced,1,major,1,1,1,1,1,1,1,open,none,safe,civil,0,1356.731782,732,extended,11.0,0,10,0.8181,8
S00311,LFPG,48.908023,3.009378,A330-300,wide_body,2868,weather,1110,normal,1.0,1300.0,1110.0,1921.486825,emergency,DAAG,3500,60,asphalt,RNAV,0,1,basic,1,basic,1,1,1,1,1,1,0,open,none,safe,civil,0,1358.2518,632,extended,12.0,0,11,0.8172,9
S00311,LFPG,48.908023,3.009378,A330-300,wide_body,2868,weather,1110,normal,1.0,1300.0,1110.0,1921.486825,emergency,EFHK,3440,60,asphalt,ILS,1,1,advanced,1,major,1,1,1,1,1,1,1,open,none,safe,civil,0,1883.123753,572,extended,13.0,0,15,0.5894,10
S00311,LFPG,48.908023,3.009378,A330-300,wide_body,2868,weather,1110,normal,1.0,1300.0,1110.0,1921.486825,emergency,ESSA,3301,45,asphalt,ILS,1,1,advanced,1,major,1,1,1,1,1,1,1,open,none,safe,civil,0,1530.453699,433,extended,14.0,0,14,0.7253,12
S00311,LFPG,48.908023,3.009378,A330-300,wide_body,2868,weather,1110,normal,1.0,1300.0,1110.0,1921.486825,emergency,DTTA,3200,45,asphalt,RNAV,0,1,basic,1,basic,1,0,1,1,1,1,1,open,none,safe,civil,0,1462.36375,332,extended,15.0,0,12,0.759,13
S00317,BIKF,64.55286,-23.89273,B787-9,wide_body,2813,medical,1072,low,0.9,1260.0,1072.0,1856.040243,emergency,BIKF,3065,60,asphalt,RNAV,0,1,basic,1,basic,1,0,1,1,1,1,1,open,none,safe,joint,0,88.585449,252,preferred,1.0,1,1,12.1013,3
S00317,BIKF,64.55286,-23.89273,B787-9,wide_body,2813,medical,1072,low,0.9,1260.0,1072.0,1856.040243,emergency,ENGM,3600,45,asphalt,ILS,1,1,advanced,1,major,1,1,1,1,1,1,1,open,none,safe,civil,0,1841.944463,787,extended,2.0,0,4,0.582,1
S00317,BIKF,64.55286,-23.89273,B787-9,wide_body,2813,medical,1072,low,0.9,1260.0,1072.0,1856.040243,emergency,EIDW,3110,45,concrete,ILS,1,1,advanced,1,major,1,1,1,1,1,1,1,open,none,safe,civil,0,1585.681833,297,extended,3.0,0,2,0.676,2
S00317,BIKF,64.55286,-23.89273,B787-9,wide_body,2813,medical,1072,low,0.9,1260.0,1072.0,1856.040243,emergency,EGCC,3048,46,asphalt,ILS,1,1,advanced,1,major,1,1,1,1,1,1,1,open,none,safe,civil,1,1740.399567,235,extended,4.0,0,3,0.616,4
S00319,OMDB,25.447733,55.198619,B767-300ER,wide_body,3048,weather,945,normal,1.0,1250.0,945.0,1538.998893,emergency,OMDB,4447,60,asphalt,ILS,1,1,advanced,1,major,1,1,1,1,1,1,1,open,none,safe,civil,1,28.008711,1399,preferred,1.0,1,1,33.7395,3
S00319,OMDB,25.447733,55.198619,B767-300ER,wide_body,3048,weather,945,normal,1.0,1250.0,945.0,1538.998893,emergency,OMAA,4106,60,asphalt,ILS,1,1,advanced,1,major,1,1,1,1,1,1,1,open,none,safe,civil,0,124.900508,1058,preferred,2.0,0,2,7.566,5
S00319,OMDB,25.447733,55.198619,B767-300ER,wide_body,3048,weather,945,normal,1.0,1250.0,945.0,1538.998893,emergency,OTHH,4850,60,asphalt,ILS,1,1,advanced,1,major,1,1,1,1,1,1,1,open,none,safe,civil,0,361.288481,1802,preferred,3.0,0,3,2.6156,1
S00319,OMDB,25.447733,55.198619,B767-300ER,wide_body,3048,weather,945,normal,1.0,1250.0,945.0,1538.998893,emergency,OKKK,4580,60,asphalt,ILS,1,1,advanced,1,major,1,1,1,1,1,1,1,open,none,safe,civil,0,828.097836,1532,preferred,4.0,0,6,1.1412,2
S00319,OMDB,25.447733,55.198619,B767-300ER,wide_body,3048,weather,945,normal,1.0,1250.0,945.0,1538.998893,emergency,OOMS,4080,45,asphalt,ILS,1,1,advanced,1,major,1,1,1,1,1,1,1,open,none,safe,civil,0,373.751161,1032,preferred,5.0,0,4,2.5284,6
S00319,OMDB,25.447733,55.198619,B767-300ER,wide_body,3048,weather,945,normal,1.0,1250.0,945.0,1538.998893,emergency,OBBI,3956,60,asphalt,ILS,1,1,advanced,1,major,1,1,1,1,1,1,1,open,none,safe,civil,0,465.362507,908,preferred,6.0,0,5,2.0307,7
S00319,OMDB,25.447733,55.198619,B767-300ER,wide_body,3048,weather,945,normal,1.0,1250.0,945.0,1538.998893,emergency,OERK,4205,60,asphalt,ILS,1,1,advanced,1,major,1,1,1,1,1,1,1,open,none,safe,civil,0,856.755096,1157,preferred,7.0,0,7,1.103,4
S00319,OMDB,25.447733,55.198619,B767-300ER,wide_body,3048,weather,945,normal,1.0,1250.0,945.0,1538.998893,emergency,OPKC,3400,46,concrete,RNAV,0,1,basic,1,basic,1,1,1,1,1,1,1,open,none,caution,civil,0,1204.866348,352,extended,8.0,0,8,0.7843,8
S00323,KJFK,40.247974,-74.094068,B737 MAX 8,narrow_body,2441,weather,1031,normal,1.0,1000.0,1000.0,1787.016949,aircraft_fuel,KJFK,4423,61,asphalt,ILS,1,1,advanced,1,major,1,1,1,1,1,1,1,open,none,safe,civil,1,51.03222,1982,preferred,1.0,1,1,19.5955,1
S00323,KJFK,40.247974,-74.094068,B737 MAX 8,narrow_body,2441,weather,1031,normal,1.0,1000.0,1000.0,1787.016949,aircraft_fuel,CYYZ,3389,61,asphalt,ILS,1,1,advanced,1,major,1,1,1,1,1,1,1,open,none,safe,civil,1,595.379938,948,preferred,2.0,0,2,1.6796,4
S00323,KJFK,40.247974,-74.094068,B737 MAX 8,narrow_body,2441,weather,1031,normal,1.0,1000.0,1000.0,1787.016949,aircraft_fuel,KORD,3962,46,concrete,ILS,1,1,advanced,1,major,1,1,1,1,1,1,1,open,none,safe,civil,0,1171.553946,1521,extended,3.0,0,3,0.8536,2
S00323,KJFK,40.247974,-74.094068,B737 MAX 8,narrow_body,2441,weather,1031,normal,1.0,1000.0,1000.0,1787.016949,aircraft_fuel,KATL,3776,46,concrete,ILS,1,1,advanced,1,major,1,1,1,1,1,1,1,open,none,safe,civil,0,1174.963176,1335,extended,4.0,0,4,0.8511,3
S00324,RJAA,36.071557,140.837111,A319,narrow_body,2090,operational_constraints,854,normal,1.0,900.0,854.0,1321.796312,emergency,RJAA,4000,60,asphalt,ILS,1,1,advanced,1,major,1,1,1,0,1,1,1,open,none,safe,civil,1,52.586628,1910,preferred,1.0,1,1,16.2399,1
S00324,RJAA,36.071557,140.837111,A319,narrow_body,2090,operational_constraints,854,normal,1.0,900.0,854.0,1321.796312,emergency,RJTT,3360,61,asphalt,ILS,1,1,advanced,1,major,1,1,1,1,1,1,1,open,none,safe,civil,1,111.061795,1270,preferred,2.0,0,2,7.6894,3
S00324,RJAA,36.071557,140.837111,A319,narrow_body,2090,operational_constraints,854,normal,1.0,900.0,854.0,1321.796312,emergency,RKSI,4000,60,asphalt,ILS,1,1,advanced,1,major,1,1,1,1,1,1,1,open,none,safe,civil,1,1289.498599,1910,extended,3.0,0,4,0.6623,1
S00324,RJAA,36.071557,140.837111,A319,narrow_body,2090,operational_constraints,854,normal,1.0,900.0,854.0,1321.796312,emergency,RJCC,3000,61,asphalt,RNAV,0,1,basic,1,basic,1,1,1,1,1,1,1,open,none,safe,joint,0,748.944013,910,preferred,4.0,0,3,1.1403,4
S00328,HECA,30.307479,31.420399,B737 MAX 8,narrow_body,2492,mechanical,930,low,0.9,900.0,900.0,1462.415085,aircraft_fuel,HECA,4000,60,asphalt,ILS,1,1,basic,1,major,1,1,1,1,1,1,1,open,none,safe,civil,0,21.906841,1508,preferred,1.0,1,1,41.0831,2
S00328,HECA,30.307479,31.420399,B737 MAX 8,narrow_body,2492,mechanical,930,low,0.9,900.0,900.0,1462.415085,aircraft_fuel,OJAI,3660,61,asphalt,ILS,1,1,advanced,1,major,1,1,1,1,1,1,1,open,none,safe,civil,0,463.265554,1168,preferred,2.0,0,2,1.9427,5
S00328,HECA,30.307479,31.420399,B737 MAX 8,narrow_body,2492,mechanical,930,low,0.9,900.0,900.0,1462.415085,aircraft_fuel,LGAV,4000,45,asphalt,ILS,1,1,advanced,1,major,1,1,1,1,1,1,1,open,none,safe,civil,0,1091.47322,1508,extended,3.0,0,5,0.8246,2
S00328,HECA,30.307479,31.420399,B737 MAX 8,narrow_body,2492,mechanical,930,low,0.9,900.0,900.0,1462.415085,aircraft_fuel,LTFM,4100,60,asphalt,ILS,1,1,advanced,1,major,1,1,1,1,1,1,0,open,none,safe,civil,0,1243.20309,1608,extended,4.0,0,7,0.7239,1
S00328,HECA,30.307479,31.420399,B737 MAX 8,narrow_body,2492,mechanical,930,low,0.9,900.0,900.0,1462.415085,aircraft_fuel,LCLK,2987,45,asphalt,ILS,1,0,none,1,basic,1,0,1,1,1,1,1,open,none,safe,civil,0,548.234722,495,preferred,5.0,0,4,1.6416,7
S00328,HECA,30.307479,31.420399,B737 MAX 8,narrow_body,2492,mechanical,930,low,0.9,900.0,900.0,1462.415085,aircraft_fuel,HELX,3000,45,asphalt,RNAV,0,0,none,1,basic,1,0,1,0,0,1,1,open,none,safe,joint,0,530.780557,508,preferred,6.0,0,3,1.6956,6
S00328,HECA,30.307479,31.420399,B737 MAX 8,narrow_body,2492,mechanical,930,low,0.9,900.0,900.0,1462.415085,aircraft_fuel,LTAC,3750,45,asphalt,ILS,1,1,advanced,1,major,1,1,1,1,1,1,1,open,none,safe,joint,0,1101.276008,1258,extended,7.0,0,6,0.8172,4
S00329,LPPT,39.686573,-8.35366,A350-900,wide_body,3043,medical,868,critical,0.75,1125.0,868.0,1517.5205,emergency,LEMD,4350,60,asphalt,ILS,1,1,advanced,1,major,1,1,1,1,1,1,1,open,none,safe,civil,1,416.463305,1307,preferred,1.0,1,2,2.0842,1
S00329,LPPT,39.686573,-8.35366,A350-900,wide_body,3043,medical,868,critical,0.75,1125.0,868.0,1517.5205,emergency,LPPT,3707,45,asphalt,ILS,1,1,advanced,1,major,1,1,1,1,1,1,1,open,none,safe,civil,0,121.127321,664,preferred,2.0,0,1,7.166,5
S00329,LPPT,39.686573,-8.35366,A350-900,wide_body,3043,medical,868,critical,0.75,1125.0,868.0,1517.5205,emergency,GMMN,3720,45,asphalt,ILS,1,1,advanced,1,major,1,1,1,1,1,1,1,open,none,safe,civil,0,705.945735,677,preferred,3.0,0,3,1.2296,4
S00329,LPPT,39.686573,-8.35366,A350-900,wide_body,3043,medical,868,critical,0.75,1125.0,868.0,1517.5205,emergency,LFPG,4215,45,asphalt,ILS,1,1,advanced,1,major,1,1,1,1,1,1,1,open,none,safe,civil,1,1348.814777,1172,extended,4.0,0,5,0.6435,2
S00329,LPPT,39.686573,-8.35366,A350-900,wide_body,3043,medical,868,critical,0.75,1125.0,868.0,1517.5205,emergency,EGLL,3901,50,asphalt,ILS,1,1,advanced,1,major,1,1,1,1,1,1,1,open,none,safe,civil,1,1445.207225,858,extended,5.0,0,7,0.6006,3
S00329,LPPT,39.686573,-8.35366,A350-900,wide_body,3043,medical,868,critical,0.75,1125.0,868.0,1517.5205,emergency,DAAG,3500,60,asphalt,RNAV,0,1,basic,1,basic,1,1,1,1,1,1,0,open,none,safe,civil,0,1063.423094,457,extended,6.0,0,4,0.8162,6
S00329,LPPT,39.686573,-8.35366,A350-900,wide_body,3043,medical,868,critical,0.75,1125.0,868.0,1517.5205,emergency,EGKK,3317,45,asphalt,ILS,1,1,advanced,1,major,1,1,1,1,1,1,1,open,none,safe,civil,1,1423.012297,274,extended,7.0,0,6,0.61,7
S00330,LCLK,35.010111,32.131723,A350-900,wide_body,2989,fuel,476,low,0.9,1350.0,476.0,804.474561,emergency,HECA,4000,60,asphalt,ILS,1,1,basic,1,major,1,1,1,1,1,1,1,open,none,safe,civil,0,549.029524,1011,extended,1.0,1,2,0.867,2
S00330,LCLK,35.010111,32.131723,A350-900,wide_body,2989,fuel,476,low,0.9,1350.0,476.0,804.474561,emergency,LTFM,4100,60,asphalt,ILS,1,1,advanced,1,major,1,1,1,1,1,1,0,open,none,safe,civil,0,757.226844,1111,extended,2.0,0,4,0.6286,1
S00330,LCLK,35.010111,32.131723,A350-900,wide_body,2989,fuel,476,low,0.9,1350.0,476.0,804.474561,emergency,LGAV,4000,45,asphalt,ILS,1,1,advanced,1,major,1,1,1,1,1,1,1,open,none,safe,civil,0,800.729808,1011,extended,3.0,0,5,0.5945,2
S00330,LCLK,35.010111,32.131723,A350-900,wide_body,2989,fuel,476,low,0.9,1350.0,476.0,804.474561,emergency,OJAI,3660,61,asphalt,ILS,1,1,advanced,1,major,1,1,1,1,1,1,1,open,none,safe,civil,0,511.986358,671,extended,4.0,0,1,0.9297,5
S00330,LCLK,35.010111,32.131723,A350-900,wide_body,2989,fuel,476,low,0.9,1350.0,476.0,804.474561,emergency,LTAC,3750,45,asphalt,ILS,1,1,advanced,1,major,1,1,1,1,1,1,1,open,none,safe,joint,0,574.149889,761,extended,5.0,0,3,0.8291,4
S00336,UUEE,55.578692,37.330524,A320,narrow_body,2364,operational_constraints,1187,critical,0.75,712.5,712.5,1107.271486,aircraft_fuel,UUEE,3700,60,concrete,ILS,1,1,advanced,1,major,1,1,1,1,1,1,1,open,none,caution,civil,0,44.560634,1336,preferred,1.0,1,1,15.9894,2
S00336,UUEE,55.578692,37.330524,A320,narrow_body,2364,operational_constraints,1187,critical,0.75,712.5,712.5,1107.271486,aircraft_fuel,ULLI,3780,60,concrete,ILS,1,1,advanced,1,major,1,1,1,1,1,1,1,open,none,caution,civil,0,629.276606,1416,preferred,2.0,0,2,1.1323,1
S00336,UUEE,55.578692,37.330524,A320,narrow_body,2364,operational_constraints,1187,critical,0.75,712.5,712.5,1107.271486,aircraft_fuel,EFHK,3440,60,asphalt,ILS,1,1,advanced,1,major,1,1,1,1,1,1,1,open,none,safe,civil,0,897.897473,1076,extended,3.0,0,3,0.7935,3
S00338,DGAA,6.55383,-0.391041,A321,narrow_body,2323,security,701,critical,0.75,750.0,701.0,1101.779712,emergency,DGAA,3403,61,asphalt,RNAV,0,0,none,1,basic,1,0,1,1,1,1,0,open,none,safe,civil,0,108.359036,1080,preferred,1.0,1,1,6.4692,3
S00338,DGAA,6.55383,-0.391041,A321,narrow_body,2323,security,701,critical,0.75,750.0,701.0,1101.779712,emergency,DNMM,3900,60,asphalt,ILS,1,1,advanced,1,major,1,1,1,1,1,1,1,open,none,caution,civil,0,410.078166,1577,preferred,2.0,0,2,1.7094,1
S00338,DGAA,6.55383,-0.391041,A321,narrow_body,2323,security,701,critical,0.75,750.0,701.0,1101.779712,emergency,DNAA,3609,60,asphalt,RNAV,0,0,none,1,basic,1,0,1,1,1,1,1,open,none,safe,joint,0,886.21324,1286,extended,3.0,0,3,0.791,2
S00341,RJCC,42.653563,141.179103,E175,regional_jet,1763,medical,884,normal,1.0,750.0,750.0,1145.752454,aircraft_fuel,RJCC,3000,61,asphalt,RNAV,0,1,basic,1,basic,1,1,1,1,1,1,1,open,none,safe,joint,0,43.893841,1237,preferred,1.0,1,1,17.0867,3
S00341,RJCC,42.653563,141.179103,E175,regional_jet,1763,medical,884,normal,1.0,750.0,750.0,1145.752454,aircraft_fuel,RJAA,4000,60,asphalt,ILS,1,1,advanced,1,major,1,1,1,0,1,1,1,open,none,safe,civil,1,768.586878,2237,extended,2.0,0,2,0.9758,1
S00341,RJCC,42.653563,141.179103,E175,regional_jet,1763,medical,884,normal,1.0,750.0,750.0,1145.752454,aircraft_fuel,RJTT,3360,61,asphalt,ILS,1,1,advanced,1,major,1,1,1,1,1,1,1,open,none,safe,civil,1,798.963527,1597,extended,3.0,0,3,0.9387,2
S00343,DGAA,6.192977,0.387819,CRJ900,regional_jet,1758,technical,659,low,0.9,630.0,630.0,891.889434,aircraft_fuel,DGAA,3403,61,asphalt,RNAV,0,0,none,1,basic,1,0,1,1,1,1,0,open,none,safe,civil,0,89.636384,1645,preferred,1.0,1,1,7.0284,3
S00343,DGAA,6.192977,0.387819,CRJ900,regional_jet,1758,technical,659,low,0.9,630.0,630.0,891.889434,aircraft_fuel,DNMM,3900,60,asphalt,ILS,1,1,advanced,1,major,1,1,1,1,1,1,1,open,none,caution,civil,0,326.954128,2142,preferred,2.0,0,2,1.9269,1
S00343,DGAA,6.192977,0.387819,CRJ900,regional_jet,1758,technical,659,low,0.9,630.0,630.0,891.889434,aircraft_fuel,DNAA,3609,60,asphalt,RNAV,0,0,none,1,basic,1,0,1,1,1,1,1,open,none,safe,joint,0,819.759021,1851,extended,3.0,0,3,0.7685,2
S00346,KORD,42.063255,-87.630147,B737 MAX 8,narrow_body,2303,mechanical,641,normal,1.0,1000.0,641.0,1005.585026,emergency,KORD,3962,46,concrete,ILS,1,1,advanced,1,major,1,1,1,1,1,1,1,open,none,safe,civil,0,24.563423,1659,preferred,1.0,1,1,26.0957,1
S00346,KORD,42.063255,-87.630147,B737 MAX 8,narrow_body,2303,mechanical,641,normal,1.0,1000.0,641.0,1005.585026,emergency,KATL,3776,46,concrete,ILS,1,1,advanced,1,major,1,1,1,1,1,1,1,open,none,safe,civil,0,978.051312,1473,extended,2.0,0,3,0.6554,2
S00346,KORD,42.063255,-87.630147,B737 MAX 8,narrow_body,2303,mechanical,641,normal,1.0,1000.0,641.0,1005.585026,emergency,CYYZ,3389,61,asphalt,ILS,1,1,advanced,1,major,1,1,1,1,1,1,1,open,none,safe,civil,1,675.919305,1086,extended,3.0,0,2,0.9483,3
S00347,DNMM,6.997924,3.265664,A319,narrow_body,2179,mechanical,821,low,0.9,810.0,810.0,1344.744644,aircraft_fuel,DNMM,3900,60,asphalt,ILS,1,1,advanced,1,major,1,1,1,1,1,1,1,open,none,caution,civil,0,47.163225,1721,preferred,1.0,1,1,17.1744,1
S00347,DNMM,6.997924,3.265664,A319,narrow_body,2179,mechanical,821,low,0.9,810.0,810.0,1344.744644,aircraft_fuel,DGAA,3403,61,asphalt,RNAV,0,0,none,1,basic,1,0,1,1,1,1,0,open,none,safe,civil,0,409.747559,1224,preferred,2.0,0,2,1.9768,3
S00347,DNMM,6.997924,3.265664,A319,narrow_body,2179,mechanical,821,low,0.9,810.0,810.0,1344.744644,aircraft_fuel,DNAA,3609,60,asphalt,RNAV,0,0,none,1,basic,1,0,1,1,1,1,1,open,none,safe,joint,0,493.586145,1430,preferred,3.0,0,3,1.6411,2
S00347,DNMM,6.997924,3.265664,A319,narrow_body,2179,mechanical,821,low,0.9,810.0,810.0,1344.744644,aircraft_fuel,DNKN,3200,46,asphalt,RNAV,0,0,none,1,basic,1,0,1,0,0,1,1,open,none,safe,joint,0,804.758433,1021,preferred,4.0,0,4,1.0065,4
S00349,UUEE,56.010336,37.685324,A321,narrow_body,2404,technical,1138,normal,1.0,1000.0,1000.0,1647.926571,aircraft_fuel,UUEE,3700,60,concrete,ILS,1,1,advanced,1,major,1,1,1,1,1,1,1,open,none,caution,civil,0,17.448778,1296,preferred,1.0,1,1,57.3106,2
S00349,UUEE,56.010336,37.685324,A321,narrow_body,2404,technical,1138,normal,1.0,1000.0,1000.0,1647.926571,aircraft_fuel,EFHK,3440,60,asphalt,ILS,1,1,advanced,1,major,1,1,1,1,1,1,1,open,none,safe,civil,0,884.487717,1036,preferred,2.0,0,3,1.1306,4
S00349,UUEE,56.010336,37.685324,A321,narrow_body,2404,technical,1138,normal,1.0,1000.0,1000.0,1647.926571,aircraft_fuel,ULLI,3780,60,concrete,ILS,1,1,advanced,1,major,1,1,1,1,1,1,1,open,none,caution,civil,0,607.551893,1376,preferred,3.0,0,2,1.6459,1
S00349,UUEE,56.010336,37.685324,A321,narrow_body,2404,technical,1138,normal,1.0,1000.0,1000.0,1647.926571,aircraft_fuel,ENGM,3600,45,asphalt,ILS,1,1,advanced,1,major,1,1,1,1,1,1,1,open,none,safe,civil,0,1617.206183,1196,extended,4.0,0,5,0.6184,3
S00349,UUEE,56.010336,37.685324,A321,narrow_body,2404,technical,1138,normal,1.0,1000.0,1000.0,1647.926571,aircraft_fuel,ESSA,3301,45,asphalt,ILS,1,1,advanced,1,major,1,1,1,1,1,1,1,open,none,safe,civil,0,1232.136738,897,extended,5.0,0,4,0.8116,5
S00350,LIRF,41.951926,12.855018,A320,narrow_body,2305,technical,960,normal,1.0,950.0,950.0,1631.523543,aircraft_fuel,LIRF,3902,60,asphalt,ILS,1,1,basic,1,major,1,1,1,1,1,1,1,open,none,safe,civil,1,52.546371,1597,preferred,1.0,1,1,18.0793,6
S00350,LIRF,41.951926,12.855018,A320,narrow_body,2305,technical,960,normal,1.0,950.0,950.0,1631.523543,aircraft_fuel,DTTA,3200,45,asphalt,RNAV,0,1,basic,1,basic,1,0,1,1,1,1,1,open,none,safe,civil,0,610.399081,895,preferred,2.0,0,2,1.5564,11
S00350,LIRF,41.951926,12.855018,A320,narrow_body,2305,technical,960,normal,1.0,950.0,950.0,1631.523543,aircraft_fuel,EDDF,4000,60,asphalt,ILS,1,1,advanced,1,major,1,1,1,0,1,1,1,open,none,safe,civil,1,956.855679,1695,extended,3.0,0,3,0.9928,4
S00350,LIRF,41.951926,12.855018,A320,narrow_body,2305,technical,960,normal,1.0,950.0,950.0,1631.523543,aircraft_fuel,LGAV,4000,45,asphalt,ILS,1,1,advanced,1,major,1,1,1,1,1,1,1,open,none,safe,civil,0,1044.421923,1695,extended,4.0,0,5,0.9096,4
S00350,LIRF,41.951926,12.855018,A320,narrow_body,2305,technical,960,normal,1.0,950.0,950.0,1631.523543,aircraft_fuel,LFPG,4215,45,asphalt,ILS,1,1,advanced,1,major,1,1,1,1,1,1,1,open,none,safe,civil,1,1120.942285,1910,extended,5.0,0,6,0.8475,2
S00350,LIRF,41.951926,12.855018,A320,narrow_body,2305,technical,960,normal,1.0,950.0,950.0,1631.523543,aircraft_fuel,EHAM,3800,60,asphalt,ILS,1,1,advanced,1,major,1,1,1,1,1,1,1,open,none,safe,civil,1,1302.284629,1495,extended,6.0,0,7,0.7295,8
S00350,LIRF,41.951926,12.855018,A320,narrow_body,2305,technical,960,normal,1.0,950.0,950.0,1631.523543,aircraft_fuel,LTFM,4100,60,asphalt,ILS,1,1,advanced,1,major,1,1,1,1,1,1,0,open,none,safe,civil,0,1320.182375,1795,extended,7.0,0,8,0.7196,3
S00350,LIRF,41.951926,12.855018,A320,narrow_body,2305,technical,960,normal,1.0,950.0,950.0,1631.523543,aircraft_fuel,LEMD,4350,60,asphalt,ILS,1,1,advanced,1,major,1,1,1,1,1,1,1,open,none,safe,civil,1,1381.285738,2045,extended,8.0,0,9,0.6878,1
S00350,LIRF,41.951926,12.855018,A320,narrow_body,2305,technical,960,normal,1.0,950.0,950.0,1631.523543,aircraft_fuel,EGLL,3901,50,asphalt,ILS,1,1,advanced,1,major,1,1,1,1,1,1,1,open,none,safe,civil,1,1462.20056,1596,extended,9.0,0,11,0.6497,7
S00350,LIRF,41.951926,12.855018,A320,narrow_body,2305,technical,960,normal,1.0,950.0,950.0,1631.523543,aircraft_fuel,DAAG,3500,60,asphalt,RNAV,0,1,basic,1,basic,1,1,1,1,1,1,0,open,none,safe,civil,0,1013.611432,1195,extended,10.0,0,4,0.9372,9
S00350,LIRF,41.951926,12.855018,A320,narrow_body,2305,technical,960,normal,1.0,950.0,950.0,1631.523543,aircraft_fuel,EGKK,3317,45,asphalt,ILS,1,1,advanced,1,major,1,1,1,1,1,1,1,open,none,safe,civil,1,1424.331203,1012,extended,11.0,0,10,0.667,10
S00352,DNMM,6.548655,3.582767,A320,narrow_body,2258,weather,902,normal,1.0,950.0,902.0,1562.483337,emergency,DNMM,3900,60,asphalt,ILS,1,1,advanced,1,major,1,1,1,1,1,1,1,open,none,caution,civil,0,29.074598,1642,preferred,1.0,1,1,31.0236,1
S00352,DNMM,6.548655,3.582767,A320,narrow_body,2258,weather,902,normal,1.0,950.0,902.0,1562.483337,emergency,DGAA,3403,61,asphalt,RNAV,0,0,none,1,basic,1,0,1,1,1,1,0,open,none,safe,civil,0,427.650126,1145,preferred,2.0,0,2,2.1092,3
S00352,DNMM,6.548655,3.582767,A320,narrow_body,2258,weather,902,normal,1.0,950.0,902.0,1562.483337,emergency,DNAA,3609,60,asphalt,RNAV,0,0,none,1,basic,1,0,1,1,1,1,1,open,none,safe,joint,0,488.973064,1351,preferred,3.0,0,3,1.8447,2
S00352,DNMM,6.548655,3.582767,A320,narrow_body,2258,weather,902,normal,1.0,950.0,902.0,1562.483337,emergency,DNKN,3200,46,asphalt,RNAV,0,0,none,1,basic,1,0,1,0,0,1,1,open,none,safe,joint,0,817.132526,942,preferred,4.0,0,4,1.1039,4
S00353,OJAI,31.576913,35.716578,A330-300,wide_body,3066,operational_constraints,966,normal,1.0,1300.0,966.0,1779.547293,emergency,OJAI,3660,61,asphalt,ILS,1,1,advanced,1,major,1,1,1,1,1,1,1,open,none,safe,civil,0,30.790182,594,preferred,1.0,1,1,31.3736,9
S00353,OJAI,31.576913,35.716578,A330-300,wide_body,3066,operational_constraints,966,normal,1.0,1300.0,966.0,1779.547293,emergency,HECA,4000,60,asphalt,ILS,1,1,basic,1,major,1,1,1,1,1,1,1,open,none,safe,civil,0,443.387584,934,preferred,2.0,0,2,2.1787,5
S00353,OJAI,31.576913,35.716578,A330-300,wide_body,3066,operational_constraints,966,normal,1.0,1300.0,966.0,1779.547293,emergency,OKKK,4580,60,asphalt,ILS,1,1,advanced,1,major,1,1,1,1,1,1,1,open,none,safe,civil,0,1203.198905,1514,extended,3.0,0,4,0.8029,2
S00353,OJAI,31.576913,35.716578,A330-300,wide_body,3066,operational_constraints,966,normal,1.0,1300.0,966.0,1779.547293,emergency,OTHH,4850,60,asphalt,ILS,1,1,advanced,1,major,1,1,1,1,1,1,1,open,none,safe,civil,0,1702.409826,1784,extended,4.0,0,9,0.5674,1
S00353,OJAI,31.576913,35.716578,A330-300,wide_body,3066,operational_constraints,966,normal,1.0,1300.0,966.0,1779.547293,emergency,OERK,4205,60,asphalt,ILS,1,1,advanced,1,major,1,1,1,1,1,1,1,open,none,safe,civil,0,1302.049126,1139,extended,5.0,0,7,0.7419,3
S00353,OJAI,31.576913,35.716578,A330-300,wide_body,3066,operational_constraints,966,normal,1.0,1300.0,966.0,1779.547293,emergency,LTFM,4100,60,asphalt,ILS,1,1,advanced,1,major,1,1,1,1,1,1,0,open,none,safe,civil,0,1245.286531,1034,extended,6.0,0,5,0.7757,4
S00353,OJAI,31.576913,35.716578,A330-300,wide_body,3066,operational_constraints,966,normal,1.0,1300.0,966.0,1779.547293,emergency,LGAV,4000,45,asphalt,ILS,1,1,advanced,1,major,1,1,1,1,1,1,1,open,none,safe,civil,0,1285.457973,934,extended,7.0,0,6,0.7515,5
S00353,OJAI,31.576913,35.716578,A330-300,wide_body,3066,operational_constraints,966,normal,1.0,1300.0,966.0,1779.547293,emergency,OBBI,3956,60,asphalt,ILS,1,1,advanced,1,major,1,1,1,1,1,1,1,open,none,safe,civil,0,1565.824009,890,extended,8.0,0,8,0.6169,7
S00353,OJAI,31.576913,35.716578,A330-300,wide_body,3066,operational_constraints,966,normal,1.0,1300.0,966.0,1779.547293,emergency,LTAC,3750,45,asphalt,ILS,1,1,advanced,1,major,1,1,1,1,1,1,1,open,none,safe,joint,0,981.826622,684,extended,9.0,0,3,0.9839,8
S00354,EDDF,50.185453,8.701397,E190,regional_jet,1954,mechanical,1066,low,0.9,720.0,720.0,1099.793126,aircraft_fuel,EDDF,4000,60,asphalt,ILS,1,1,advanced,1,major,1,1,1,0,1,1,1,open,none,safe,civil,1,20.387786,2046,preferred,1.0,1,1,35.3153,2
S00354,EDDF,50.185453,8.701397,E190,regional_jet,1954,mechanical,1066,low,0.9,720.0,720.0,1099.793126,aircraft_fuel,EHAM,3800,60,asphalt,ILS,1,1,advanced,1,major,1,1,1,1,1,1,1,open,none,safe,civil,1,361.636634,1846,preferred,2.0,0,2,1.9909,5
S00354,EDDF,50.185453,8.701397,E190,regional_jet,1954,mechanical,1066,low,0.9,720.0,720.0,1099.793126,aircraft_fuel,LFPG,4215,45,asphalt,ILS,1,1,advanced,1,major,1,1,1,1,1,1,1,open,none,safe,civil,1,461.79911,2261,preferred,3.0,0,3,1.5591,1
S00354,EDDF,50.185453,8.701397,E190,regional_jet,1954,mechanical,1066,low,0.9,720.0,720.0,1099.793126,aircraft_fuel,EGLL,3901,50,asphalt,ILS,1,1,advanced,1,major,1,1,1,1,1,1,1,open,none,safe,civil,1,658.660729,1947,preferred,4.0,0,5,1.0931,4
S00354,EDDF,50.185453,8.701397,E190,regional_jet,1954,mechanical,1066,low,0.9,720.0,720.0,1099.793126,aircraft_fuel,EGKK,3317,45,asphalt,ILS,1,1,advanced,1,major,1,1,1,1,1,1,1,open,none,safe,civil,1,635.031295,1363,preferred,5.0,0,4,1.1338,6
S00354,EDDF,50.185453,8.701397,E190,regional_jet,1954,mechanical,1066,low,0.9,720.0,720.0,1099.793126,aircraft_fuel,LIRF,3902,60,asphalt,ILS,1,1,basic,1,major,1,1,1,1,1,1,1,open,none,safe,civil,1,971.14321,1948,extended,6.0,0,7,0.7414,3
S00354,EDDF,50.185453,8.701397,E190,regional_jet,1954,mechanical,1066,low,0.9,720.0,720.0,1099.793126,aircraft_fuel,EGCC,3048,46,asphalt,ILS,1,1,advanced,1,major,1,1,1,1,1,1,1,open,none,safe,civil,1,832.252847,1094,extended,7.0,0,6,0.8651,8
S00354,EDDF,50.185453,8.701397,E190,regional_jet,1954,mechanical,1066,low,0.9,720.0,720.0,1099.793126,aircraft_fuel,EIDW,3110,45,concrete,ILS,1,1,advanced,1,major,1,1,1,1,1,1,1,open,none,safe,civil,0,1087.699824,1156,extended,8.0,0,8,0.6619,7
S00358,WMKK,1.920286,101.133592,A320,narrow_body,2393,medical,878,normal,1.0,950.0,878.0,1478.641341,emergency,WMKK,4124,60,asphalt,ILS,1,1,advanced,1,major,1,1,1,1,1,1,1,open,none,safe,civil,0,111.904252,1731,preferred,1.0,1,1,7.846,1
S00358,WMKK,1.920286,101.133592,A320,narrow_body,2393,medical,878,normal,1.0,950.0,878.0,1478.641341,emergency,WSSS,4000,60,asphalt,ILS,1,1,advanced,1,major,1,1,1,1,1,1,1,open,none,safe,civil,1,324.190496,1607,preferred,2.0,0,3,2.7083,2
S00358,WMKK,1.920286,101.133592,A320,narrow_body,2393,medical,878,normal,1.0,950.0,878.0,1478.641341,emergency,WIMM,3000,60,asphalt,RNAV,1,1,basic,1,basic,1,0,1,1,0,1,1,open,none,safe,civil,0,314.618742,607,preferred,3.0,0,2,2.7907,4
S00358,WMKK,1.920286,101.133592,A320,narrow_body,2393,medical,878,normal,1.0,950.0,878.0,1478.641341,emergency,VTBS,4000,60,asphalt,ILS,1,1,advanced,1,major,1,1,1,1,1,1,1,open,none,safe,civil,0,1308.433589,1607,extended,4.0,0,4,0.671,2
S00360,WSSS,1.002886,103.677035,A220-300,narrow_body,2105,medical,642,normal,1.0,950.0,642.0,1001.365625,emergency,WSSS,4000,60,asphalt,ILS,1,1,advanced,1,major,1,1,1,1,1,1,1,open,none,safe,civil,1,52.278897,1895,preferred,1.0,1,1,12.2803,2
S00360,WSSS,1.002886,103.677035,A220-300,narrow_body,2105,medical,642,normal,1.0,950.0,642.0,1001.365625,emergency,WMKK,4124,60,asphalt,ILS,1,1,advanced,1,major,1,1,1,1,1,1,1,open,none,safe,civil,0,292.122741,2019,preferred,2.0,0,2,2.1977,1
S00360,WSSS,1.002886,103.677035,A220-300,narrow_body,2105,medical,642,normal,1.0,950.0,642.0,1001.365625,emergency,WIMM,3000,60,asphalt,RNAV,1,1,basic,1,basic,1,0,1,1,0,1,1,open,none,safe,civil,0,607.843741,895,preferred,3.0,0,3,1.0562,3
S00362,VIDP,28.651502,77.238151,A319,narrow_body,2095,technical,950,normal,1.0,900.0,900.0,1412.608296,aircraft_fuel,VIDP,4430,60,asphalt,ILS,1,1,advanced,1,major,1,1,1,1,1,1,1,open,none,safe,civil,1,17.562098,2335,preferred,1.0,1,1,51.2467,1
S00362,VIDP,28.651502,77.238151,A319,narrow_body,2095,technical,950,normal,1.0,900.0,900.0,1412.608296,aircraft_fuel,OPLA,3360,46,concrete,RNAV,0,0,none,1,basic,1,0,1,1,1,1,1,open,none,caution,civil,0,419.753284,1265,preferred,2.0,0,2,2.1441,4
S00362,VIDP,28.651502,77.238151,A319,narrow_body,2095,technical,950,normal,1.0,900.0,900.0,1412.608296,aircraft_fuel,VABB,3509,60,asphalt,ILS,1,1,advanced,1,major,1,1,1,1,1,1,1,open,none,safe,civil,1,1152.134937,1414,extended,3.0,0,5,0.7812,2
S00362,VIDP,28.651502,77.238151,A319,narrow_body,2095,technical,950,normal,1.0,900.0,900.0,1412.608296,aircraft_fuel,OPKC,3400,46,concrete,RNAV,0,1,basic,1,basic,1,1,1,1,1,1,1,open,none,caution,civil,0,1083.051995,1305,extended,4.0,0,4,0.831,3
S00362,VIDP,28.651502,77.238151,A319,narrow_body,2095,technical,950,normal,1.0,900.0,900.0,1412.608296,aircraft_fuel,VNKT,3350,45,asphalt,VOR,0,0,none,0,none,0,0,1,1,1,1,1,open,none,caution,civil,0,802.90351,1255,preferred,5.0,0,3,1.1209,5
S00364,OPKC,24.699381,65.571262,B737 MAX 8,narrow_body,2353,medical,880,normal,1.0,1000.0,880.0,1472.117248,emergency,OOMS,4080,45,asphalt,ILS,1,1,advanced,1,major,1,1,1,1,1,1,1,open,none,safe,civil,0,749.193991,1727,preferred,1.0,1,2,1.1746,5
S00364,OPKC,24.699381,65.571262,B737 MAX 8,narrow_body,2353,medical,880,normal,1.0,1000.0,880.0,1472.117248,emergency,OPKC,3400,46,concrete,RNAV,0,1,basic,1,basic,1,1,1,1,1,1,1,open,none,caution,civil,0,162.087724,1047,preferred,2.0,0,1,5.4292,7
S00364,OPKC,24.699381,65.571262,B737 MAX 8,narrow_body,2353,medical,880,normal,1.0,1000.0,880.0,1472.117248,emergency,OMDB,4447,60,asphalt,ILS,1,1,advanced,1,major,1,1,1,1,1,1,1,open,none,safe,civil,1,1029.734592,2094,extended,3.0,0,4,0.8546,2
S00364,OPKC,24.699381,65.571262,B737 MAX 8,narrow_body,2353,medical,880,normal,1.0,1000.0,880.0,1472.117248,emergency,OMAA,4106,60,asphalt,ILS,1,1,advanced,1,major,1,1,1,1,1,1,1,open,none,safe,civil,0,1104.588733,1753,extended,4.0,0,5,0.7967,4
S00364,OPKC,24.699381,65.571262,B737 MAX 8,narrow_body,2353,medical,880,normal,1.0,1000.0,880.0,1472.117248,emergency,VIDP,4430,60,asphalt,ILS,1,1,advanced,1,major,1,1,1,1,1,1,1,open,none,safe,civil,1,1222.401342,2077,extended,5.0,0,6,0.7199,3
S00364,OPKC,24.699381,65.571262,B737 MAX 8,narrow_body,2353,medical,880,normal,1.0,1000.0,880.0,1472.117248,emergency,OTHH,4850,60,asphalt,ILS,1,1,advanced,1,major,1,1,1,1,1,1,1,open,none,safe,civil,0,1408.136938,2497,extended,6.0,0,7,0.6249,1
S00364,OPKC,24.699381,65.571262,B737 MAX 8,narrow_body,2353,medical,880,normal,1.0,1000.0,880.0,1472.117248,emergency,VABB,3509,60,asphalt,ILS,1,1,advanced,1,major,1,1,1,1,1,1,1,open,none,safe,civil,1,977.343068,1156,extended,7.0,0,3,0.9004,6
S00365,KORD,42.097737,-87.623067,A320,narrow_body,2333,weather,1186,low,0.9,855.0,855.0,1343.750156,aircraft_fuel,KORD,3962,46,concrete,ILS,1,1,advanced,1,major,1,1,1,1,1,1,1,open,none,safe,civil,0,26.773761,1629,preferred,1.0,1,1,31.9343,2
S00365,KORD,42.097737,-87.623067,A320,narrow_body,2333,weather,1186,low,0.9,855.0,855.0,1343.750156,aircraft_fuel,CYYZ,3389,61,asphalt,ILS,1,1,advanced,1,major,1,1,1,1,1,1,1,open,none,safe,civil,1,674.183077,1056,preferred,2.0,0,2,1.2682,4
S00365,KORD,42.097737,-87.623067,A320,narrow_body,2333,weather,1186,low,0.9,855.0,855.0,1343.750156,aircraft_fuel,KATL,3776,46,concrete,ILS,1,1,advanced,1,major,1,1,1,1,1,1,1,open,none,safe,civil,0,981.527787,1443,extended,3.0,0,3,0.8711,3
S00365,KORD,42.097737,-87.623067,A320,narrow_body,2333,weather,1186,low,0.9,855.0,855.0,1343.750156,aircraft_fuel,KJFK,4423,61,asphalt,ILS,1,1,advanced,1,major,1,1,1,1,1,1,1,open,none,safe,civil,1,1165.24775,2090,extended,4.0,0,4,0.7337,1
S00366,RJTT,35.279752,139.017287,E170,regional_jet,1721,medical,996,normal,1.0,700.0,700.0,1027.379094,aircraft_fuel,RJTT,3360,61,asphalt,ILS,1,1,advanced,1,major,1,1,1,1,1,1,1,open,none,safe,civil,1,75.932253,1639,preferred,1.0,1,1,9.2187,2
S00366,RJTT,35.279752,139.017287,E170,regional_jet,1721,medical,996,normal,1.0,700.0,700.0,1027.379094,aircraft_fuel,RJAA,4000,60,asphalt,ILS,1,1,advanced,1,major,1,1,1,0,1,1,1,open,none,safe,civil,1,135.490719,2279,preferred,2.0,0,2,5.1664,1
S00366,RJTT,35.279752,139.017287,E170,regional_jet,1721,medical,996,normal,1.0,700.0,700.0,1027.379094,aircraft_fuel,RJCC,3000,61,asphalt,RNAV,0,1,basic,1,basic,1,1,1,1,1,1,1,open,none,safe,joint,0,864.670134,1279,extended,3.0,0,3,0.8096,3
S00370,ESSA,59.790148,18.64803,B737 MAX 8,narrow_body,2381,fuel,754,low,0.9,900.0,754.0,1312.394623,emergency,ESSA,3301,45,asphalt,ILS,1,1,advanced,1,major,1,1,1,1,1,1,1,open,none,safe,civil,0,43.291566,920,preferred,1.0,1,1,17.4168,7
S00370,ESSA,59.790148,18.64803,B737 MAX 8,narrow_body,2381,fuel,754,low,0.9,900.0,754.0,1312.394623,emergency,ENGM,3600,45,asphalt,ILS,1,1,advanced,1,major,1,1,1,1,1,1,1,open,none,safe,civil,0,421.889497,1219,preferred,2.0,0,3,1.7872,5
S00370,ESSA,59.790148,18.64803,B737 MAX 8,narrow_body,2381,fuel,754,low,0.9,900.0,754.0,1312.394623,emergency,EFHK,3440,60,asphalt,ILS,1,1,advanced,1,major,1,1,1,1,1,1,1,open,none,safe,civil,0,355.282138,1059,preferred,3.0,0,2,2.1223,6
S00370,ESSA,59.790148,18.64803,B737 MAX 8,narrow_body,2381,fuel,754,low,0.9,900.0,754.0,1312.394623,emergency,ULLI,3780,60,concrete,ILS,1,1,advanced,1,major,1,1,1,1,1,1,1,open,none,caution,civil,0,648.89788,1399,preferred,4.0,0,4,1.162,3
S00370,ESSA,59.790148,18.64803,B737 MAX 8,narrow_body,2381,fuel,754,low,0.9,900.0,754.0,1312.394623,emergency,EDDF,4000,60,asphalt,ILS,1,1,advanced,1,major,1,1,1,0,1,1,1,open,none,safe,civil,1,1259.66923,1619,extended,5.0,0,7,0.5986,1
S00370,ESSA,59.790148,18.64803,B737 MAX 8,narrow_body,2381,fuel,754,low,0.9,900.0,754.0,1312.394623,emergency,EHAM,3800,60,asphalt,ILS,1,1,advanced,1,major,1,1,1,1,1,1,1,open,none,safe,civil,1,1193.702332,1419,extended,6.0,0,6,0.6316,2
S00370,ESSA,59.790148,18.64803,B737 MAX 8,narrow_body,2381,fuel,754,low,0.9,900.0,754.0,1312.394623,emergency,UUEE,3700,60,concrete,ILS,1,1,advanced,1,major,1,1,1,1,1,1,1,open,none,caution,civil,0,1182.512148,1319,extended,7.0,0,5,0.6376,4
S00374,WSSS,1.048455,103.933164,A321,narrow_body,2359,security,971,normal,1.0,1000.0,971.0,1586.539669,emergency,WSSS,4000,60,asphalt,ILS,1,1,advanced,1,major,1,1,1,1,1,1,1,open,none,safe,civil,1,34.226327,1641,preferred,1.0,1,1,28.37,2
S00374,WSSS,1.048455,103.933164,A321,narrow_body,2359,security,971,normal,1.0,1000.0,971.0,1586.539669,emergency,WMKK,4124,60,asphalt,ILS,1,1,advanced,1,major,1,1,1,1,1,1,1,open,none,safe,civil,0,310.887115,1765,preferred,2.0,0,2,3.1233,1
S00374,WSSS,1.048455,103.933164,A321,narrow_body,2359,security,971,normal,1.0,1000.0,971.0,1586.539669,emergency,WIMM,3000,60,asphalt,RNAV,1,1,basic,1,basic,1,0,1,1,0,1,1,open,none,safe,civil,0,630.572955,641,preferred,3.0,0,3,1.5399,4
S00374,WSSS,1.048455,103.933164,A321,narrow_body,2359,security,971,normal,1.0,1000.0,971.0,1586.539669,emergency,VTBS,4000,60,asphalt,ILS,1,1,advanced,1,major,1,1,1,1,1,1,1,open,none,safe,civil,0,1447.781767,1641,extended,4.0,0,4,0.6707,2
S00377,DAAG,37.380206,3.40571,B737-800,narrow_body,2380,weather,1013,low,0.9,855.0,855.0,1414.553167,aircraft_fuel,DAAG,3500,60,asphalt,RNAV,0,1,basic,1,basic,1,1,1,1,1,1,0,open,none,safe,civil,0,78.179093,1120,preferred,1.0,1,1,10.9364,6
S00377,DAAG,37.380206,3.40571,B737-800,narrow_body,2380,weather,1013,low,0.9,855.0,855.0,1414.553167,aircraft_fuel,LEMD,4350,60,asphalt,ILS,1,1,advanced,1,major,1,1,1,1,1,1,1,open,none,safe,civil,1,695.44816,1970,preferred,2.0,0,3,1.2294,1
S00377,DAAG,37.380206,3.40571,B737-800,narrow_body,2380,weather,1013,low,0.9,855.0,855.0,1414.553167,aircraft_fuel,DTTA,3200,45,asphalt,RNAV,0,1,basic,1,basic,1,0,1,1,1,1,1,open,none,safe,civil,0,607.575106,820,preferred,3.0,0,2,1.4072,7
S00377,DAAG,37.380206,3.40571,B737-800,narrow_body,2380,weather,1013,low,0.9,855.0,855.0,1414.553167,aircraft_fuel,LIRF,3902,60,asphalt,ILS,1,1,basic,1,major,1,1,1,1,1,1,1,open,none,safe,civil,1,902.921933,1522,extended,4.0,0,4,0.9469,3
S00377,DAAG,37.380206,3.40571,B737-800,narrow_body,2380,weather,1013,low,0.9,855.0,855.0,1414.553167,aircraft_fuel,LFPG,4215,45,asphalt,ILS,1,1,advanced,1,major,1,1,1,1,1,1,1,open,none,safe,civil,1,1294.876848,1835,extended,5.0,0,7,0.6603,2
S00377,DAAG,37.380206,3.40571,B737-800,narrow_body,2380,weather,1013,low,0.9,855.0,855.0,1414.553167,aircraft_fuel,GMMN,3720,45,asphalt,ILS,1,1,advanced,1,major,1,1,1,1,1,1,1,open,none,safe,civil,0,1091.307577,1340,extended,6.0,0,5,0.7835,4
S00377,DAAG,37.380206,3.40571,B737-800,narrow_body,2380,weather,1013,low,0.9,855.0,855.0,1414.553167,aircraft_fuel,LPPT,3707,45,asphalt,ILS,1,1,advanced,1,major,1,1,1,1,1,1,1,open,none,safe,civil,0,1107.817319,1327,extended,7.0,0,6,0.7718,5
S00379,DNKN,12.021255,9.190318,B737 MAX 8,narrow_body,2522,weather,840,critical,0.75,750.0,750.0,1182.648994,aircraft_fuel,DNKN,3200,46,asphalt,RNAV,0,0,none,1,basic,1,0,1,0,0,1,1,open,none,safe,joint,0,72.454642,678,preferred,1.0,1,1,10.3513,3
S00379,DNKN,12.021255,9.190318,B737 MAX 8,narrow_body,2522,weather,840,critical,0.75,750.0,750.0,1182.648994,aircraft_fuel,DNAA,3609,60,asphalt,RNAV,0,0,none,1,basic,1,0,1,1,1,1,1,open,none,safe,joint,0,395.896256,1087,preferred,2.0,0,2,1.8944,2
S00379,DNKN,12.021255,9.190318,B737 MAX 8,narrow_body,2522,weather,840,critical,0.75,750.0,750.0,1182.648994,aircraft_fuel,DNMM,3900,60,asphalt,ILS,1,1,advanced,1,major,1,1,1,1,1,1,1,open,none,caution,civil,0,883.67004,1378,extended,3.0,0,3,0.8487,1
S00380,HELX,26.156675,31.536426,B787-9,wide_body,2973,security,606,normal,1.0,1400.0,606.0,997.551423,emergency,HECA,4000,60,asphalt,ILS,1,1,basic,1,major,1,1,1,1,1,1,1,open,none,safe,civil,0,439.9735,1027,preferred,1.0,1,2,1.3774,1
S00380,HELX,26.156675,31.536426,B787-9,wide_body,2973,security,606,normal,1.0,1400.0,606.0,997.551423,emergency,HELX,3000,45,asphalt,RNAV,0,0,none,1,basic,1,0,1,0,0,1,1,open,none,safe,joint,0,128.892654,27,preferred,2.0,0,1,4.7016,3
S00380,HELX,26.156675,31.536426,B787-9,wide_body,2973,security,606,normal,1.0,1400.0,606.0,997.551423,emergency,OJAI,3660,61,asphalt,ILS,1,1,advanced,1,major,1,1,1,1,1,1,1,open,none,safe,civil,0,755.526567,687,extended,3.0,0,3,0.8021,2
S00380,HELX,26.156675,31.536426,B787-9,wide_body,2973,security,606,normal,1.0,1400.0,606.0,997.551423,emergency,LCLK,2987,45,asphalt,ILS,1,0,none,1,basic,1,0,1,1,1,1,1,open,none,safe,civil,0,989.792026,14,extended,4.0,0,4,0.6122,4
S00381,OKKK,29.70705,47.374972,B737 MAX 8,narrow_body,2342,weather,1057,critical,0.75,750.0,750.0,1231.478263,aircraft_fuel,OKKK,4580,60,asphalt,ILS,1,1,advanced,1,major,1,1,1,1,1,1,1,open,none,safe,civil,0,78.711704,2238,preferred,1.0,1,1,9.5284,2
S00381,OKKK,29.70705,47.374972,B737 MAX 8,narrow_body,2342,weather,1057,critical,0.75,750.0,750.0,1231.478263,aircraft_fuel,OBBI,3956,60,asphalt,ILS,1,1,advanced,1,major,1,1,1,1,1,1,1,open,none,safe,civil,0,498.862572,1614,preferred,2.0,0,2,1.5034,6
S00381,OKKK,29.70705,47.374972,B737 MAX 8,narrow_body,2342,weather,1057,critical,0.75,750.0,750.0,1231.478263,aircraft_fuel,OERK,4205,60,asphalt,ILS,1,1,advanced,1,major,1,1,1,1,1,1,1,open,none,safe,civil,0,532.317456,1863,preferred,3.0,0,3,1.4089,4
S00381,OKKK,29.70705,47.374972,B737 MAX 8,narrow_body,2342,weather,1057,critical,0.75,750.0,750.0,1231.478263,aircraft_fuel,OTHH,4850,60,asphalt,ILS,1,1,advanced,1,major,1,1,1,1,1,1,1,open,none,safe,civil,0,645.95719,2508,preferred,4.0,0,4,1.1611,1
S00381,OKKK,29.70705,47.374972,B737 MAX 8,narrow_body,2342,weather,1057,critical,0.75,750.0,750.0,1231.478263,aircraft_fuel,OMAA,4106,60,asphalt,ILS,1,1,advanced,1,major,1,1,1,1,1,1,1,open,none,safe,civil,0,927.799298,1764,extended,5.0,0,5,0.8084,5
S00381,OKKK,29.70705,47.374972,B737 MAX 8,narrow_body,2342,weather,1057,critical,0.75,750.0,750.0,1231.478263,aircraft_fuel,OMDB,4447,60,asphalt,ILS,1,1,advanced,1,major,1,1,1,1,1,1,1,open,none,safe,civil,1,931.172537,2105,extended,6.0,0,6,0.8054,3
S00381,OKKK,29.70705,47.374972,B737 MAX 8,narrow_body,2342,weather,1057,critical,0.75,750.0,750.0,1231.478263,aircraft_fuel,OJAI,3660,61,asphalt,ILS,1,1,advanced,1,major,1,1,1,1,1,1,1,open,none,safe,civil,0,1110.328633,1318,extended,7.0,0,7,0.6755,7
S00383,OOMS,23.131844,58.040047,A330-300,wide_body,2913,medical,754,low,0.9,1170.0,754.0,1231.504537,emergency,OOMS,4080,45,asphalt,ILS,1,1,advanced,1,major,1,1,1,1,1,1,1,open,none,safe,civil,0,57.783762,1167,preferred,1.0,1,1,13.0486,6
S00383,OOMS,23.131844,58.040047,A330-300,wide_body,2913,medical,754,low,0.9,1170.0,754.0,1231.504537,emergency,OMDB,4447,60,asphalt,ILS,1,1,advanced,1,major,1,1,1,1,1,1,1,open,none,safe,civil,1,358.80088,1534,preferred,2.0,0,2,2.1014,3
S00383,OOMS,23.131844,58.040047,A330-300,wide_body,2913,medical,754,low,0.9,1170.0,754.0,1231.504537,emergency,OMAA,4106,60,asphalt,ILS,1,1,advanced,1,major,1,1,1,1,1,1,1,open,none,safe,civil,0,374.446627,1193,preferred,3.0,0,3,2.0136,5
S00383,OOMS,23.131844,58.040047,A330-300,wide_body,2913,medical,754,low,0.9,1170.0,754.0,1231.504537,emergency,OTHH,4850,60,asphalt,ILS,1,1,advanced,1,major,1,1,1,1,1,1,1,open,none,safe,civil,0,694.320269,1937,preferred,4.0,0,4,1.086,1
S00383,OOMS,23.131844,58.040047,A330-300,wide_body,2913,medical,754,low,0.9,1170.0,754.0,1231.504537,emergency,OKKK,4580,60,asphalt,ILS,1,1,advanced,1,major,1,1,1,1,1,1,1,open,none,safe,civil,0,1211.05055,1667,extended,5.0,0,8,0.6226,2
S00383,OOMS,23.131844,58.040047,A330-300,wide_body,2913,medical,754,low,0.9,1170.0,754.0,1231.504537,emergency,OERK,4205,60,asphalt,ILS,1,1,advanced,1,major,1,1,1,1,1,1,1,open,none,safe,civil,0,1169.03335,1292,extended,6.0,0,7,0.645,4
S00383,OOMS,23.131844,58.040047,A330-300,wide_body,2913,medical,754,low,0.9,1170.0,754.0,1231.504537,emergency,OBBI,3956,60,asphalt,ILS,1,1,advanced,1,major,1,1,1,1,1,1,1,open,none,safe,civil,0,824.864877,1043,extended,7.0,0,5,0.9141,7
S00383,OOMS,23.131844,58.040047,A330-300,wide_body,2913,medical,754,low,0.9,1170.0,754.0,1231.504537,emergency,OPKC,3400,46,concrete,RNAV,0,1,basic,1,basic,1,1,1,1,1,1,1,open,none,caution,civil,0,946.93045,487,extended,8.0,0,6,0.7963,8
S00384,EDDF,49.819562,8.428548,A319,narrow_body,2097,mechanical,481,normal,1.0,900.0,481.0,830.864496,emergency,EDDF,4000,60,asphalt,ILS,1,1,advanced,1,major,1,1,1,0,1,1,1,open,none,safe,civil,1,24.837143,1903,preferred,1.0,1,1,19.3662,2
S00384,EDDF,49.819562,8.428548,A319,narrow_body,2097,mechanical,481,normal,1.0,900.0,481.0,830.864496,emergency,EHAM,3800,60,asphalt,ILS,1,1,advanced,1,major,1,1,1,1,1,1,1,open,none,safe,civil,1,376.975825,1703,preferred,2.0,0,2,1.2759,4
S00384,EDDF,49.819562,8.428548,A319,narrow_body,2097,mechanical,481,normal,1.0,900.0,481.0,830.864496,emergency,LFPG,4215,45,asphalt,ILS,1,1,advanced,1,major,1,1,1,1,1,1,1,open,none,safe,civil,1,434.297654,2118,preferred,3.0,0,3,1.1075,1
S00384,EDDF,49.819562,8.428548,A319,narrow_body,2097,mechanical,481,normal,1.0,900.0,481.0,830.864496,emergency,EGLL,3901,50,asphalt,ILS,1,1,advanced,1,major,1,1,1,1,1,1,1,open,none,safe,civil,1,652.600155,1804,extended,4.0,0,5,0.7371,3
S00384,EDDF,49.819562,8.428548,A319,narrow_body,2097,mechanical,481,normal,1.0,900.0,481.0,830.864496,emergency,EGKK,3317,45,asphalt,ILS,1,1,advanced,1,major,1,1,1,1,1,1,1,open,none,safe,civil,1,626.741803,1220,extended,5.0,0,4,0.7675,5
S00387,EGLL,52.0796,-0.317318,CRJ900,regional_jet,1913,weather,755,critical,0.75,525.0,525.0,756.946002,aircraft_fuel,EGLL,3901,50,asphalt,ILS,1,1,advanced,1,major,1,1,1,1,1,1,1,open,none,safe,civil,1,68.408336,1988,preferred,1.0,1,1,7.6745,3
S00387,EGLL,52.0796,-0.317318,CRJ900,regional_jet,1913,weather,755,critical,0.75,525.0,525.0,756.946002,aircraft_fuel,EGKK,3317,45,asphalt,ILS,1,1,advanced,1,major,1,1,1,1,1,1,1,open,none,safe,civil,1,103.904366,1404,preferred,2.0,0,2,5.0527,5
S00387,EGLL,52.0796,-0.317318,CRJ900,regional_jet,1913,weather,755,critical,0.75,525.0,525.0,756.946002,aircraft_fuel,EHAM,3800,60,asphalt,ILS,1,1,advanced,1,major,1,1,1,1,1,1,1,open,none,safe,civil,1,347.204003,1887,preferred,3.0,0,4,1.5121,4
S00387,EGLL,52.0796,-0.317318,CRJ900,regional_jet,1913,weather,755,critical,0.75,525.0,525.0,756.946002,aircraft_fuel,EGCC,3048,46,asphalt,ILS,1,1,advanced,1,major,1,1,1,1,1,1,1,open,none,safe,civil,1,193.531594,1135,preferred,4.0,0,3,2.7127,7
S00387,EGLL,52.0796,-0.317318,CRJ900,regional_jet,1913,weather,755,critical,0.75,525.0,525.0,756.946002,aircraft_fuel,LFPG,4215,45,asphalt,ILS,1,1,advanced,1,major,1,1,1,1,1,1,1,open,none,safe,civil,1,397.104148,2302,preferred,5.0,0,5,1.3221,1
S00387,EGLL,52.0796,-0.317318,CRJ900,regional_jet,1913,weather,755,critical,0.75,525.0,525.0,756.946002,aircraft_fuel,EIDW,3110,45,concrete,ILS,1,1,advanced,1,major,1,1,1,1,1,1,1,open,none,safe,civil,0,427.120561,1197,preferred,6.0,0,6,1.2292,6
S00387,EGLL,52.0796,-0.317318,CRJ900,regional_jet,1913,weather,755,critical,0.75,525.0,525.0,756.946002,aircraft_fuel,EDDF,4000,60,asphalt,ILS,1,1,advanced,1,major,1,1,1,0,1,1,1,open,none,safe,civil,1,660.520152,2087,extended,7.0,0,7,0.7948,2
S00393,UUEE,55.73274,38.200065,B787-9,wide_body,2808,weather,1096,normal,1.0,1400.0,1096.0,2013.13086,emergency,UUEE,3700,60,concrete,ILS,1,1,advanced,1,major,1,1,1,1,1,1,1,open,none,caution,civil,0,56.221288,892,preferred,1.0,1,1,19.4944,4
S00393,UUEE,55.73274,38.200065,B787-9,wide_body,2808,weather,1096,normal,1.0,1400.0,1096.0,2013.13086,emergency,EFHK,3440,60,asphalt,ILS,1,1,advanced,1,major,1,1,1,1,1,1,1,open,none,safe,civil,0,928.823291,632,preferred,2.0,0,3,1.18,6
S00393,UUEE,55.73274,38.200065,B787-9,wide_body,2808,weather,1096,normal,1.0,1400.0,1096.0,2013.13086,emergency,ULLI,3780,60,concrete,ILS,1,1,advanced,1,major,1,1,1,1,1,1,1,open,none,caution,civil,0,652.024713,972,preferred,3.0,0,2,1.6809,2
S00393,UUEE,55.73274,38.200065,B787-9,wide_body,2808,weather,1096,normal,1.0,1400.0,1096.0,2013.13086,emergency,LTFM,4100,60,asphalt,ILS,1,1,advanced,1,major,1,1,1,1,1,1,0,open,none,safe,civil,0,1748.693189,1292,extended,4.0,0,6,0.6268,1
S00393,UUEE,55.73274,38.200065,B787-9,wide_body,2808,weather,1096,normal,1.0,1400.0,1096.0,2013.13086,emergency,ENGM,3600,45,asphalt,ILS,1,1,advanced,1,major,1,1,1,1,1,1,1,open,none,safe,civil,0,1660.065671,792,extended,5.0,0,5,0.6602,5
S00393,UUEE,55.73274,38.200065,B787-9,wide_body,2808,weather,1096,normal,1.0,1400.0,1096.0,2013.13086,emergency,ESSA,3301,45,asphalt,ILS,1,1,advanced,1,major,1,1,1,1,1,1,1,open,none,safe,civil,0,1274.935118,493,extended,6.0,0,4,0.8597,7
S00393,UUEE,55.73274,38.200065,B787-9,wide_body,2808,weather,1096,normal,1.0,1400.0,1096.0,2013.13086,emergency,LTAC,3750,45,asphalt,ILS,1,1,advanced,1,major,1,1,1,1,1,1,1,open,none,safe,joint,0,1776.716056,942,extended,7.0,0,7,0.6169,3
S00394,CYYZ,44.907082,-80.752802,A321,narrow_body,2335,security,773,low,0.9,900.0,773.0,1297.349708,emergency,CYYZ,3389,61,asphalt,ILS,1,1,advanced,1,major,1,1,1,1,1,1,1,open,none,safe,civil,1,163.506188,1054,preferred,1.0,1,1,4.7276,4
S00394,CYYZ,44.907082,-80.752802,A321,narrow_body,2335,security,773,low,0.9,900.0,773.0,1297.349708,emergency,KORD,3962,46,concrete,ILS,1,1,advanced,1,major,1,1,1,1,1,1,1,open,none,safe,civil,0,662.546253,1627,preferred,2.0,0,2,1.1667,2
S00394,CYYZ,44.907082,-80.752802,A321,narrow_body,2335,security,773,low,0.9,900.0,773.0,1297.349708,emergency,KJFK,4423,61,asphalt,ILS,1,1,advanced,1,major,1,1,1,1,1,1,1,open,none,safe,civil,1,740.572605,2088,preferred,3.0,0,3,1.0438,1
S00394,CYYZ,44.907082,-80.752802,A321,narrow_body,2335,security,773,low,0.9,900.0,773.0,1297.349708,emergency,KATL,3776,46,concrete,ILS,1,1,advanced,1,major,1,1,1,1,1,1,1,open,none,safe,civil,0,1292.145901,1441,extended,4.0,0,4,0.5982,3
S00395,HELX,25.450404,33.2348,B777-300ER,wide_body,3244,technical,843,normal,1.0,1500.0,843.0,1632.648115,emergency,HECA,4000,60,asphalt,ILS,1,1,basic,1,major,1,1,1,1,1,1,1,open,none,safe,civil,0,548.902812,756,preferred,1.0,1,1,1.5358,3
S00395,HELX,25.450404,33.2348,B777-300ER,wide_body,3244,technical,843,normal,1.0,1500.0,843.0,1632.648115,emergency,OKKK,4580,60,asphalt,ILS,1,1,advanced,1,major,1,1,1,1,1,1,1,open,none,safe,civil,0,1513.490606,1336,extended,2.0,0,4,0.557,1
S00395,HELX,25.450404,33.2348,B777-300ER,wide_body,3244,technical,843,normal,1.0,1500.0,843.0,1632.648115,emergency,OJAI,3660,61,asphalt,ILS,1,1,advanced,1,major,1,1,1,1,1,1,1,open,none,safe,civil,0,747.539774,416,preferred,3.0,0,2,1.1277,5
S00395,HELX,25.450404,33.2348,B777-300ER,wide_body,3244,technical,843,normal,1.0,1500.0,843.0,1632.648115,emergency,OERK,4205,60,asphalt,ILS,1,1,advanced,1,major,1,1,1,1,1,1,1,open,none,safe,civil,0,1355.13145,961,extended,4.0,0,3,0.6221,2
S00395,HELX,25.450404,33.2348,B777-300ER,wide_body,3244,technical,843,normal,1.0,1500.0,843.0,1632.648115,emergency,LTAC,3750,45,asphalt,ILS,1,1,advanced,1,major,1,1,1,1,1,1,1,open,none,safe,joint,0,1632.237351,506,extended,5.0,0,5,0.5165,4
S00398,CYYZ,43.75816,-79.238415,A320,narrow_body,2323,technical,745,low,0.9,855.0,745.0,1154.935424,emergency,CYYZ,3389,61,asphalt,ILS,1,1,advanced,1,major,1,1,1,1,1,1,1,open,none,safe,civil,1,32.727187,1066,preferred,1.0,1,1,22.7639,3
S00398,CYYZ,43.75816,-79.238415,A320,narrow_body,2323,technical,745,low,0.9,855.0,745.0,1154.935424,emergency,KJFK,4423,61,asphalt,ILS,1,1,advanced,1,major,1,1,1,1,1,1,1,open,none,safe,civil,1,567.664546,2100,preferred,2.0,0,2,1.3124,1
S00398,CYYZ,43.75816,-79.238415,A320,narrow_body,2323,technical,745,low,0.9,855.0,745.0,1154.935424,emergency,KORD,3962,46,concrete,ILS,1,1,advanced,1,major,1,1,1,1,1,1,1,open,none,safe,civil,0,733.080319,1639,preferred,3.0,0,3,1.0163,2
S00401,OMAA,23.953397,54.781401,B737-800,narrow_body,2332,mechanical,614,normal,1.0,950.0,614.0,984.396624,emergency,OMAA,4106,60,asphalt,ILS,1,1,advanced,1,major,1,1,1,1,1,1,1,open,none,safe,civil,0,55.847778,1774,preferred,1.0,1,1,10.9942,5
S00401,OMAA,23.953397,54.781401,B737-800,narrow_body,2332,mechanical,614,normal,1.0,950.0,614.0,984.396624,emergency,OMDB,4447,60,asphalt,ILS,1,1,advanced,1,major,1,1,1,1,1,1,1,open,none,safe,civil,1,155.989722,2115,preferred,2.0,0,2,3.9362,3
S00401,OMAA,23.953397,54.781401,B737-800,narrow_body,2332,mechanical,614,normal,1.0,950.0,614.0,984.396624,emergency,OTHH,4850,60,asphalt,ILS,1,1,advanced,1,major,1,1,1,1,1,1,1,open,none,safe,civil,0,352.749876,2518,preferred,3.0,0,3,1.7406,1
S00401,OMAA,23.953397,54.781401,B737-800,narrow_body,2332,mechanical,614,normal,1.0,950.0,614.0,984.396624,emergency,OOMS,4080,45,asphalt,ILS,1,1,advanced,1,major,1,1,1,1,1,1,1,open,none,safe,civil,0,358.689513,1748,preferred,4.0,0,4,1.7118,6
S00401,OMAA,23.953397,54.781401,B737-800,narrow_body,2332,mechanical,614,normal,1.0,950.0,614.0,984.396624,emergency,OBBI,3956,60,asphalt,ILS,1,1,advanced,1,major,1,1,1,1,1,1,1,open,none,safe,civil,0,490.121483,1624,preferred,5.0,0,5,1.2528,7
S00401,OMAA,23.953397,54.781401,B737-800,narrow_body,2332,mechanical,614,normal,1.0,950.0,614.0,984.396624,emergency,OERK,4205,60,asphalt,ILS,1,1,advanced,1,major,1,1,1,1,1,1,1,open,none,safe,civil,0,825.564677,1873,extended,6.0,0,6,0.7437,4
S00401,OMAA,23.953397,54.781401,B737-800,narrow_body,2332,mechanical,614,normal,1.0,950.0,614.0,984.396624,emergency,OKKK,4580,60,asphalt,ILS,1,1,advanced,1,major,1,1,1,1,1,1,1,open,none,safe,civil,0,895.326074,2248,extended,7.0,0,7,0.6858,2
S00402,EGLL,51.889141,-0.99186,A330-300,wide_body,3115,operational_constraints,939,low,0.9,1170.0,939.0,1643.969695,emergency,EGLL,3901,50,asphalt,ILS,1,1,advanced,1,major,1,1,1,1,1,1,1,open,none,safe,civil,1,59.241193,786,preferred,1.0,1,1,15.8505,5
S00402,EGLL,51.889141,-0.99186,A330-300,wide_body,3115,operational_constraints,939,low,0.9,1170.0,939.0,1643.969695,emergency,LFPG,4215,45,asphalt,ILS,1,1,advanced,1,major,1,1,1,1,1,1,1,open,none,safe,civil,1,406.843086,1100,preferred,2.0,0,4,2.308,2
S00402,EGLL,51.889141,-0.99186,A330-300,wide_body,3115,operational_constraints,939,low,0.9,1170.0,939.0,1643.969695,emergency,EGKK,3317,45,asphalt,ILS,1,1,advanced,1,major,1,1,1,1,1,1,1,open,none,safe,civil,1,99.442163,202,preferred,3.0,0,2,9.4427,9
S00402,EGLL,51.889141,-0.99186,A330-300,wide_body,3115,operational_constraints,939,low,0.9,1170.0,939.0,1643.969695,emergency,EHAM,3800,60,asphalt,ILS,1,1,advanced,1,major,1,1,1,1,1,1,1,open,none,safe,civil,1,395.808288,685,preferred,4.0,0,3,2.3724,6
S00402,EGLL,51.889141,-0.99186,A330-300,wide_body,3115,operational_constraints,939,low,0.9,1170.0,939.0,1643.969695,emergency,EDDF,4000,60,asphalt,ILS,1,1,advanced,1,major,1,1,1,0,1,1,1,open,none,safe,civil,1,699.624809,885,preferred,5.0,0,5,1.3421,3
S00402,EGLL,51.889141,-0.99186,A330-300,wide_body,3115,operational_constraints,939,low,0.9,1170.0,939.0,1643.969695,emergency,LEMD,4350,60,asphalt,ILS,1,1,advanced,1,major,1,1,1,1,1,1,1,open,none,safe,civil,1,1282.402684,1235,extended,6.0,0,7,0.7322,1
S00402,EGLL,51.889141,-0.99186,A330-300,wide_body,3115,operational_constraints,939,low,0.9,1170.0,939.0,1643.969695,emergency,LIRF,3902,60,asphalt,ILS,1,1,basic,1,major,1,1,1,1,1,1,1,open,none,safe,civil,1,1502.648526,787,extended,7.0,0,9,0.6249,4
S00402,EGLL,51.889141,-0.99186,A330-300,wide_body,3115,operational_constraints,939,low,0.9,1170.0,939.0,1643.969695,emergency,ENGM,3600,45,asphalt,ILS,1,1,advanced,1,major,1,1,1,1,1,1,1,open,none,safe,civil,0,1186.556529,485,extended,8.0,0,6,0.7914,8
S00402,EGLL,51.889141,-0.99186,A330-300,wide_body,3115,operational_constraints,939,low,0.9,1170.0,939.0,1643.969695,emergency,LPPT,3707,45,asphalt,ILS,1,1,advanced,1,major,1,1,1,1,1,1,1,open,none,safe,civil,0,1588.097514,592,extended,9.0,0,10,0.5913,7
S00402,EGLL,51.889141,-0.99186,A330-300,wide_body,3115,operational_constraints,939,low,0.9,1170.0,939.0,1643.969695,emergency,ESSA,3301,45,asphalt,ILS,1,1,advanced,1,major,1,1,1,1,1,1,1,open,none,safe,civil,0,1456.167649,186,extended,10.0,0,8,0.6448,10
S00407,EDDF,50.458277,8.802855,A321,narrow_body,2371,medical,702,normal,1.0,1000.0,702.0,1114.346575,emergency,EDDF,4000,60,asphalt,ILS,1,1,advanced,1,major,1,1,1,0,1,1,1,open,none,safe,civil,1,51.041339,1629,preferred,1.0,1,1,13.7536,2
S00407,EDDF,50.458277,8.802855,A321,narrow_body,2371,medical,702,normal,1.0,1000.0,702.0,1114.346575,emergency,EHAM,3800,60,asphalt,ILS,1,1,advanced,1,major,1,1,1,1,1,1,1,open,none,safe,civil,1,347.616654,1429,preferred,2.0,0,2,2.0195,5
S00407,EDDF,50.458277,8.802855,A321,narrow_body,2371,medical,702,normal,1.0,1000.0,702.0,1114.346575,emergency,LFPG,4215,45,asphalt,ILS,1,1,advanced,1,major,1,1,1,1,1,1,1,open,none,safe,civil,1,476.95609,1844,preferred,3.0,0,3,1.4718,1
S00407,EDDF,50.458277,8.802855,A321,narrow_body,2371,medical,702,normal,1.0,1000.0,702.0,1114.346575,emergency,EGLL,3901,50,asphalt,ILS,1,1,advanced,1,major,1,1,1,1,1,1,1,open,none,safe,civil,1,657.908805,1530,preferred,4.0,0,5,1.067,4
S00407,EDDF,50.458277,8.802855,A321,narrow_body,2371,medical,702,normal,1.0,1000.0,702.0,1114.346575,emergency,EGKK,3317,45,asphalt,ILS,1,1,advanced,1,major,1,1,1,1,1,1,1,open,none,safe,civil,1,635.898488,946,preferred,5.0,0,4,1.1039,7
S00407,EDDF,50.458277,8.802855,A321,narrow_body,2371,medical,702,normal,1.0,1000.0,702.0,1114.346575,emergency,LIRF,3902,60,asphalt,ILS,1,1,basic,1,major,1,1,1,1,1,1,1,open,none,safe,civil,1,997.993196,1531,extended,6.0,0,7,0.7034,3
S00407,EDDF,50.458277,8.802855,A321,narrow_body,2371,medical,702,normal,1.0,1000.0,702.0,1114.346575,emergency,ENGM,3600,45,asphalt,ILS,1,1,advanced,1,major,1,1,1,1,1,1,1,open,none,safe,civil,0,1092.094663,1229,extended,7.0,0,9,0.6428,6
S00407,EDDF,50.458277,8.802855,A321,narrow_body,2371,medical,702,normal,1.0,1000.0,702.0,1114.346575,emergency,EGCC,3048,46,asphalt,ILS,1,1,advanced,1,major,1,1,1,1,1,1,1,open,none,safe,civil,1,824.234068,677,extended,8.0,0,6,0.8517,9
S00407,EDDF,50.458277,8.802855,A321,narrow_body,2371,medical,702,normal,1.0,1000.0,702.0,1114.346575,emergency,EIDW,3110,45,concrete,ILS,1,1,advanced,1,major,1,1,1,1,1,1,1,open,none,safe,civil,0,1081.75487,739,extended,9.0,0,8,0.6489,8
S00408,OKKK,28.809445,47.217589,B737-800,narrow_body,2222,fuel,344,critical,0.75,712.5,344.0,572.129418,emergency,OKKK,4580,60,asphalt,ILS,1,1,advanced,1,major,1,1,1,1,1,1,1,open,none,safe,civil,0,86.486362,2358,preferred,1.0,1,1,3.9775,1
S00408,OKKK,28.809445,47.217589,B737-800,narrow_body,2222,fuel,344,critical,0.75,712.5,344.0,572.129418,emergency,OERK,4205,60,asphalt,ILS,1,1,advanced,1,major,1,1,1,1,1,1,1,open,none,safe,civil,0,431.382999,1983,extended,2.0,0,2,0.7974,2
S00408,OKKK,28.809445,47.217589,B737-800,narrow_body,2222,fuel,344,critical,0.75,712.5,344.0,572.129418,emergency,OBBI,3956,60,asphalt,ILS,1,1,advanced,1,major,1,1,1,1,1,1,1,open,none,safe,civil,0,439.967396,1734,extended,3.0,0,3,0.7819,3
S00409,DNKN,12.089949,7.684646,A320,narrow_body,2329,mechanical,529,normal,1.0,950.0,529.0,896.207932,emergency,DNKN,3200,46,asphalt,RNAV,0,0,none,1,basic,1,0,1,0,0,1,1,open,none,safe,joint,0,91.45771,871,preferred,1.0,1,1,5.7841,3
S00409,DNKN,12.089949,7.684646,A320,narrow_body,2329,mechanical,529,normal,1.0,950.0,529.0,896.207932,emergency,DNAA,3609,60,asphalt,RNAV,0,0,none,1,basic,1,0,1,1,1,1,1,open,none,safe,joint,0,345.912965,1280,preferred,2.0,0,2,1.5293,2
S00409,DNKN,12.089949,7.684646,A320,narrow_body,2329,mechanical,529,normal,1.0,950.0,529.0,896.207932,emergency,DNMM,3900,60,asphalt,ILS,1,1,advanced,1,major,1,1,1,1,1,1,1,open,none,caution,civil,0,777.665372,1571,extended,3.0,0,3,0.6802,1
S00413,GMMN,33.275136,-7.048336,A330-300,wide_body,2935,operational_constraints,1053,normal,1.0,1300.0,1053.0,1994.724601,emergency,GMMN,3720,45,asphalt,ILS,1,1,advanced,1,major,1,1,1,1,1,1,1,open,none,safe,civil,0,51.36305,785,preferred,1.0,1,1,20.5011,4
S00413,GMMN,33.275136,-7.048336,A330-300,wide_body,2935,operational_constraints,1053,normal,1.0,1300.0,1053.0,1994.724601,emergency,LEMD,4350,60,asphalt,ILS,1,1,advanced,1,major,1,1,1,1,1,1,1,open,none,safe,civil,1,859.914194,1415,preferred,2.0,0,3,1.2245,1
S00413,GMMN,33.275136,-7.048336,A330-300,wide_body,2935,operational_constraints,1053,normal,1.0,1300.0,1053.0,1994.724601,emergency,LPPT,3707,45,asphalt,ILS,1,1,advanced,1,major,1,1,1,1,1,1,1,open,none,safe,civil,0,640.335718,772,preferred,3.0,0,2,1.6444,5
S00413,GMMN,33.275136,-7.048336,A330-300,wide_body,2935,operational_constraints,1053,normal,1.0,1300.0,1053.0,1994.724601,emergency,DAAG,3500,60,asphalt,RNAV,0,1,basic,1,basic,1,1,1,1,1,1,0,open,none,safe,civil,0,1008.603748,565,preferred,4.0,0,4,1.044,6
S00413,GMMN,33.275136,-7.048336,A330-300,wide_body,2935,operational_constraints,1053,normal,1.0,1300.0,1053.0,1994.724601,emergency,LFPG,4215,45,asphalt,ILS,1,1,advanced,1,major,1,1,1,1,1,1,1,open,none,safe,civil,1,1921.799048,1280,extended,5.0,0,6,0.5479,2
S00413,GMMN,33.275136,-7.048336,A330-300,wide_body,2935,operational_constraints,1053,normal,1.0,1300.0,1053.0,1994.724601,emergency,LIRF,3902,60,asphalt,ILS,1,1,basic,1,major,1,1,1,1,1,1,1,open,none,safe,civil,1,1941.710528,967,extended,6.0,0,7,0.5423,3
S00413,GMMN,33.275136,-7.048336,A330-300,wide_body,2935,operational_constraints,1053,normal,1.0,1300.0,1053.0,1994.724601,emergency,DTTA,3200,45,asphalt,RNAV,0,1,basic,1,basic,1,0,1,1,1,1,1,open,none,safe,civil,0,1619.303358,265,extended,7.0,0,5,0.6503,7
S00416,UUEE,56.591284,36.45895,A220-300,narrow_body,2103,security,816,low,0.9,855.0,816.0,1362.211336,emergency,UUEE,3700,60,concrete,ILS,1,1,advanced,1,major,1,1,1,1,1,1,1,open,none,caution,civil,0,90.121903,1597,preferred,1.0,1,1,9.0544,2
S00416,UUEE,56.591284,36.45895,A220-300,narrow_body,2103,security,816,low,0.9,855.0,816.0,1362.211336,emergency,EFHK,3440,60,asphalt,ILS,1,1,advanced,1,major,1,1,1,1,1,1,1,open,none,safe,civil,0,785.157685,1337,preferred,2.0,0,3,1.0393,3
S00416,UUEE,56.591284,36.45895,A220-300,narrow_body,2103,security,816,low,0.9,855.0,816.0,1362.211336,emergency,ULLI,3780,60,concrete,ILS,1,1,advanced,1,major,1,1,1,1,1,1,1,open,none,caution,civil,0,508.711216,1677,preferred,3.0,0,2,1.6041,1
S00416,UUEE,56.591284,36.45895,A220-300,narrow_body,2103,security,816,low,0.9,855.0,816.0,1362.211336,emergency,ESSA,3301,45,asphalt,ILS,1,1,advanced,1,major,1,1,1,1,1,1,1,open,none,safe,civil,0,1135.729764,1198,extended,4.0,0,4,0.7185,4
S00418,OKKK,29.012681,48.214154,CRJ900,regional_jet,1795,medical,891,normal,1.0,700.0,700.0,985.235305,aircraft_fuel,OKKK,4580,60,asphalt,ILS,1,1,advanced,1,major,1,1,1,1,1,1,1,open,none,safe,civil,0,33.437474,2785,preferred,1.0,1,1,20.9346,2
S00418,OKKK,29.012681,48.214154,CRJ900,regional_jet,1795,medical,891,normal,1.0,700.0,700.0,985.235305,aircraft_fuel,OBBI,3956,60,asphalt,ILS,1,1,advanced,1,major,1,1,1,1,1,1,1,open,none,safe,civil,0,387.505064,2161,preferred,2.0,0,2,1.8064,6
S00418,OKKK,29.012681,48.214154,CRJ900,regional_jet,1795,medical,891,normal,1.0,700.0,700.0,985.235305,aircraft_fuel,OERK,4205,60,asphalt,ILS,1,1,advanced,1,major,1,1,1,1,1,1,1,open,none,safe,civil,0,475.230575,2410,preferred,3.0,0,3,1.473,4
S00418,OKKK,29.012681,48.214154,CRJ900,regional_jet,1795,medical,891,normal,1.0,700.0,700.0,985.235305,aircraft_fuel,OTHH,4850,60,asphalt,ILS,1,1,advanced,1,major,1,1,1,1,1,1,1,open,none,safe,civil,0,534.426429,3055,preferred,4.0,0,4,1.3098,1
S00418,OKKK,29.012681,48.214154,CRJ900,regional_jet,1795,medical,891,normal,1.0,700.0,700.0,985.235305,aircraft_fuel,OMAA,4106,60,asphalt,ILS,1,1,advanced,1,major,1,1,1,1,1,1,1,open,none,safe,civil,0,816.334159,2311,extended,5.0,0,5,0.8575,5
S00418,OKKK,29.012681,48.214154,CRJ900,regional_jet,1795,medical,891,normal,1.0,700.0,700.0,985.235305,aircraft_fuel,OMDB,4447,60,asphalt,ILS,1,1,advanced,1,major,1,1,1,1,1,1,1,open,none,safe,civil,1,822.321309,2652,extended,6.0,0,6,0.8512,3
S00419,EHAM,51.144572,4.486488,A320,narrow_body,2328,medical,515,low,0.9,855.0,515.0,864.950314,emergency,EHAM,3800,60,asphalt,ILS,1,1,advanced,1,major,1,1,1,1,1,1,1,open,none,safe,civil,1,130.836416,1472,preferred,1.0,1,1,3.9362,4
S00419,EHAM,51.144572,4.486488,A320,narrow_body,2328,medical,515,low,0.9,855.0,515.0,864.950314,emergency,LFPG,4215,45,asphalt,ILS,1,1,advanced,1,major,1,1,1,1,1,1,1,open,none,safe,civil,1,274.57963,1887,preferred,2.0,0,2,1.8756,1
S00419,EHAM,51.144572,4.486488,A320,narrow_body,2328,medical,515,low,0.9,855.0,515.0,864.950314,emergency,EDDF,4000,60,asphalt,ILS,1,1,advanced,1,major,1,1,1,0,1,1,1,open,none,safe,civil,1,313.141373,1672,preferred,3.0,0,3,1.6446,2
S00419,EHAM,51.144572,4.486488,A320,narrow_body,2328,medical,515,low,0.9,855.0,515.0,864.950314,emergency,EGLL,3901,50,asphalt,ILS,1,1,advanced,1,major,1,1,1,1,1,1,1,open,none,safe,civil,1,345.675272,1573,preferred,4.0,0,5,1.4898,3
S00419,EHAM,51.144572,4.486488,A320,narrow_body,2328,medical,515,low,0.9,855.0,515.0,864.950314,emergency,EGKK,3317,45,asphalt,ILS,1,1,advanced,1,major,1,1,1,1,1,1,1,open,none,safe,civil,1,325.860547,989,preferred,5.0,0,4,1.5804,5
S00419,EHAM,51.144572,4.486488,A320,narrow_body,2328,medical,515,low,0.9,855.0,515.0,864.950314,emergency,EGCC,3048,46,asphalt,ILS,1,1,advanced,1,major,1,1,1,1,1,1,1,open,none,safe,civil,1,521.44533,720,extended,6.0,0,6,0.9876,7
S00419,EHAM,51.144572,4.486488,A320,narrow_body,2328,medical,515,low,0.9,855.0,515.0,864.950314,emergency,EIDW,3110,45,concrete,ILS,1,1,advanced,1,major,1,1,1,1,1,1,1,open,none,safe,civil,0,773.062557,782,extended,7.0,0,7,0.6662,6
S00420,LIRF,41.135503,12.126473,A350-900,wide_body,2867,operational_constraints,712,normal,1.0,1500.0,712.0,1156.966885,emergency,LIRF,3902,60,asphalt,ILS,1,1,basic,1,major,1,1,1,1,1,1,1,open,none,safe,civil,1,75.124171,1035,preferred,1.0,1,1,9.4776,4
S00420,LIRF,41.135503,12.126473,A350-900,wide_body,2867,operational_constraints,712,normal,1.0,1500.0,712.0,1156.966885,emergency,LFPG,4215,45,asphalt,ILS,1,1,advanced,1,major,1,1,1,1,1,1,1,open,none,safe,civil,1,1152.080513,1348,extended,2.0,0,6,0.618,1
S00420,LIRF,41.135503,12.126473,A350-900,wide_body,2867,operational_constraints,712,normal,1.0,1500.0,712.0,1156.966885,emergency,DTTA,3200,45,asphalt,RNAV,0,1,basic,1,basic,1,0,1,1,1,1,1,open,none,safe,civil,0,503.860087,333,preferred,3.0,0,2,1.4131,6
S00420,LIRF,41.135503,12.126473,A350-900,wide_body,2867,operational_constraints,712,normal,1.0,1500.0,712.0,1156.966885,emergency,EDDF,4000,60,asphalt,ILS,1,1,advanced,1,major,1,1,1,0,1,1,1,open,none,safe,civil,1,1026.59718,1133,extended,4.0,0,4,0.6936,2
S00420,LIRF,41.135503,12.126473,A350-900,wide_body,2867,operational_constraints,712,normal,1.0,1500.0,712.0,1156.966885,emergency,LGAV,4000,45,asphalt,ILS,1,1,advanced,1,major,1,1,1,1,1,1,1,open,none,safe,civil,0,1073.019817,1133,extended,5.0,0,5,0.6635,2
S00420,LIRF,41.135503,12.126473,A350-900,wide_body,2867,operational_constraints,712,normal,1.0,1500.0,712.0,1156.966885,emergency,DAAG,3500,60,asphalt,RNAV,0,1,basic,1,basic,1,1,1,1,1,1,0,open,none,safe,civil,0,914.924861,633,extended,6.0,0,3,0.7782,5
S00421,EHAM,51.927119,6.03654,A220-300,narrow_body,2168,mechanical,978,critical,0.75,712.5,712.5,1101.376629,aircraft_fuel,EHAM,3800,60,asphalt,ILS,1,1,advanced,1,major,1,1,1,1,1,1,1,open,none,safe,civil,1,96.693209,1632,preferred,1.0,1,1,7.3687,4
S00421,EHAM,51.927119,6.03654,A220-300,narrow_body,2168,mechanical,978,critical,0.75,712.5,712.5,1101.376629,aircraft_fuel,EDDF,4000,60,asphalt,ILS,1,1,advanced,1,major,1,1,1,0,1,1,1,open,none,safe,civil,1,275.332578,1832,preferred,2.0,0,2,2.5878,2
S00421,EHAM,51.927119,6.03654,A220-300,narrow_body,2168,mechanical,978,critical,0.75,712.5,712.5,1101.376629,aircraft_fuel,LFPG,4215,45,asphalt,ILS,1,1,advanced,1,major,1,1,1,1,1,1,1,open,none,safe,civil,1,407.378684,2047,preferred,3.0,0,3,1.749,1
S00421,EHAM,51.927119,6.03654,A220-300,narrow_body,2168,mechanical,978,critical,0.75,712.5,712.5,1101.376629,aircraft_fuel,EGLL,3901,50,asphalt,ILS,1,1,advanced,1,major,1,1,1,1,1,1,1,open,none,safe,civil,1,450.434709,1733,preferred,4.0,0,5,1.5818,3
S00421,EHAM,51.927119,6.03654,A220-300,narrow_body,2168,mechanical,978,critical,0.75,712.5,712.5,1101.376629,aircraft_fuel,EGKK,3317,45,asphalt,ILS,1,1,advanced,1,major,1,1,1,1,1,1,1,open,none,safe,civil,1,438.821928,1149,preferred,5.0,0,4,1.6237,6
S00421,EHAM,51.927119,6.03654,A220-300,narrow_body,2168,mechanical,978,critical,0.75,712.5,712.5,1101.376629,aircraft_fuel,EGCC,3048,46,asphalt,ILS,1,1,advanced,1,major,1,1,1,1,1,1,1,open,none,safe,civil,1,582.4352,880,preferred,6.0,0,6,1.2233,8
S00421,EHAM,51.927119,6.03654,A220-300,narrow_body,2168,mechanical,978,critical,0.75,712.5,712.5,1101.376629,aircraft_fuel,ENGM,3600,45,asphalt,ILS,1,1,advanced,1,major,1,1,1,1,1,1,1,open,none,safe,civil,0,970.799399,1432,extended,7.0,0,8,0.7339,5
S00421,EHAM,51.927119,6.03654,A220-300,narrow_body,2168,mechanical,978,critical,0.75,712.5,712.5,1101.376629,aircraft_fuel,EIDW,3110,45,concrete,ILS,1,1,advanced,1,major,1,1,1,1,1,1,1,open,none,safe,civil,0,844.651304,942,extended,8.0,0,7,0.8435,7
S00423,WMKK,2.926649,101.852339,A321,narrow_body,2386,medical,960,low,0.9,900.0,900.0,1371.258696,aircraft_fuel,WMKK,4124,60,asphalt,ILS,1,1,advanced,1,major,1,1,1,1,1,1,1,open,none,safe,civil,0,25.598279,1738,preferred,1.0,1,1,35.1586,1
S00423,WMKK,2.926649,101.852339,A321,narrow_body,2386,medical,960,low,0.9,900.0,900.0,1371.258696,aircraft_fuel,WSSS,4000,60,asphalt,ILS,1,1,advanced,1,major,1,1,1,1,1,1,1,open,none,safe,civil,1,295.562527,1614,preferred,2.0,0,2,3.045,2
S00423,WMKK,2.926649,101.852339,A321,narrow_body,2386,medical,960,low,0.9,900.0,900.0,1371.258696,aircraft_fuel,WIMM,3000,60,asphalt,RNAV,1,1,basic,1,basic,1,0,1,1,0,1,1,open,none,safe,civil,0,338.840608,614,preferred,3.0,0,3,2.6561,4
S00423,WMKK,2.926649,101.852339,A321,narrow_body,2386,medical,960,low,0.9,900.0,900.0,1371.258696,aircraft_fuel,VTBS,4000,60,asphalt,ILS,1,1,advanced,1,major,1,1,1,1,1,1,1,open,none,safe,civil,0,1201.989704,1614,extended,4.0,0,4,0.7488,2
S00425,OPLA,30.929223,74.532868,A321,narrow_body,2478,mechanical,817,normal,1.0,1000.0,817.0,1371.152449,emergency,VIDP,4430,60,asphalt,ILS,1,1,advanced,1,major,1,1,1,1,1,1,1,open,none,safe,civil,1,361.716158,1952,preferred,1.0,1,2,2.2587,1
S00425,OPLA,30.929223,74.532868,A321,narrow_body,2478,mechanical,817,normal,1.0,1000.0,817.0,1371.152449,emergency,OPLA,3360,46,concrete,RNAV,0,0,none,1,basic,1,0,1,1,1,1,1,open,none,caution,civil,0,67.006392,882,preferred,2.0,0,1,12.1929,4
S00425,OPLA,30.929223,74.532868,A321,narrow_body,2478,mechanical,817,normal,1.0,1000.0,817.0,1371.152449,emergency,VABB,3509,60,asphalt,ILS,1,1,advanced,1,major,1,1,1,1,1,1,1,open,none,safe,civil,1,1327.190708,1031,extended,3.0,0,5,0.6156,2
S00425,OPLA,30.929223,74.532868,A321,narrow_body,2478,mechanical,817,normal,1.0,1000.0,817.0,1371.152449,emergency,OPKC,3400,46,concrete,RNAV,0,1,basic,1,basic,1,1,1,1,1,1,1,open,none,caution,civil,0,985.954168,922,extended,4.0,0,3,0.8286,3
S00425,OPLA,30.929223,74.532868,A321,narrow_body,2478,mechanical,817,normal,1.0,1000.0,817.0,1371.152449,emergency,VNKT,3350,45,asphalt,VOR,0,0,none,0,none,0,0,1,1,1,1,1,open,none,caution,civil,0,1108.911067,872,extended,5.0,0,4,0.7368,5
S00427,WIMM,2.878322,98.725747,E175,regional_jet,1836,medical,789,normal,1.0,750.0,750.0,1166.372471,aircraft_fuel,WIMM,3000,60,asphalt,RNAV,1,1,basic,1,basic,1,0,1,1,0,1,1,open,none,safe,civil,0,86.697858,1164,preferred,1.0,1,1,8.6507,3
S00427,WIMM,2.878322,98.725747,E175,regional_jet,1836,medical,789,normal,1.0,750.0,750.0,1166.372471,aircraft_fuel,WMKK,4124,60,asphalt,ILS,1,1,advanced,1,major,1,1,1,1,1,1,1,open,none,safe,civil,0,331.762472,2288,preferred,2.0,0,2,2.2607,1
S00427,WIMM,2.878322,98.725747,E175,regional_jet,1836,medical,789,normal,1.0,750.0,750.0,1166.372471,aircraft_fuel,WSSS,4000,60,asphalt,ILS,1,1,advanced,1,major,1,1,1,1,1,1,1,open,none,safe,civil,1,609.549624,2164,preferred,3.0,0,3,1.2304,2
S00429,ZSPD,30.678526,121.998709,A320,narrow_body,2466,security,926,normal,1.0,950.0,926.0,1461.724073,emergency,ZSPD,4000,60,concrete,ILS,1,1,advanced,1,major,1,1,1,1,1,1,1,open,none,safe,civil,1,54.895684,1534,preferred,1.0,1,1,16.8684,1
S00429,ZSPD,30.678526,121.998709,A320,narrow_body,2466,security,926,normal,1.0,950.0,926.0,1461.724073,emergency,RKSI,4000,60,asphalt,ILS,1,1,advanced,1,major,1,1,1,1,1,1,1,open,none,safe,civil,1,858.958922,1534,preferred,2.0,0,3,1.078,1
S00429,ZSPD,30.678526,121.998709,A320,narrow_body,2466,security,926,normal,1.0,950.0,926.0,1461.724073,emergency,RCTP,3660,60,concrete,ILS,1,1,advanced,1,major,1,1,1,1,1,1,1,open,none,safe,civil,0,627.307877,1194,preferred,3.0,0,2,1.4761,4
S00429,ZSPD,30.678526,121.998709,A320,narrow_body,2466,security,926,normal,1.0,950.0,926.0,1461.724073,emergency,ZBAA,3810,60,asphalt,ILS,1,1,advanced,1,major,1,1,1,1,1,1,1,open,none,safe,civil,1,1153.555376,1344,extended,4.0,0,4,0.8027,3
S00430,KJFK,40.524894,-73.863094,B737-800,narrow_body,2283,weather,742,normal,1.0,950.0,742.0,1242.907519,emergency,KJFK,4423,61,asphalt,ILS,1,1,advanced,1,major,1,1,1,1,1,1,1,open,none,safe,civil,1,14.570655,2140,preferred,1.0,1,1,50.9243,1
S00430,KJFK,40.524894,-73.863094,B737-800,narrow_body,2283,weather,742,normal,1.0,950.0,742.0,1242.907519,emergency,CYYZ,3389,61,asphalt,ILS,1,1,advanced,1,major,1,1,1,1,1,1,1,open,none,safe,civil,1,590.604254,1106,preferred,2.0,0,2,1.2563,4
S00430,KJFK,40.524894,-73.863094,B737-800,narrow_body,2283,weather,742,normal,1.0,950.0,742.0,1242.907519,emergency,KORD,3962,46,concrete,ILS,1,1,advanced,1,major,1,1,1,1,1,1,1,open,none,safe,civil,0,1183.570863,1679,extended,3.0,0,3,0.6269,2
S00430,KJFK,40.524894,-73.863094,B737-800,narrow_body,2283,weather,742,normal,1.0,950.0,742.0,1242.907519,emergency,KATL,3776,46,concrete,ILS,1,1,advanced,1,major,1,1,1,1,1,1,1,open,none,safe,civil,0,1208.822483,1493,extended,4.0,0,4,0.6138,3
S00435,LTFM,40.719802,28.018568,A380-800,very_large,3666,medical,996,low,0.9,1440.0,996.0,1809.153813,emergency,LTFM,4100,60,asphalt,ILS,1,1,advanced,1,major,1,1,1,1,1,1,0,open,none,safe,civil,0,85.997685,434,preferred,1.0,1,1,11.5817,1
S00435,LTFM,40.719802,28.018568,A380-800,very_large,3666,medical,996,low,0.9,1440.0,996.0,1809.153813,emergency,LGAV,4000,45,asphalt,ILS,1,1,advanced,1,major,1,1,1,1,1,1,1,open,none,safe,civil,0,467.430832,334,preferred,2.0,0,3,2.1308,2
S00435,LTFM,40.719802,28.018568,A380-800,very_large,3666,medical,996,low,0.9,1440.0,996.0,1809.153813,emergency,LTAC,3750,45,asphalt,ILS,1,1,advanced,1,major,1,1,1,1,1,1,1,open,none,safe,joint,0,426.304751,84,preferred,3.0,0,2,2.3364,5
S00435,LTFM,40.719802,28.018568,A380-800,very_large,3666,medical,996,low,0.9,1440.0,996.0,1809.153813,emergency,HECA,4000,60,asphalt,ILS,1,1,basic,1,major,1,1,1,1,1,1,1,open,none,safe,civil,0,1218.380822,334,extended,4.0,0,4,0.8175,2
S00435,LTFM,40.719802,28.018568,A380-800,very_large,3666,medical,996,low,0.9,1440.0,996.0,1809.153813,emergency,LIRF,3902,60,asphalt,ILS,1,1,basic,1,major,1,1,1,1,1,1,1,open,none,safe,civil,1,1321.48723,236,extended,5.0,0,5,0.7537,4
S00436,OOMS,23.513198,59.049277,A319,narrow_body,2000,technical,726,low,0.9,810.0,726.0,1243.012131,emergency,OOMS,4080,45,asphalt,ILS,1,1,advanced,1,major,1,1,1,1,1,1,1,open,none,safe,civil,0,78.473033,2080,preferred,1.0,1,1,9.2516,4
S00436,OOMS,23.513198,59.049277,A319,narrow_body,2000,technical,726,low,0.9,810.0,726.0,1243.012131,emergency,OMDB,4447,60,asphalt,ILS,1,1,advanced,1,major,1,1,1,1,1,1,1,open,none,safe,civil,1,419.572584,2447,preferred,2.0,0,2,1.7303,2
S00436,OOMS,23.513198,59.049277,A319,narrow_body,2000,technical,726,low,0.9,810.0,726.0,1243.012131,emergency,OMAA,4106,60,asphalt,ILS,1,1,advanced,1,major,1,1,1,1,1,1,1,open,none,safe,civil,0,458.766459,2106,preferred,3.0,0,3,1.5825,3
S00436,OOMS,23.513198,59.049277,A319,narrow_body,2000,technical,726,low,0.9,810.0,726.0,1243.012131,emergency,OTHH,4850,60,asphalt,ILS,1,1,advanced,1,major,1,1,1,1,1,1,1,open,none,safe,civil,0,778.424189,2850,extended,4.0,0,4,0.9327,1
S00436,OOMS,23.513198,59.049277,A319,narrow_body,2000,technical,726,low,0.9,810.0,726.0,1243.012131,emergency,OBBI,3956,60,asphalt,ILS,1,1,advanced,1,major,1,1,1,1,1,1,1,open,none,safe,civil,0,901.776028,1956,extended,5.0,0,6,0.8051,5
S00436,OOMS,23.513198,59.049277,A319,narrow_body,2000,technical,726,low,0.9,810.0,726.0,1243.012131,emergency,OPKC,3400,46,concrete,RNAV,0,1,basic,1,basic,1,1,1,1,1,1,1,open,none,caution,civil,0,836.948293,1400,extended,6.0,0,5,0.8674,6
S00437,OKKK,29.919036,47.886838,B747-8,very_large,3578,weather,1119,normal,1.0,1550.0,1119.0,2072.62418,emergency,OKKK,4580,60,asphalt,ILS,1,1,advanced,1,major,1,1,1,1,1,1,1,open,none,safe,civil,0,77.646088,1002,preferred,1.0,1,1,14.4115,2
S00437,OKKK,29.919036,47.886838,B747-8,very_large,3578,weather,1119,normal,1.0,1550.0,1119.0,2072.62418,emergency,OTHH,4850,60,asphalt,ILS,1,1,advanced,1,major,1,1,1,1,1,1,1,open,none,safe,civil,0,633.415392,1272,preferred,2.0,0,4,1.7666,1
S00437,OKKK,29.919036,47.886838,B747-8,very_large,3578,weather,1119,normal,1.0,1550.0,1119.0,2072.62418,emergency,OERK,4205,60,asphalt,ILS,1,1,advanced,1,major,1,1,1,1,1,1,1,open,none,safe,civil,0,563.9932,627,preferred,3.0,0,3,1.9841,4
S00437,OKKK,29.919036,47.886838,B747-8,very_large,3578,weather,1119,normal,1.0,1550.0,1119.0,2072.62418,emergency,OMDB,4447,60,asphalt,ILS,1,1,advanced,1,major,1,1,1,1,1,1,1,open,none,safe,civil,1,901.615069,869,preferred,4.0,0,5,1.2411,3
S00437,OKKK,29.919036,47.886838,B747-8,very_large,3578,weather,1119,normal,1.0,1550.0,1119.0,2072.62418,emergency,OBBI,3956,60,asphalt,ILS,1,1,advanced,1,major,1,1,1,1,1,1,1,open,none,safe,civil,0,487.487851,378,preferred,5.0,0,2,2.2954,8
S00437,OKKK,29.919036,47.886838,B747-8,very_large,3578,weather,1119,normal,1.0,1550.0,1119.0,2072.62418,emergency,OMAA,4106,60,asphalt,ILS,1,1,advanced,1,major,1,1,1,1,1,1,1,open,none,safe,civil,0,904.304786,528,preferred,6.0,0,6,1.2374,5
S00437,OKKK,29.919036,47.886838,B747-8,very_large,3578,weather,1119,normal,1.0,1550.0,1119.0,2072.62418,emergency,OOMS,4080,45,asphalt,ILS,1,1,advanced,1,major,1,1,1,1,1,1,1,open,none,safe,civil,0,1247.825773,502,extended,7.0,0,8,0.8968,6
S00437,OKKK,29.919036,47.886838,B747-8,very_large,3578,weather,1119,normal,1.0,1550.0,1119.0,2072.62418,emergency,HECA,4000,60,asphalt,ILS,1,1,basic,1,major,1,1,1,1,1,1,1,open,none,safe,civil,0,1586.480653,422,extended,8.0,0,9,0.7053,7
S00437,OKKK,29.919036,47.886838,B747-8,very_large,3578,weather,1119,normal,1.0,1550.0,1119.0,2072.62418,emergency,OJAI,3660,61,asphalt,ILS,1,1,advanced,1,major,1,1,1,1,1,1,1,open,none,safe,civil,0,1152.68494,82,extended,9.0,0,7,0.9708,10
S00437,OKKK,29.919036,47.886838,B747-8,very_large,3578,weather,1119,normal,1.0,1550.0,1119.0,2072.62418,emergency,LTAC,3750,45,asphalt,ILS,1,1,advanced,1,major,1,1,1,1,1,1,1,open,none,safe,joint,0,1764.087955,172,extended,10.0,0,10,0.6343,9
S00438,OPLA,30.967754,74.24126,A321,narrow_body,2402,weather,1155,normal,1.0,1000.0,1000.0,1718.199743,aircraft_fuel,VIDP,4430,60,asphalt,ILS,1,1,advanced,1,major,1,1,1,1,1,1,1,open,none,safe,civil,1,384.454559,2028,preferred,1.0,1,2,2.6011,2
S00438,OPLA,30.967754,74.24126,A321,narrow_body,2402,weather,1155,normal,1.0,1000.0,1000.0,1718.199743,aircraft_fuel,OPLA,3360,46,concrete,RNAV,0,0,none,1,basic,1,0,1,1,1,1,1,open,none,caution,civil,0,63.489355,958,preferred,2.0,0,1,15.7507,5
S00438,OPLA,30.967754,74.24126,A321,narrow_body,2402,weather,1155,normal,1.0,1000.0,1000.0,1718.199743,aircraft_fuel,UAAA,4500,45,asphalt,RNAV,0,1,basic,1,basic,1,1,1,1,1,1,1,open,none,safe,civil,0,1399.277594,2098,extended,3.0,0,6,0.7147,1
S00438,OPLA,30.967754,74.24126,A321,narrow_body,2402,weather,1155,normal,1.0,1000.0,1000.0,1718.199743,aircraft_fuel,OPKC,3400,46,concrete,RNAV,0,1,basic,1,basic,1,1,1,1,1,1,1,open,none,caution,civil,0,968.031979,998,preferred,4.0,0,3,1.033,4
S00438,OPLA,30.967754,74.24126,A321,narrow_body,2402,weather,1155,normal,1.0,1000.0,1000.0,1718.199743,aircraft_fuel,VABB,3509,60,asphalt,ILS,1,1,advanced,1,major,1,1,1,1,1,1,1,open,none,safe,civil,1,1328.075647,1107,extended,5.0,0,5,0.753,3
S00438,OPLA,30.967754,74.24126,A321,narrow_body,2402,weather,1155,normal,1.0,1000.0,1000.0,1718.199743,aircraft_fuel,VNKT,3350,45,asphalt,VOR,0,0,none,0,none,0,0,1,1,1,1,1,open,none,caution,civil,0,1136.822072,948,extended,6.0,0,4,0.8796,6
S00443,UAAA,43.617718,77.172138,A330-300,wide_body,3019,mechanical,1059,normal,1.0,1300.0,1059.0,1876.907801,emergency,UAAA,4500,45,asphalt,RNAV,0,1,basic,1,basic,1,1,1,1,1,1,1,open,none,safe,civil,0,31.096541,1481,preferred,1.0,1,1,34.0552,1
S00443,UAAA,43.617718,77.172138,A330-300,wide_body,3019,mechanical,1059,normal,1.0,1300.0,1059.0,1876.907801,emergency,VIDP,4430,60,asphalt,ILS,1,1,advanced,1,major,1,1,1,1,1,1,1,open,none,safe,civil,1,1674.841829,1411,extended,2.0,0,4,0.6323,2
S00443,UAAA,43.617718,77.172138,A330-300,wide_body,3019,mechanical,1059,normal,1.0,1300.0,1059.0,1876.907801,emergency,UACC,3500,45,asphalt,RNAV,0,1,basic,1,basic,1,1,1,1,1,1,1,open,none,safe,civil,0,928.679164,481,preferred,3.0,0,2,1.1403,3
S00443,UAAA,43.617718,77.172138,A330-300,wide_body,3019,mechanical,1059,normal,1.0,1300.0,1059.0,1876.907801,emergency,OPLA,3360,46,concrete,RNAV,0,0,none,1,basic,1,0,1,1,1,1,1,open,none,caution,civil,0,1366.753539,341,extended,4.0,0,3,0.7748,4
S00444,EGLL,50.981795,-0.610269,E190,regional_jet,1930,mechanical,1078,low,0.9,720.0,720.0,1124.601743,aircraft_fuel,EGLL,3901,50,asphalt,ILS,1,1,advanced,1,major,1,1,1,1,1,1,1,open,none,safe,civil,1,55.368072,1971,preferred,1.0,1,2,13.0039,3
S00444,EGLL,50.981795,-0.610269,E190,regional_jet,1930,mechanical,1078,low,0.9,720.0,720.0,1124.601743,aircraft_fuel,EGKK,3317,45,asphalt,ILS,1,1,advanced,1,major,1,1,1,1,1,1,1,open,none,safe,civil,1,34.995158,1387,preferred,2.0,0,1,20.5743,5
S00444,EGLL,50.981795,-0.610269,E190,regional_jet,1930,mechanical,1078,low,0.9,720.0,720.0,1124.601743,aircraft_fuel,LFPG,4215,45,asphalt,ILS,1,1,advanced,1,major,1,1,1,1,1,1,1,open,none,safe,civil,1,315.044416,2285,preferred,3.0,0,4,2.2854,1
S00444,EGLL,50.981795,-0.610269,E190,regional_jet,1930,mechanical,1078,low,0.9,720.0,720.0,1124.601743,aircraft_fuel,EHAM,3800,60,asphalt,ILS,1,1,advanced,1,major,1,1,1,1,1,1,1,open,none,safe,civil,1,398.964695,1870,preferred,4.0,0,5,1.8047,4
S00444,EGLL,50.981795,-0.610269,E190,regional_jet,1930,mechanical,1078,low,0.9,720.0,720.0,1124.601743,aircraft_fuel,EGCC,3048,46,asphalt,ILS,1,1,advanced,1,major,1,1,1,1,1,1,1,open,none,safe,civil,1,287.126787,1118,preferred,5.0,0,3,2.5076,7
S00444,EGLL,50.981795,-0.610269,E190,regional_jet,1930,mechanical,1078,low,0.9,720.0,720.0,1124.601743,aircraft_fuel,EDDF,4000,60,asphalt,ILS,1,1,advanced,1,major,1,1,1,0,1,1,1,open,none,safe,civil,1,656.618242,2070,preferred,6.0,0,7,1.0965,2
S00444,EGLL,50.981795,-0.610269,E190,regional_jet,1930,mechanical,1078,low,0.9,720.0,720.0,1124.601743,aircraft_fuel,EIDW,3110,45,concrete,ILS,1,1,advanced,1,major,1,1,1,1,1,1,1,open,none,safe,civil,0,471.33127,1180,preferred,7.0,0,6,1.5276,6
S00448,VIDP,28.273096,76.953836,B787-9,wide_body,2880,weather,582,normal,1.0,1400.0,582.0,1075.758556,emergency,VIDP,4430,60,asphalt,ILS,1,1,advanced,1,major,1,1,1,1,1,1,1,open,none,safe,civil,1,34.323427,1550,preferred,1.0,1,1,16.9563,1
S00448,VIDP,28.273096,76.953836,B787-9,wide_body,2880,weather,582,normal,1.0,1400.0,582.0,1075.758556,emergency,OPLA,3360,46,concrete,RNAV,0,0,none,1,basic,1,0,1,1,1,1,1,open,none,caution,civil,0,436.895926,480,preferred,2.0,0,2,1.3321,3
S00448,VIDP,28.273096,76.953836,B787-9,wide_body,2880,weather,582,normal,1.0,1400.0,582.0,1075.758556,emergency,OPKC,3400,46,concrete,RNAV,0,1,basic,1,basic,1,1,1,1,1,1,1,open,none,caution,civil,0,1042.789965,520,extended,3.0,0,4,0.5581,2
S00448,VIDP,28.273096,76.953836,B787-9,wide_body,2880,weather,582,normal,1.0,1400.0,582.0,1075.758556,emergency,VNKT,3350,45,asphalt,VOR,0,0,none,0,none,0,0,1,1,1,1,1,open,none,caution,civil,0,827.655428,470,extended,4.0,0,3,0.7032,4
S00450,EGKK,51.552439,1.186249,A319,narrow_body,2067,technical,609,critical,0.75,675.0,609.0,985.535185,emergency,EGLL,3901,50,asphalt,ILS,1,1,advanced,1,major,1,1,1,1,1,1,1,open,none,safe,civil,1,114.277972,1834,preferred,1.0,1,2,5.3291,3
S00450,EGKK,51.552439,1.186249,A319,narrow_body,2067,technical,609,critical,0.75,675.0,609.0,985.535185,emergency,EGKK,3317,45,asphalt,ILS,1,1,advanced,1,major,1,1,1,1,1,1,1,open,none,safe,civil,1,105.323003,1250,preferred,2.0,0,1,5.7822,5
S00450,EGKK,51.552439,1.186249,A319,narrow_body,2067,technical,609,critical,0.75,675.0,609.0,985.535185,emergency,EHAM,3800,60,asphalt,ILS,1,1,advanced,1,major,1,1,1,1,1,1,1,open,none,safe,civil,1,259.276571,1733,preferred,3.0,0,3,2.3488,4
S00450,EGKK,51.552439,1.186249,A319,narrow_body,2067,technical,609,critical,0.75,675.0,609.0,985.535185,emergency,LFPG,4215,45,asphalt,ILS,1,1,advanced,1,major,1,1,1,1,1,1,1,open,none,safe,civil,1,299.043075,2148,preferred,4.0,0,4,2.0365,1
S00450,EGKK,51.552439,1.186249,A319,narrow_body,2067,technical,609,critical,0.75,675.0,609.0,985.535185,emergency,EDDF,4000,60,asphalt,ILS,1,1,advanced,1,major,1,1,1,0,1,1,1,open,none,safe,civil,1,544.995222,1933,preferred,5.0,0,6,1.1174,2
S00450,EGKK,51.552439,1.186249,A319,narrow_body,2067,technical,609,critical,0.75,675.0,609.0,985.535185,emergency,EGCC,3048,46,asphalt,ILS,1,1,advanced,1,major,1,1,1,1,1,1,1,open,none,safe,civil,1,308.367847,981,preferred,6.0,0,5,1.9749,7
S00450,EGKK,51.552439,1.186249,A319,narrow_body,2067,technical,609,critical,0.75,675.0,609.0,985.535185,emergency,EIDW,3110,45,concrete,ILS,1,1,advanced,1,major,1,1,1,1,1,1,1,open,none,safe,civil,0,545.416404,1043,preferred,7.0,0,7,1.1166,6
S00452,OBBI,25.387916,51.050909,B787-9,wide_body,2868,security,858,low,0.9,1260.0,858.0,1561.405048,emergency,OTHH,4850,60,asphalt,ILS,1,1,advanced,1,major,1,1,1,1,1,1,1,open,none,safe,civil,0,57.433579,1982,preferred,1.0,1,1,14.939,1
S00452,OBBI,25.387916,51.050909,B787-9,wide_body,2868,security,858,low,0.9,1260.0,858.0,1561.405048,emergency,OBBI,3956,60,asphalt,ILS,1,1,advanced,1,major,1,1,1,1,1,1,1,open,none,safe,civil,0,106.1709,1088,preferred,2.0,0,2,8.0813,7
S00452,OBBI,25.387916,51.050909,B787-9,wide_body,2868,security,858,low,0.9,1260.0,858.0,1561.405048,emergency,OMDB,4447,60,asphalt,ILS,1,1,advanced,1,major,1,1,1,1,1,1,1,open,none,safe,civil,1,434.480305,1579,preferred,3.0,0,4,1.9748,3
S00452,OBBI,25.387916,51.050909,B787-9,wide_body,2868,security,858,low,0.9,1260.0,858.0,1561.405048,emergency,OKKK,4580,60,asphalt,ILS,1,1,advanced,1,major,1,1,1,1,1,1,1,open,none,safe,civil,0,524.024262,1712,preferred,4.0,0,6,1.6373,2
S00452,OBBI,25.387916,51.050909,B787-9,wide_body,2868,security,858,low,0.9,1260.0,858.0,1561.405048,emergency,OERK,4205,60,asphalt,ILS,1,1,advanced,1,major,1,1,1,1,1,1,1,open,none,safe,civil,0,440.558554,1337,preferred,5.0,0,5,1.9475,4
S00452,OBBI,25.387916,51.050909,B787-9,wide_body,2868,security,858,low,0.9,1260.0,858.0,1561.405048,emergency,OMAA,4106,60,asphalt,ILS,1,1,advanced,1,major,1,1,1,1,1,1,1,open,none,safe,civil,0,377.831528,1238,preferred,6.0,0,3,2.2709,5
S00452,OBBI,25.387916,51.050909,B787-9,wide_body,2868,security,858,low,0.9,1260.0,858.0,1561.405048,emergency,OOMS,4080,45,asphalt,ILS,1,1,advanced,1,major,1,1,1,1,1,1,1,open,none,safe,civil,0,758.411746,1212,preferred,7.0,0,7,1.1313,6
S00454,EHAM,51.801838,5.490821,A319,narrow_body,2117,technical,1012,critical,0.75,675.0,675.0,1043.226712,aircraft_fuel,EHAM,3800,60,asphalt,ILS,1,1,advanced,1,major,1,1,1,1,1,1,1,open,none,safe,civil,1,75.136874,1683,preferred,1.0,1,1,8.9836,4
S00454,EHAM,51.801838,5.490821,A319,narrow_body,2117,technical,1012,critical,0.75,675.0,675.0,1043.226712,aircraft_fuel,EDDF,4000,60,asphalt,ILS,1,1,advanced,1,major,1,1,1,0,1,1,1,open,none,safe,civil,1,291.859501,1883,preferred,2.0,0,2,2.3128,2
S00454,EHAM,51.801838,5.490821,A319,narrow_body,2117,technical,1012,critical,0.75,675.0,675.0,1043.226712,aircraft_fuel,LFPG,4215,45,asphalt,ILS,1,1,advanced,1,major,1,1,1,1,1,1,1,open,none,safe,civil,1,373.775146,2098,preferred,3.0,0,3,1.8059,1
S00454,EHAM,51.801838,5.490821,A319,narrow_body,2117,technical,1012,critical,0.75,675.0,675.0,1043.226712,aircraft_fuel,EGLL,3901,50,asphalt,ILS,1,1,advanced,1,major,1,1,1,1,1,1,1,open,none,safe,civil,1,412.209843,1784,preferred,4.0,0,5,1.6375,3
S00454,EHAM,51.801838,5.490821,A319,narrow_body,2117,technical,1012,critical,0.75,675.0,675.0,1043.226712,aircraft_fuel,EGKK,3317,45,asphalt,ILS,1,1,advanced,1,major,1,1,1,1,1,1,1,open,none,safe,civil,1,399.689204,1200,preferred,5.0,0,4,1.6888,6
S00454,EHAM,51.801838,5.490821,A319,narrow_body,2117,technical,1012,critical,0.75,675.0,675.0,1043.226712,aircraft_fuel,EGCC,3048,46,asphalt,ILS,1,1,advanced,1,major,1,1,1,1,1,1,1,open,none,safe,civil,1,552.055638,931,preferred,6.0,0,6,1.2227,8
S00454,EHAM,51.801838,5.490821,A319,narrow_body,2117,technical,1012,critical,0.75,675.0,675.0,1043.226712,aircraft_fuel,ENGM,3600,45,asphalt,ILS,1,1,advanced,1,major,1,1,1,1,1,1,1,open,none,safe,civil,0,995.355443,1483,extended,7.0,0,8,0.6781,5
S00454,EHAM,51.801838,5.490821,A319,narrow_body,2117,technical,1012,critical,0.75,675.0,675.0,1043.226712,aircraft_fuel,EIDW,3110,45,concrete,ILS,1,1,advanced,1,major,1,1,1,1,1,1,1,open,none,safe,civil,0,812.825896,993,extended,8.0,0,7,0.8304,7
S00457,UUEE,55.719879,37.443097,A320,narrow_body,2238,security,1038,normal,1.0,950.0,950.0,1440.311729,aircraft_fuel,UUEE,3700,60,concrete,ILS,1,1,advanced,1,major,1,1,1,1,1,1,1,open,none,caution,civil,0,28.644004,1462,preferred,1.0,1,1,33.1658,2
S00457,UUEE,55.719879,37.443097,A320,narrow_body,2238,security,1038,normal,1.0,950.0,950.0,1440.311729,aircraft_fuel,EFHK,3440,60,asphalt,ILS,1,1,advanced,1,major,1,1,1,1,1,1,1,open,none,safe,civil,0,893.073704,1202,preferred,2.0,0,3,1.0637,3
S00457,UUEE,55.719879,37.443097,A320,narrow_body,2238,security,1038,normal,1.0,950.0,950.0,1440.311729,aircraft_fuel,ULLI,3780,60,concrete,ILS,1,1,advanced,1,major,1,1,1,1,1,1,1,open,none,caution,civil,0,621.6646,1542,preferred,3.0,0,2,1.5282,1
S00457,UUEE,55.719879,37.443097,A320,narrow_body,2238,security,1038,normal,1.0,950.0,950.0,1440.311729,aircraft_fuel,ESSA,3301,45,asphalt,ILS,1,1,advanced,1,major,1,1,1,1,1,1,1,open,none,safe,civil,0,1233.958138,1063,extended,4.0,0,4,0.7699,4
S00458,OMAA,24.944099,53.710299,CRJ900,regional_jet,1861,security,635,critical,0.75,525.0,525.0,740.456384,aircraft_fuel,OMAA,4106,60,asphalt,ILS,1,1,advanced,1,major,1,1,1,1,1,1,1,open,none,safe,civil,0,110.127031,2245,preferred,1.0,1,1,4.7672,4
S00458,OMAA,24.944099,53.710299,CRJ900,regional_jet,1861,security,635,critical,0.75,525.0,525.0,740.456384,aircraft_fuel,OMDB,4447,60,asphalt,ILS,1,1,advanced,1,major,1,1,1,1,1,1,1,open,none,safe,civil,1,170.645376,2586,preferred,2.0,0,2,3.0766,2
S00458,OMAA,24.944099,53.710299,CRJ900,regional_jet,1861,security,635,critical,0.75,525.0,525.0,740.456384,aircraft_fuel,OTHH,4850,60,asphalt,ILS,1,1,advanced,1,major,1,1,1,1,1,1,1,open,none,safe,civil,0,214.804483,2989,preferred,3.0,0,3,2.4441,1
S00458,OMAA,24.944099,53.710299,CRJ900,regional_jet,1861,security,635,critical,0.75,525.0,525.0,740.456384,aircraft_fuel,OBBI,3956,60,asphalt,ILS,1,1,advanced,1,major,1,1,1,1,1,1,1,open,none,safe,civil,0,341.420376,2095,preferred,4.0,0,4,1.5377,6
S00458,OMAA,24.944099,53.710299,CRJ900,regional_jet,1861,security,635,critical,0.75,525.0,525.0,740.456384,aircraft_fuel,OOMS,4080,45,asphalt,ILS,1,1,advanced,1,major,1,1,1,1,1,1,1,open,none,safe,civil,0,487.189982,2219,preferred,5.0,0,5,1.0776,5
S00458,OMAA,24.944099,53.710299,CRJ900,regional_jet,1861,security,635,critical,0.75,525.0,525.0,740.456384,aircraft_fuel,OERK,4205,60,asphalt,ILS,1,1,advanced,1,major,1,1,1,1,1,1,1,open,none,safe,civil,0,706.802128,2344,extended,6.0,0,6,0.7428,3
S00460,LCLK,34.617133,33.809769,E175,regional_jet,1832,fuel,656,normal,1.0,750.0,656.0,1058.954007,emergency,LCLK,2987,45,asphalt,ILS,1,0,none,1,basic,1,0,1,1,1,1,1,open,none,safe,civil,0,33.288164,1155,preferred,1.0,1,1,19.7067,7
S00460,LCLK,34.617133,33.809769,E175,regional_jet,1832,fuel,656,normal,1.0,750.0,656.0,1058.954007,emergency,OJAI,3660,61,asphalt,ILS,1,1,advanced,1,major,1,1,1,1,1,1,1,open,none,safe,civil,0,380.619045,1828,preferred,2.0,0,2,1.7235,5
S00460,LCLK,34.617133,33.809769,E175,regional_jet,1832,fuel,656,normal,1.0,750.0,656.0,1058.954007,emergency,HECA,4000,60,asphalt,ILS,1,1,basic,1,major,1,1,1,1,1,1,1,open,none,safe,civil,0,549.823893,2168,preferred,3.0,0,3,1.1931,2
S00460,LCLK,34.617133,33.809769,E175,regional_jet,1832,fuel,656,normal,1.0,750.0,656.0,1058.954007,emergency,LTAC,3750,45,asphalt,ILS,1,1,advanced,1,major,1,1,1,1,1,1,1,open,none,safe,joint,0,616.996921,1918,preferred,4.0,0,4,1.0632,4
S00460,LCLK,34.617133,33.809769,E175,regional_jet,1832,fuel,656,normal,1.0,750.0,656.0,1058.954007,emergency,LTFM,4100,60,asphalt,ILS,1,1,advanced,1,major,1,1,1,1,1,1,0,open,none,safe,civil,0,863.49115,2268,extended,5.0,0,5,0.7597,1
S00460,LCLK,34.617133,33.809769,E175,regional_jet,1832,fuel,656,normal,1.0,750.0,656.0,1058.954007,emergency,LGAV,4000,45,asphalt,ILS,1,1,advanced,1,major,1,1,1,1,1,1,1,open,none,safe,civil,0,957.618306,2168,extended,6.0,0,6,0.685,2
S00460,LCLK,34.617133,33.809769,E175,regional_jet,1832,fuel,656,normal,1.0,750.0,656.0,1058.954007,emergency,HELX,3000,45,asphalt,RNAV,0,0,none,1,basic,1,0,1,0,0,1,1,open,none,safe,joint,0,1000.38144,1168,extended,7.0,0,7,0.6557,6
S00461,OJAI,31.790011,36.160403,A320,narrow_body,2476,weather,913,critical,0.75,712.5,712.5,1091.018837,aircraft_fuel,OJAI,3660,61,asphalt,ILS,1,1,advanced,1,major,1,1,1,1,1,1,1,open,none,safe,civil,0,17.495945,1184,preferred,1.0,1,1,40.7237,3
S00461,OJAI,31.790011,36.160403,A320,narrow_body,2476,weather,913,critical,0.75,712.5,712.5,1091.018837,aircraft_fuel,HECA,4000,60,asphalt,ILS,1,1,basic,1,major,1,1,1,1,1,1,1,open,none,safe,civil,0,491.058363,1524,preferred,2.0,0,3,1.4509,1
S00461,OJAI,31.790011,36.160403,A320,narrow_body,2476,weather,913,critical,0.75,712.5,712.5,1091.018837,aircraft_fuel,LCLK,2987,45,asphalt,ILS,1,0,none,1,basic,1,0,1,1,1,1,1,open,none,safe,civil,0,416.093042,511,preferred,3.0,0,2,1.7124,5
S00461,OJAI,31.790011,36.160403,A320,narrow_body,2476,weather,913,critical,0.75,712.5,712.5,1091.018837,aircraft_fuel,LTAC,3750,45,asphalt,ILS,1,1,advanced,1,major,1,1,1,1,1,1,1,open,none,safe,joint,0,969.742716,1274,extended,4.0,0,5,0.7347,2
S00461,OJAI,31.790011,36.160403,A320,narrow_body,2476,weather,913,critical,0.75,712.5,712.5,1091.018837,aircraft_fuel,HELX,3000,45,asphalt,RNAV,0,0,none,1,basic,1,0,1,0,0,1,1,open,none,safe,joint,0,759.043021,524,extended,5.0,0,4,0.9387,4
S00462,WMKK,2.872587,101.957891,A320,narrow_body,2272,fuel,727,normal,1.0,950.0,727.0,1266.725884,emergency,WMKK,4124,60,asphalt,ILS,1,1,advanced,1,major,1,1,1,1,1,1,1,open,none,safe,civil,0,30.942095,1852,preferred,1.0,1,1,23.4955,1
S00462,WMKK,2.872587,101.957891,A320,narrow_body,2272,fuel,727,normal,1.0,950.0,727.0,1266.725884,emergency,WSSS,4000,60,asphalt,ILS,1,1,advanced,1,major,1,1,1,1,1,1,1,open,none,safe,civil,1,282.565809,1728,preferred,2.0,0,2,2.5729,2
S00462,WMKK,2.872587,101.957891,A320,narrow_body,2272,fuel,727,normal,1.0,950.0,727.0,1266.725884,emergency,WIMM,3000,60,asphalt,RNAV,1,1,basic,1,basic,1,0,1,1,0,1,1,open,none,safe,civil,0,351.663603,728,preferred,3.0,0,3,2.0673,4
S00462,WMKK,2.872587,101.957891,A320,narrow_body,2272,fuel,727,normal,1.0,950.0,727.0,1266.725884,emergency,VTBS,4000,60,asphalt,ILS,1,1,advanced,1,major,1,1,1,1,1,1,1,open,none,safe,civil,0,1209.191973,1728,extended,4.0,0,4,0.6012,2
S00468,CYYZ,43.772298,-79.517383,A320,narrow_body,2269,technical,513,low,0.9,855.0,513.0,827.240924,emergency,CYYZ,3389,61,asphalt,ILS,1,1,advanced,1,major,1,1,1,1,1,1,1,open,none,safe,civil,1,13.995333,1120,preferred,1.0,1,1,36.6551,3
S00468,CYYZ,43.772298,-79.517383,A320,narrow_body,2269,technical,513,low,0.9,855.0,513.0,827.240924,emergency,KJFK,4423,61,asphalt,ILS,1,1,advanced,1,major,1,1,1,1,1,1,1,open,none,safe,civil,1,586.895925,2154,extended,2.0,0,2,0.8741,1
S00468,CYYZ,43.772298,-79.517383,A320,narrow_body,2269,technical,513,low,0.9,855.0,513.0,827.240924,emergency,KORD,3962,46,concrete,ILS,1,1,advanced,1,major,1,1,1,1,1,1,1,open,none,safe,civil,0,711.60913,1693,extended,3.0,0,3,0.7209,2
S00471,LPPT,39.000103,-9.725817,A380-800,very_large,3656,medical,995,normal,1.0,1600.0,995.0,1806.886565,emergency,LPPT,3707,45,asphalt,ILS,1,1,advanced,1,major,1,1,1,1,1,1,1,open,none,safe,civil,0,56.555049,51,preferred,1.0,1,1,17.5935,5
S00471,LPPT,39.000103,-9.725817,A380-800,very_large,3656,medical,995,normal,1.0,1600.0,995.0,1806.886565,emergency,LEMD,4350,60,asphalt,ILS,1,1,advanced,1,major,1,1,1,1,1,1,1,open,none,safe,civil,1,551.541056,694,preferred,2.0,0,2,1.804,1
S00471,LPPT,39.000103,-9.725817,A380-800,very_large,3656,medical,995,normal,1.0,1600.0,995.0,1806.886565,emergency,GMMN,3720,45,asphalt,ILS,1,1,advanced,1,major,1,1,1,1,1,1,1,open,none,safe,civil,0,654.934251,64,preferred,3.0,0,3,1.5192,4
S00471,LPPT,39.000103,-9.725817,A380-800,very_large,3656,medical,995,normal,1.0,1600.0,995.0,1806.886565,emergency,LFPG,4215,45,asphalt,ILS,1,1,advanced,1,major,1,1,1,1,1,1,1,open,none,safe,civil,1,1480.587773,559,extended,4.0,0,4,0.672,2
S00471,LPPT,39.000103,-9.725817,A380-800,very_large,3656,medical,995,normal,1.0,1600.0,995.0,1806.886565,emergency,EGLL,3901,50,asphalt,ILS,1,1,advanced,1,major,1,1,1,1,1,1,1,open,none,safe,civil,1,1562.133373,245,extended,5.0,0,5,0.6369,3
S00473,WIMM,3.317846,99.228664,B737 MAX 8,narrow_body,2398,medical,438,low,0.9,900.0,438.0,706.182096,emergency,WMKK,4124,60,asphalt,ILS,1,1,advanced,1,major,1,1,1,1,1,1,1,open,none,safe,civil,0,282.777139,1726,preferred,1.0,1,2,1.5489,1
S00473,WIMM,3.317846,99.228664,B737 MAX 8,narrow_body,2398,medical,438,low,0.9,900.0,438.0,706.182096,emergency,WIMM,3000,60,asphalt,RNAV,1,1,basic,1,basic,1,0,1,1,0,1,1,open,none,safe,civil,0,52.428813,602,preferred,2.0,0,1,8.3542,3
S00473,WIMM,3.317846,99.228664,B737 MAX 8,narrow_body,2398,medical,438,low,0.9,900.0,438.0,706.182096,emergency,WSSS,4000,60,asphalt,ILS,1,1,advanced,1,major,1,1,1,1,1,1,1,open,none,safe,civil,1,572.844945,1602,extended,3.0,0,3,0.7646,2
S00476,LFPG,49.013656,1.163895,B737 MAX 8,narrow_body,2490,fuel,572,critical,0.75,750.0,572.0,972.494025,emergency,LFPG,4215,45,asphalt,ILS,1,1,advanced,1,major,1,1,1,1,1,1,1,open,none,safe,civil,1,101.3942,1725,preferred,1.0,1,1,5.6413,1
S00476,LFPG,49.013656,1.163895,B737 MAX 8,narrow_body,2490,fuel,572,critical,0.75,750.0,572.0,972.494025,emergency,EGLL,3901,50,asphalt,ILS,1,1,advanced,1,major,1,1,1,1,1,1,1,open,none,safe,civil,1,296.59765,1411,preferred,2.0,0,3,1.9285,3
S00476,LFPG,49.013656,1.163895,B737 MAX 8,narrow_body,2490,fuel,572,critical,0.75,750.0,572.0,972.494025,emergency,EDDF,4000,60,asphalt,ILS,1,1,advanced,1,major,1,1,1,0,1,1,1,open,none,safe,civil,1,545.284879,1510,preferred,3.0,0,6,1.049,2
S00476,LFPG,49.013656,1.163895,B737 MAX 8,narrow_body,2490,fuel,572,critical,0.75,750.0,572.0,972.494025,emergency,EHAM,3800,60,asphalt,ILS,1,1,advanced,1,major,1,1,1,1,1,1,1,open,none,safe,civil,1,445.551537,1310,preferred,4.0,0,4,1.2838,4
S00476,LFPG,49.013656,1.163895,B737 MAX 8,narrow_body,2490,fuel,572,critical,0.75,750.0,572.0,972.494025,emergency,EGKK,3317,45,asphalt,ILS,1,1,advanced,1,major,1,1,1,1,1,1,1,open,none,safe,civil,1,256.187532,827,preferred,5.0,0,2,2.2327,5
S00476,LFPG,49.013656,1.163895,B737 MAX 8,narrow_body,2490,fuel,572,critical,0.75,750.0,572.0,972.494025,emergency,EGCC,3048,46,asphalt,ILS,1,1,advanced,1,major,1,1,1,1,1,1,1,open,none,safe,civil,1,538.686589,558,preferred,6.0,0,5,1.0618,7
S00476,LFPG,49.013656,1.163895,B737 MAX 8,narrow_body,2490,fuel,572,critical,0.75,750.0,572.0,972.494025,emergency,EIDW,3110,45,concrete,ILS,1,1,advanced,1,major,1,1,1,1,1,1,1,open,none,safe,civil,0,712.39372,620,extended,7.0,0,7,0.8029,6
S00477,VABB,19.264277,72.526742,A220-300,narrow_body,2089,fuel,761,low,0.9,855.0,761.0,1289.556653,emergency,VABB,3509,60,asphalt,ILS,1,1,advanced,1,major,1,1,1,1,1,1,1,open,none,safe,civil,1,40.803579,1420,preferred,1.0,1,1,18.6503,2
S00477,VABB,19.264277,72.526742,A220-300,narrow_body,2089,fuel,761,low,0.9,855.0,761.0,1289.556653,emergency,VIDP,4430,60,asphalt,ILS,1,1,advanced,1,major,1,1,1,1,1,1,1,open,none,safe,civil,1,1132.383722,2341,extended,2.0,0,3,0.672,1
S00477,VABB,19.264277,72.526742,A220-300,narrow_body,2089,fuel,761,low,0.9,855.0,761.0,1289.556653,emergency,OPKC,3400,46,concrete,RNAV,0,1,basic,1,basic,1,1,1,1,1,1,1,open,none,caution,civil,0,835.999483,1311,extended,3.0,0,2,0.9103,3
S00478,EGCC,53.669008,-1.147042,B787-9,wide_body,3022,mechanical,472,low,0.9,1260.0,472.0,871.46092,emergency,EGLL,3901,50,asphalt,ILS,1,1,advanced,1,major,1,1,1,1,1,1,1,open,none,safe,civil,1,248.804299,879,preferred,1.0,1,2,1.8971,3
S00478,EGCC,53.669008,-1.147042,B787-9,wide_body,3022,mechanical,472,low,0.9,1260.0,472.0,871.46092,emergency,EHAM,3800,60,asphalt,ILS,1,1,advanced,1,major,1,1,1,1,1,1,1,open,none,safe,civil,1,423.42746,778,preferred,2.0,0,5,1.1147,4
S00478,EGCC,53.669008,-1.147042,B787-9,wide_body,3022,mechanical,472,low,0.9,1260.0,472.0,871.46092,emergency,EGCC,3048,46,asphalt,ILS,1,1,advanced,1,major,1,1,1,1,1,1,1,open,none,safe,civil,1,82.408084,26,preferred,3.0,0,1,5.7276,7
S00478,EGCC,53.669008,-1.147042,B787-9,wide_body,3022,mechanical,472,low,0.9,1260.0,472.0,871.46092,emergency,EGKK,3317,45,asphalt,ILS,1,1,advanced,1,major,1,1,1,1,1,1,1,open,none,safe,civil,1,287.719394,295,preferred,4.0,0,3,1.6405,5
S00478,EGCC,53.669008,-1.147042,B787-9,wide_body,3022,mechanical,472,low,0.9,1260.0,472.0,871.46092,emergency,LFPG,4215,45,asphalt,ILS,1,1,advanced,1,major,1,1,1,1,1,1,1,open,none,safe,civil,1,578.258688,1193,extended,5.0,0,6,0.8162,1
S00478,EGCC,53.669008,-1.147042,B787-9,wide_body,3022,mechanical,472,low,0.9,1260.0,472.0,871.46092,emergency,EIDW,3110,45,concrete,ILS,1,1,advanced,1,major,1,1,1,1,1,1,1,open,none,safe,civil,0,338.908529,88,preferred,6.0,0,4,1.3927,6
S00478,EGCC,53.669008,-1.147042,B787-9,wide_body,3022,mechanical,472,low,0.9,1260.0,472.0,871.46092,emergency,EDDF,4000,60,asphalt,ILS,1,1,advanced,1,major,1,1,1,0,1,1,1,open,none,safe,civil,1,779.067558,978,extended,7.0,0,7,0.6059,2
S00485,WIMM,2.680067,98.566076,B737-800,narrow_body,2353,fuel,829,low,0.9,855.0,829.0,1375.763431,emergency,WMKK,4124,60,asphalt,ILS,1,1,advanced,1,major,1,1,1,1,1,1,1,open,none,safe,civil,0,349.272365,1771,preferred,1.0,1,2,2.3735,1
S00485,WIMM,2.680067,98.566076,B737-800,narrow_body,2353,fuel,829,low,0.9,855.0,829.0,1375.763431,emergency,WSSS,4000,60,asphalt,ILS,1,1,advanced,1,major,1,1,1,1,1,1,1,open,none,safe,civil,1,621.03319,1647,preferred,2.0,0,3,1.3349,2
S00485,WIMM,2.680067,98.566076,B737-800,narrow_body,2353,fuel,829,low,0.9,855.0,829.0,1375.763431,emergency,WIMM,3000,60,asphalt,RNAV,1,1,basic,1,basic,1,0,1,1,0,1,1,open,none,safe,civil,0,112.634594,647,preferred,3.0,0,1,7.3601,4
S00485,WIMM,2.680067,98.566076,B737-800,narrow_body,2353,fuel,829,low,0.9,855.0,829.0,1375.763431,emergency,VTBS,4000,60,asphalt,ILS,1,1,advanced,1,major,1,1,1,1,1,1,1,open,none,safe,civil,0,1246.512645,1647,extended,4.0,0,4,0.6651,2
S00488,OTHH,25.10418,52.352847,CRJ900,regional_jet,1722,technical,533,normal,1.0,700.0,533.0,832.084719,emergency,OTHH,4850,60,asphalt,ILS,1,1,advanced,1,major,1,1,1,1,1,1,1,open,none,safe,civil,0,77.258712,3128,preferred,1.0,1,1,6.8989,1
S00488,OTHH,25.10418,52.352847,CRJ900,regional_jet,1722,technical,533,normal,1.0,700.0,533.0,832.084719,emergency,OBBI,3956,60,asphalt,ILS,1,1,advanced,1,major,1,1,1,1,1,1,1,open,none,safe,civil,0,215.095667,2234,preferred,2.0,0,2,2.478,7
S00488,OTHH,25.10418,52.352847,CRJ900,regional_jet,1722,technical,533,normal,1.0,700.0,533.0,832.084719,emergency,OMAA,4106,60,asphalt,ILS,1,1,advanced,1,major,1,1,1,1,1,1,1,open,none,safe,civil,0,243.290744,2384,preferred,3.0,0,3,2.1908,5
S00488,OTHH,25.10418,52.352847,CRJ900,regional_jet,1722,technical,533,normal,1.0,700.0,533.0,832.084719,emergency,OMDB,4447,60,asphalt,ILS,1,1,advanced,1,major,1,1,1,1,1,1,1,open,none,safe,civil,1,304.144294,2725,preferred,4.0,0,4,1.7525,3
S00488,OTHH,25.10418,52.352847,CRJ900,regional_jet,1722,technical,533,normal,1.0,700.0,533.0,832.084719,emergency,OERK,4205,60,asphalt,ILS,1,1,advanced,1,major,1,1,1,1,1,1,1,open,none,safe,civil,0,569.845166,2483,extended,5.0,0,5,0.9353,4
S00488,OTHH,25.10418,52.352847,CRJ900,regional_jet,1722,technical,533,normal,1.0,700.0,533.0,832.084719,emergency,OOMS,4080,45,asphalt,ILS,1,1,advanced,1,major,1,1,1,1,1,1,1,open,none,safe,civil,0,623.727925,2358,extended,6.0,0,6,0.8545,6
S00488,OTHH,25.10418,52.352847,CRJ900,regional_jet,1722,technical,533,normal,1.0,700.0,533.0,832.084719,emergency,OKKK,4580,60,asphalt,ILS,1,1,advanced,1,major,1,1,1,1,1,1,1,open,none,safe,civil,0,630.686413,2858,extended,7.0,0,7,0.8451,2
S00490,ESSA,59.882073,19.387806,E175,regional_jet,1769,fuel,661,low,0.9,675.0,661.0,1014.797675,emergency,ESSA,3301,45,asphalt,ILS,1,1,advanced,1,major,1,1,1,1,1,1,1,open,none,safe,civil,0,85.717873,1532,preferred,1.0,1,1,7.7113,4
S00490,ESSA,59.882073,19.387806,E175,regional_jet,1769,fuel,661,low,0.9,675.0,661.0,1014.797675,emergency,EFHK,3440,60,asphalt,ILS,1,1,advanced,1,major,1,1,1,1,1,1,1,open,none,safe,civil,0,312.732596,1671,preferred,2.0,0,2,2.1136,3
S00490,ESSA,59.882073,19.387806,E175,regional_jet,1769,fuel,661,low,0.9,675.0,661.0,1014.797675,emergency,ENGM,3600,45,asphalt,ILS,1,1,advanced,1,major,1,1,1,1,1,1,1,open,none,safe,civil,0,461.227798,1831,preferred,3.0,0,3,1.4331,2
S00490,ESSA,59.882073,19.387806,E175,regional_jet,1769,fuel,661,low,0.9,675.0,661.0,1014.797675,emergency,ULLI,3780,60,concrete,ILS,1,1,advanced,1,major,1,1,1,1,1,1,1,open,none,caution,civil,0,606.891306,2011,preferred,4.0,0,4,1.0892,1
S00492,RCTP,24.503308,121.260583,E175,regional_jet,1757,security,1129,low,0.9,675.0,675.0,1126.659419,aircraft_fuel,RCTP,3660,60,concrete,ILS,1,1,advanced,1,major,1,1,1,1,1,1,1,open,none,safe,civil,0,63.930133,1903,preferred,1.0,1,1,10.5584,3
S00492,RCTP,24.503308,121.260583,E175,regional_jet,1757,security,1129,low,0.9,675.0,675.0,1126.659419,aircraft_fuel,ZSPD,4000,60,concrete,ILS,1,1,advanced,1,major,1,1,1,1,1,1,1,open,none,safe,civil,1,740.279047,2243,extended,2.0,0,2,0.9118,1
S00492,RCTP,24.503308,121.260583,E175,regional_jet,1757,security,1129,low,0.9,675.0,675.0,1126.659419,aircraft_fuel,RPLL,3737,60,concrete,ILS,1,1,basic,1,basic,1,1,1,1,1,1,1,open,none,caution,civil,0,1111.645866,1980,extended,3.0,0,3,0.6072,2
S00493,EIDW,54.063763,-6.14234,B737 MAX 8,narrow_body,2526,weather,1284,normal,1.0,1000.0,1000.0,1568.060032,aircraft_fuel,EIDW,3110,45,concrete,ILS,1,1,advanced,1,major,1,1,1,1,1,1,1,open,none,safe,civil,0,71.05222,584,preferred,1.0,1,1,14.0742,8
S00493,EIDW,54.063763,-6.14234,B737 MAX 8,narrow_body,2526,weather,1284,normal,1.0,1000.0,1000.0,1568.060032,aircraft_fuel,EGLL,3901,50,asphalt,ILS,1,1,advanced,1,major,1,1,1,1,1,1,1,open,none,safe,civil,1,478.605502,1375,preferred,2.0,0,3,2.0894,4
S00493,EIDW,54.063763,-6.14234,B737 MAX 8,narrow_body,2526,weather,1284,normal,1.0,1000.0,1000.0,1568.060032,aircraft_fuel,LFPG,4215,45,asphalt,ILS,1,1,advanced,1,major,1,1,1,1,1,1,1,open,none,safe,civil,1,822.154397,1689,preferred,3.0,0,6,1.2163,2
S00493,EIDW,54.063763,-6.14234,B737 MAX 8,narrow_body,2526,weather,1284,normal,1.0,1000.0,1000.0,1568.060032,aircraft_fuel,EHAM,3800,60,asphalt,ILS,1,1,advanced,1,major,1,1,1,1,1,1,1,open,none,safe,civil,1,751.577907,1274,preferred,4.0,0,5,1.3305,5
S00493,EIDW,54.063763,-6.14234,B737 MAX 8,narrow_body,2526,weather,1284,normal,1.0,1000.0,1000.0,1568.060032,aircraft_fuel,EGCC,3048,46,asphalt,ILS,1,1,advanced,1,major,1,1,1,1,1,1,1,open,none,safe,civil,1,266.455762,522,preferred,5.0,0,2,3.753,10
S00493,EIDW,54.063763,-6.14234,B737 MAX 8,narrow_body,2526,weather,1284,normal,1.0,1000.0,1000.0,1568.060032,aircraft_fuel,EGKK,3317,45,asphalt,ILS,1,1,advanced,1,major,1,1,1,1,1,1,1,open,none,safe,civil,1,516.284798,791,preferred,6.0,0,4,1.9369,7
S00493,EIDW,54.063763,-6.14234,B737 MAX 8,narrow_body,2526,weather,1284,normal,1.0,1000.0,1000.0,1568.060032,aircraft_fuel,EDDF,4000,60,asphalt,ILS,1,1,advanced,1,major,1,1,1,0,1,1,1,open,none,safe,civil,1,1098.339595,1474,extended,7.0,0,7,0.9105,3
S00493,EIDW,54.063763,-6.14234,B737 MAX 8,narrow_body,2526,weather,1284,normal,1.0,1000.0,1000.0,1568.060032,aircraft_fuel,LEMD,4350,60,asphalt,ILS,1,1,advanced,1,major,1,1,1,1,1,1,1,open,none,safe,civil,1,1521.096621,1824,extended,8.0,0,10,0.6574,1
S00493,EIDW,54.063763,-6.14234,B737 MAX 8,narrow_body,2526,weather,1284,normal,1.0,1000.0,1000.0,1568.060032,aircraft_fuel,ENGM,3600,45,asphalt,ILS,1,1,advanced,1,major,1,1,1,1,1,1,1,open,none,safe,civil,0,1238.274676,1074,extended,9.0,0,8,0.8076,6
S00493,EIDW,54.063763,-6.14234,B737 MAX 8,narrow_body,2526,weather,1284,normal,1.0,1000.0,1000.0,1568.060032,aircraft_fuel,BIKF,3065,60,asphalt,RNAV,0,1,basic,1,basic,1,0,1,1,1,1,1,open,none,safe,joint,0,1442.073981,539,extended,10.0,0,9,0.6934,9
S00497,VABB,18.273957,73.357996,A350-900,wide_body,3069,fuel,918,low,0.9,1350.0,918.0,1685.924652,emergency,VABB,3509,60,asphalt,ILS,1,1,advanced,1,major,1,1,1,1,1,1,1,open,none,safe,civil,1,104.271768,440,preferred,1.0,1,1,8.8039,3
S00497,VABB,18.273957,73.357996,A350-900,wide_body,3069,fuel,918,low,0.9,1350.0,918.0,1685.924652,emergency,VIDP,4430,60,asphalt,ILS,1,1,advanced,1,major,1,1,1,1,1,1,1,open,none,safe,civil,1,1204.93359,1361,extended,2.0,0,3,0.7619,1
S00497,VABB,18.273957,73.357996,A350-900,wide_body,3069,fuel,918,low,0.9,1350.0,918.0,1685.924652,emergency,OOMS,4080,45,asphalt,ILS,1,1,advanced,1,major,1,1,1,1,1,1,1,open,none,safe,civil,0,1672.340862,1011,extended,3.0,0,6,0.5489,2
S00497,VABB,18.273957,73.357996,A350-900,wide_body,3069,fuel,918,low,0.9,1350.0,918.0,1685.924652,emergency,OPKC,3400,46,concrete,RNAV,0,1,basic,1,basic,1,1,1,1,1,1,1,open,none,caution,civil,0,976.598766,331,extended,4.0,0,2,0.94,4
S00497,VABB,18.273957,73.357996,A350-900,wide_body,3069,fuel,918,low,0.9,1350.0,918.0,1685.924652,emergency,OPLA,3360,46,concrete,RNAV,0,0,none,1,basic,1,0,1,1,1,1,1,open,none,caution,civil,0,1476.813355,291,extended,5.0,0,4,0.6216,5
S00497,VABB,18.273957,73.357996,A350-900,wide_body,3069,fuel,918,low,0.9,1350.0,918.0,1685.924652,emergency,VNKT,3350,45,asphalt,VOR,0,0,none,0,none,0,0,1,1,1,1,1,open,none,caution,civil,0,1612.740177,281,extended,6.0,0,5,0.5692,6
S00500,LTFM,41.183132,28.518615,E170,regional_jet,1771,medical,1046,normal,1.0,700.0,700.0,1138.137038,aircraft_fuel,LTFM,4100,60,asphalt,ILS,1,1,advanced,1,major,1,1,1,1,1,1,0,open,none,safe,civil,0,20.564798,2329,preferred,1.0,1,1,34.0387,1
S00500,LTFM,41.183132,28.518615,E170,regional_jet,1771,medical,1046,normal,1.0,700.0,700.0,1138.137038,aircraft_fuel,LGAV,4000,45,asphalt,ILS,1,1,advanced,1,major,1,1,1,1,1,1,1,open,none,safe,civil,0,532.859024,2229,preferred,2.0,0,3,1.3137,2
S00500,LTFM,41.183132,28.518615,E170,regional_jet,1771,medical,1046,normal,1.0,700.0,700.0,1138.137038,aircraft_fuel,LTAC,3750,45,asphalt,ILS,1,1,advanced,1,major,1,1,1,1,1,1,1,open,none,safe,joint,0,395.369681,1979,preferred,3.0,0,2,1.7705,3
S00506,ENGM,59.882458,11.546559,E190,regional_jet,1813,operational_constraints,677,low,0.9,720.0,677.0,1027.761449,emergency,ENGM,3600,45,asphalt,ILS,1,1,advanced,1,major,1,1,1,1,1,1,1,open,none,safe,civil,0,42.581264,1787,preferred,1.0,1,1,15.899,2
S00506,ENGM,59.882458,11.546559,E190,regional_jet,1813,operational_constraints,677,low,0.9,720.0,677.0,1027.761449,emergency,ESSA,3301,45,asphalt,ILS,1,1,advanced,1,major,1,1,1,1,1,1,1,open,none,safe,civil,0,358.156506,1488,preferred,2.0,0,2,1.8902,4
S00506,ENGM,59.882458,11.546559,E190,regional_jet,1813,operational_constraints,677,low,0.9,720.0,677.0,1027.761449,emergency,EFHK,3440,60,asphalt,ILS,1,1,advanced,1,major,1,1,1,1,1,1,1,open,none,safe,civil,0,743.958278,1627,extended,3.0,0,3,0.91,3
S00506,ENGM,59.882458,11.546559,E190,regional_jet,1813,operational_constraints,677,low,0.9,720.0,677.0,1027.761449,emergency,EHAM,3800,60,asphalt,ILS,1,1,advanced,1,major,1,1,1,1,1,1,1,open,none,safe,civil,1,940.283109,1987,extended,4.0,0,4,0.72,1
S00508,WSSS,2.297517,105.255141,A350-900,wide_body,3041,fuel,850,normal,1.0,1500.0,850.0,1470.053971,emergency,WSSS,4000,60,asphalt,ILS,1,1,advanced,1,major,1,1,1,1,1,1,1,open,none,safe,civil,1,175.330462,959,preferred,1.0,1,1,4.848,2
S00508,WSSS,2.297517,105.255141,A350-900,wide_body,3041,fuel,850,normal,1.0,1500.0,850.0,1470.053971,emergency,WMKK,4124,60,asphalt,ILS,1,1,advanced,1,major,1,1,1,1,1,1,1,open,none,safe,civil,0,396.958006,1083,preferred,2.0,0,2,2.1413,1
S00508,WSSS,2.297517,105.255141,A350-900,wide_body,3041,fuel,850,normal,1.0,1500.0,850.0,1470.053971,emergency,VTBS,4000,60,asphalt,ILS,1,1,advanced,1,major,1,1,1,1,1,1,1,open,none,safe,civil,0,1359.341397,959,extended,3.0,0,3,0.6253,2
S00510,LIRF,41.497496,12.863382,A330-300,wide_body,3052,security,911,normal,1.0,1300.0,911.0,1661.157462,emergency,LIRF,3902,60,asphalt,ILS,1,1,basic,1,major,1,1,1,1,1,1,1,open,none,safe,civil,1,61.203931,850,preferred,1.0,1,1,14.8847,6
S00510,LIRF,41.497496,12.863382,A330-300,wide_body,3052,security,911,normal,1.0,1300.0,911.0,1661.157462,emergency,LEMD,4350,60,asphalt,ILS,1,1,advanced,1,major,1,1,1,1,1,1,1,open,none,safe,civil,1,1381.787791,1298,extended,2.0,0,9,0.6593,1
S00510,LIRF,41.497496,12.863382,A330-300,wide_body,3052,security,911,normal,1.0,1300.0,911.0,1661.157462,emergency,LFPG,4215,45,asphalt,ILS,1,1,advanced,1,major,1,1,1,1,1,1,1,open,none,safe,civil,1,1159.390622,1163,extended,3.0,0,6,0.7858,2
S00510,LIRF,41.497496,12.863382,A330-300,wide_body,3052,security,911,normal,1.0,1300.0,911.0,1661.157462,emergency,DTTA,3200,45,asphalt,RNAV,0,1,basic,1,basic,1,0,1,1,1,1,1,open,none,safe,civil,0,564.35385,148,preferred,4.0,0,2,1.6142,11
S00510,LIRF,41.497496,12.863382,A330-300,wide_body,3052,security,911,normal,1.0,1300.0,911.0,1661.157462,emergency,EDDF,4000,60,asphalt,ILS,1,1,advanced,1,major,1,1,1,0,1,1,1,open,none,safe,civil,1,1005.044368,948,extended,5.0,0,4,0.9064,4
S00510,LIRF,41.497496,12.863382,A330-300,wide_body,3052,security,911,normal,1.0,1300.0,911.0,1661.157462,emergency,LGAV,4000,45,asphalt,ILS,1,1,advanced,1,major,1,1,1,1,1,1,1,open,none,safe,civil,0,1026.194987,948,extended,6.0,0,5,0.8877,4
S00510,LIRF,41.497496,12.863382,A330-300,wide_body,3052,security,911,normal,1.0,1300.0,911.0,1661.157462,emergency,LTFM,4100,60,asphalt,ILS,1,1,advanced,1,major,1,1,1,1,1,1,0,open,none,safe,civil,0,1322.243265,1048,extended,7.0,0,7,0.689,3
S00510,LIRF,41.497496,12.863382,A330-300,wide_body,3052,security,911,normal,1.0,1300.0,911.0,1661.157462,emergency,EGLL,3901,50,asphalt,ILS,1,1,advanced,1,major,1,1,1,1,1,1,1,open,none,safe,civil,1,1502.177966,849,extended,8.0,0,11,0.6065,7
S00510,LIRF,41.497496,12.863382,A330-300,wide_body,3052,security,911,normal,1.0,1300.0,911.0,1661.157462,emergency,EHAM,3800,60,asphalt,ILS,1,1,advanced,1,major,1,1,1,1,1,1,1,open,none,safe,civil,1,1348.502784,748,extended,9.0,0,8,0.6756,8
S00510,LIRF,41.497496,12.863382,A330-300,wide_body,3052,security,911,normal,1.0,1300.0,911.0,1661.157462,emergency,DAAG,3500,60,asphalt,RNAV,0,1,basic,1,basic,1,1,1,1,1,1,0,open,none,safe,civil,0,988.323869,448,extended,10.0,0,3,0.9218,9
S00510,LIRF,41.497496,12.863382,A330-300,wide_body,3052,security,911,normal,1.0,1300.0,911.0,1661.157462,emergency,EGKK,3317,45,asphalt,ILS,1,1,advanced,1,major,1,1,1,1,1,1,1,open,none,safe,civil,1,1464.005662,265,extended,11.0,0,10,0.6223,10
S00511,OKKK,28.997268,47.564876,B747-8,very_large,3665,fuel,677,critical,0.75,1162.5,677.0,1221.860928,emergency,OKKK,4580,60,asphalt,ILS,1,1,advanced,1,major,1,1,1,1,1,1,1,open,none,safe,civil,0,46.753742,915,preferred,1.0,1,1,14.4801,2
S00511,OKKK,28.997268,47.564876,B747-8,very_large,3665,fuel,677,critical,0.75,1162.5,677.0,1221.860928,emergency,OTHH,4850,60,asphalt,ILS,1,1,advanced,1,major,1,1,1,1,1,1,1,open,none,safe,civil,0,575.71958,1185,preferred,2.0,0,4,1.1759,1
S00511,OKKK,28.997268,47.564876,B747-8,very_large,3665,fuel,677,critical,0.75,1162.5,677.0,1221.860928,emergency,OERK,4205,60,asphalt,ILS,1,1,advanced,1,major,1,1,1,1,1,1,1,open,none,safe,civil,0,457.310085,540,preferred,3.0,0,3,1.4804,4
S00511,OKKK,28.997268,47.564876,B747-8,very_large,3665,fuel,677,critical,0.75,1162.5,677.0,1221.860928,emergency,OBBI,3956,60,asphalt,ILS,1,1,advanced,1,major,1,1,1,1,1,1,1,open,none,safe,civil,0,428.651592,291,preferred,4.0,0,2,1.5794,6
S00511,OKKK,28.997268,47.564876,B747-8,very_large,3665,fuel,677,critical,0.75,1162.5,677.0,1221.860928,emergency,OMDB,4447,60,asphalt,ILS,1,1,advanced,1,major,1,1,1,1,1,1,1,open,none,safe,civil,1,877.433176,782,extended,5.0,0,6,0.7716,3
S00511,OKKK,28.997268,47.564876,B747-8,very_large,3665,fuel,677,critical,0.75,1162.5,677.0,1221.860928,emergency,OMAA,4106,60,asphalt,ILS,1,1,advanced,1,major,1,1,1,1,1,1,1,open,none,safe,civil,0,866.712609,441,extended,6.0,0,5,0.7811,5
S00513,EGKK,51.383362,0.206698,A319,narrow_body,2157,mechanical,829,normal,1.0,900.0,829.0,1319.058857,emergency,EGLL,3901,50,asphalt,ILS,1,1,advanced,1,major,1,1,1,1,1,1,1,open,none,safe,civil,1,47.226908,1744,preferred,1.0,1,2,17.5536,4
S00513,EGKK,51.383362,0.206698,A319,narrow_body,2157,mechanical,829,normal,1.0,900.0,829.0,1319.058857,emergency,EGKK,3317,45,asphalt,ILS,1,1,advanced,1,major,1,1,1,1,1,1,1,open,none,safe,civil,1,37.763682,1160,preferred,2.0,0,1,21.9523,7
S00513,EGKK,51.383362,0.206698,A319,narrow_body,2157,mechanical,829,normal,1.0,900.0,829.0,1319.058857,emergency,LFPG,4215,45,asphalt,ILS,1,1,advanced,1,major,1,1,1,1,1,1,1,open,none,safe,civil,1,312.417492,2058,preferred,3.0,0,4,2.6535,2
S00513,EGKK,51.383362,0.206698,A319,narrow_body,2157,mechanical,829,normal,1.0,900.0,829.0,1319.058857,emergency,EHAM,3800,60,asphalt,ILS,1,1,advanced,1,major,1,1,1,1,1,1,1,open,none,safe,civil,1,329.455411,1643,preferred,4.0,0,5,2.5163,5
S00513,EGKK,51.383362,0.206698,A319,narrow_body,2157,mechanical,829,normal,1.0,900.0,829.0,1319.058857,emergency,EDDF,4000,60,asphalt,ILS,1,1,advanced,1,major,1,1,1,0,1,1,1,open,none,safe,civil,1,606.796397,1843,preferred,5.0,0,7,1.3662,3
S00513,EGKK,51.383362,0.206698,A319,narrow_body,2157,mechanical,829,normal,1.0,900.0,829.0,1319.058857,emergency,EGCC,3048,46,asphalt,ILS,1,1,advanced,1,major,1,1,1,1,1,1,1,open,none,safe,civil,1,276.354248,891,preferred,6.0,0,3,2.9998,9
S00513,EGKK,51.383362,0.206698,A319,narrow_body,2157,mechanical,829,normal,1.0,900.0,829.0,1319.058857,emergency,EIDW,3110,45,concrete,ILS,1,1,advanced,1,major,1,1,1,1,1,1,1,open,none,safe,civil,0,493.997831,953,preferred,7.0,0,6,1.6781,8
S00513,EGKK,51.383362,0.206698,A319,narrow_body,2157,mechanical,829,normal,1.0,900.0,829.0,1319.058857,emergency,LEMD,4350,60,asphalt,ILS,1,1,advanced,1,major,1,1,1,1,1,1,1,open,none,safe,civil,1,1245.227336,2193,extended,8.0,0,9,0.6657,1
S00513,EGKK,51.383362,0.206698,A319,narrow_body,2157,mechanical,829,normal,1.0,900.0,829.0,1319.058857,emergency,ENGM,3600,45,asphalt,ILS,1,1,advanced,1,major,1,1,1,1,1,1,1,open,none,safe,civil,0,1189.886459,1443,extended,9.0,0,8,0.6967,6
S00514,OERK,24.9911,47.085828,A330-300,wide_body,2959,weather,1106,normal,1.0,1300.0,1106.0,1972.448242,emergency,OERK,4205,60,asphalt,ILS,1,1,advanced,1,major,1,1,1,1,1,1,1,open,none,safe,civil,0,39.189118,1246,preferred,1.0,1,1,28.2221,4
S00514,OERK,24.9911,47.085828,A330-300,wide_body,2959,weather,1106,normal,1.0,1300.0,1106.0,1972.448242,emergency,OTHH,4850,60,asphalt,ILS,1,1,advanced,1,major,1,1,1,1,1,1,1,open,none,safe,civil,0,456.300973,1891,preferred,2.0,0,3,2.4238,1
S00514,OERK,24.9911,47.085828,A330-300,wide_body,2959,weather,1106,normal,1.0,1300.0,1106.0,1972.448242,emergency,OKKK,4580,60,asphalt,ILS,1,1,advanced,1,major,1,1,1,1,1,1,1,open,none,safe,civil,0,478.787327,1621,preferred,3.0,0,4,2.31,2
S00514,OERK,24.9911,47.085828,A330-300,wide_body,2959,weather,1106,normal,1.0,1300.0,1106.0,1972.448242,emergency,OMDB,4447,60,asphalt,ILS,1,1,advanced,1,major,1,1,1,1,1,1,1,open,none,safe,civil,1,834.49578,1488,preferred,4.0,0,6,1.3254,3
S00514,OERK,24.9911,47.085828,A330-300,wide_body,2959,weather,1106,normal,1.0,1300.0,1106.0,1972.448242,emergency,OBBI,3956,60,asphalt,ILS,1,1,advanced,1,major,1,1,1,1,1,1,1,open,none,safe,civil,0,383.298982,997,preferred,5.0,0,2,2.8855,8
S00514,OERK,24.9911,47.085828,A330-300,wide_body,2959,weather,1106,normal,1.0,1300.0,1106.0,1972.448242,emergency,OMAA,4106,60,asphalt,ILS,1,1,advanced,1,major,1,1,1,1,1,1,1,open,none,safe,civil,0,766.312124,1147,preferred,6.0,0,5,1.4433,5
S00514,OERK,24.9911,47.085828,A330-300,wide_body,2959,weather,1106,normal,1.0,1300.0,1106.0,1972.448242,emergency,OOMS,4080,45,asphalt,ILS,1,1,advanced,1,major,1,1,1,1,1,1,1,open,none,safe,civil,0,1145.168268,1121,extended,7.0,0,7,0.9658,6
S00514,OERK,24.9911,47.085828,A330-300,wide_body,2959,weather,1106,normal,1.0,1300.0,1106.0,1972.448242,emergency,HECA,4000,60,asphalt,ILS,1,1,basic,1,major,1,1,1,1,1,1,1,open,none,safe,civil,0,1646.326482,1041,extended,8.0,0,10,0.6718,7
S00514,OERK,24.9911,47.085828,A330-300,wide_body,2959,weather,1106,normal,1.0,1300.0,1106.0,1972.448242,emergency,OJAI,3660,61,asphalt,ILS,1,1,advanced,1,major,1,1,1,1,1,1,1,open,none,safe,civil,0,1317.219683,701,extended,9.0,0,8,0.8396,9
S00514,OERK,24.9911,47.085828,A330-300,wide_body,2959,weather,1106,normal,1.0,1300.0,1106.0,1972.448242,emergency,LCLK,2987,45,asphalt,ILS,1,0,none,1,basic,1,0,1,1,1,1,1,open,none,safe,civil,0,1697.108493,28,extended,10.0,0,11,0.6517,11
S00514,OERK,24.9911,47.085828,A330-300,wide_body,2959,weather,1106,normal,1.0,1300.0,1106.0,1972.448242,emergency,HELX,3000,45,asphalt,RNAV,0,0,none,1,basic,1,0,1,0,0,1,1,open,none,safe,joint,0,1446.429721,41,extended,11.0,0,9,0.7646,10
S00515,LFPG,48.476863,2.98704,B767-300ER,wide_body,3037,medical,693,low,0.9,1125.0,693.0,1050.869975,emergency,LFPG,4215,45,asphalt,ILS,1,1,advanced,1,major,1,1,1,1,1,1,1,open,none,safe,civil,1,67.144292,1178,preferred,1.0,1,1,10.3211,2
S00515,LFPG,48.476863,2.98704,B767-300ER,wide_body,3037,medical,693,low,0.9,1125.0,693.0,1050.869975,emergency,EDDF,4000,60,asphalt,ILS,1,1,advanced,1,major,1,1,1,0,1,1,1,open,none,safe,civil,1,439.4211,963,preferred,2.0,0,4,1.5771,3
S00515,LFPG,48.476863,2.98704,B767-300ER,wide_body,3037,medical,693,low,0.9,1125.0,693.0,1050.869975,emergency,EGLL,3901,50,asphalt,ILS,1,1,advanced,1,major,1,1,1,1,1,1,1,open,none,safe,civil,1,414.133342,864,preferred,3.0,0,3,1.6734,5
S00515,LFPG,48.476863,2.98704,B767-300ER,wide_body,3037,medical,693,low,0.9,1125.0,693.0,1050.869975,emergency,EHAM,3800,60,asphalt,ILS,1,1,advanced,1,major,1,1,1,1,1,1,1,open,none,safe,civil,1,444.261964,763,preferred,4.0,0,5,1.5599,6
S00515,LFPG,48.476863,2.98704,B767-300ER,wide_body,3037,medical,693,low,0.9,1125.0,693.0,1050.869975,emergency,EGKK,3317,45,asphalt,ILS,1,1,advanced,1,major,1,1,1,1,1,1,1,open,none,safe,civil,1,374.217161,280,preferred,5.0,0,2,1.8519,7
S00515,LFPG,48.476863,2.98704,B767-300ER,wide_body,3037,medical,693,low,0.9,1125.0,693.0,1050.869975,emergency,LEMD,4350,60,asphalt,ILS,1,1,advanced,1,major,1,1,1,1,1,1,1,open,none,safe,civil,1,1028.083683,1313,extended,6.0,0,8,0.6741,1
S00515,LFPG,48.476863,2.98704,B767-300ER,wide_body,3037,medical,693,low,0.9,1125.0,693.0,1050.869975,emergency,LIRF,3902,60,asphalt,ILS,1,1,basic,1,major,1,1,1,1,1,1,1,open,none,safe,civil,1,1037.082759,865,extended,7.0,0,9,0.6682,4
S00515,LFPG,48.476863,2.98704,B767-300ER,wide_body,3037,medical,693,low,0.9,1125.0,693.0,1050.869975,emergency,EGCC,3048,46,asphalt,ILS,1,1,advanced,1,major,1,1,1,1,1,1,1,open,none,safe,civil,1,655.469126,11,preferred,8.0,0,6,1.0573,9
S00515,LFPG,48.476863,2.98704,B767-300ER,wide_body,3037,medical,693,low,0.9,1125.0,693.0,1050.869975,emergency,EIDW,3110,45,concrete,ILS,1,1,advanced,1,major,1,1,1,1,1,1,1,open,none,safe,civil,0,849.082263,73,extended,9.0,0,7,0.8162,8
S00516,OMDB,25.090143,55.367925,B787-9,wide_body,2846,mechanical,470,low,0.9,1260.0,470.0,846.685121,emergency,OMDB,4447,60,asphalt,ILS,1,1,advanced,1,major,1,1,1,1,1,1,1,open,none,safe,civil,1,17.75462,1601,preferred,1.0,1,1,26.472,2
S00516,OMDB,25.090143,55.367925,B787-9,wide_body,2846,mechanical,470,low,0.9,1260.0,470.0,846.685121,emergency,OMAA,4106,60,asphalt,ILS,1,1,advanced,1,major,1,1,1,1,1,1,1,open,none,safe,civil,0,102.353459,1260,preferred,2.0,0,2,4.5919,3
S00516,OMDB,25.090143,55.367925,B787-9,wide_body,2846,mechanical,470,low,0.9,1260.0,470.0,846.685121,emergency,OTHH,4850,60,asphalt,ILS,1,1,advanced,1,major,1,1,1,1,1,1,1,open,none,safe,civil,0,378.879507,2004,preferred,3.0,0,4,1.2405,1
S00516,OMDB,25.090143,55.367925,B787-9,wide_body,2846,mechanical,470,low,0.9,1260.0,470.0,846.685121,emergency,OOMS,4080,45,asphalt,ILS,1,1,advanced,1,major,1,1,1,1,1,1,1,open,none,safe,civil,0,338.799066,1234,preferred,4.0,0,3,1.3873,4
S00516,OMDB,25.090143,55.367925,B787-9,wide_body,2846,mechanical,470,low,0.9,1260.0,470.0,846.685121,emergency,OBBI,3956,60,asphalt,ILS,1,1,advanced,1,major,1,1,1,1,1,1,1,open,none,safe,civil,0,491.738048,1110,extended,5.0,0,5,0.9558,5
S00518,LIRF,41.399066,11.497344,B737-800,narrow_body,2405,technical,869,critical,0.75,712.5,712.5,1115.044083,aircraft_fuel,LIRF,3902,60,asphalt,ILS,1,1,basic,1,major,1,1,1,1,1,1,1,open,none,safe,civil,1,77.266108,1497,preferred,1.0,1,1,9.2214,3
S00518,LIRF,41.399066,11.497344,B737-800,narrow_body,2405,technical,869,critical,0.75,712.5,712.5,1115.044083,aircraft_fuel,DTTA,3200,45,asphalt,RNAV,0,1,basic,1,basic,1,0,1,1,1,1,1,open,none,safe,civil,0,517.435817,795,preferred,2.0,0,2,1.377,5
S00518,LIRF,41.399066,11.497344,B737-800,narrow_body,2405,technical,869,critical,0.75,712.5,712.5,1115.044083,aircraft_fuel,EDDF,4000,60,asphalt,ILS,1,1,advanced,1,major,1,1,1,0,1,1,1,open,none,safe,civil,1,985.904551,1595,extended,3.0,0,4,0.7227,2
S00518,LIRF,41.399066,11.497344,B737-800,narrow_body,2405,technical,869,critical,0.75,712.5,712.5,1115.044083,aircraft_fuel,LFPG,4215,45,asphalt,ILS,1,1,advanced,1,major,1,1,1,1,1,1,1,open,none,safe,civil,1,1097.057907,1810,extended,4.0,0,5,0.6495,1
S00518,LIRF,41.399066,11.497344,B737-800,narrow_body,2405,technical,869,critical,0.75,712.5,712.5,1115.044083,aircraft_fuel,DAAG,3500,60,asphalt,RNAV,0,1,basic,1,basic,1,1,1,1,1,1,0,open,none,safe,civil,0,885.525333,1095,extended,5.0,0,3,0.8046,4
S00519,LTFM,40.846296,28.147004,B737-800,narrow_body,2304,technical,1150,normal,1.0,950.0,950.0,1619.279188,aircraft_fuel,LTFM,4100,60,asphalt,ILS,1,1,advanced,1,major,1,1,1,1,1,1,0,open,none,safe,civil,0,68.394513,1796,preferred,1.0,1,1,13.89,1
S00519,LTFM,40.846296,28.147004,B737-800,narrow_body,2304,technical,1150,normal,1.0,950.0,950.0,1619.279188,aircraft_fuel,LGAV,4000,45,asphalt,ILS,1,1,advanced,1,major,1,1,1,1,1,1,1,open,none,safe,civil,0,484.777426,1696,preferred,2.0,0,3,1.9597,2
S00519,LTFM,40.846296,28.147004,B737-800,narrow_body,2304,technical,1150,normal,1.0,950.0,950.0,1619.279188,aircraft_fuel,LTAC,3750,45,asphalt,ILS,1,1,advanced,1,major,1,1,1,1,1,1,1,open,none,safe,joint,0,417.646568,1446,preferred,3.0,0,2,2.2747,5
S00519,LTFM,40.846296,28.147004,B737-800,narrow_body,2304,technical,1150,normal,1.0,950.0,950.0,1619.279188,aircraft_fuel,HECA,4000,60,asphalt,ILS,1,1,basic,1,major,1,1,1,1,1,1,1,open,none,safe,civil,0,1229.122325,1696,extended,4.0,0,5,0.7729,2
S00519,LTFM,40.846296,28.147004,B737-800,narrow_body,2304,technical,1150,normal,1.0,950.0,950.0,1619.279188,aircraft_fuel,LIRF,3902,60,asphalt,ILS,1,1,basic,1,major,1,1,1,1,1,1,1,open,none,safe,civil,1,1329.661159,1598,extended,5.0,0,7,0.7145,4
S00519,LTFM,40.846296,28.147004,B737-800,narrow_body,2304,technical,1150,normal,1.0,950.0,950.0,1619.279188,aircraft_fuel,LCLK,2987,45,asphalt,ILS,1,0,none,1,basic,1,0,1,1,1,1,1,open,none,safe,civil,0,819.426736,683,preferred,6.0,0,4,1.1593,8
S00519,LTFM,40.846296,28.147004,B737-800,narrow_body,2304,technical,1150,normal,1.0,950.0,950.0,1619.279188,aircraft_fuel,OJAI,3660,61,asphalt,ILS,1,1,advanced,1,major,1,1,1,1,1,1,1,open,none,safe,civil,0,1233.214114,1356,extended,7.0,0,6,0.7703,6
S00519,LTFM,40.846296,28.147004,B737-800,narrow_body,2304,technical,1150,normal,1.0,950.0,950.0,1619.279188,aircraft_fuel,DTTA,3200,45,asphalt,RNAV,0,1,basic,1,basic,1,0,1,1,1,1,1,open,none,safe,civil,0,1610.881326,896,extended,8.0,0,8,0.5897,7
S00522,WMKK,2.460105,101.775454,B737-800,narrow_body,2303,technical,656,normal,1.0,950.0,656.0,1071.196965,emergency,WMKK,4124,60,asphalt,ILS,1,1,advanced,1,major,1,1,1,1,1,1,1,open,none,safe,civil,0,32.565402,1821,preferred,1.0,1,1,20.1441,1
S00522,WMKK,2.460105,101.775454,B737-800,narrow_body,2303,technical,656,normal,1.0,950.0,656.0,1071.196965,emergency,WSSS,4000,60,asphalt,ILS,1,1,advanced,1,major,1,1,1,1,1,1,1,open,none,safe,civil,1,275.715801,1697,preferred,2.0,0,2,2.3793,2
S00522,WMKK,2.460105,101.775454,B737-800,narrow_body,2303,technical,656,normal,1.0,950.0,656.0,1071.196965,emergency,WIMM,3000,60,asphalt,RNAV,1,1,basic,1,basic,1,0,1,1,0,1,1,open,none,safe,civil,0,346.766032,697,preferred,3.0,0,3,1.8918,3
S00524,EDDF,50.561045,7.21012,A220-300,narrow_body,2157,technical,1051,critical,0.75,712.5,712.5,1264.711766,aircraft_fuel,EDDF,4000,60,asphalt,ILS,1,1,advanced,1,major,1,1,1,0,1,1,1,open,none,safe,civil,1,112.70448,1843,preferred,1.0,1,1,6.3218,2
S00524,EDDF,50.561045,7.21012,A220-300,narrow_body,2157,technical,1051,critical,0.75,712.5,712.5,1264.711766,aircraft_fuel,EHAM,3800,60,asphalt,ILS,1,1,advanced,1,major,1,1,1,1,1,1,1,open,none,safe,civil,1,257.873997,1643,preferred,2.0,0,2,2.763,5
S00524,EDDF,50.561045,7.21012,A220-300,narrow_body,2157,technical,1051,critical,0.75,712.5,712.5,1264.711766,aircraft_fuel,LFPG,4215,45,asphalt,ILS,1,1,advanced,1,major,1,1,1,1,1,1,1,open,none,safe,civil,1,376.100897,2058,preferred,3.0,0,3,1.8944,1
S00524,EDDF,50.561045,7.21012,A220-300,narrow_body,2157,technical,1051,critical,0.75,712.5,712.5,1264.711766,aircraft_fuel,EGLL,3901,50,asphalt,ILS,1,1,advanced,1,major,1,1,1,1,1,1,1,open,none,safe,civil,1,545.726627,1744,preferred,4.0,0,5,1.3056,4
S00524,EDDF,50.561045,7.21012,A220-300,narrow_body,2157,technical,1051,critical,0.75,712.5,712.5,1264.711766,aircraft_fuel,EGKK,3317,45,asphalt,ILS,1,1,advanced,1,major,1,1,1,1,1,1,1,open,none,safe,civil,1,523.027751,1160,preferred,5.0,0,4,1.3623,7
S00524,EDDF,50.561045,7.21012,A220-300,narrow_body,2157,technical,1051,critical,0.75,712.5,712.5,1264.711766,aircraft_fuel,LIRF,3902,60,asphalt,ILS,1,1,basic,1,major,1,1,1,1,1,1,1,open,none,safe,civil,1,1047.577309,1745,extended,6.0,0,8,0.6801,3
S00524,EDDF,50.561045,7.21012,A220-300,narrow_body,2157,technical,1051,critical,0.75,712.5,712.5,1264.711766,aircraft_fuel,ENGM,3600,45,asphalt,ILS,1,1,advanced,1,major,1,1,1,1,1,1,1,open,none,safe,civil,0,1098.480425,1443,extended,7.0,0,9,0.6486,6
S00524,EDDF,50.561045,7.21012,A220-300,narrow_body,2157,technical,1051,critical,0.75,712.5,712.5,1264.711766,aircraft_fuel,EGCC,3048,46,asphalt,ILS,1,1,advanced,1,major,1,1,1,1,1,1,1,open,none,safe,civil,1,719.566467,891,extended,8.0,0,6,0.9902,10
S00524,EDDF,50.561045,7.21012,A220-300,narrow_body,2157,technical,1051,critical,0.75,712.5,712.5,1264.711766,aircraft_fuel,ESSA,3301,45,asphalt,ILS,1,1,advanced,1,major,1,1,1,1,1,1,1,open,none,safe,civil,0,1215.758543,1144,extended,9.0,0,10,0.5861,8
S00524,EDDF,50.561045,7.21012,A220-300,narrow_body,2157,technical,1051,critical,0.75,712.5,712.5,1264.711766,aircraft_fuel,EIDW,3110,45,concrete,ILS,1,1,advanced,1,major,1,1,1,1,1,1,1,open,none,safe,civil,0,974.168249,953,extended,10.0,0,7,0.7314,9
S00525,WIMM,3.87103,98.266521,B737 MAX 8,narrow_body,2448,operational_constraints,1034,normal,1.0,1000.0,1000.0,1583.125757,aircraft_fuel,WMKK,4124,60,asphalt,ILS,1,1,advanced,1,major,1,1,1,1,1,1,1,open,none,safe,civil,0,402.216714,1676,preferred,1.0,1,2,2.4862,1
S00525,WIMM,3.87103,98.266521,B737 MAX 8,narrow_body,2448,operational_constraints,1034,normal,1.0,1000.0,1000.0,1583.125757,aircraft_fuel,WIMM,3000,60,asphalt,RNAV,1,1,basic,1,basic,1,0,1,1,0,1,1,open,none,safe,civil,0,73.237452,552,preferred,2.0,0,1,13.6542,4
S00525,WIMM,3.87103,98.266521,B737 MAX 8,narrow_body,2448,operational_constraints,1034,normal,1.0,1000.0,1000.0,1583.125757,aircraft_fuel,WSSS,4000,60,asphalt,ILS,1,1,advanced,1,major,1,1,1,1,1,1,1,open,none,safe,civil,1,695.170701,1552,preferred,3.0,0,3,1.4385,2
S00525,WIMM,3.87103,98.266521,B737 MAX 8,narrow_body,2448,operational_constraints,1034,normal,1.0,1000.0,1000.0,1583.125757,aircraft_fuel,VTBS,4000,60,asphalt,ILS,1,1,advanced,1,major,1,1,1,1,1,1,1,open,none,safe,civil,0,1124.286117,1552,extended,4.0,0,4,0.8895,2
S00528,EGLL,52.126693,0.57681,A330-300,wide_body,3091,fuel,722,critical,0.75,975.0,722.0,1317.746084,emergency,EGLL,3901,50,asphalt,ILS,1,1,advanced,1,major,1,1,1,1,1,1,1,open,none,safe,civil,1,101.989657,810,preferred,1.0,1,1,7.0791,3
S00528,EGLL,52.126693,0.57681,A330-300,wide_body,3091,fuel,722,critical,0.75,975.0,722.0,1317.746084,emergency,LFPG,4215,45,asphalt,ILS,1,1,advanced,1,major,1,1,1,1,1,1,1,open,none,safe,civil,1,373.710445,1124,preferred,2.0,0,4,1.932,1
S00528,EGLL,52.126693,0.57681,A330-300,wide_body,3091,fuel,722,critical,0.75,975.0,722.0,1317.746084,emergency,EHAM,3800,60,asphalt,ILS,1,1,advanced,1,major,1,1,1,1,1,1,1,open,none,safe,civil,1,285.921209,709,preferred,3.0,0,3,2.5252,4
S00528,EGLL,52.126693,0.57681,A330-300,wide_body,3091,fuel,722,critical,0.75,975.0,722.0,1317.746084,emergency,EGKK,3317,45,asphalt,ILS,1,1,advanced,1,major,1,1,1,1,1,1,1,open,none,safe,civil,1,120.805382,226,preferred,4.0,0,2,5.9766,6
S00528,EGLL,52.126693,0.57681,A330-300,wide_body,3091,fuel,722,critical,0.75,975.0,722.0,1317.746084,emergency,EDDF,4000,60,asphalt,ILS,1,1,advanced,1,major,1,1,1,0,1,1,1,open,none,safe,civil,1,604.108407,909,preferred,5.0,0,6,1.1951,2
S00528,EGLL,52.126693,0.57681,A330-300,wide_body,3091,fuel,722,critical,0.75,975.0,722.0,1317.746084,emergency,EIDW,3110,45,concrete,ILS,1,1,advanced,1,major,1,1,1,1,1,1,1,open,none,safe,civil,0,482.027189,19,preferred,6.0,0,5,1.4978,7
S00528,EGLL,52.126693,0.57681,A330-300,wide_body,3091,fuel,722,critical,0.75,975.0,722.0,1317.746084,emergency,ENGM,3600,45,asphalt,ILS,1,1,advanced,1,major,1,1,1,1,1,1,1,open,none,safe,civil,0,1105.931968,509,extended,7.0,0,7,0.6528,5
S00532,CYYZ,43.745716,-80.914964,E170,regional_jet,1661,technical,837,low,0.9,630.0,630.0,1035.967014,aircraft_fuel,CYYZ,3389,61,asphalt,ILS,1,1,advanced,1,major,1,1,1,1,1,1,1,open,none,safe,civil,1,103.616375,1728,preferred,1.0,1,1,6.0801,3
S00532,CYYZ,43.745716,-80.914964,E170,regional_jet,1661,technical,837,low,0.9,630.0,630.0,1035.967014,aircraft_fuel,KORD,3962,46,concrete,ILS,1,1,advanced,1,major,1,1,1,1,1,1,1,open,none,safe,civil,0,602.409553,2301,preferred,2.0,0,2,1.0458,2
S00532,CYYZ,43.745716,-80.914964,E170,regional_jet,1661,technical,837,low,0.9,630.0,630.0,1035.967014,aircraft_fuel,KJFK,4423,61,asphalt,ILS,1,1,advanced,1,major,1,1,1,1,1,1,1,open,none,safe,civil,1,681.458014,2762,extended,3.0,0,3,0.9245,1
S00536,VABB,18.619561,72.5081,A330-300,wide_body,3150,technical,697,normal,1.0,1300.0,697.0,1292.857025,emergency,VABB,3509,60,asphalt,ILS,1,1,advanced,1,major,1,1,1,1,1,1,1,open,none,safe,civil,1,64.45703,359,preferred,1.0,1,1,10.8134,2
S00536,VABB,18.619561,72.5081,A330-300,wide_body,3150,technical,697,normal,1.0,1300.0,697.0,1292.857025,emergency,VIDP,4430,60,asphalt,ILS,1,1,advanced,1,major,1,1,1,1,1,1,1,open,none,safe,civil,1,1199.290126,1280,extended,2.0,0,3,0.5812,1
S00536,VABB,18.619561,72.5081,A330-300,wide_body,3150,technical,697,normal,1.0,1300.0,697.0,1292.857025,emergency,OPKC,3400,46,concrete,RNAV,0,1,basic,1,basic,1,1,1,1,1,1,1,open,none,caution,civil,0,890.59734,250,extended,3.0,0,2,0.7826,3
S00538,DAAG,37.091559,3.383915,B787-9,wide_body,2798,mechanical,795,low,0.9,1260.0,795.0,1462.805556,emergency,DAAG,3500,60,asphalt,RNAV,0,1,basic,1,basic,1,1,1,1,1,1,0,open,none,safe,civil,0,46.714422,702,preferred,1.0,1,1,17.0183,6
S00538,DAAG,37.091559,3.383915,B787-9,wide_body,2798,mechanical,795,low,0.9,1260.0,795.0,1462.805556,emergency,LEMD,4350,60,asphalt,ILS,1,1,advanced,1,major,1,1,1,1,1,1,1,open,none,safe,civil,1,711.3751,1552,preferred,2.0,0,3,1.1176,1
S00538,DAAG,37.091559,3.383915,B787-9,wide_body,2798,mechanical,795,low,0.9,1260.0,795.0,1462.805556,emergency,LFPG,4215,45,asphalt,ILS,1,1,advanced,1,major,1,1,1,1,1,1,1,open,none,safe,civil,1,1326.846385,1417,extended,3.0,0,7,0.5992,2
S00538,DAAG,37.091559,3.383915,B787-9,wide_body,2798,mechanical,795,low,0.9,1260.0,795.0,1462.805556,emergency,DTTA,3200,45,asphalt,RNAV,0,1,basic,1,basic,1,0,1,1,1,1,1,open,none,safe,civil,0,608.398314,402,preferred,4.0,0,2,1.3067,7
S00538,DAAG,37.091559,3.383915,B787-9,wide_body,2798,mechanical,795,low,0.9,1260.0,795.0,1462.805556,emergency,LIRF,3902,60,asphalt,ILS,1,1,basic,1,major,1,1,1,1,1,1,1,open,none,safe,civil,1,923.576906,1104,extended,5.0,0,4,0.8608,3
S00538,DAAG,37.091559,3.383915,B787-9,wide_body,2798,mechanical,795,low,0.9,1260.0,795.0,1462.805556,emergency,GMMN,3720,45,asphalt,ILS,1,1,advanced,1,major,1,1,1,1,1,1,1,open,none,safe,civil,0,1078.471685,922,extended,6.0,0,5,0.7372,4
S00538,DAAG,37.091559,3.383915,B787-9,wide_body,2798,mechanical,795,low,0.9,1260.0,795.0,1462.805556,emergency,LPPT,3707,45,asphalt,ILS,1,1,advanced,1,major,1,1,1,1,1,1,1,open,none,safe,civil,0,1113.006778,909,extended,7.0,0,6,0.7143,5
S00541,KATL,33.560707,-83.431152,A321,narrow_body,2392,operational_constraints,932,low,0.9,900.0,900.0,1421.649205,aircraft_fuel,KATL,3776,46,concrete,ILS,1,1,advanced,1,major,1,1,1,1,1,1,1,open,none,safe,civil,0,92.720905,1384,preferred,1.0,1,1,9.7065,3
S00541,KATL,33.560707,-83.431152,A321,narrow_body,2392,operational_constraints,932,low,0.9,900.0,900.0,1421.649205,aircraft_fuel,KORD,3962,46,concrete,ILS,1,1,advanced,1,major,1,1,1,1,1,1,1,open,none,safe,civil,0,1014.869549,1570,extended,2.0,0,2,0.8868,2
S00541,KATL,33.560707,-83.431152,A321,narrow_body,2392,operational_constraints,932,low,0.9,900.0,900.0,1421.649205,aircraft_fuel,KJFK,4423,61,asphalt,ILS,1,1,advanced,1,major,1,1,1,1,1,1,1,open,none,safe,civil,1,1161.515559,2031,extended,3.0,0,3,0.7748,1
S00541,KATL,33.560707,-83.431152,A321,narrow_body,2392,operational_constraints,932,low,0.9,900.0,900.0,1421.649205,aircraft_fuel,CYYZ,3389,61,asphalt,ILS,1,1,advanced,1,major,1,1,1,1,1,1,1,open,none,safe,civil,1,1171.895214,997,extended,4.0,0,4,0.768,4
S00543,OPLA,31.880508,73.786123,A320,narrow_body,2210,operational_constraints,952,normal,1.0,950.0,950.0,1614.283632,aircraft_fuel,VIDP,4430,60,asphalt,ILS,1,1,advanced,1,major,1,1,1,1,1,1,1,open,none,safe,civil,1,487.560014,2220,preferred,1.0,1,2,1.9485,2
S00543,OPLA,31.880508,73.786123,A320,narrow_body,2210,operational_constraints,952,normal,1.0,950.0,950.0,1614.283632,aircraft_fuel,OPLA,3360,46,concrete,RNAV,0,0,none,1,basic,1,0,1,1,1,1,1,open,none,caution,civil,0,70.747173,1150,preferred,2.0,0,1,13.4281,5
S00543,OPLA,31.880508,73.786123,A320,narrow_body,2210,operational_constraints,952,normal,1.0,950.0,950.0,1614.283632,aircraft_fuel,UAAA,4500,45,asphalt,RNAV,0,1,basic,1,basic,1,1,1,1,1,1,1,open,none,safe,civil,0,1307.375602,2290,extended,3.0,0,5,0.7266,1
S00543,OPLA,31.880508,73.786123,A320,narrow_body,2210,operational_constraints,952,normal,1.0,950.0,950.0,1614.283632,aircraft_fuel,VABB,3509,60,asphalt,ILS,1,1,advanced,1,major,1,1,1,1,1,1,1,open,none,safe,civil,1,1425.346403,1299,extended,4.0,0,6,0.6665,3
S00543,OPLA,31.880508,73.786123,A320,narrow_body,2210,operational_constraints,952,normal,1.0,950.0,950.0,1614.283632,aircraft_fuel,OPKC,3400,46,concrete,RNAV,0,1,basic,1,basic,1,1,1,1,1,1,1,open,none,caution,civil,0,1010.09258,1190,extended,5.0,0,3,0.9405,4
S00543,OPLA,31.880508,73.786123,A320,narrow_body,2210,operational_constraints,952,normal,1.0,950.0,950.0,1614.283632,aircraft_fuel,VNKT,3350,45,asphalt,VOR,0,0,none,0,none,0,0,1,1,1,1,1,open,none,caution,civil,0,1208.953828,1140,extended,6.0,0,4,0.7858,6
S00545,HECA,29.669883,31.072897,A320,narrow_body,2264,medical,897,normal,1.0,950.0,897.0,1613.221748,emergency,HECA,4000,60,asphalt,ILS,1,1,basic,1,major,1,1,1,1,1,1,1,open,none,safe,civil,0,58.190246,1736,preferred,1.0,1,1,15.415,2
S00545,HECA,29.669883,31.072897,A320,narrow_body,2264,medical,897,normal,1.0,950.0,897.0,1613.221748,emergency,OJAI,3660,61,asphalt,ILS,1,1,advanced,1,major,1,1,1,1,1,1,1,open,none,safe,civil,0,522.821122,1396,preferred,2.0,0,2,1.7157,5
S00545,HECA,29.669883,31.072897,A320,narrow_body,2264,medical,897,normal,1.0,950.0,897.0,1613.221748,emergency,LGAV,4000,45,asphalt,ILS,1,1,advanced,1,major,1,1,1,1,1,1,1,open,none,safe,civil,0,1129.954435,1736,extended,3.0,0,3,0.7938,2
S00545,HECA,29.669883,31.072897,A320,narrow_body,2264,medical,897,normal,1.0,950.0,897.0,1613.221748,emergency,LTFM,4100,60,asphalt,ILS,1,1,advanced,1,major,1,1,1,1,1,1,0,open,none,safe,civil,0,1307.560724,1836,extended,4.0,0,5,0.686,1
S00545,HECA,29.669883,31.072897,A320,narrow_body,2264,medical,897,normal,1.0,950.0,897.0,1613.221748,emergency,LTAC,3750,45,asphalt,ILS,1,1,advanced,1,major,1,1,1,1,1,1,1,open,none,safe,joint,0,1175.949536,1486,extended,5.0,0,4,0.7628,4
S00552,LEMD,39.900362,-2.588546,B777-300ER,wide_body,3211,mechanical,516,normal,1.0,1500.0,516.0,908.083503,emergency,LEMD,4350,60,asphalt,ILS,1,1,advanced,1,major,1,1,1,1,1,1,1,open,none,safe,civil,1,106.437252,1139,preferred,1.0,1,1,4.8479,1
S00552,LEMD,39.900362,-2.588546,B777-300ER,wide_body,3211,mechanical,516,normal,1.0,1500.0,516.0,908.083503,emergency,LPPT,3707,45,asphalt,ILS,1,1,advanced,1,major,1,1,1,1,1,1,1,open,none,safe,civil,0,576.493117,496,extended,2.0,0,2,0.8951,3
S00552,LEMD,39.900362,-2.588546,B777-300ER,wide_body,3211,mechanical,516,normal,1.0,1500.0,516.0,908.083503,emergency,GMMN,3720,45,asphalt,ILS,1,1,advanced,1,major,1,1,1,1,1,1,1,open,none,safe,civil,0,852.192141,509,extended,3.0,0,4,0.6055,2
S00552,LEMD,39.900362,-2.588546,B777-300ER,wide_body,3211,mechanical,516,normal,1.0,1500.0,516.0,908.083503,emergency,DAAG,3500,60,asphalt,RNAV,0,1,basic,1,basic,1,1,1,1,1,1,0,open,none,safe,civil,0,619.114769,289,extended,4.0,0,3,0.8334,4
S00554,OOMS,24.119826,58.735103,B737-800,narrow_body,2287,technical,896,normal,1.0,950.0,896.0,1530.748994,emergency,OOMS,4080,45,asphalt,ILS,1,1,advanced,1,major,1,1,1,1,1,1,1,open,none,safe,civil,0,73.694024,1793,preferred,1.0,1,1,12.1584,6
S00554,OOMS,24.119826,58.735103,B737-800,narrow_body,2287,technical,896,normal,1.0,950.0,896.0,1530.748994,emergency,OMDB,4447,60,asphalt,ILS,1,1,advanced,1,major,1,1,1,1,1,1,1,open,none,safe,civil,1,362.352854,2160,preferred,2.0,0,2,2.4727,3
S00554,OOMS,24.119826,58.735103,B737-800,narrow_body,2287,technical,896,normal,1.0,950.0,896.0,1530.748994,emergency,OMAA,4106,60,asphalt,ILS,1,1,advanced,1,major,1,1,1,1,1,1,1,open,none,safe,civil,0,415.66058,1819,preferred,3.0,0,3,2.1556,5
S00554,OOMS,24.119826,58.735103,B737-800,narrow_body,2287,technical,896,normal,1.0,950.0,896.0,1530.748994,emergency,OTHH,4850,60,asphalt,ILS,1,1,advanced,1,major,1,1,1,1,1,1,1,open,none,safe,civil,0,731.236169,2563,preferred,4.0,0,4,1.2253,1
S00554,OOMS,24.119826,58.735103,B737-800,narrow_body,2287,technical,896,normal,1.0,950.0,896.0,1530.748994,emergency,OBBI,3956,60,asphalt,ILS,1,1,advanced,1,major,1,1,1,1,1,1,1,open,none,safe,civil,0,848.823587,1669,preferred,5.0,0,5,1.0556,7
S00554,OOMS,24.119826,58.735103,B737-800,narrow_body,2287,technical,896,normal,1.0,950.0,896.0,1530.748994,emergency,OKKK,4580,60,asphalt,ILS,1,1,advanced,1,major,1,1,1,1,1,1,1,open,none,safe,civil,0,1210.107992,2293,extended,6.0,0,7,0.7404,2
S00554,OOMS,24.119826,58.735103,B737-800,narrow_body,2287,technical,896,normal,1.0,950.0,896.0,1530.748994,emergency,OERK,4205,60,asphalt,ILS,1,1,advanced,1,major,1,1,1,1,1,1,1,open,none,safe,civil,0,1220.649714,1918,extended,7.0,0,8,0.734,4
S00554,OOMS,24.119826,58.735103,B737-800,narrow_body,2287,technical,896,normal,1.0,950.0,896.0,1530.748994,emergency,OPKC,3400,46,concrete,RNAV,0,1,basic,1,basic,1,1,1,1,1,1,1,open,none,caution,civil,0,856.782111,1113,preferred,8.0,0,6,1.0458,8
S00557,EGCC,53.607614,-2.373816,E190,regional_jet,1921,technical,849,low,0.9,720.0,720.0,1075.894445,aircraft_fuel,EGCC,3048,46,asphalt,ILS,1,1,advanced,1,major,1,1,1,1,1,1,1,open,none,safe,civil,1,28.977158,1127,preferred,1.0,1,1,24.8472,7
S00557,EGCC,53.607614,-2.373816,E190,regional_jet,1921,technical,849,low,0.9,720.0,720.0,1075.894445,aircraft_fuel,EGLL,3901,50,asphalt,ILS,1,1,advanced,1,major,1,1,1,1,1,1,1,open,none,safe,civil,1,270.554094,1980,preferred,2.0,0,3,2.6612,3
S00557,EGCC,53.607614,-2.373816,E190,regional_jet,1921,technical,849,low,0.9,720.0,720.0,1075.894445,aircraft_fuel,EGKK,3317,45,asphalt,ILS,1,1,advanced,1,major,1,1,1,1,1,1,1,open,none,safe,civil,1,311.1145,1396,preferred,3.0,0,4,2.3143,5
S00557,EGCC,53.607614,-2.373816,E190,regional_jet,1921,technical,849,low,0.9,720.0,720.0,1075.894445,aircraft_fuel,EIDW,3110,45,concrete,ILS,1,1,advanced,1,major,1,1,1,1,1,1,1,open,none,safe,civil,0,257.803333,1189,preferred,4.0,0,2,2.7928,6
S00557,EGCC,53.607614,-2.373816,E190,regional_jet,1921,technical,849,low,0.9,720.0,720.0,1075.894445,aircraft_fuel,EHAM,3800,60,asphalt,ILS,1,1,advanced,1,major,1,1,1,1,1,1,1,open,none,safe,civil,1,499.20266,1879,preferred,5.0,0,5,1.4423,4
S00557,EGCC,53.607614,-2.373816,E190,regional_jet,1921,technical,849,low,0.9,720.0,720.0,1075.894445,aircraft_fuel,LFPG,4215,45,asphalt,ILS,1,1,advanced,1,major,1,1,1,1,1,1,1,open,none,safe,civil,1,615.15227,2294,preferred,6.0,0,6,1.1704,1
S00557,EGCC,53.607614,-2.373816,E190,regional_jet,1921,technical,849,low,0.9,720.0,720.0,1075.894445,aircraft_fuel,EDDF,4000,60,asphalt,ILS,1,1,advanced,1,major,1,1,1,0,1,1,1,open,none,safe,civil,1,849.171675,2079,extended,7.0,0,7,0.8479,2
S00558,RJTT,36.306709,139.665199,E190,regional_jet,1841,weather,1034,normal,1.0,800.0,800.0,1315.778602,aircraft_fuel,RJTT,3360,61,asphalt,ILS,1,1,advanced,1,major,1,1,1,1,1,1,1,open,none,safe,civil,1,84.888896,1519,preferred,1.0,1,1,9.4241,3
S00558,RJTT,36.306709,139.665199,E190,regional_jet,1841,weather,1034,normal,1.0,800.0,800.0,1315.778602,aircraft_fuel,RJAA,4000,60,asphalt,ILS,1,1,advanced,1,major,1,1,1,0,1,1,1,open,none,safe,civil,1,88.388827,2159,preferred,2.0,0,2,9.0509,1
S00558,RJTT,36.306709,139.665199,E190,regional_jet,1841,weather,1034,normal,1.0,800.0,800.0,1315.778602,aircraft_fuel,RJCC,3000,61,asphalt,RNAV,0,1,basic,1,basic,1,1,1,1,1,1,1,open,none,safe,joint,0,739.816408,1159,preferred,3.0,0,3,1.0813,4
S00558,RJTT,36.306709,139.665199,E190,regional_jet,1841,weather,1034,normal,1.0,800.0,800.0,1315.778602,aircraft_fuel,RKSI,4000,60,asphalt,ILS,1,1,advanced,1,major,1,1,1,1,1,1,1,open,none,safe,civil,1,1181.30139,2159,extended,4.0,0,4,0.6772,1
S00560,WIMM,3.122222,99.105544,A220-300,narrow_body,2106,medical,858,normal,1.0,950.0,858.0,1327.195603,emergency,WMKK,4124,60,asphalt,ILS,1,1,advanced,1,major,1,1,1,1,1,1,1,open,none,safe,civil,0,292.238523,2018,preferred,1.0,1,2,2.936,1
S00560,WIMM,3.122222,99.105544,A220-300,narrow_body,2106,medical,858,normal,1.0,950.0,858.0,1327.195603,emergency,WIMM,3000,60,asphalt,RNAV,1,1,basic,1,basic,1,0,1,1,0,1,1,open,none,safe,civil,0,62.714682,894,preferred,2.0,0,1,13.681,4
S00560,WIMM,3.122222,99.105544,A220-300,narrow_body,2106,medical,858,normal,1.0,950.0,858.0,1327.195603,emergency,WSSS,4000,60,asphalt,ILS,1,1,advanced,1,major,1,1,1,1,1,1,1,open,none,safe,civil,1,577.773082,1894,preferred,3.0,0,3,1.485,2
S00560,WIMM,3.122222,99.105544,A220-300,narrow_body,2106,medical,858,normal,1.0,950.0,858.0,1327.195603,emergency,VTBS,4000,60,asphalt,ILS,1,1,advanced,1,major,1,1,1,1,1,1,1,open,none,safe,civil,0,1187.855421,1894,extended,4.0,0,4,0.7223,2
S00567,EIDW,53.244282,-6.210653,A220-300,narrow_body,2112,medical,845,normal,1.0,950.0,845.0,1329.979125,emergency,EIDW,3110,45,concrete,ILS,1,1,advanced,1,major,1,1,1,1,1,1,1,open,none,safe,civil,0,20.790556,998,preferred,1.0,1,1,40.6435,7
S00567,EIDW,53.244282,-6.210653,A220-300,narrow_body,2112,medical,845,normal,1.0,950.0,845.0,1329.979125,emergency,EGLL,3901,50,asphalt,ILS,1,1,advanced,1,major,1,1,1,1,1,1,1,open,none,safe,civil,1,437.32682,1789,preferred,2.0,0,3,1.9322,3
S00567,EIDW,53.244282,-6.210653,A220-300,narrow_body,2112,medical,845,normal,1.0,950.0,845.0,1329.979125,emergency,EGCC,3048,46,asphalt,ILS,1,1,advanced,1,major,1,1,1,1,1,1,1,open,none,safe,civil,1,261.794449,936,preferred,3.0,0,2,3.2277,8
S00567,EIDW,53.244282,-6.210653,A220-300,narrow_body,2112,medical,845,normal,1.0,950.0,845.0,1329.979125,emergency,EHAM,3800,60,asphalt,ILS,1,1,advanced,1,major,1,1,1,1,1,1,1,open,none,safe,civil,1,744.736392,1688,preferred,4.0,0,5,1.1346,4
S00567,EIDW,53.244282,-6.210653,A220-300,narrow_body,2112,medical,845,normal,1.0,950.0,845.0,1329.979125,emergency,LFPG,4215,45,asphalt,ILS,1,1,advanced,1,major,1,1,1,1,1,1,1,open,none,safe,civil,1,771.050014,2103,preferred,5.0,0,6,1.0959,1
S00567,EIDW,53.244282,-6.210653,A220-300,narrow_body,2112,medical,845,normal,1.0,950.0,845.0,1329.979125,emergency,EGKK,3317,45,asphalt,ILS,1,1,advanced,1,major,1,1,1,1,1,1,1,open,none,safe,civil,1,471.925201,1205,preferred,6.0,0,4,1.7905,6
S00567,EIDW,53.244282,-6.210653,A220-300,narrow_body,2112,medical,845,normal,1.0,950.0,845.0,1329.979125,emergency,EDDF,4000,60,asphalt,ILS,1,1,advanced,1,major,1,1,1,0,1,1,1,open,none,safe,civil,1,1077.87204,1888,extended,7.0,0,7,0.784,2
S00567,EIDW,53.244282,-6.210653,A220-300,narrow_body,2112,medical,845,normal,1.0,950.0,845.0,1329.979125,emergency,ENGM,3600,45,asphalt,ILS,1,1,advanced,1,major,1,1,1,1,1,1,1,open,none,safe,civil,0,1302.337282,1488,extended,8.0,0,8,0.6488,5
S00568,WSSS,1.542761,103.422587,A319,narrow_body,2170,security,666,low,0.9,810.0,666.0,1066.463425,emergency,WSSS,4000,60,asphalt,ILS,1,1,advanced,1,major,1,1,1,1,1,1,1,open,none,safe,civil,1,67.030481,1830,preferred,1.0,1,1,9.9358,2
S00568,WSSS,1.542761,103.422587,A319,narrow_body,2170,security,666,low,0.9,810.0,666.0,1066.463425,emergency,WMKK,4124,60,asphalt,ILS,1,1,advanced,1,major,1,1,1,1,1,1,1,open,none,safe,civil,0,232.594625,1954,preferred,2.0,0,2,2.8634,1
S00568,WSSS,1.542761,103.422587,A319,narrow_body,2170,security,666,low,0.9,810.0,666.0,1066.463425,emergency,WIMM,3000,60,asphalt,RNAV,1,1,basic,1,basic,1,0,1,1,0,1,1,open,none,safe,civil,0,555.398241,830,preferred,3.0,0,3,1.1991,3
S00569,OPKC,25.081902,67.089196,B777-300ER,wide_body,3007,mechanical,637,normal,1.0,1500.0,637.0,1047.016864,emergency,OPKC,3400,46,concrete,RNAV,0,1,basic,1,basic,1,1,1,1,1,1,1,open,none,caution,civil,0,20.795918,393,preferred,1.0,1,1,30.631,3
S00569,OPKC,25.081902,67.089196,B777-300ER,wide_body,3007,mechanical,637,normal,1.0,1500.0,637.0,1047.016864,emergency,OOMS,4080,45,asphalt,ILS,1,1,advanced,1,major,1,1,1,1,1,1,1,open,none,safe,civil,0,906.833955,1073,extended,2.0,0,3,0.7024,1
S00569,OPKC,25.081902,67.089196,B777-300ER,wide_body,3007,mechanical,637,normal,1.0,1500.0,637.0,1047.016864,emergency,VABB,3509,60,asphalt,ILS,1,1,advanced,1,major,1,1,1,1,1,1,1,open,none,safe,civil,1,893.364304,502,extended,3.0,0,2,0.713,2
S00569,OPKC,25.081902,67.089196,B777-300ER,wide_body,3007,mechanical,637,normal,1.0,1500.0,637.0,1047.016864,emergency,OPLA,3360,46,concrete,RNAV,0,0,none,1,basic,1,0,1,1,1,1,1,open,none,caution,civil,0,1012.116689,353,extended,4.0,0,4,0.6294,4
S00572,LCLK,34.763668,33.855484,B737-800,narrow_body,2288,weather,1187,low,0.9,855.0,855.0,1426.671225,aircraft_fuel,LCLK,2987,45,asphalt,ILS,1,0,none,1,basic,1,0,1,1,1,1,1,open,none,safe,civil,0,24.425138,699,preferred,1.0,1,1,35.0049,7
S00572,LCLK,34.763668,33.855484,B737-800,narrow_body,2288,weather,1187,low,0.9,855.0,855.0,1426.671225,aircraft_fuel,OJAI,3660,61,asphalt,ILS,1,1,advanced,1,major,1,1,1,1,1,1,1,open,none,safe,civil,0,392.232563,1372,preferred,2.0,0,2,2.1798,5
S00572,LCLK,34.763668,33.855484,B737-800,narrow_body,2288,weather,1187,low,0.9,855.0,855.0,1426.671225,aircraft_fuel,HECA,4000,60,asphalt,ILS,1,1,basic,1,major,1,1,1,1,1,1,1,open,none,safe,civil,0,566.365605,1712,preferred,3.0,0,3,1.5096,2
S00572,LCLK,34.763668,33.855484,B737-800,narrow_body,2288,weather,1187,low,0.9,855.0,855.0,1426.671225,aircraft_fuel,LTFM,4100,60,asphalt,ILS,1,1,advanced,1,major,1,1,1,1,1,1,0,open,none,safe,civil,0,851.442492,1812,preferred,4.0,0,5,1.0042,1
S00572,LCLK,34.763668,33.855484,B737-800,narrow_body,2288,weather,1187,low,0.9,855.0,855.0,1426.671225,aircraft_fuel,LTAC,3750,45,asphalt,ILS,1,1,advanced,1,major,1,1,1,1,1,1,1,open,none,safe,joint,0,601.30451,1462,preferred,5.0,0,4,1.4219,4
S00572,LCLK,34.763668,33.855484,B737-800,narrow_body,2288,weather,1187,low,0.9,855.0,855.0,1426.671225,aircraft_fuel,LGAV,4000,45,asphalt,ILS,1,1,advanced,1,major,1,1,1,1,1,1,1,open,none,safe,civil,0,954.5068,1712,extended,6.0,0,6,0.8958,2
S00572,LCLK,34.763668,33.855484,B737-800,narrow_body,2288,weather,1187,low,0.9,855.0,855.0,1426.671225,aircraft_fuel,HELX,3000,45,asphalt,RNAV,0,0,none,1,basic,1,0,1,0,0,1,1,open,none,safe,joint,0,1017.041766,712,extended,7.0,0,7,0.8407,6
S00573,KATL,33.857836,-84.647692,A321,narrow_body,2470,weather,1177,low,0.9,900.0,900.0,1538.662906,aircraft_fuel,KATL,3776,46,concrete,ILS,1,1,advanced,1,major,1,1,1,1,1,1,1,open,none,safe,civil,0,31.887903,1306,preferred,1.0,1,1,28.2239,3
S00573,KATL,33.857836,-84.647692,A321,narrow_body,2470,weather,1177,low,0.9,900.0,900.0,1538.662906,aircraft_fuel,KORD,3962,46,concrete,ILS,1,1,advanced,1,major,1,1,1,1,1,1,1,open,none,safe,civil,0,946.903204,1492,extended,2.0,0,2,0.9505,2
S00573,KATL,33.857836,-84.647692,A321,narrow_body,2470,weather,1177,low,0.9,900.0,900.0,1538.662906,aircraft_fuel,KJFK,4423,61,asphalt,ILS,1,1,advanced,1,major,1,1,1,1,1,1,1,open,none,safe,civil,1,1220.692779,1953,extended,3.0,0,4,0.7373,1
S00573,KATL,33.857836,-84.647692,A321,narrow_body,2470,weather,1177,low,0.9,900.0,900.0,1538.662906,aircraft_fuel,CYYZ,3389,61,asphalt,ILS,1,1,advanced,1,major,1,1,1,1,1,1,1,open,none,safe,civil,1,1174.624109,919,extended,4.0,0,3,0.7662,4
S00576,WIMM,3.17654,99.438997,B737-800,narrow_body,2303,security,871,normal,1.0,950.0,871.0,1405.938039,emergency,WMKK,4124,60,asphalt,ILS,1,1,advanced,1,major,1,1,1,1,1,1,1,open,none,safe,civil,0,256.698681,1821,preferred,1.0,1,2,3.3931,1
S00576,WIMM,3.17654,99.438997,B737-800,narrow_body,2303,security,871,normal,1.0,950.0,871.0,1405.938039,emergency,WIMM,3000,60,asphalt,RNAV,1,1,basic,1,basic,1,0,1,1,0,1,1,open,none,safe,civil,0,80.325042,697,preferred,2.0,0,1,10.8434,4
S00576,WIMM,3.17654,99.438997,B737-800,narrow_body,2303,security,871,normal,1.0,950.0,871.0,1405.938039,emergency,WSSS,4000,60,asphalt,ILS,1,1,advanced,1,major,1,1,1,1,1,1,1,open,none,safe,civil,1,545.303071,1697,preferred,3.0,0,3,1.5973,2
S00576,WIMM,3.17654,99.438997,B737-800,narrow_body,2303,security,871,normal,1.0,950.0,871.0,1405.938039,emergency,VTBS,4000,60,asphalt,ILS,1,1,advanced,1,major,1,1,1,1,1,1,1,open,none,safe,civil,0,1176.854738,1697,extended,4.0,0,4,0.7401,2
S00577,LGAV,37.562404,23.888074,E175,regional_jet,1795,medical,856,normal,1.0,750.0,750.0,1165.467371,aircraft_fuel,LGAV,4000,45,asphalt,ILS,1,1,advanced,1,major,1,1,1,1,1,1,1,open,none,safe,civil,0,41.881434,2205,preferred,1.0,1,1,17.9077,2
S00577,LGAV,37.562404,23.888074,E175,regional_jet,1795,medical,856,normal,1.0,750.0,750.0,1165.467371,aircraft_fuel,LTFM,4100,60,asphalt,ILS,1,1,advanced,1,major,1,1,1,1,1,1,0,open,none,safe,civil,0,585.946236,2305,preferred,2.0,0,2,1.28,1
S00577,LGAV,37.562404,23.888074,E175,regional_jet,1795,medical,856,normal,1.0,750.0,750.0,1165.467371,aircraft_fuel,HECA,4000,60,asphalt,ILS,1,1,basic,1,major,1,1,1,1,1,1,1,open,none,safe,civil,0,1079.60835,2205,extended,3.0,0,4,0.6947,2
S00577,LGAV,37.562404,23.888074,E175,regional_jet,1795,medical,856,normal,1.0,750.0,750.0,1165.467371,aircraft_fuel,LIRF,3902,60,asphalt,ILS,1,1,basic,1,major,1,1,1,1,1,1,1,open,none,safe,civil,1,1100.557898,2107,extended,4.0,0,5,0.6815,4
S00577,LGAV,37.562404,23.888074,E175,regional_jet,1795,medical,856,normal,1.0,750.0,750.0,1165.467371,aircraft_fuel,LTAC,3750,45,asphalt,ILS,1,1,advanced,1,major,1,1,1,1,1,1,1,open,none,safe,joint,0,838.221806,1955,extended,5.0,0,3,0.8948,5
S00582,RCTP,25.005359,120.671122,A350-900,wide_body,2885,fuel,922,critical,0.75,1125.0,922.0,1596.646832,emergency,RCTP,3660,60,concrete,ILS,1,1,advanced,1,major,1,1,1,1,1,1,1,open,none,safe,civil,0,57.173974,775,preferred,1.0,1,1,16.1262,4
S00582,RCTP,25.005359,120.671122,A350-900,wide_body,2885,fuel,922,critical,0.75,1125.0,922.0,1596.646832,emergency,ZSPD,4000,60,concrete,ILS,1,1,advanced,1,major,1,1,1,1,1,1,1,open,none,safe,civil,1,691.509895,1115,preferred,2.0,0,2,1.3333,1
S00582,RCTP,25.005359,120.671122,A350-900,wide_body,2885,fuel,922,critical,0.75,1125.0,922.0,1596.646832,emergency,RKSI,4000,60,asphalt,ILS,1,1,advanced,1,major,1,1,1,1,1,1,1,open,none,safe,civil,1,1490.008078,1115,extended,3.0,0,4,0.6188,1
S00582,RCTP,25.005359,120.671122,A350-900,wide_body,2885,fuel,922,critical,0.75,1125.0,922.0,1596.646832,emergency,RPLL,3737,60,concrete,ILS,1,1,basic,1,basic,1,1,1,1,1,1,1,open,none,caution,civil,0,1167.755,852,extended,4.0,0,3,0.7895,3
S00583,LGAV,36.98343,23.36564,A319,narrow_body,2040,operational_constraints,1117,low,0.9,810.0,810.0,1429.62594,aircraft_fuel,LGAV,4000,45,asphalt,ILS,1,1,advanced,1,major,1,1,1,1,1,1,1,open,none,safe,civil,0,117.63918,1960,preferred,1.0,1,1,6.8855,2
S00583,LGAV,36.98343,23.36564,A319,narrow_body,2040,operational_constraints,1117,low,0.9,810.0,810.0,1429.62594,aircraft_fuel,LTFM,4100,60,asphalt,ILS,1,1,advanced,1,major,1,1,1,1,1,1,0,open,none,safe,civil,0,664.544009,2060,preferred,2.0,0,2,1.2189,1
S00583,LGAV,36.98343,23.36564,A319,narrow_body,2040,operational_constraints,1117,low,0.9,810.0,810.0,1429.62594,aircraft_fuel,HECA,4000,60,asphalt,ILS,1,1,basic,1,major,1,1,1,1,1,1,1,open,none,safe,civil,0,1065.826478,1960,extended,3.0,0,5,0.76,2
S00583,LGAV,36.98343,23.36564,A319,narrow_body,2040,operational_constraints,1117,low,0.9,810.0,810.0,1429.62594,aircraft_fuel,LIRF,3902,60,asphalt,ILS,1,1,basic,1,major,1,1,1,1,1,1,1,open,none,safe,civil,1,1093.914761,1862,extended,4.0,0,6,0.7405,4
S00583,LGAV,36.98343,23.36564,A319,narrow_body,2040,operational_constraints,1117,low,0.9,810.0,810.0,1429.62594,aircraft_fuel,OJAI,3660,61,asphalt,ILS,1,1,advanced,1,major,1,1,1,1,1,1,1,open,none,safe,civil,0,1296.902991,1620,extended,5.0,0,8,0.6246,6
S00583,LGAV,36.98343,23.36564,A319,narrow_body,2040,operational_constraints,1117,low,0.9,810.0,810.0,1429.62594,aircraft_fuel,LTAC,3750,45,asphalt,ILS,1,1,advanced,1,major,1,1,1,1,1,1,1,open,none,safe,joint,0,906.769852,1710,extended,6.0,0,3,0.8933,5
S00583,LGAV,36.98343,23.36564,A319,narrow_body,2040,operational_constraints,1117,low,0.9,810.0,810.0,1429.62594,aircraft_fuel,DTTA,3200,45,asphalt,RNAV,0,1,basic,1,basic,1,0,1,1,1,1,1,open,none,safe,civil,0,1167.183993,1160,extended,7.0,0,7,0.694,7
S00583,LGAV,36.98343,23.36564,A319,narrow_body,2040,operational_constraints,1117,low,0.9,810.0,810.0,1429.62594,aircraft_fuel,LCLK,2987,45,asphalt,ILS,1,0,none,1,basic,1,0,1,1,1,1,1,open,none,safe,civil,0,952.477497,947,extended,8.0,0,4,0.8504,8
S00584,DNKN,11.278569,8.511618,B737-800,narrow_body,2378,weather,1225,low,0.9,855.0,855.0,1365.461881,aircraft_fuel,DNKN,3200,46,asphalt,RNAV,0,0,none,1,basic,1,0,1,0,0,1,1,open,none,safe,joint,0,85.524067,822,preferred,1.0,1,1,9.9972,4
S00584,DNKN,11.278569,8.511618,B737-800,narrow_body,2378,weather,1225,low,0.9,855.0,855.0,1365.461881,aircraft_fuel,DNAA,3609,60,asphalt,RNAV,0,0,none,1,basic,1,0,1,1,1,1,1,open,none,safe,joint,0,287.198409,1231,preferred,2.0,0,2,2.977,2
S00584,DNKN,11.278569,8.511618,B737-800,narrow_body,2378,weather,1225,low,0.9,855.0,855.0,1365.461881,aircraft_fuel,DNMM,3900,60,asphalt,ILS,1,1,advanced,1,major,1,1,1,1,1,1,1,open,none,caution,civil,0,773.400334,1522,preferred,3.0,0,3,1.1055,1
S00584,DNKN,11.278569,8.511618,B737-800,narrow_body,2378,weather,1225,low,0.9,855.0,855.0,1365.461881,aircraft_fuel,DGAA,3403,61,asphalt,RNAV,0,0,none,1,basic,1,0,1,1,1,1,0,open,none,safe,civil,0,1143.803292,1025,extended,4.0,0,4,0.7475,3
S00585,EGCC,53.92448,-1.993314,E190,regional_jet,1866,medical,1064,normal,1.0,800.0,800.0,1317.915894,aircraft_fuel,EGCC,3048,46,asphalt,ILS,1,1,advanced,1,major,1,1,1,1,1,1,1,open,none,safe,civil,1,66.123008,1182,preferred,1.0,1,1,12.0987,8
S00585,EGCC,53.92448,-1.993314,E190,regional_jet,1866,medical,1064,normal,1.0,800.0,800.0,1317.915894,aircraft_fuel,EGLL,3901,50,asphalt,ILS,1,1,advanced,1,major,1,1,1,1,1,1,1,open,none,safe,civil,1,291.735918,2035,preferred,2.0,0,3,2.7422,3
S00585,EGCC,53.92448,-1.993314,E190,regional_jet,1866,medical,1064,normal,1.0,800.0,800.0,1317.915894,aircraft_fuel,EGKK,3317,45,asphalt,ILS,1,1,advanced,1,major,1,1,1,1,1,1,1,open,none,safe,civil,1,331.950414,1451,preferred,3.0,0,4,2.41,6
S00585,EGCC,53.92448,-1.993314,E190,regional_jet,1866,medical,1064,normal,1.0,800.0,800.0,1317.915894,aircraft_fuel,EIDW,3110,45,concrete,ILS,1,1,advanced,1,major,1,1,1,1,1,1,1,open,none,safe,civil,0,286.473107,1244,preferred,4.0,0,2,2.7926,7
S00585,EGCC,53.92448,-1.993314,E190,regional_jet,1866,medical,1064,normal,1.0,800.0,800.0,1317.915894,aircraft_fuel,EHAM,3800,60,asphalt,ILS,1,1,advanced,1,major,1,1,1,1,1,1,1,open,none,safe,civil,1,485.195788,1934,preferred,5.0,0,5,1.6488,4
S00585,EGCC,53.92448,-1.993314,E190,regional_jet,1866,medical,1064,normal,1.0,800.0,800.0,1317.915894,aircraft_fuel,LFPG,4215,45,asphalt,ILS,1,1,advanced,1,major,1,1,1,1,1,1,1,open,none,safe,civil,1,630.553824,2349,preferred,6.0,0,6,1.2687,1
S00585,EGCC,53.92448,-1.993314,E190,regional_jet,1866,medical,1064,normal,1.0,800.0,800.0,1317.915894,aircraft_fuel,EDDF,4000,60,asphalt,ILS,1,1,advanced,1,major,1,1,1,0,1,1,1,open,none,safe,civil,1,841.486658,2134,extended,7.0,0,7,0.9507,2
S00585,EGCC,53.92448,-1.993314,E190,regional_jet,1866,medical,1064,normal,1.0,800.0,800.0,1317.915894,aircraft_fuel,ENGM,3600,45,asphalt,ILS,1,1,advanced,1,major,1,1,1,1,1,1,1,open,none,safe,civil,0,1051.559488,1734,extended,8.0,0,8,0.7608,5
S00586,LTFM,41.586689,29.669334,E190,regional_jet,1897,medical,622,normal,1.0,800.0,622.0,966.377104,emergency,LTFM,4100,60,asphalt,ILS,1,1,advanced,1,major,1,1,1,1,1,1,0,open,none,safe,civil,0,85.480203,2203,preferred,1.0,1,1,7.2765,1
S00586,LTFM,41.586689,29.669334,E190,regional_jet,1897,medical,622,normal,1.0,800.0,622.0,966.377104,emergency,LTAC,3750,45,asphalt,ILS,1,1,advanced,1,major,1,1,1,1,1,1,1,open,none,safe,joint,0,323.286531,1853,preferred,2.0,0,2,1.924,3
S00586,LTFM,41.586689,29.669334,E190,regional_jet,1897,medical,622,normal,1.0,800.0,622.0,966.377104,emergency,LGAV,4000,45,asphalt,ILS,1,1,advanced,1,major,1,1,1,1,1,1,1,open,none,safe,civil,0,635.510717,2103,extended,3.0,0,3,0.9787,2
S00589,RJCC,42.515289,141.197868,E170,regional_jet,1604,weather,611,normal,1.0,700.0,611.0,870.744818,emergency,RJCC,3000,61,asphalt,RNAV,0,1,basic,1,basic,1,1,1,1,1,1,1,open,none,safe,joint,0,49.551209,1396,preferred,1.0,1,1,12.3307,3
S00589,RJCC,42.515289,141.197868,E170,regional_jet,1604,weather,611,normal,1.0,700.0,611.0,870.744818,emergency,RJAA,4000,60,asphalt,ILS,1,1,advanced,1,major,1,1,1,0,1,1,1,open,none,safe,civil,1,753.427153,2396,extended,2.0,0,2,0.811,1
S00589,RJCC,42.515289,141.197868,E170,regional_jet,1604,weather,611,normal,1.0,700.0,611.0,870.744818,emergency,RJTT,3360,61,asphalt,ILS,1,1,advanced,1,major,1,1,1,1,1,1,1,open,none,safe,civil,1,784.034496,1756,extended,3.0,0,3,0.7793,2
S00590,OOMS,23.93388,58.194831,A319,narrow_body,2141,weather,890,low,0.9,810.0,810.0,1321.849437,aircraft_fuel,OOMS,4080,45,asphalt,ILS,1,1,advanced,1,major,1,1,1,1,1,1,1,open,none,safe,civil,0,38.225948,1939,preferred,1.0,1,1,21.1898,6
S00590,OOMS,23.93388,58.194831,A319,narrow_body,2141,weather,890,low,0.9,810.0,810.0,1321.849437,aircraft_fuel,OMDB,4447,60,asphalt,ILS,1,1,advanced,1,major,1,1,1,1,1,1,1,open,none,safe,civil,1,320.812668,2306,preferred,2.0,0,2,2.5248,3
S00590,OOMS,23.93388,58.194831,A319,narrow_body,2141,weather,890,low,0.9,810.0,810.0,1321.849437,aircraft_fuel,OMAA,4106,60,asphalt,ILS,1,1,advanced,1,major,1,1,1,1,1,1,1,open,none,safe,civil,0,364.022614,1965,preferred,3.0,0,3,2.2251,5
S00590,OOMS,23.93388,58.194831,A319,narrow_body,2141,weather,890,low,0.9,810.0,810.0,1321.849437,aircraft_fuel,OTHH,4850,60,asphalt,ILS,1,1,advanced,1,major,1,1,1,1,1,1,1,open,none,safe,civil,0,682.280477,2709,preferred,4.0,0,4,1.1872,1
S00590,OOMS,23.93388,58.194831,A319,narrow_body,2141,weather,890,low,0.9,810.0,810.0,1321.849437,aircraft_fuel,OBBI,3956,60,asphalt,ILS,1,1,advanced,1,major,1,1,1,1,1,1,1,open,none,safe,civil,0,803.806781,1815,preferred,5.0,0,5,1.0077,7
S00590,OOMS,23.93388,58.194831,A319,narrow_body,2141,weather,890,low,0.9,810.0,810.0,1321.849437,aircraft_fuel,OERK,4205,60,asphalt,ILS,1,1,advanced,1,major,1,1,1,1,1,1,1,open,none,safe,civil,0,1168.90084,2064,extended,6.0,0,7,0.693,4
S00590,OOMS,23.93388,58.194831,A319,narrow_body,2141,weather,890,low,0.9,810.0,810.0,1321.849437,aircraft_fuel,OKKK,4580,60,asphalt,ILS,1,1,advanced,1,major,1,1,1,1,1,1,1,open,none,safe,civil,0,1173.946795,2439,extended,7.0,0,8,0.69,2
S00590,OOMS,23.93388,58.194831,A319,narrow_body,2141,weather,890,low,0.9,810.0,810.0,1321.849437,aircraft_fuel,OPKC,3400,46,concrete,RNAV,0,1,basic,1,basic,1,1,1,1,1,1,1,open,none,caution,civil,0,914.02368,1259,extended,8.0,0,6,0.8862,8
S00592,VIDP,28.519762,76.838419,B737-800,narrow_body,2376,mechanical,1084,critical,0.75,712.5,712.5,1288.731091,aircraft_fuel,VIDP,4430,60,asphalt,ILS,1,1,advanced,1,major,1,1,1,1,1,1,1,open,none,safe,civil,1,25.397798,2054,preferred,1.0,1,1,28.0536,1
S00592,VIDP,28.519762,76.838419,B737-800,narrow_body,2376,mechanical,1084,critical,0.75,712.5,712.5,1288.731091,aircraft_fuel,OPLA,3360,46,concrete,RNAV,0,0,none,1,basic,1,0,1,1,1,1,1,open,none,caution,civil,0,407.847891,984,preferred,2.0,0,2,1.747,4
S00592,VIDP,28.519762,76.838419,B737-800,narrow_body,2376,mechanical,1084,critical,0.75,712.5,712.5,1288.731091,aircraft_fuel,VABB,3509,60,asphalt,ILS,1,1,advanced,1,major,1,1,1,1,1,1,1,open,none,safe,civil,1,1123.529438,1133,extended,3.0,0,5,0.6342,2
S00592,VIDP,28.519762,76.838419,B737-800,narrow_body,2376,mechanical,1084,critical,0.75,712.5,712.5,1288.731091,aircraft_fuel,OPKC,3400,46,concrete,RNAV,0,1,basic,1,basic,1,1,1,1,1,1,1,open,none,caution,civil,0,1041.363772,1024,extended,4.0,0,4,0.6842,3
S00592,VIDP,28.519762,76.838419,B737-800,narrow_body,2376,mechanical,1084,critical,0.75,712.5,712.5,1288.731091,aircraft_fuel,VNKT,3350,45,asphalt,VOR,0,0,none,0,none,0,0,1,1,1,1,1,open,none,caution,civil,0,840.527174,974,extended,5.0,0,3,0.8477,5
S00593,GMMN,33.895169,-7.658044,B737-800,narrow_body,2327,operational_constraints,1193,low,0.9,855.0,855.0,1425.107192,aircraft_fuel,GMMN,3720,45,asphalt,ILS,1,1,advanced,1,major,1,1,1,1,1,1,1,open,none,safe,civil,0,59.011631,1393,preferred,1.0,1,1,14.4887,2
S00593,GMMN,33.895169,-7.658044,B737-800,narrow_body,2327,operational_constraints,1193,low,0.9,855.0,855.0,1425.107192,aircraft_fuel,LPPT,3707,45,asphalt,ILS,1,1,advanced,1,major,1,1,1,1,1,1,1,open,none,safe,civil,0,559.181499,1380,preferred,2.0,0,2,1.529,3
S00593,GMMN,33.895169,-7.658044,B737-800,narrow_body,2327,operational_constraints,1193,low,0.9,855.0,855.0,1425.107192,aircraft_fuel,LEMD,4350,60,asphalt,ILS,1,1,advanced,1,major,1,1,1,1,1,1,1,open,none,safe,civil,1,817.840336,2023,preferred,3.0,0,3,1.0454,1
S00593,GMMN,33.895169,-7.658044,B737-800,narrow_body,2327,operational_constraints,1193,low,0.9,855.0,855.0,1425.107192,aircraft_fuel,DAAG,3500,60,asphalt,RNAV,0,1,basic,1,basic,1,1,1,1,1,1,0,open,none,safe,civil,0,1033.960419,1173,extended,4.0,0,4,0.8269,4
S00594,DNAA,9.434823,6.927652,E170,regional_jet,1600,security,743,normal,1.0,700.0,700.0,1078.461955,aircraft_fuel,DNAA,3609,60,asphalt,RNAV,0,0,none,1,basic,1,0,1,1,1,1,1,open,none,safe,joint,0,60.178292,2009,preferred,1.0,1,1,11.6321,2
S00594,DNAA,9.434823,6.927652,E170,regional_jet,1600,security,743,normal,1.0,700.0,700.0,1078.461955,aircraft_fuel,DNKN,3200,46,asphalt,RNAV,0,0,none,1,basic,1,0,1,0,0,1,1,open,none,safe,joint,0,338.877321,1600,preferred,2.0,0,2,2.0656,4
S00594,DNAA,9.434823,6.927652,E170,regional_jet,1600,security,743,normal,1.0,700.0,700.0,1078.461955,aircraft_fuel,DNMM,3900,60,asphalt,ILS,1,1,advanced,1,major,1,1,1,1,1,1,1,open,none,caution,civil,0,508.546659,2300,preferred,3.0,0,3,1.3765,1
S00594,DNAA,9.434823,6.927652,E170,regional_jet,1600,security,743,normal,1.0,700.0,700.0,1078.461955,aircraft_fuel,DGAA,3403,61,asphalt,RNAV,0,0,none,1,basic,1,0,1,1,1,1,0,open,none,safe,civil,0,890.355624,1803,extended,4.0,0,4,0.7862,3
S00595,EGCC,53.880962,-2.433751,E175,regional_jet,1803,fuel,659,low,0.9,675.0,659.0,1021.631416,emergency,EGCC,3048,46,asphalt,ILS,1,1,advanced,1,major,1,1,1,1,1,1,1,open,none,safe,civil,1,59.55224,1245,preferred,1.0,1,1,11.0659,7
S00595,EGCC,53.880962,-2.433751,E175,regional_jet,1803,fuel,659,low,0.9,675.0,659.0,1021.631416,emergency,EGLL,3901,50,asphalt,ILS,1,1,advanced,1,major,1,1,1,1,1,1,1,open,none,safe,civil,1,299.195766,2098,preferred,2.0,0,3,2.2026,3
S00595,EGCC,53.880962,-2.433751,E175,regional_jet,1803,fuel,659,low,0.9,675.0,659.0,1021.631416,emergency,EGKK,3317,45,asphalt,ILS,1,1,advanced,1,major,1,1,1,1,1,1,1,open,none,safe,civil,1,339.722526,1514,preferred,3.0,0,4,1.9398,5
S00595,EGCC,53.880962,-2.433751,E175,regional_jet,1803,fuel,659,low,0.9,675.0,659.0,1021.631416,emergency,EIDW,3110,45,concrete,ILS,1,1,advanced,1,major,1,1,1,1,1,1,1,open,none,safe,civil,0,257.216571,1307,preferred,4.0,0,2,2.562,6
S00595,EGCC,53.880962,-2.433751,E175,regional_jet,1803,fuel,659,low,0.9,675.0,659.0,1021.631416,emergency,EHAM,3800,60,asphalt,ILS,1,1,advanced,1,major,1,1,1,1,1,1,1,open,none,safe,civil,1,511.134407,1997,preferred,5.0,0,5,1.2893,4
S00595,EGCC,53.880962,-2.433751,E175,regional_jet,1803,fuel,659,low,0.9,675.0,659.0,1021.631416,emergency,LFPG,4215,45,asphalt,ILS,1,1,advanced,1,major,1,1,1,1,1,1,1,open,none,safe,civil,1,642.277333,2412,preferred,6.0,0,6,1.026,1
S00595,EGCC,53.880962,-2.433751,E175,regional_jet,1803,fuel,659,low,0.9,675.0,659.0,1021.631416,emergency,EDDF,4000,60,asphalt,ILS,1,1,advanced,1,major,1,1,1,0,1,1,1,open,none,safe,civil,1,865.310043,2197,extended,7.0,0,7,0.7616,2
S00597,EFHK,60.842023,24.225205,E190,regional_jet,1983,medical,638,low,0.9,720.0,638.0,966.494908,emergency,EFHK,3440,60,asphalt,ILS,1,1,advanced,1,major,1,1,1,1,1,1,1,open,none,safe,civil,0,70.822548,1457,preferred,1.0,1,1,9.0084,4
S00597,EFHK,60.842023,24.225205,E190,regional_jet,1983,medical,638,low,0.9,720.0,638.0,966.494908,emergency,ESSA,3301,45,asphalt,ILS,1,1,advanced,1,major,1,1,1,1,1,1,1,open,none,safe,civil,0,371.763921,1318,preferred,2.0,0,3,1.7161,5
S00597,EFHK,60.842023,24.225205,E190,regional_jet,1983,medical,638,low,0.9,720.0,638.0,966.494908,emergency,ULLI,3780,60,concrete,ILS,1,1,advanced,1,major,1,1,1,1,1,1,1,open,none,caution,civil,0,351.845432,1797,preferred,3.0,0,2,1.8133,1
S00597,EFHK,60.842023,24.225205,E190,regional_jet,1983,medical,638,low,0.9,720.0,638.0,966.494908,emergency,ENGM,3600,45,asphalt,ILS,1,1,advanced,1,major,1,1,1,1,1,1,1,open,none,safe,civil,0,720.632479,1617,extended,4.0,0,4,0.8853,3
S00597,EFHK,60.842023,24.225205,E190,regional_jet,1983,medical,638,low,0.9,720.0,638.0,966.494908,emergency,UUEE,3700,60,concrete,ILS,1,1,advanced,1,major,1,1,1,1,1,1,1,open,none,caution,civil,0,936.773021,1717,extended,5.0,0,5,0.6811,2
S00599,KATL,34.107576,-84.344907,B737 MAX 8,narrow_body,2358,medical,965,normal,1.0,1000.0,965.0,1661.227353,emergency,KATL,3776,46,concrete,ILS,1,1,advanced,1,major,1,1,1,1,1,1,1,open,none,safe,civil,0,52.919375,1418,preferred,1.0,1,1,18.2353,3
S00599,KATL,34.107576,-84.344907,B737 MAX 8,narrow_body,2358,medical,965,normal,1.0,1000.0,965.0,1661.227353,emergency,KORD,3962,46,concrete,ILS,1,1,advanced,1,major,1,1,1,1,1,1,1,open,none,safe,civil,0,928.840707,1604,preferred,2.0,0,2,1.0389,2
S00599,KATL,34.107576,-84.344907,B737 MAX 8,narrow_body,2358,medical,965,normal,1.0,1000.0,965.0,1661.227353,emergency,KJFK,4423,61,asphalt,ILS,1,1,advanced,1,major,1,1,1,1,1,1,1,open,none,safe,civil,1,1181.397554,2065,extended,3.0,0,4,0.8168,1
S00599,KATL,34.107576,-84.344907,B737 MAX 8,narrow_body,2358,medical,965,normal,1.0,1000.0,965.0,1661.227353,emergency,CYYZ,3389,61,asphalt,ILS,1,1,advanced,1,major,1,1,1,1,1,1,1,open,none,safe,civil,1,1139.020588,1031,extended,4.0,0,3,0.8472,4
S00600,RJAA,35.350623,140.727816,B737-800,narrow_body,2349,fuel,670,critical,0.75,712.5,670.0,1084.924985,emergency,RJAA,4000,60,asphalt,ILS,1,1,advanced,1,major,1,1,1,0,1,1,1,open,none,safe,civil,1,55.684975,1651,preferred,1.0,1,1,12.032,1
S00600,RJAA,35.350623,140.727816,B737-800,narrow_body,2349,fuel,670,critical,0.75,712.5,670.0,1084.924985,emergency,RJTT,3360,61,asphalt,ILS,1,1,advanced,1,major,1,1,1,1,1,1,1,open,none,safe,civil,1,88.051397,1011,preferred,2.0,0,2,7.6092,2
S00600,RJAA,35.350623,140.727816,B737-800,narrow_body,2349,fuel,670,critical,0.75,712.5,670.0,1084.924985,emergency,RJCC,3000,61,asphalt,RNAV,0,1,basic,1,basic,1,1,1,1,1,1,1,open,none,safe,joint,0,829.6811,651,extended,3.0,0,3,0.8075,3
S00602,OERK,25.371748,46.779906,B747-8,very_large,3569,technical,673,normal,1.0,1550.0,673.0,1160.39478,emergency,OERK,4205,60,asphalt,ILS,1,1,advanced,1,major,1,1,1,1,1,1,1,open,none,safe,civil,0,46.768991,636,preferred,1.0,1,1,14.3899,4
S00602,OERK,25.371748,46.779906,B747-8,very_large,3569,technical,673,normal,1.0,1550.0,673.0,1160.39478,emergency,OTHH,4850,60,asphalt,ILS,1,1,advanced,1,major,1,1,1,1,1,1,1,open,none,safe,civil,0,485.378937,1281,preferred,2.0,0,4,1.3865,1
S00602,OERK,25.371748,46.779906,B747-8,very_large,3569,technical,673,normal,1.0,1550.0,673.0,1160.39478,emergency,OKKK,4580,60,asphalt,ILS,1,1,advanced,1,major,1,1,1,1,1,1,1,open,none,safe,civil,0,444.235971,1011,preferred,3.0,0,3,1.515,2
S00602,OERK,25.371748,46.779906,B747-8,very_large,3569,technical,673,normal,1.0,1550.0,673.0,1160.39478,emergency,OBBI,3956,60,asphalt,ILS,1,1,advanced,1,major,1,1,1,1,1,1,1,open,none,safe,civil,0,398.751244,387,preferred,4.0,0,2,1.6878,6
S00602,OERK,25.371748,46.779906,B747-8,very_large,3569,technical,673,normal,1.0,1550.0,673.0,1160.39478,emergency,OMDB,4447,60,asphalt,ILS,1,1,advanced,1,major,1,1,1,1,1,1,1,open,none,safe,civil,1,863.537997,878,extended,5.0,0,6,0.7794,3
S00602,OERK,25.371748,46.779906,B747-8,very_large,3569,technical,673,normal,1.0,1550.0,673.0,1160.39478,emergency,OMAA,4106,60,asphalt,ILS,1,1,advanced,1,major,1,1,1,1,1,1,1,open,none,safe,civil,0,800.245472,537,extended,6.0,0,5,0.841,5
S00604,OOMS,24.156322,57.945563,A321,narrow_body,2308,medical,768,critical,0.75,750.0,750.0,1205.590781,aircraft_fuel,OOMS,4080,45,asphalt,ILS,1,1,advanced,1,major,1,1,1,1,1,1,1,open,none,safe,civil,0,70.828696,1772,preferred,1.0,1,1,10.5889,6
S00604,OOMS,24.156322,57.945563,A321,narrow_body,2308,medical,768,critical,0.75,750.0,750.0,1205.590781,aircraft_fuel,OMDB,4447,60,asphalt,ILS,1,1,advanced,1,major,1,1,1,1,1,1,1,open,none,safe,civil,1,287.089291,2139,preferred,2.0,0,2,2.6124,3
S00604,OOMS,24.156322,57.945563,A321,narrow_body,2308,medical,768,critical,0.75,750.0,750.0,1205.590781,aircraft_fuel,OMAA,4106,60,asphalt,ILS,1,1,advanced,1,major,1,1,1,1,1,1,1,open,none,safe,civil,0,335.552239,1798,preferred,3.0,0,3,2.2351,5
S00604,OOMS,24.156322,57.945563,A321,narrow_body,2308,medical,768,critical,0.75,750.0,750.0,1205.590781,aircraft_fuel,OTHH,4850,60,asphalt,ILS,1,1,advanced,1,major,1,1,1,1,1,1,1,open,none,safe,civil,0,652.009064,2542,preferred,4.0,0,4,1.1503,1
S00604,OOMS,24.156322,57.945563,A321,narrow_body,2308,medical,768,critical,0.75,750.0,750.0,1205.590781,aircraft_fuel,OBBI,3956,60,asphalt,ILS,1,1,advanced,1,major,1,1,1,1,1,1,1,open,none,safe,civil,0,771.604984,1648,extended,5.0,0,5,0.972,7
S00604,OOMS,24.156322,57.945563,A321,narrow_body,2308,medical,768,critical,0.75,750.0,750.0,1205.590781,aircraft_fuel,OKKK,4580,60,asphalt,ILS,1,1,advanced,1,major,1,1,1,1,1,1,1,open,none,safe,civil,0,1139.368622,2272,extended,6.0,0,7,0.6583,2
S00604,OOMS,24.156322,57.945563,A321,narrow_body,2308,medical,768,critical,0.75,750.0,750.0,1205.590781,aircraft_fuel,OERK,4205,60,asphalt,ILS,1,1,advanced,1,major,1,1,1,1,1,1,1,open,none,safe,civil,0,1140.61977,1897,extended,7.0,0,8,0.6575,4
S00604,OOMS,24.156322,57.945563,A321,narrow_body,2308,medical,768,critical,0.75,750.0,750.0,1205.590781,aircraft_fuel,OPKC,3400,46,concrete,RNAV,0,1,basic,1,basic,1,1,1,1,1,1,1,open,none,caution,civil,0,935.733713,1092,extended,8.0,0,6,0.8015,8
S00605,LTFM,41.423039,27.891537,E170,regional_jet,1675,security,833,normal,1.0,700.0,700.0,1067.361142,aircraft_fuel,LTFM,4100,60,asphalt,ILS,1,1,advanced,1,major,1,1,1,1,1,1,0,open,none,safe,civil,0,72.076056,2425,preferred,1.0,1,1,9.712,1
S00605,LTFM,41.423039,27.891537,E170,regional_jet,1675,security,833,normal,1.0,700.0,700.0,1067.361142,aircraft_fuel,LGAV,4000,45,asphalt,ILS,1,1,advanced,1,major,1,1,1,1,1,1,1,open,none,safe,civil,0,514.080201,2325,preferred,2.0,0,3,1.3617,2
S00605,LTFM,41.423039,27.891537,E170,regional_jet,1675,security,833,normal,1.0,700.0,700.0,1067.361142,aircraft_fuel,LTAC,3750,45,asphalt,ILS,1,1,advanced,1,major,1,1,1,1,1,1,1,open,none,safe,joint,0,453.140993,2075,preferred,3.0,0,2,1.5448,3
S00605,LTFM,41.423039,27.891537,E170,regional_jet,1675,security,833,normal,1.0,700.0,700.0,1067.361142,aircraft_fuel,LCLK,2987,45,asphalt,ILS,1,0,none,1,basic,1,0,1,1,1,1,1,open,none,safe,civil,0,883.525871,1312,extended,4.0,0,4,0.7923,4
S00606,OPLA,31.686645,74.919936,A330-300,wide_body,2886,fuel,678,low,0.9,1170.0,678.0,1117.224672,emergency,VIDP,4430,60,asphalt,ILS,1,1,advanced,1,major,1,1,1,1,1,1,1,open,none,safe,civil,1,406.150792,1544,preferred,1.0,1,2,1.6693,1
S00606,OPLA,31.686645,74.919936,A330-300,wide_body,2886,fuel,678,low,0.9,1170.0,678.0,1117.224672,emergency,OPLA,3360,46,concrete,RNAV,0,0,none,1,basic,1,0,1,1,1,1,1,open,none,caution,civil,0,52.228904,474,preferred,2.0,0,1,12.9813,3
S00606,OPLA,31.686645,74.919936,A330-300,wide_body,2886,fuel,678,low,0.9,1170.0,678.0,1117.224672,emergency,OPKC,3400,46,concrete,RNAV,0,1,basic,1,basic,1,1,1,1,1,1,1,open,none,caution,civil,0,1069.60126,514,extended,3.0,0,3,0.6339,2
S00606,OPLA,31.686645,74.919936,A330-300,wide_body,2886,fuel,678,low,0.9,1170.0,678.0,1117.224672,emergency,VNKT,3350,45,asphalt,VOR,0,0,none,0,none,0,0,1,1,1,1,1,open,none,caution,civil,0,1100.982981,464,extended,4.0,0,4,0.6158,4
S00607,LFPG,48.363263,2.906294,B737 MAX 8,narrow_body,2437,fuel,856,normal,1.0,1000.0,856.0,1339.229921,emergency,LFPG,4215,45,asphalt,ILS,1,1,advanced,1,major,1,1,1,1,1,1,1,open,none,safe,civil,1,76.310729,1778,preferred,1.0,1,1,11.2173,2
S00607,LFPG,48.363263,2.906294,B737 MAX 8,narrow_body,2437,fuel,856,normal,1.0,1000.0,856.0,1339.229921,emergency,EGLL,3901,50,asphalt,ILS,1,1,advanced,1,major,1,1,1,1,1,1,1,open,none,safe,civil,1,421.187234,1464,preferred,2.0,0,3,2.0324,5
S00607,LFPG,48.363263,2.906294,B737 MAX 8,narrow_body,2437,fuel,856,normal,1.0,1000.0,856.0,1339.229921,emergency,EDDF,4000,60,asphalt,ILS,1,1,advanced,1,major,1,1,1,0,1,1,1,open,none,safe,civil,1,450.279842,1563,preferred,3.0,0,4,1.901,3
S00607,LFPG,48.363263,2.906294,B737 MAX 8,narrow_body,2437,fuel,856,normal,1.0,1000.0,856.0,1339.229921,emergency,EHAM,3800,60,asphalt,ILS,1,1,advanced,1,major,1,1,1,1,1,1,1,open,none,safe,civil,1,458.043016,1363,preferred,4.0,0,5,1.8688,6
S00607,LFPG,48.363263,2.906294,B737 MAX 8,narrow_body,2437,fuel,856,normal,1.0,1000.0,856.0,1339.229921,emergency,EGKK,3317,45,asphalt,ILS,1,1,advanced,1,major,1,1,1,1,1,1,1,open,none,safe,civil,1,381.069827,880,preferred,5.0,0,2,2.2463,8
S00607,LFPG,48.363263,2.906294,B737 MAX 8,narrow_body,2437,fuel,856,normal,1.0,1000.0,856.0,1339.229921,emergency,LEMD,4350,60,asphalt,ILS,1,1,advanced,1,major,1,1,1,1,1,1,1,open,none,safe,civil,1,1014.236374,1913,extended,6.0,0,8,0.844,1
S00607,LFPG,48.363263,2.906294,B737 MAX 8,narrow_body,2437,fuel,856,normal,1.0,1000.0,856.0,1339.229921,emergency,LIRF,3902,60,asphalt,ILS,1,1,basic,1,major,1,1,1,1,1,1,1,open,none,safe,civil,1,1033.09926,1465,extended,7.0,0,9,0.8286,4
S00607,LFPG,48.363263,2.906294,B737 MAX 8,narrow_body,2437,fuel,856,normal,1.0,1000.0,856.0,1339.229921,emergency,EGCC,3048,46,asphalt,ILS,1,1,advanced,1,major,1,1,1,1,1,1,1,open,none,safe,civil,1,663.079181,611,preferred,8.0,0,6,1.2909,10
S00607,LFPG,48.363263,2.906294,B737 MAX 8,narrow_body,2437,fuel,856,normal,1.0,1000.0,856.0,1339.229921,emergency,EIDW,3110,45,concrete,ILS,1,1,advanced,1,major,1,1,1,1,1,1,1,open,none,safe,civil,0,853.639815,673,preferred,9.0,0,7,1.0028,9
S00607,LFPG,48.363263,2.906294,B737 MAX 8,narrow_body,2437,fuel,856,normal,1.0,1000.0,856.0,1339.229921,emergency,DAAG,3500,60,asphalt,RNAV,0,1,basic,1,basic,1,1,1,1,1,1,0,open,none,safe,civil,0,1297.818328,1063,extended,10.0,0,10,0.6596,7
S00608,EGKK,51.731511,1.08056,E175,regional_jet,1818,weather,1068,normal,1.0,750.0,750.0,1152.551162,aircraft_fuel,EGKK,3317,45,asphalt,ILS,1,1,advanced,1,major,1,1,1,1,1,1,1,open,none,safe,civil,1,109.09604,1499,preferred,1.0,1,1,6.8747,6
S00608,EGKK,51.731511,1.08056,E175,regional_jet,1818,weather,1068,normal,1.0,750.0,750.0,1152.551162,aircraft_fuel,EGLL,3901,50,asphalt,ILS,1,1,advanced,1,major,1,1,1,1,1,1,1,open,none,safe,civil,1,110.273066,2083,preferred,2.0,0,2,6.8013,3
S00608,EGKK,51.731511,1.08056,E175,regional_jet,1818,weather,1068,normal,1.0,750.0,750.0,1152.551162,aircraft_fuel,EHAM,3800,60,asphalt,ILS,1,1,advanced,1,major,1,1,1,1,1,1,1,open,none,safe,civil,1,260.050231,1982,preferred,3.0,0,3,2.8841,4
S00608,EGKK,51.731511,1.08056,E175,regional_jet,1818,weather,1068,normal,1.0,750.0,750.0,1152.551162,aircraft_fuel,LFPG,4215,45,asphalt,ILS,1,1,advanced,1,major,1,1,1,1,1,1,1,open,none,safe,civil,1,320.247524,2397,preferred,4.0,0,5,2.3419,1
S00608,EGKK,51.731511,1.08056,E175,regional_jet,1818,weather,1068,normal,1.0,750.0,750.0,1152.551162,aircraft_fuel,EGCC,3048,46,asphalt,ILS,1,1,advanced,1,major,1,1,1,1,1,1,1,open,none,safe,civil,1,289.827637,1230,preferred,5.0,0,4,2.5877,8
S00608,EGKK,51.731511,1.08056,E175,regional_jet,1818,weather,1068,normal,1.0,750.0,750.0,1152.551162,aircraft_fuel,EDDF,4000,60,asphalt,ILS,1,1,advanced,1,major,1,1,1,0,1,1,1,open,none,safe,civil,1,557.522971,2182,preferred,6.0,0,7,1.3452,2
S00608,EGKK,51.731511,1.08056,E175,regional_jet,1818,weather,1068,normal,1.0,750.0,750.0,1152.551162,aircraft_fuel,EIDW,3110,45,concrete,ILS,1,1,advanced,1,major,1,1,1,1,1,1,1,open,none,safe,civil,0,530.505572,1292,preferred,7.0,0,6,1.4137,7
S00608,EGKK,51.731511,1.08056,E175,regional_jet,1818,weather,1068,normal,1.0,750.0,750.0,1152.551162,aircraft_fuel,ENGM,3600,45,asphalt,ILS,1,1,advanced,1,major,1,1,1,1,1,1,1,open,none,safe,civil,0,1126.191333,1782,extended,8.0,0,8,0.666,5
S00610,DGAA,5.419606,0.410627,A330-300,wide_body,2969,technical,1149,normal,1.0,1300.0,1149.0,2053.538323,emergency,DGAA,3403,61,asphalt,RNAV,0,0,none,1,basic,1,0,1,1,1,1,0,open,none,safe,civil,0,67.157528,434,preferred,1.0,1,1,17.109,3
S00610,DGAA,5.419606,0.410627,A330-300,wide_body,2969,technical,1149,normal,1.0,1300.0,1149.0,2053.538323,emergency,DNMM,3900,60,asphalt,ILS,1,1,advanced,1,major,1,1,1,1,1,1,1,open,none,caution,civil,0,346.649966,931,preferred,2.0,0,2,3.3146,1
S00610,DGAA,5.419606,0.410627,A330-300,wide_body,2969,technical,1149,normal,1.0,1300.0,1149.0,2053.538323,emergency,DNAA,3609,60,asphalt,RNAV,0,0,none,1,basic,1,0,1,1,1,1,1,open,none,safe,joint,0,854.598078,640,preferred,3.0,0,3,1.3445,2
S00610,DGAA,5.419606,0.410627,A330-300,wide_body,2969,technical,1149,normal,1.0,1300.0,1149.0,2053.538323,emergency,DNKN,3200,46,asphalt,RNAV,0,0,none,1,basic,1,0,1,0,0,1,1,open,none,safe,joint,0,1156.480395,231,extended,4.0,0,4,0.9935,4
S00611,OMAA,24.560845,54.342027,A321,narrow_body,2477,operational_constraints,723,normal,1.0,1000.0,723.0,1219.245946,emergency,OMAA,4106,60,asphalt,ILS,1,1,advanced,1,major,1,1,1,1,1,1,1,open,none,safe,civil,0,33.82182,1629,preferred,1.0,1,1,21.3767,5
S00611,OMAA,24.560845,54.342027,A321,narrow_body,2477,operational_constraints,723,normal,1.0,1000.0,723.0,1219.245946,emergency,OMDB,4447,60,asphalt,ILS,1,1,advanced,1,major,1,1,1,1,1,1,1,open,none,safe,civil,1,128.987481,1970,preferred,2.0,0,2,5.6052,3
S00611,OMAA,24.560845,54.342027,A321,narrow_body,2477,operational_constraints,723,normal,1.0,1000.0,723.0,1219.245946,emergency,OTHH,4850,60,asphalt,ILS,1,1,advanced,1,major,1,1,1,1,1,1,1,open,none,safe,civil,0,286.848096,2373,preferred,3.0,0,3,2.5205,1
S00611,OMAA,24.560845,54.342027,A321,narrow_body,2477,operational_constraints,723,normal,1.0,1000.0,723.0,1219.245946,emergency,OOMS,4080,45,asphalt,ILS,1,1,advanced,1,major,1,1,1,1,1,1,1,open,none,safe,civil,0,414.296024,1603,preferred,4.0,0,4,1.7451,6
S00611,OMAA,24.560845,54.342027,A321,narrow_body,2477,operational_constraints,723,normal,1.0,1000.0,723.0,1219.245946,emergency,OBBI,3956,60,asphalt,ILS,1,1,advanced,1,major,1,1,1,1,1,1,1,open,none,safe,civil,0,417.610608,1479,preferred,5.0,0,5,1.7313,7
S00611,OMAA,24.560845,54.342027,A321,narrow_body,2477,operational_constraints,723,normal,1.0,1000.0,723.0,1219.245946,emergency,OERK,4205,60,asphalt,ILS,1,1,advanced,1,major,1,1,1,1,1,1,1,open,none,safe,civil,0,772.91992,1728,extended,6.0,0,6,0.9354,4
S00611,OMAA,24.560845,54.342027,A321,narrow_body,2477,operational_constraints,723,normal,1.0,1000.0,723.0,1219.245946,emergency,OKKK,4580,60,asphalt,ILS,1,1,advanced,1,major,1,1,1,1,1,1,1,open,none,safe,civil,0,817.1782,2103,extended,7.0,0,7,0.8848,2
S00613,OERK,25.195241,46.300181,E190,regional_jet,1867,technical,599,low,0.9,720.0,599.0,947.695744,emergency,OERK,4205,60,asphalt,ILS,1,1,advanced,1,major,1,1,1,1,1,1,1,open,none,safe,civil,0,48.062295,2338,preferred,1.0,1,1,12.463,4
S00613,OERK,25.195241,46.300181,E190,regional_jet,1867,technical,599,low,0.9,720.0,599.0,947.695744,emergency,OBBI,3956,60,asphalt,ILS,1,1,advanced,1,major,1,1,1,1,1,1,1,open,none,safe,civil,0,450.505693,2089,preferred,2.0,0,2,1.3296,6
S00613,OERK,25.195241,46.300181,E190,regional_jet,1867,technical,599,low,0.9,720.0,599.0,947.695744,emergency,OKKK,4580,60,asphalt,ILS,1,1,advanced,1,major,1,1,1,1,1,1,1,open,none,safe,civil,0,477.46524,2713,preferred,3.0,0,3,1.2545,2
S00613,OERK,25.195241,46.300181,E190,regional_jet,1867,technical,599,low,0.9,720.0,599.0,947.695744,emergency,OTHH,4850,60,asphalt,ILS,1,1,advanced,1,major,1,1,1,1,1,1,1,open,none,safe,civil,0,533.922319,2983,preferred,4.0,0,4,1.1219,1
S00613,OERK,25.195241,46.300181,E190,regional_jet,1867,technical,599,low,0.9,720.0,599.0,947.695744,emergency,OMAA,4106,60,asphalt,ILS,1,1,advanced,1,major,1,1,1,1,1,1,1,open,none,safe,civil,0,846.655647,2239,extended,5.0,0,5,0.7075,5
S00613,OERK,25.195241,46.300181,E190,regional_jet,1867,technical,599,low,0.9,720.0,599.0,947.695744,emergency,OMDB,4447,60,asphalt,ILS,1,1,advanced,1,major,1,1,1,1,1,1,1,open,none,safe,civil,1,912.311937,2580,extended,6.0,0,6,0.6566,3
S00614,CYYZ,43.337685,-79.708855,A319,narrow_body,2053,fuel,643,critical,0.75,675.0,643.0,1083.190683,emergency,CYYZ,3389,61,asphalt,ILS,1,1,advanced,1,major,1,1,1,1,1,1,1,open,none,safe,civil,1,38.153355,1336,preferred,1.0,1,1,16.853,3
S00614,CYYZ,43.337685,-79.708855,A319,narrow_body,2053,fuel,643,critical,0.75,675.0,643.0,1083.190683,emergency,KJFK,4423,61,asphalt,ILS,1,1,advanced,1,major,1,1,1,1,1,1,1,open,none,safe,civil,1,574.402029,2370,preferred,2.0,0,2,1.1194,1
S00614,CYYZ,43.337685,-79.708855,A319,narrow_body,2053,fuel,643,critical,0.75,675.0,643.0,1083.190683,emergency,KORD,3962,46,concrete,ILS,1,1,advanced,1,major,1,1,1,1,1,1,1,open,none,safe,civil,0,686.73013,1909,extended,3.0,0,3,0.9363,2
S00617,RCTP,25.001658,120.885502,A330-300,wide_body,2949,weather,1265,low,0.9,1170.0,1170.0,2144.505116,aircraft_fuel,RCTP,3660,60,concrete,ILS,1,1,advanced,1,major,1,1,1,1,1,1,1,open,none,safe,civil,0,36.015253,711,preferred,1.0,1,1,32.4862,5
S00617,RCTP,25.001658,120.885502,A330-300,wide_body,2949,weather,1265,low,0.9,1170.0,1170.0,2144.505116,aircraft_fuel,ZSPD,4000,60,concrete,ILS,1,1,advanced,1,major,1,1,1,1,1,1,1,open,none,safe,civil,1,688.852933,1051,preferred,2.0,0,2,1.6985,1
S00617,RCTP,25.001658,120.885502,A330-300,wide_body,2949,weather,1265,low,0.9,1170.0,1170.0,2144.505116,aircraft_fuel,RKSI,4000,60,asphalt,ILS,1,1,advanced,1,major,1,1,1,1,1,1,1,open,none,safe,civil,1,1483.06501,1051,extended,3.0,0,4,0.7889,1
S00617,RCTP,25.001658,120.885502,A330-300,wide_body,2949,weather,1265,low,0.9,1170.0,1170.0,2144.505116,aircraft_fuel,RPLL,3737,60,concrete,ILS,1,1,basic,1,basic,1,1,1,1,1,1,1,open,none,caution,civil,0,1166.859376,788,preferred,4.0,0,3,1.0027,4
S00617,RCTP,25.001658,120.885502,A330-300,wide_body,2949,weather,1265,low,0.9,1170.0,1170.0,2144.505116,aircraft_fuel,ZBAA,3810,60,asphalt,ILS,1,1,advanced,1,major,1,1,1,1,1,1,1,open,none,safe,civil,1,1723.265656,861,extended,5.0,0,5,0.6789,3
S00618,UAAA,43.057899,77.353355,B737-800,narrow_body,2469,weather,1148,normal,1.0,950.0,950.0,1499.191002,aircraft_fuel,UAAA,4500,45,asphalt,RNAV,0,1,basic,1,basic,1,1,1,1,1,1,1,open,none,safe,civil,0,41.466042,2031,preferred,1.0,1,1,22.9103,1
S00618,UAAA,43.057899,77.353355,B737-800,narrow_body,2469,weather,1148,normal,1.0,950.0,950.0,1499.191002,aircraft_fuel,UACC,3500,45,asphalt,RNAV,0,1,basic,1,basic,1,1,1,1,1,1,1,open,none,safe,civil,0,991.280605,1031,extended,2.0,0,2,0.9584,2
S00618,UAAA,43.057899,77.353355,B737-800,narrow_body,2469,weather,1148,normal,1.0,950.0,950.0,1499.191002,aircraft_fuel,OPLA,3360,46,concrete,RNAV,0,0,none,1,basic,1,0,1,1,1,1,1,open,none,caution,civil,0,1308.80705,891,extended,3.0,0,3,0.7259,3
S00620,OOMS,23.431805,58.509519,A320,narrow_body,2281,mechanical,711,normal,1.0,950.0,711.0,1087.689505,emergency,OOMS,4080,45,asphalt,ILS,1,1,advanced,1,major,1,1,1,1,1,1,1,open,none,safe,civil,0,29.554682,1799,preferred,1.0,1,1,24.0571,4
S00620,OOMS,23.431805,58.509519,A320,narrow_body,2281,mechanical,711,normal,1.0,950.0,711.0,1087.689505,emergency,OMDB,4447,60,asphalt,ILS,1,1,advanced,1,major,1,1,1,1,1,1,1,open,none,safe,civil,1,376.762203,2166,preferred,2.0,0,2,1.8871,2
S00620,OOMS,23.431805,58.509519,A320,narrow_body,2281,mechanical,711,normal,1.0,950.0,711.0,1087.689505,emergency,OMAA,4106,60,asphalt,ILS,1,1,advanced,1,major,1,1,1,1,1,1,1,open,none,safe,civil,0,408.040047,1825,preferred,3.0,0,3,1.7425,3
S00620,OOMS,23.431805,58.509519,A320,narrow_body,2281,mechanical,711,normal,1.0,950.0,711.0,1087.689505,emergency,OTHH,4850,60,asphalt,ILS,1,1,advanced,1,major,1,1,1,1,1,1,1,open,none,safe,civil,0,728.374769,2569,extended,4.0,0,4,0.9761,1
S00620,OOMS,23.431805,58.509519,A320,narrow_body,2281,mechanical,711,normal,1.0,950.0,711.0,1087.689505,emergency,OBBI,3956,60,asphalt,ILS,1,1,advanced,1,major,1,1,1,1,1,1,1,open,none,safe,civil,0,854.335596,1675,extended,5.0,0,5,0.8322,5
S00620,OOMS,23.431805,58.509519,A320,narrow_body,2281,mechanical,711,normal,1.0,950.0,711.0,1087.689505,emergency,OPKC,3400,46,concrete,RNAV,0,1,basic,1,basic,1,1,1,1,1,1,1,open,none,caution,civil,0,892.663304,1119,extended,6.0,0,6,0.7965,6
S00621,ULLI,59.645992,29.667446,A321,narrow_body,2398,medical,774,low,0.9,900.0,774.0,1274.781953,emergency,ULLI,3780,60,concrete,ILS,1,1,advanced,1,major,1,1,1,1,1,1,1,open,none,caution,civil,0,37.513845,1382,preferred,1.0,1,1,20.6324,1
S00621,ULLI,59.645992,29.667446,A321,narrow_body,2398,medical,774,low,0.9,900.0,774.0,1274.781953,emergency,EFHK,3440,60,asphalt,ILS,1,1,advanced,1,major,1,1,1,1,1,1,1,open,none,safe,civil,0,272.080808,1042,preferred,2.0,0,2,2.8447,4
S00621,ULLI,59.645992,29.667446,A321,narrow_body,2398,medical,774,low,0.9,900.0,774.0,1274.781953,emergency,ESSA,3301,45,asphalt,ILS,1,1,advanced,1,major,1,1,1,1,1,1,1,open,none,safe,civil,0,658.725035,903,preferred,3.0,0,4,1.175,5
S00621,ULLI,59.645992,29.667446,A321,narrow_body,2398,medical,774,low,0.9,900.0,774.0,1274.781953,emergency,UUEE,3700,60,concrete,ILS,1,1,advanced,1,major,1,1,1,1,1,1,1,open,none,caution,civil,0,613.198617,1302,preferred,4.0,0,3,1.2622,2
S00621,ULLI,59.645992,29.667446,A321,narrow_body,2398,medical,774,low,0.9,900.0,774.0,1274.781953,emergency,ENGM,3600,45,asphalt,ILS,1,1,advanced,1,major,1,1,1,1,1,1,1,open,none,safe,civil,0,1033.140705,1202,extended,5.0,0,5,0.7492,3
S00623,OTHH,24.90888,51.363856,A320,narrow_body,2238,mechanical,616,normal,1.0,950.0,616.0,1004.920775,emergency,OTHH,4850,60,asphalt,ILS,1,1,advanced,1,major,1,1,1,1,1,1,1,open,none,safe,civil,0,47.376601,2612,preferred,1.0,1,1,13.0022,1
S00623,OTHH,24.90888,51.363856,A320,narrow_body,2238,mechanical,616,normal,1.0,950.0,616.0,1004.920775,emergency,OBBI,3956,60,asphalt,ILS,1,1,advanced,1,major,1,1,1,1,1,1,1,open,none,safe,civil,0,167.6895,1718,preferred,2.0,0,2,3.6735,7
S00623,OTHH,24.90888,51.363856,A320,narrow_body,2238,mechanical,616,normal,1.0,950.0,616.0,1004.920775,emergency,OMAA,4106,60,asphalt,ILS,1,1,advanced,1,major,1,1,1,1,1,1,1,open,none,safe,civil,0,336.004256,1868,preferred,3.0,0,3,1.8333,5
S00623,OTHH,24.90888,51.363856,A320,narrow_body,2238,mechanical,616,normal,1.0,950.0,616.0,1004.920775,emergency,OMDB,4447,60,asphalt,ILS,1,1,advanced,1,major,1,1,1,1,1,1,1,open,none,safe,civil,1,405.326067,2209,preferred,4.0,0,4,1.5198,3
S00623,OTHH,24.90888,51.363856,A320,narrow_body,2238,mechanical,616,normal,1.0,950.0,616.0,1004.920775,emergency,OERK,4205,60,asphalt,ILS,1,1,advanced,1,major,1,1,1,1,1,1,1,open,none,safe,civil,0,470.392835,1967,preferred,5.0,0,5,1.3095,4
S00623,OTHH,24.90888,51.363856,A320,narrow_body,2238,mechanical,616,normal,1.0,950.0,616.0,1004.920775,emergency,OKKK,4580,60,asphalt,ILS,1,1,advanced,1,major,1,1,1,1,1,1,1,open,none,safe,civil,0,585.762159,2342,preferred,6.0,0,6,1.0516,2
S00623,OTHH,24.90888,51.363856,A320,narrow_body,2238,mechanical,616,normal,1.0,950.0,616.0,1004.920775,emergency,OOMS,4080,45,asphalt,ILS,1,1,advanced,1,major,1,1,1,1,1,1,1,open,none,safe,civil,0,716.525744,1842,extended,7.0,0,7,0.8597,6
S00626,OMDB,25.881692,55.283034,A321,narrow_body,2384,medical,1008,critical,0.75,750.0,750.0,1167.081148,aircraft_fuel,OMDB,4447,60,asphalt,ILS,1,1,advanced,1,major,1,1,1,1,1,1,1,open,none,safe,civil,1,70.816053,2063,preferred,1.0,1,1,10.5908,3
S00626,OMDB,25.881692,55.283034,A321,narrow_body,2384,medical,1008,critical,0.75,750.0,750.0,1167.081148,aircraft_fuel,OMAA,4106,60,asphalt,ILS,1,1,advanced,1,major,1,1,1,1,1,1,1,open,none,safe,civil,0,172.432689,1722,preferred,2.0,0,2,4.3495,5
S00626,OMDB,25.881692,55.283034,A321,narrow_body,2384,medical,1008,critical,0.75,750.0,750.0,1167.081148,aircraft_fuel,OTHH,4850,60,asphalt,ILS,1,1,advanced,1,major,1,1,1,1,1,1,1,open,none,safe,civil,0,374.740682,2466,preferred,3.0,0,3,2.0014,1
S00626,OMDB,25.881692,55.283034,A321,narrow_body,2384,medical,1008,critical,0.75,750.0,750.0,1167.081148,aircraft_fuel,OOMS,4080,45,asphalt,ILS,1,1,advanced,1,major,1,1,1,1,1,1,1,open,none,safe,civil,0,395.295603,1696,preferred,4.0,0,4,1.8973,6
S00626,OMDB,25.881692,55.283034,A321,narrow_body,2384,medical,1008,critical,0.75,750.0,750.0,1167.081148,aircraft_fuel,OBBI,3956,60,asphalt,ILS,1,1,advanced,1,major,1,1,1,1,1,1,1,open,none,safe,civil,0,465.923127,1572,preferred,5.0,0,5,1.6097,7
S00626,OMDB,25.881692,55.283034,A321,narrow_body,2384,medical,1008,critical,0.75,750.0,750.0,1167.081148,aircraft_fuel,OKKK,4580,60,asphalt,ILS,1,1,advanced,1,major,1,1,1,1,1,1,1,open,none,safe,civil,0,810.882554,2196,extended,6.0,0,6,0.9249,2
S00626,OMDB,25.881692,55.283034,A321,narrow_body,2384,medical,1008,critical,0.75,750.0,750.0,1167.081148,aircraft_fuel,OERK,4205,60,asphalt,ILS,1,1,advanced,1,major,1,1,1,1,1,1,1,open,none,safe,civil,0,868.052846,1821,extended,7.0,0,7,0.864,4
S00627,EGCC,53.52025,-2.21776,A319,narrow_body,2057,mechanical,781,low,0.9,810.0,781.0,1297.107685,emergency,EGCC,3048,46,asphalt,ILS,1,1,advanced,1,major,1,1,1,1,1,1,1,open,none,safe,civil,1,18.898239,991,preferred,1.0,1,1,41.3266,8
S00627,EGCC,53.52025,-2.21776,A319,narrow_body,2057,mechanical,781,low,0.9,810.0,781.0,1297.107685,emergency,EGLL,3901,50,asphalt,ILS,1,1,advanced,1,major,1,1,1,1,1,1,1,open,none,safe,civil,1,257.075158,1844,preferred,2.0,0,2,3.038,3
S00627,EGCC,53.52025,-2.21776,A319,narrow_body,2057,mechanical,781,low,0.9,810.0,781.0,1297.107685,emergency,EGKK,3317,45,asphalt,ILS,1,1,advanced,1,major,1,1,1,1,1,1,1,open,none,safe,civil,1,297.627701,1260,preferred,3.0,0,4,2.6241,6
S00627,EGCC,53.52025,-2.21776,A319,narrow_body,2057,mechanical,781,low,0.9,810.0,781.0,1297.107685,emergency,EHAM,3800,60,asphalt,ILS,1,1,advanced,1,major,1,1,1,1,1,1,1,open,none,safe,civil,1,486.901494,1743,preferred,4.0,0,5,1.604,4
S00627,EGCC,53.52025,-2.21776,A319,narrow_body,2057,mechanical,781,low,0.9,810.0,781.0,1297.107685,emergency,LFPG,4215,45,asphalt,ILS,1,1,advanced,1,major,1,1,1,1,1,1,1,open,none,safe,civil,1,601.25514,2158,preferred,5.0,0,6,1.2989,1
S00627,EGCC,53.52025,-2.21776,A319,narrow_body,2057,mechanical,781,low,0.9,810.0,781.0,1297.107685,emergency,EIDW,3110,45,concrete,ILS,1,1,advanced,1,major,1,1,1,1,1,1,1,open,none,safe,civil,0,267.817593,1053,preferred,6.0,0,3,2.9162,7
S00627,EGCC,53.52025,-2.21776,A319,narrow_body,2057,mechanical,781,low,0.9,810.0,781.0,1297.107685,emergency,EDDF,4000,60,asphalt,ILS,1,1,advanced,1,major,1,1,1,0,1,1,1,open,none,safe,civil,1,835.851763,1943,extended,7.0,0,7,0.9344,2
S00627,EGCC,53.52025,-2.21776,A319,narrow_body,2057,mechanical,781,low,0.9,810.0,781.0,1297.107685,emergency,ENGM,3600,45,asphalt,ILS,1,1,advanced,1,major,1,1,1,1,1,1,1,open,none,safe,civil,0,1094.624386,1543,extended,8.0,0,8,0.7135,5
S00628,HECA,30.61669,31.437503,A320,narrow_body,2372,operational_constraints,715,low,0.9,855.0,715.0,1131.546679,emergency,HECA,4000,60,asphalt,ILS,1,1,basic,1,major,1,1,1,1,1,1,1,open,none,safe,civil,0,56.307073,1628,preferred,1.0,1,1,12.6982,1
S00628,HECA,30.61669,31.437503,A320,narrow_body,2372,operational_constraints,715,low,0.9,855.0,715.0,1131.546679,emergency,OJAI,3660,61,asphalt,ILS,1,1,advanced,1,major,1,1,1,1,1,1,1,open,none,safe,civil,0,450.504563,1288,preferred,2.0,0,2,1.5871,4
S00628,HECA,30.61669,31.437503,A320,narrow_body,2372,operational_constraints,715,low,0.9,855.0,715.0,1131.546679,emergency,LCLK,2987,45,asphalt,ILS,1,0,none,1,basic,1,0,1,1,1,1,1,open,none,safe,civil,0,515.771825,615,preferred,3.0,0,3,1.3863,6
S00628,HECA,30.61669,31.437503,A320,narrow_body,2372,operational_constraints,715,low,0.9,855.0,715.0,1131.546679,emergency,LGAV,4000,45,asphalt,ILS,1,1,advanced,1,major,1,1,1,1,1,1,1,open,none,safe,civil,0,1065.226768,1628,extended,4.0,0,5,0.6712,1
S00628,HECA,30.61669,31.437503,A320,narrow_body,2372,operational_constraints,715,low,0.9,855.0,715.0,1131.546679,emergency,HELX,3000,45,asphalt,RNAV,0,0,none,1,basic,1,0,1,0,0,1,1,open,none,safe,joint,0,563.821421,628,preferred,5.0,0,4,1.2681,5
S00628,HECA,30.61669,31.437503,A320,narrow_body,2372,operational_constraints,715,low,0.9,855.0,715.0,1131.546679,emergency,LTAC,3750,45,asphalt,ILS,1,1,advanced,1,major,1,1,1,1,1,1,1,open,none,safe,joint,0,1066.953838,1378,extended,6.0,0,6,0.6701,3
S00630,RCTP,24.613747,121.414039,E190,regional_jet,1860,weather,1179,low,0.9,720.0,720.0,1180.739898,aircraft_fuel,RCTP,3660,60,concrete,ILS,1,1,advanced,1,major,1,1,1,1,1,1,1,open,none,safe,civil,0,54.72782,1800,preferred,1.0,1,1,13.156,3
S00630,RCTP,24.613747,121.414039,E190,regional_jet,1860,weather,1179,low,0.9,720.0,720.0,1180.739898,aircraft_fuel,ZSPD,4000,60,concrete,ILS,1,1,advanced,1,major,1,1,1,1,1,1,1,open,none,safe,civil,1,727.078451,2140,extended,2.0,0,2,0.9903,1
S00630,RCTP,24.613747,121.414039,E190,regional_jet,1860,weather,1179,low,0.9,720.0,720.0,1180.739898,aircraft_fuel,RPLL,3737,60,concrete,ILS,1,1,basic,1,basic,1,1,1,1,1,1,1,open,none,caution,civil,0,1124.396622,1877,extended,3.0,0,3,0.6403,2
S00631,RJTT,34.808626,140.041059,B737-800,narrow_body,2437,operational_constraints,994,normal,1.0,950.0,950.0,1580.104954,aircraft_fuel,RJAA,4000,60,asphalt,ILS,1,1,advanced,1,major,1,1,1,0,1,1,1,open,none,safe,civil,1,111.307994,1563,preferred,1.0,1,2,8.5349,1
S00631,RJTT,34.808626,140.041059,B737-800,narrow_body,2437,operational_constraints,994,normal,1.0,950.0,950.0,1580.104954,aircraft_fuel,RJTT,3360,61,asphalt,ILS,1,1,advanced,1,major,1,1,1,1,1,1,1,open,none,safe,civil,1,85.576177,923,preferred,2.0,0,1,11.1012,3
S00631,RJTT,34.808626,140.041059,B737-800,narrow_body,2437,operational_constraints,994,normal,1.0,950.0,950.0,1580.104954,aircraft_fuel,RKSI,4000,60,asphalt,ILS,1,1,advanced,1,major,1,1,1,1,1,1,1,open,none,safe,civil,1,1254.482942,1563,extended,3.0,0,4,0.7573,1
S00631,RJTT,34.808626,140.041059,B737-800,narrow_body,2437,operational_constraints,994,normal,1.0,950.0,950.0,1580.104954,aircraft_fuel,RJCC,3000,61,asphalt,RNAV,0,1,basic,1,basic,1,1,1,1,1,1,1,open,none,safe,joint,0,897.198744,563,preferred,4.0,0,3,1.0589,4
S00633,OMAA,24.612626,55.568634,CRJ900,regional_jet,1860,fuel,890,critical,0.75,525.0,525.0,786.816196,aircraft_fuel,OMDB,4447,60,asphalt,ILS,1,1,advanced,1,major,1,1,1,1,1,1,1,open,none,safe,civil,1,73.598853,2587,preferred,1.0,1,1,7.1333,2
S00633,OMAA,24.612626,55.568634,CRJ900,regional_jet,1860,fuel,890,critical,0.75,525.0,525.0,786.816196,aircraft_fuel,OMAA,4106,60,asphalt,ILS,1,1,advanced,1,major,1,1,1,1,1,1,1,open,none,safe,civil,0,94.945819,2246,preferred,2.0,0,2,5.5295,3
S00633,OMAA,24.612626,55.568634,CRJ900,regional_jet,1860,fuel,890,critical,0.75,525.0,525.0,786.816196,aircraft_fuel,OOMS,4080,45,asphalt,ILS,1,1,advanced,1,major,1,1,1,1,1,1,1,open,none,safe,civil,0,297.817574,2220,preferred,3.0,0,3,1.7628,4
S00633,OMAA,24.612626,55.568634,CRJ900,regional_jet,1860,fuel,890,critical,0.75,525.0,525.0,786.816196,aircraft_fuel,OTHH,4850,60,asphalt,ILS,1,1,advanced,1,major,1,1,1,1,1,1,1,open,none,safe,civil,0,405.998942,2990,preferred,4.0,0,4,1.2931,1
S00633,OMAA,24.612626,55.568634,CRJ900,regional_jet,1860,fuel,890,critical,0.75,525.0,525.0,786.816196,aircraft_fuel,OBBI,3956,60,asphalt,ILS,1,1,advanced,1,major,1,1,1,1,1,1,1,open,none,safe,civil,0,528.162556,2096,extended,5.0,0,5,0.994,5
S00637,LEMD,39.643467,-3.152054,B737-800,narrow_body,2312,medical,539,low,0.9,855.0,539.0,820.527947,emergency,LEMD,4350,60,asphalt,ILS,1,1,advanced,1,major,1,1,1,1,1,1,1,open,none,safe,civil,1,101.046524,2038,preferred,1.0,1,1,5.3342,1
S00637,LEMD,39.643467,-3.152054,B737-800,narrow_body,2312,medical,539,low,0.9,855.0,539.0,820.527947,emergency,LPPT,3707,45,asphalt,ILS,1,1,advanced,1,major,1,1,1,1,1,1,1,open,none,safe,civil,0,524.269772,1395,preferred,2.0,0,2,1.0281,3
S00637,LEMD,39.643467,-3.152054,B737-800,narrow_body,2312,medical,539,low,0.9,855.0,539.0,820.527947,emergency,GMMN,3720,45,asphalt,ILS,1,1,advanced,1,major,1,1,1,1,1,1,1,open,none,safe,civil,0,802.429506,1408,extended,3.0,0,4,0.6717,2
S00637,LEMD,39.643467,-3.152054,B737-800,narrow_body,2312,medical,539,low,0.9,855.0,539.0,820.527947,emergency,DAAG,3500,60,asphalt,RNAV,0,1,basic,1,basic,1,1,1,1,1,1,0,open,none,safe,civil,0,645.775271,1188,extended,4.0,0,3,0.8347,4
S00638,UUEE,55.997847,37.055015,B737-800,narrow_body,2339,security,1200,normal,1.0,950.0,950.0,1703.943977,aircraft_fuel,UUEE,3700,60,concrete,ILS,1,1,advanced,1,major,1,1,1,1,1,1,1,open,none,caution,civil,0,22.277806,1361,preferred,1.0,1,1,42.6433,2
S00638,UUEE,55.997847,37.055015,B737-800,narrow_body,2339,security,1200,normal,1.0,950.0,950.0,1703.943977,aircraft_fuel,EFHK,3440,60,asphalt,ILS,1,1,advanced,1,major,1,1,1,1,1,1,1,open,none,safe,civil,0,854.713178,1101,preferred,2.0,0,3,1.1115,4
S00638,UUEE,55.997847,37.055015,B737-800,narrow_body,2339,security,1200,normal,1.0,950.0,950.0,1703.943977,aircraft_fuel,ULLI,3780,60,concrete,ILS,1,1,advanced,1,major,1,1,1,1,1,1,1,open,none,caution,civil,0,582.430814,1441,preferred,3.0,0,2,1.6311,1
S00638,UUEE,55.997847,37.055015,B737-800,narrow_body,2339,security,1200,normal,1.0,950.0,950.0,1703.943977,aircraft_fuel,ENGM,3600,45,asphalt,ILS,1,1,advanced,1,major,1,1,1,1,1,1,1,open,none,safe,civil,0,1583.163436,1261,extended,4.0,0,5,0.6001,3
S00638,UUEE,55.997847,37.055015,B737-800,narrow_body,2339,security,1200,normal,1.0,950.0,950.0,1703.943977,aircraft_fuel,ESSA,3301,45,asphalt,ILS,1,1,advanced,1,major,1,1,1,1,1,1,1,open,none,safe,civil,0,1198.009099,962,extended,5.0,0,4,0.793,5
S00639,ZSPD,31.735128,122.288879,E190,regional_jet,1803,medical,758,critical,0.75,600.0,600.0,940.24621,aircraft_fuel,ZSPD,4000,60,concrete,ILS,1,1,advanced,1,major,1,1,1,1,1,1,1,open,none,safe,civil,1,80.228309,2197,preferred,1.0,1,1,7.4787,1
S00639,ZSPD,31.735128,122.288879,E190,regional_jet,1803,medical,758,critical,0.75,600.0,600.0,940.24621,aircraft_fuel,RKSI,4000,60,asphalt,ILS,1,1,advanced,1,major,1,1,1,1,1,1,1,open,none,safe,civil,1,742.51067,2197,extended,2.0,0,2,0.8081,1
S00639,ZSPD,31.735128,122.288879,E190,regional_jet,1803,medical,758,critical,0.75,600.0,600.0,940.24621,aircraft_fuel,RCTP,3660,60,concrete,ILS,1,1,advanced,1,major,1,1,1,1,1,1,1,open,none,safe,civil,0,747.425838,1857,extended,3.0,0,3,0.8028,3
S00641,DAAG,36.545951,2.961724,E190,regional_jet,1899,mechanical,648,low,0.9,720.0,648.0,955.019803,emergency,DAAG,3500,60,asphalt,RNAV,0,1,basic,1,basic,1,1,1,1,1,1,0,open,none,safe,civil,0,27.921953,1601,preferred,1.0,1,1,23.2075,2
S00641,DAAG,36.545951,2.961724,E190,regional_jet,1899,mechanical,648,low,0.9,720.0,648.0,955.019803,emergency,LEMD,4350,60,asphalt,ILS,1,1,advanced,1,major,1,1,1,1,1,1,1,open,none,safe,civil,1,717.83562,2451,extended,2.0,0,3,0.9027,1
S00641,DAAG,36.545951,2.961724,E190,regional_jet,1899,mechanical,648,low,0.9,720.0,648.0,955.019803,emergency,DTTA,3200,45,asphalt,RNAV,0,1,basic,1,basic,1,0,1,1,1,1,1,open,none,safe,civil,0,648.48516,1301,extended,3.0,0,2,0.9993,3
S00644,OOMS,23.459858,58.678651,A321,narrow_body,2570,weather,1316,low,0.9,900.0,900.0,1504.250342,aircraft_fuel,OOMS,4080,45,asphalt,ILS,1,1,advanced,1,major,1,1,1,1,1,1,1,open,none,safe,civil,0,43.034902,1510,preferred,1.0,1,1,20.9133,6
S00644,OOMS,23.459858,58.678651,A321,narrow_body,2570,weather,1316,low,0.9,900.0,900.0,1504.250342,aircraft_fuel,OMDB,4447,60,asphalt,ILS,1,1,advanced,1,major,1,1,1,1,1,1,1,open,none,safe,civil,1,389.694305,1877,preferred,2.0,0,2,2.3095,3
S00644,OOMS,23.459858,58.678651,A321,narrow_body,2570,weather,1316,low,0.9,900.0,900.0,1504.250342,aircraft_fuel,OMAA,4106,60,asphalt,ILS,1,1,advanced,1,major,1,1,1,1,1,1,1,open,none,safe,civil,0,423.734507,1536,preferred,3.0,0,3,2.124,5
S00644,OOMS,23.459858,58.678651,A321,narrow_body,2570,weather,1316,low,0.9,900.0,900.0,1504.250342,aircraft_fuel,OTHH,4850,60,asphalt,ILS,1,1,advanced,1,major,1,1,1,1,1,1,1,open,none,safe,civil,0,743.900061,2280,preferred,4.0,0,4,1.2098,1
S00644,OOMS,23.459858,58.678651,A321,narrow_body,2570,weather,1316,low,0.9,900.0,900.0,1504.250342,aircraft_fuel,OBBI,3956,60,asphalt,ILS,1,1,advanced,1,major,1,1,1,1,1,1,1,open,none,safe,civil,0,869.000823,1386,preferred,5.0,0,5,1.0357,7
S00644,OOMS,23.459858,58.678651,A321,narrow_body,2570,weather,1316,low,0.9,900.0,900.0,1504.250342,aircraft_fuel,OERK,4205,60,asphalt,ILS,1,1,advanced,1,major,1,1,1,1,1,1,1,open,none,safe,civil,0,1225.887084,1635,extended,6.0,0,7,0.7342,4
S00644,OOMS,23.459858,58.678651,A321,narrow_body,2570,weather,1316,low,0.9,900.0,900.0,1504.250342,aircraft_fuel,OKKK,4580,60,asphalt,ILS,1,1,advanced,1,major,1,1,1,1,1,1,1,open,none,safe,civil,0,1243.904182,2010,extended,7.0,0,8,0.7235,2
S00644,OOMS,23.459858,58.678651,A321,narrow_body,2570,weather,1316,low,0.9,900.0,900.0,1504.250342,aircraft_fuel,OPKC,3400,46,concrete,RNAV,0,1,basic,1,basic,1,1,1,1,1,1,1,open,none,caution,civil,0,875.141221,830,preferred,8.0,0,6,1.0284,8
S00645,EDDF,50.348936,8.379608,E170,regional_jet,1678,mechanical,989,low,0.9,630.0,630.0,1022.39621,aircraft_fuel,EDDF,4000,60,asphalt,ILS,1,1,advanced,1,major,1,1,1,0,1,1,1,open,none,safe,civil,1,38.02303,2322,preferred,1.0,1,1,16.5689,2
S00645,EDDF,50.348936,8.379608,E170,regional_jet,1678,mechanical,989,low,0.9,630.0,630.0,1022.39621,aircraft_fuel,EHAM,3800,60,asphalt,ILS,1,1,advanced,1,major,1,1,1,1,1,1,1,open,none,safe,civil,1,332.485665,2122,preferred,2.0,0,2,1.8948,5
S00645,EDDF,50.348936,8.379608,E170,regional_jet,1678,mechanical,989,low,0.9,630.0,630.0,1022.39621,aircraft_fuel,LFPG,4215,45,asphalt,ILS,1,1,advanced,1,major,1,1,1,1,1,1,1,open,none,safe,civil,1,444.699165,2537,preferred,3.0,0,3,1.4167,1
S00645,EDDF,50.348936,8.379608,E170,regional_jet,1678,mechanical,989,low,0.9,630.0,630.0,1022.39621,aircraft_fuel,EGKK,3317,45,asphalt,ILS,1,1,advanced,1,major,1,1,1,1,1,1,1,open,none,safe,civil,1,608.785545,1639,preferred,4.0,0,4,1.0348,6
S00645,EDDF,50.348936,8.379608,E170,regional_jet,1678,mechanical,989,low,0.9,630.0,630.0,1022.39621,aircraft_fuel,EGLL,3901,50,asphalt,ILS,1,1,advanced,1,major,1,1,1,1,1,1,1,open,none,safe,civil,1,631.777593,2223,extended,5.0,0,5,0.9972,4
S00645,EDDF,50.348936,8.379608,E170,regional_jet,1678,mechanical,989,low,0.9,630.0,630.0,1022.39621,aircraft_fuel,LIRF,3902,60,asphalt,ILS,1,1,basic,1,major,1,1,1,1,1,1,1,open,none,safe,civil,1,995.580741,2224,extended,6.0,0,7,0.6328,3
S00645,EDDF,50.348936,8.379608,E170,regional_jet,1678,mechanical,989,low,0.9,630.0,630.0,1022.39621,aircraft_fuel,EGCC,3048,46,asphalt,ILS,1,1,advanced,1,major,1,1,1,1,1,1,1,open,none,safe,civil,1,803.438793,1370,extended,7.0,0,6,0.7841,7
S00656,EDDF,50.674272,7.671591,A321,narrow_body,2342,security,1044,normal,1.0,1000.0,1000.0,1614.857,aircraft_fuel,EDDF,4000,60,asphalt,ILS,1,1,advanced,1,major,1,1,1,0,1,1,1,open,none,safe,civil,1,95.62021,1658,preferred,1.0,1,1,10.458,3
S00656,EDDF,50.674272,7.671591,A321,narrow_body,2342,security,1044,normal,1.0,1000.0,1000.0,1614.857,aircraft_fuel,EHAM,3800,60,asphalt,ILS,1,1,advanced,1,major,1,1,1,1,1,1,1,open,none,safe,civil,1,271.164495,1458,preferred,2.0,0,2,3.6878,6
S00656,EDDF,50.674272,7.671591,A321,narrow_body,2342,security,1044,normal,1.0,1000.0,1000.0,1614.857,aircraft_fuel,LFPG,4215,45,asphalt,ILS,1,1,advanced,1,major,1,1,1,1,1,1,1,open,none,safe,civil,1,410.922639,1873,preferred,3.0,0,3,2.4335,2
S00656,EDDF,50.674272,7.671591,A321,narrow_body,2342,security,1044,normal,1.0,1000.0,1000.0,1614.857,aircraft_fuel,EGLL,3901,50,asphalt,ILS,1,1,advanced,1,major,1,1,1,1,1,1,1,open,none,safe,civil,1,574.681119,1559,preferred,4.0,0,5,1.7401,5
S00656,EDDF,50.674272,7.671591,A321,narrow_body,2342,security,1044,normal,1.0,1000.0,1000.0,1614.857,aircraft_fuel,EGKK,3317,45,asphalt,ILS,1,1,advanced,1,major,1,1,1,1,1,1,1,open,none,safe,civil,1,553.135166,975,preferred,5.0,0,4,1.8079,10
S00656,EDDF,50.674272,7.671591,A321,narrow_body,2342,security,1044,normal,1.0,1000.0,1000.0,1614.857,aircraft_fuel,LIRF,3902,60,asphalt,ILS,1,1,basic,1,major,1,1,1,1,1,1,1,open,none,safe,civil,1,1046.769732,1560,extended,6.0,0,8,0.9553,4
S00656,EDDF,50.674272,7.671591,A321,narrow_body,2342,security,1044,normal,1.0,1000.0,1000.0,1614.857,aircraft_fuel,EGCC,3048,46,asphalt,ILS,1,1,advanced,1,major,1,1,1,1,1,1,1,open,none,safe,civil,1,742.237148,706,preferred,7.0,0,6,1.3473,14
S00656,EDDF,50.674272,7.671591,A321,narrow_body,2342,security,1044,normal,1.0,1000.0,1000.0,1614.857,aircraft_fuel,LEMD,4350,60,asphalt,ILS,1,1,advanced,1,major,1,1,1,1,1,1,1,open,none,safe,civil,1,1427.454799,2008,extended,8.0,0,11,0.7005,1
S00656,EDDF,50.674272,7.671591,A321,narrow_body,2342,security,1044,normal,1.0,1000.0,1000.0,1614.857,aircraft_fuel,EIDW,3110,45,concrete,ILS,1,1,advanced,1,major,1,1,1,1,1,1,1,open,none,safe,civil,0,998.889847,768,preferred,9.0,0,7,1.0011,13
S00656,EDDF,50.674272,7.671591,A321,narrow_body,2342,security,1044,normal,1.0,1000.0,1000.0,1614.857,aircraft_fuel,ENGM,3600,45,asphalt,ILS,1,1,advanced,1,major,1,1,1,1,1,1,1,open,none,safe,civil,0,1080.040513,1258,extended,10.0,0,9,0.9259,7
S00656,EDDF,50.674272,7.671591,A321,narrow_body,2342,security,1044,normal,1.0,1000.0,1000.0,1614.857,aircraft_fuel,DAAG,3500,60,asphalt,RNAV,0,1,basic,1,basic,1,1,1,1,1,1,0,open,none,safe,civil,0,1594.568318,1158,extended,11.0,0,14,0.6271,8
S00656,EDDF,50.674272,7.671591,A321,narrow_body,2342,security,1044,normal,1.0,1000.0,1000.0,1614.857,aircraft_fuel,EFHK,3440,60,asphalt,ILS,1,1,advanced,1,major,1,1,1,1,1,1,1,open,none,safe,civil,0,1519.728684,1098,extended,12.0,0,12,0.658,9
S00656,EDDF,50.674272,7.671591,A321,narrow_body,2342,security,1044,normal,1.0,1000.0,1000.0,1614.857,aircraft_fuel,ESSA,3301,45,asphalt,ILS,1,1,advanced,1,major,1,1,1,1,1,1,1,open,none,safe,civil,0,1188.822309,959,extended,13.0,0,10,0.8412,11
S00656,EDDF,50.674272,7.671591,A321,narrow_body,2342,security,1044,normal,1.0,1000.0,1000.0,1614.857,aircraft_fuel,DTTA,3200,45,asphalt,RNAV,0,1,basic,1,basic,1,0,1,1,1,1,1,open,none,safe,civil,0,1550.469082,858,extended,14.0,0,13,0.645,12
S00661,OMAA,24.482434,53.48868,E175,regional_jet,1796,medical,858,normal,1.0,750.0,750.0,1123.657783,aircraft_fuel,OMAA,4106,60,asphalt,ILS,1,1,advanced,1,major,1,1,1,1,1,1,1,open,none,safe,civil,0,117.554594,2310,preferred,1.0,1,1,6.38,5
S00661,OMAA,24.482434,53.48868,E175,regional_jet,1796,medical,858,normal,1.0,750.0,750.0,1123.657783,aircraft_fuel,OMDB,4447,60,asphalt,ILS,1,1,advanced,1,major,1,1,1,1,1,1,1,open,none,safe,civil,1,208.184885,2651,preferred,2.0,0,2,3.6026,3
S00661,OMAA,24.482434,53.48868,E175,regional_jet,1796,medical,858,normal,1.0,750.0,750.0,1123.657783,aircraft_fuel,OTHH,4850,60,asphalt,ILS,1,1,advanced,1,major,1,1,1,1,1,1,1,open,none,safe,civil,0,209.087662,3054,preferred,3.0,0,3,3.587,1
S00661,OMAA,24.482434,53.48868,E175,regional_jet,1796,medical,858,normal,1.0,750.0,750.0,1123.657783,aircraft_fuel,OBBI,3956,60,asphalt,ILS,1,1,advanced,1,major,1,1,1,1,1,1,1,open,none,safe,civil,0,348.454777,2160,preferred,4.0,0,4,2.1524,7
S00661,OMAA,24.482434,53.48868,E175,regional_jet,1796,medical,858,normal,1.0,750.0,750.0,1123.657783,aircraft_fuel,OOMS,4080,45,asphalt,ILS,1,1,advanced,1,major,1,1,1,1,1,1,1,open,none,safe,civil,0,496.837999,2284,preferred,5.0,0,5,1.5095,6
S00661,OMAA,24.482434,53.48868,E175,regional_jet,1796,medical,858,normal,1.0,750.0,750.0,1123.657783,aircraft_fuel,OERK,4205,60,asphalt,ILS,1,1,advanced,1,major,1,1,1,1,1,1,1,open,none,safe,civil,0,687.772715,2409,preferred,6.0,0,6,1.0905,4
S00661,OMAA,24.482434,53.48868,E175,regional_jet,1796,medical,858,normal,1.0,750.0,750.0,1123.657783,aircraft_fuel,OKKK,4580,60,asphalt,ILS,1,1,advanced,1,major,1,1,1,1,1,1,1,open,none,safe,civil,0,759.893039,2784,extended,7.0,0,7,0.987,2
S00663,CYYZ,43.201666,-80.648052,E170,regional_jet,1663,medical,554,normal,1.0,700.0,554.0,775.946705,emergency,CYYZ,3389,61,asphalt,ILS,1,1,advanced,1,major,1,1,1,1,1,1,1,open,none,safe,civil,1,97.69828,1726,preferred,1.0,1,1,5.6705,3
S00663,CYYZ,43.201666,-80.648052,E170,regional_jet,1663,medical,554,normal,1.0,700.0,554.0,775.946705,emergency,KORD,3962,46,concrete,ILS,1,1,advanced,1,major,1,1,1,1,1,1,1,open,none,safe,civil,0,609.212845,2299,extended,2.0,0,2,0.9094,2
S00663,CYYZ,43.201666,-80.648052,E170,regional_jet,1663,medical,554,normal,1.0,700.0,554.0,775.946705,emergency,KJFK,4423,61,asphalt,ILS,1,1,advanced,1,major,1,1,1,1,1,1,1,open,none,safe,civil,1,635.4352,2760,extended,3.0,0,3,0.8718,1
S00664,DAAG,36.865629,2.446338,E170,regional_jet,1723,mechanical,1029,critical,0.75,525.0,525.0,810.950066,aircraft_fuel,DAAG,3500,60,asphalt,RNAV,0,1,basic,1,basic,1,1,1,1,1,1,0,open,none,safe,civil,0,71.030918,1777,preferred,1.0,1,1,7.3911,2
S00664,DAAG,36.865629,2.446338,E170,regional_jet,1723,mechanical,1029,critical,0.75,525.0,525.0,810.950066,aircraft_fuel,LEMD,4350,60,asphalt,ILS,1,1,advanced,1,major,1,1,1,1,1,1,1,open,none,safe,civil,1,659.776335,2627,extended,2.0,0,2,0.7957,1
S00664,DAAG,36.865629,2.446338,E170,regional_jet,1723,mechanical,1029,critical,0.75,525.0,525.0,810.950066,aircraft_fuel,DTTA,3200,45,asphalt,RNAV,0,1,basic,1,basic,1,0,1,1,1,1,1,open,none,safe,civil,0,692.069125,1477,extended,3.0,0,3,0.7586,3
S00666,EHAM,52.335453,6.120189,A220-300,narrow_body,2119,security,623,normal,1.0,950.0,623.0,964.91083,emergency,EHAM,3800,60,asphalt,ILS,1,1,advanced,1,major,1,1,1,1,1,1,1,open,none,safe,civil,1,92.227684,1681,preferred,1.0,1,1,6.755,4
S00666,EHAM,52.335453,6.120189,A220-300,narrow_body,2119,security,623,normal,1.0,950.0,623.0,964.91083,emergency,EDDF,4000,60,asphalt,ILS,1,1,advanced,1,major,1,1,1,0,1,1,1,open,none,safe,civil,1,307.837058,1881,preferred,2.0,0,2,2.0238,2
S00666,EHAM,52.335453,6.120189,A220-300,narrow_body,2119,security,623,normal,1.0,950.0,623.0,964.91083,emergency,LFPG,4215,45,asphalt,ILS,1,1,advanced,1,major,1,1,1,1,1,1,1,open,none,safe,civil,1,447.059089,2096,preferred,3.0,0,3,1.3936,1
S00666,EHAM,52.335453,6.120189,A220-300,narrow_body,2119,security,623,normal,1.0,950.0,623.0,964.91083,emergency,EGLL,3901,50,asphalt,ILS,1,1,advanced,1,major,1,1,1,1,1,1,1,open,none,safe,civil,1,461.388593,1782,preferred,4.0,0,5,1.3503,3
S00666,EHAM,52.335453,6.120189,A220-300,narrow_body,2119,security,623,normal,1.0,950.0,623.0,964.91083,emergency,EGKK,3317,45,asphalt,ILS,1,1,advanced,1,major,1,1,1,1,1,1,1,open,none,safe,civil,1,453.613486,1198,preferred,5.0,0,4,1.3734,6
S00666,EHAM,52.335453,6.120189,A220-300,narrow_body,2119,security,623,normal,1.0,950.0,623.0,964.91083,emergency,EGCC,3048,46,asphalt,ILS,1,1,advanced,1,major,1,1,1,1,1,1,1,open,none,safe,civil,1,574.710377,929,preferred,6.0,0,6,1.084,8
S00666,EHAM,52.335453,6.120189,A220-300,narrow_body,2119,security,623,normal,1.0,950.0,623.0,964.91083,emergency,ENGM,3600,45,asphalt,ILS,1,1,advanced,1,major,1,1,1,1,1,1,1,open,none,safe,civil,0,925.718538,1481,extended,7.0,0,8,0.673,5
S00666,EHAM,52.335453,6.120189,A220-300,narrow_body,2119,security,623,normal,1.0,950.0,623.0,964.91083,emergency,EIDW,3110,45,concrete,ILS,1,1,advanced,1,major,1,1,1,1,1,1,1,open,none,safe,civil,0,838.619939,991,extended,8.0,0,7,0.7429,7
S00667,EHAM,52.686143,4.295189,E175,regional_jet,1783,mechanical,802,critical,0.75,562.5,562.5,798.751937,aircraft_fuel,EHAM,3800,60,asphalt,ILS,1,1,advanced,1,major,1,1,1,1,1,1,1,open,none,safe,civil,1,52.622012,2017,preferred,1.0,1,1,10.6894,4
S00667,EHAM,52.686143,4.295189,E175,regional_jet,1783,mechanical,802,critical,0.75,562.5,562.5,798.751937,aircraft_fuel,EGKK,3317,45,asphalt,ILS,1,1,advanced,1,major,1,1,1,1,1,1,1,open,none,safe,civil,1,351.579739,1534,preferred,2.0,0,2,1.5999,5
S00667,EHAM,52.686143,4.295189,E175,regional_jet,1783,mechanical,802,critical,0.75,562.5,562.5,798.751937,aircraft_fuel,EGLL,3901,50,asphalt,ILS,1,1,advanced,1,major,1,1,1,1,1,1,1,open,none,safe,civil,1,351.851384,2118,preferred,3.0,0,3,1.5987,3
S00667,EHAM,52.686143,4.295189,E175,regional_jet,1783,mechanical,802,critical,0.75,562.5,562.5,798.751937,aircraft_fuel,EDDF,4000,60,asphalt,ILS,1,1,advanced,1,major,1,1,1,0,1,1,1,open,none,safe,civil,1,418.288754,2217,preferred,4.0,0,4,1.3448,2
S00667,EHAM,52.686143,4.295189,E175,regional_jet,1783,mechanical,802,critical,0.75,562.5,562.5,798.751937,aircraft_fuel,LFPG,4215,45,asphalt,ILS,1,1,advanced,1,major,1,1,1,1,1,1,1,open,none,safe,civil,1,426.730163,2432,preferred,5.0,0,5,1.3182,1
S00667,EHAM,52.686143,4.295189,E175,regional_jet,1783,mechanical,802,critical,0.75,562.5,562.5,798.751937,aircraft_fuel,EGCC,3048,46,asphalt,ILS,1,1,advanced,1,major,1,1,1,1,1,1,1,open,none,safe,civil,1,445.521446,1265,preferred,6.0,0,6,1.2626,7
S00667,EHAM,52.686143,4.295189,E175,regional_jet,1783,mechanical,802,critical,0.75,562.5,562.5,798.751937,aircraft_fuel,EIDW,3110,45,concrete,ILS,1,1,advanced,1,major,1,1,1,1,1,1,1,open,none,safe,civil,0,709.692633,1327,extended,7.0,0,7,0.7926,6
S00669,ESSA,59.637025,17.563018,B737-800,narrow_body,2351,fuel,746,normal,1.0,950.0,746.0,1339.396375,emergency,ESSA,3301,45,asphalt,ILS,1,1,advanced,1,major,1,1,1,1,1,1,1,open,none,safe,civil,0,20.596873,950,preferred,1.0,1,1,36.2191,7
S00669,ESSA,59.637025,17.563018,B737-800,narrow_body,2351,fuel,746,normal,1.0,950.0,746.0,1339.396375,emergency,ENGM,3600,45,asphalt,ILS,1,1,advanced,1,major,1,1,1,1,1,1,1,open,none,safe,civil,0,365.351564,1249,preferred,2.0,0,2,2.0419,5
S00669,ESSA,59.637025,17.563018,B737-800,narrow_body,2351,fuel,746,normal,1.0,950.0,746.0,1339.396375,emergency,EFHK,3440,60,asphalt,ILS,1,1,advanced,1,major,1,1,1,1,1,1,1,open,none,safe,civil,0,418.394244,1089,preferred,3.0,0,3,1.783,6
S00669,ESSA,59.637025,17.563018,B737-800,narrow_body,2351,fuel,746,normal,1.0,950.0,746.0,1339.396375,emergency,ULLI,3780,60,concrete,ILS,1,1,advanced,1,major,1,1,1,1,1,1,1,open,none,caution,civil,0,711.197,1429,preferred,4.0,0,4,1.0489,3
S00669,ESSA,59.637025,17.563018,B737-800,narrow_body,2351,fuel,746,normal,1.0,950.0,746.0,1339.396375,emergency,EDDF,4000,60,asphalt,ILS,1,1,advanced,1,major,1,1,1,0,1,1,1,open,none,safe,civil,1,1211.85196,1649,extended,5.0,0,6,0.6156,1
S00669,ESSA,59.637025,17.563018,B737-800,narrow_body,2351,fuel,746,normal,1.0,950.0,746.0,1339.396375,emergency,EHAM,3800,60,asphalt,ILS,1,1,advanced,1,major,1,1,1,1,1,1,1,open,none,safe,civil,1,1135.749762,1449,extended,6.0,0,5,0.6568,2
S00669,ESSA,59.637025,17.563018,B737-800,narrow_body,2351,fuel,746,normal,1.0,950.0,746.0,1339.396375,emergency,UUEE,3700,60,concrete,ILS,1,1,advanced,1,major,1,1,1,1,1,1,1,open,none,caution,civil,0,1238.679425,1349,extended,7.0,0,7,0.6023,4
S00671,KATL,33.888815,-84.927675,A321,narrow_body,2441,weather,884,low,0.9,900.0,884.0,1503.652048,emergency,KATL,3776,46,concrete,ILS,1,1,advanced,1,major,1,1,1,1,1,1,1,open,none,safe,civil,0,54.024108,1335,preferred,1.0,1,1,16.3631,3
S00671,KATL,33.888815,-84.927675,A321,narrow_body,2441,weather,884,low,0.9,900.0,884.0,1503.652048,emergency,KORD,3962,46,concrete,ILS,1,1,advanced,1,major,1,1,1,1,1,1,1,open,none,safe,civil,0,936.496066,1521,extended,2.0,0,2,0.9439,2
S00671,KATL,33.888815,-84.927675,A321,narrow_body,2441,weather,884,low,0.9,900.0,884.0,1503.652048,emergency,KJFK,4423,61,asphalt,ILS,1,1,advanced,1,major,1,1,1,1,1,1,1,open,none,safe,civil,1,1237.968234,1982,extended,3.0,0,4,0.7141,1
S00671,KATL,33.888815,-84.927675,A321,narrow_body,2441,weather,884,low,0.9,900.0,884.0,1503.652048,emergency,CYYZ,3389,61,asphalt,ILS,1,1,advanced,1,major,1,1,1,1,1,1,1,open,none,safe,civil,1,1180.548018,948,extended,4.0,0,3,0.7488,4
S00672,WMKK,3.222793,101.700534,E175,regional_jet,1789,security,428,normal,1.0,750.0,428.0,659.678306,emergency,WMKK,4124,60,asphalt,ILS,1,1,advanced,1,major,1,1,1,1,1,1,1,open,none,safe,civil,0,53.074072,2335,preferred,1.0,1,1,8.0642,1
S00672,WMKK,3.222793,101.700534,E175,regional_jet,1789,security,428,normal,1.0,750.0,428.0,659.678306,emergency,WSSS,4000,60,asphalt,ILS,1,1,advanced,1,major,1,1,1,1,1,1,1,open,none,safe,civil,1,329.065578,2211,preferred,2.0,0,3,1.3007,2
S00672,WMKK,3.222793,101.700534,E175,regional_jet,1789,security,428,normal,1.0,750.0,428.0,659.678306,emergency,WIMM,3000,60,asphalt,RNAV,1,1,basic,1,basic,1,0,1,1,0,1,1,open,none,safe,civil,0,315.935616,1211,preferred,3.0,0,2,1.3547,3
S00677,WIMM,3.40928,98.923778,E175,regional_jet,1783,fuel,879,normal,1.0,750.0,750.0,1248.009479,aircraft_fuel,WIMM,3000,60,asphalt,RNAV,1,1,basic,1,basic,1,0,1,1,0,1,1,open,none,safe,civil,0,26.182753,1217,preferred,1.0,1,1,28.6448,4
S00677,WIMM,3.40928,98.923778,E175,regional_jet,1783,fuel,879,normal,1.0,750.0,750.0,1248.009479,aircraft_fuel,WMKK,4124,60,asphalt,ILS,1,1,advanced,1,major,1,1,1,1,1,1,1,open,none,safe,civil,0,318.045859,2341,preferred,2.0,0,2,2.3582,1
S00677,WIMM,3.40928,98.923778,E175,regional_jet,1783,fuel,879,normal,1.0,750.0,750.0,1248.009479,aircraft_fuel,WSSS,4000,60,asphalt,ILS,1,1,advanced,1,major,1,1,1,1,1,1,1,open,none,safe,civil,1,608.022825,2217,preferred,3.0,0,3,1.2335,2
S00677,WIMM,3.40928,98.923778,E175,regional_jet,1783,fuel,879,normal,1.0,750.0,750.0,1248.009479,aircraft_fuel,VTBS,4000,60,asphalt,ILS,1,1,advanced,1,major,1,1,1,1,1,1,1,open,none,safe,civil,0,1159.586257,2217,extended,4.0,0,4,0.6468,2
S00678,ULLI,59.64149,30.045848,B737-800,narrow_body,2360,weather,900,normal,1.0,950.0,900.0,1394.331473,emergency,ULLI,3780,60,concrete,ILS,1,1,advanced,1,major,1,1,1,1,1,1,1,open,none,caution,civil,0,21.433251,1420,preferred,1.0,1,1,41.9908,1
S00678,ULLI,59.64149,30.045848,B737-800,narrow_body,2360,weather,900,normal,1.0,950.0,900.0,1394.331473,emergency,EFHK,3440,60,asphalt,ILS,1,1,advanced,1,major,1,1,1,1,1,1,1,open,none,safe,civil,0,292.508952,1080,preferred,2.0,0,2,3.0768,4
S00678,ULLI,59.64149,30.045848,B737-800,narrow_body,2360,weather,900,normal,1.0,950.0,900.0,1394.331473,emergency,ESSA,3301,45,asphalt,ILS,1,1,advanced,1,major,1,1,1,1,1,1,1,open,none,safe,civil,0,679.947337,941,preferred,3.0,0,4,1.3236,5
S00678,ULLI,59.64149,30.045848,B737-800,narrow_body,2360,weather,900,normal,1.0,950.0,900.0,1394.331473,emergency,UUEE,3700,60,concrete,ILS,1,1,advanced,1,major,1,1,1,1,1,1,1,open,none,caution,civil,0,596.380226,1340,preferred,4.0,0,3,1.5091,2
S00678,ULLI,59.64149,30.045848,B737-800,narrow_body,2360,weather,900,normal,1.0,950.0,900.0,1394.331473,emergency,ENGM,3600,45,asphalt,ILS,1,1,advanced,1,major,1,1,1,1,1,1,1,open,none,safe,civil,0,1054.081066,1240,extended,5.0,0,5,0.8538,3
S00680,WIMM,3.224885,98.684273,B747-8,very_large,3448,mechanical,1048,normal,1.0,1550.0,1048.0,1726.129749,emergency,WMKK,4124,60,asphalt,ILS,1,1,advanced,1,major,1,1,1,1,1,1,1,open,none,safe,civil,0,340.188546,676,preferred,1.0,1,1,3.0806,1
S00680,WIMM,3.224885,98.684273,B747-8,very_large,3448,mechanical,1048,normal,1.0,1550.0,1048.0,1726.129749,emergency,WSSS,4000,60,asphalt,ILS,1,1,advanced,1,major,1,1,1,1,1,1,1,open,none,safe,civil,1,625.665325,552,preferred,2.0,0,2,1.675,2
S00680,WIMM,3.224885,98.684273,B747-8,very_large,3448,mechanical,1048,normal,1.0,1550.0,1048.0,1726.129749,emergency,VTBS,4000,60,asphalt,ILS,1,1,advanced,1,major,1,1,1,1,1,1,1,open,none,safe,civil,0,1184.541787,552,extended,3.0,0,3,0.8847,2
S00681,EGCC,52.799634,-2.503932,E190,regional_jet,1942,fuel,929,critical,0.75,600.0,600.0,938.259313,aircraft_fuel,EGCC,3048,46,asphalt,ILS,1,1,advanced,1,major,1,1,1,1,1,1,1,open,none,safe,civil,1,63.484336,1106,preferred,1.0,1,1,9.4512,7
S00681,EGCC,52.799634,-2.503932,E190,regional_jet,1942,fuel,929,critical,0.75,600.0,600.0,938.259313,aircraft_fuel,EGLL,3901,50,asphalt,ILS,1,1,advanced,1,major,1,1,1,1,1,1,1,open,none,safe,civil,1,203.20063,1959,preferred,2.0,0,2,2.9527,3
S00681,EGCC,52.799634,-2.503932,E190,regional_jet,1942,fuel,929,critical,0.75,600.0,600.0,938.259313,aircraft_fuel,EGKK,3317,45,asphalt,ILS,1,1,advanced,1,major,1,1,1,1,1,1,1,open,none,safe,civil,1,242.694083,1375,preferred,3.0,0,3,2.4722,5
S00681,EGCC,52.799634,-2.503932,E190,regional_jet,1942,fuel,929,critical,0.75,600.0,600.0,938.259313,aircraft_fuel,EIDW,3110,45,concrete,ILS,1,1,advanced,1,major,1,1,1,1,1,1,1,open,none,safe,civil,0,260.363677,1168,preferred,4.0,0,4,2.3045,6
S00681,EGCC,52.799634,-2.503932,E190,regional_jet,1942,fuel,929,critical,0.75,600.0,600.0,938.259313,aircraft_fuel,EHAM,3800,60,asphalt,ILS,1,1,advanced,1,major,1,1,1,1,1,1,1,open,none,safe,civil,1,494.170364,1858,preferred,5.0,0,5,1.2142,4
S00681,EGCC,52.799634,-2.503932,E190,regional_jet,1942,fuel,929,critical,0.75,600.0,600.0,938.259313,aircraft_fuel,LFPG,4215,45,asphalt,ILS,1,1,advanced,1,major,1,1,1,1,1,1,1,open,none,safe,civil,1,550.597991,2273,preferred,6.0,0,6,1.0897,1
S00681,EGCC,52.799634,-2.503932,E190,regional_jet,1942,fuel,929,critical,0.75,600.0,600.0,938.259313,aircraft_fuel,EDDF,4000,60,asphalt,ILS,1,1,advanced,1,major,1,1,1,0,1,1,1,open,none,safe,civil,1,825.762849,2058,extended,7.0,0,7,0.7266,2
S00682,GMMN,33.064724,-7.774202,B787-9,wide_body,2903,fuel,706,critical,0.75,1050.0,706.0,1314.863293,emergency,GMMN,3720,45,asphalt,ILS,1,1,advanced,1,major,1,1,1,1,1,1,1,open,none,safe,civil,0,37.77836,817,preferred,1.0,1,1,18.6879,2
S00682,GMMN,33.064724,-7.774202,B787-9,wide_body,2903,fuel,706,critical,0.75,1050.0,706.0,1314.863293,emergency,LPPT,3707,45,asphalt,ILS,1,1,advanced,1,major,1,1,1,1,1,1,1,open,none,safe,civil,0,647.347705,804,preferred,2.0,0,2,1.0906,3
S00682,GMMN,33.064724,-7.774202,B787-9,wide_body,2903,fuel,706,critical,0.75,1050.0,706.0,1314.863293,emergency,LEMD,4350,60,asphalt,ILS,1,1,advanced,1,major,1,1,1,1,1,1,1,open,none,safe,civil,1,906.548718,1447,extended,3.0,0,3,0.7788,1
S00682,GMMN,33.064724,-7.774202,B787-9,wide_body,2903,fuel,706,critical,0.75,1050.0,706.0,1314.863293,emergency,DAAG,3500,60,asphalt,RNAV,0,1,basic,1,basic,1,1,1,1,1,1,0,open,none,safe,civil,0,1079.72045,597,extended,4.0,0,4,0.6539,4
S00685,LIRF,41.566658,12.04536,B737-800,narrow_body,2236,medical,716,critical,0.75,712.5,712.5,1119.991201,aircraft_fuel,LIRF,3902,60,asphalt,ILS,1,1,basic,1,major,1,1,1,1,1,1,1,open,none,safe,civil,1,31.528826,1666,preferred,1.0,1,1,22.5984,4
S00685,LIRF,41.566658,12.04536,B737-800,narrow_body,2236,medical,716,critical,0.75,712.5,712.5,1119.991201,aircraft_fuel,DTTA,3200,45,asphalt,RNAV,0,1,basic,1,basic,1,0,1,1,1,1,1,open,none,safe,civil,0,547.217927,964,preferred,2.0,0,2,1.302,6
S00685,LIRF,41.566658,12.04536,B737-800,narrow_body,2236,medical,716,critical,0.75,712.5,712.5,1119.991201,aircraft_fuel,EDDF,4000,60,asphalt,ILS,1,1,advanced,1,major,1,1,1,0,1,1,1,open,none,safe,civil,1,978.497559,1764,extended,3.0,0,4,0.7282,2
S00685,LIRF,41.566658,12.04536,B737-800,narrow_body,2236,medical,716,critical,0.75,712.5,712.5,1119.991201,aircraft_fuel,LGAV,4000,45,asphalt,ILS,1,1,advanced,1,major,1,1,1,1,1,1,1,open,none,safe,civil,0,1093.231952,1764,extended,4.0,0,5,0.6517,2
S00685,LIRF,41.566658,12.04536,B737-800,narrow_body,2236,medical,716,critical,0.75,712.5,712.5,1119.991201,aircraft_fuel,LFPG,4215,45,asphalt,ILS,1,1,advanced,1,major,1,1,1,1,1,1,1,open,none,safe,civil,1,1110.117767,1979,extended,5.0,0,6,0.6418,1
S00685,LIRF,41.566658,12.04536,B737-800,narrow_body,2236,medical,716,critical,0.75,712.5,712.5,1119.991201,aircraft_fuel,DAAG,3500,60,asphalt,RNAV,0,1,basic,1,basic,1,1,1,1,1,1,0,open,none,safe,civil,0,933.95451,1264,extended,6.0,0,3,0.7629,5
S00687,WSSS,1.747743,104.567591,B747-8,very_large,3590,security,1062,low,0.9,1395.0,1062.0,1969.211552,emergency,WSSS,4000,60,asphalt,ILS,1,1,advanced,1,major,1,1,1,1,1,1,1,open,none,safe,civil,1,77.582658,410,preferred,1.0,1,1,13.6886,2
S00687,WSSS,1.747743,104.567591,B747-8,very_large,3590,security,1062,low,0.9,1395.0,1062.0,1969.211552,emergency,WMKK,4124,60,asphalt,ILS,1,1,advanced,1,major,1,1,1,1,1,1,1,open,none,safe,civil,0,336.330229,534,preferred,2.0,0,2,3.1576,1
S00687,WSSS,1.747743,104.567591,B747-8,very_large,3590,security,1062,low,0.9,1395.0,1062.0,1969.211552,emergency,VTBS,4000,60,asphalt,ILS,1,1,advanced,1,major,1,1,1,1,1,1,1,open,none,safe,civil,0,1391.865894,410,extended,3.0,0,3,0.763,2
S00688,OERK,25.18513,46.537497,B787-9,wide_body,2836,technical,473,low,0.9,1260.0,473.0,853.534394,emergency,OERK,4205,60,asphalt,ILS,1,1,advanced,1,major,1,1,1,1,1,1,1,open,none,safe,civil,0,30.067137,1369,preferred,1.0,1,1,15.7315,3
S00688,OERK,25.18513,46.537497,B787-9,wide_body,2836,technical,473,low,0.9,1260.0,473.0,853.534394,emergency,OKKK,4580,60,asphalt,ILS,1,1,advanced,1,major,1,1,1,1,1,1,1,open,none,safe,civil,0,470.945995,1744,preferred,2.0,0,3,1.0044,2
S00688,OERK,25.18513,46.537497,B787-9,wide_body,2836,technical,473,low,0.9,1260.0,473.0,853.534394,emergency,OBBI,3956,60,asphalt,ILS,1,1,advanced,1,major,1,1,1,1,1,1,1,open,none,safe,civil,0,427.962429,1120,preferred,3.0,0,2,1.1052,5
S00688,OERK,25.18513,46.537497,B787-9,wide_body,2836,technical,473,low,0.9,1260.0,473.0,853.534394,emergency,OTHH,4850,60,asphalt,ILS,1,1,advanced,1,major,1,1,1,1,1,1,1,open,none,safe,civil,0,510.101384,2014,extended,4.0,0,4,0.9273,1
S00688,OERK,25.18513,46.537497,B787-9,wide_body,2836,technical,473,low,0.9,1260.0,473.0,853.534394,emergency,OMAA,4106,60,asphalt,ILS,1,1,advanced,1,major,1,1,1,1,1,1,1,open,none,safe,civil,0,822.756475,1270,extended,5.0,0,5,0.5749,4
S00690,LIRF,41.887054,12.490882,A321,narrow_body,2409,security,1139,normal,1.0,1000.0,1000.0,1767.114359,aircraft_fuel,LIRF,3902,60,asphalt,ILS,1,1,basic,1,major,1,1,1,1,1,1,1,open,none,safe,civil,1,21.811733,1493,preferred,1.0,1,1,45.8469,6
S00690,LIRF,41.887054,12.490882,A321,narrow_body,2409,security,1139,normal,1.0,1000.0,1000.0,1767.114359,aircraft_fuel,EDDF,4000,60,asphalt,ILS,1,1,advanced,1,major,1,1,1,0,1,1,1,open,none,safe,civil,1,954.42331,1591,preferred,2.0,0,3,1.0478,4
S00690,LIRF,41.887054,12.490882,A321,narrow_body,2409,security,1139,normal,1.0,1000.0,1000.0,1767.114359,aircraft_fuel,DAAG,3500,60,asphalt,RNAV,0,1,basic,1,basic,1,1,1,1,1,1,0,open,none,safe,civil,0,984.318306,1091,preferred,3.0,0,4,1.0159,10
S00690,LIRF,41.887054,12.490882,A321,narrow_body,2409,security,1139,normal,1.0,1000.0,1000.0,1767.114359,aircraft_fuel,DTTA,3200,45,asphalt,RNAV,0,1,basic,1,basic,1,0,1,1,1,1,1,open,none,safe,civil,0,592.765972,791,preferred,4.0,0,2,1.687,12
S00690,LIRF,41.887054,12.490882,A321,narrow_body,2409,security,1139,normal,1.0,1000.0,1000.0,1767.114359,aircraft_fuel,LGAV,4000,45,asphalt,ILS,1,1,advanced,1,major,1,1,1,1,1,1,1,open,none,safe,civil,0,1069.950479,1591,extended,5.0,0,5,0.9346,4
S00690,LIRF,41.887054,12.490882,A321,narrow_body,2409,security,1139,normal,1.0,1000.0,1000.0,1767.114359,aircraft_fuel,LFPG,4215,45,asphalt,ILS,1,1,advanced,1,major,1,1,1,1,1,1,1,open,none,safe,civil,1,1106.380032,1806,extended,6.0,0,6,0.9038,2
S00690,LIRF,41.887054,12.490882,A321,narrow_body,2409,security,1139,normal,1.0,1000.0,1000.0,1767.114359,aircraft_fuel,LTFM,4100,60,asphalt,ILS,1,1,advanced,1,major,1,1,1,1,1,1,0,open,none,safe,civil,0,1350.575252,1691,extended,7.0,0,8,0.7404,3
S00690,LIRF,41.887054,12.490882,A321,narrow_body,2409,security,1139,normal,1.0,1000.0,1000.0,1767.114359,aircraft_fuel,LEMD,4350,60,asphalt,ILS,1,1,advanced,1,major,1,1,1,1,1,1,1,open,none,safe,civil,1,1351.008791,1941,extended,8.0,0,9,0.7402,1
S00690,LIRF,41.887054,12.490882,A321,narrow_body,2409,security,1139,normal,1.0,1000.0,1000.0,1767.114359,aircraft_fuel,EGLL,3901,50,asphalt,ILS,1,1,advanced,1,major,1,1,1,1,1,1,1,open,none,safe,civil,1,1449.005198,1492,extended,9.0,0,11,0.6901,7
S00690,LIRF,41.887054,12.490882,A321,narrow_body,2409,security,1139,normal,1.0,1000.0,1000.0,1767.114359,aircraft_fuel,EHAM,3800,60,asphalt,ILS,1,1,advanced,1,major,1,1,1,1,1,1,1,open,none,safe,civil,1,1296.330831,1391,extended,10.0,0,7,0.7714,8
S00690,LIRF,41.887054,12.490882,A321,narrow_body,2409,security,1139,normal,1.0,1000.0,1000.0,1767.114359,aircraft_fuel,EGKK,3317,45,asphalt,ILS,1,1,advanced,1,major,1,1,1,1,1,1,1,open,none,safe,civil,1,1410.857907,908,extended,11.0,0,10,0.7088,11
S00690,LIRF,41.887054,12.490882,A321,narrow_body,2409,security,1139,normal,1.0,1000.0,1000.0,1767.114359,aircraft_fuel,LTAC,3750,45,asphalt,ILS,1,1,advanced,1,major,1,1,1,1,1,1,1,open,none,safe,joint,0,1727.421404,1341,extended,12.0,0,13,0.5789,9
S00690,LIRF,41.887054,12.490882,A321,narrow_body,2409,security,1139,normal,1.0,1000.0,1000.0,1767.114359,aircraft_fuel,EGCC,3048,46,asphalt,ILS,1,1,advanced,1,major,1,1,1,1,1,1,1,open,none,safe,civil,1,1681.648108,639,extended,13.0,0,12,0.5947,13
S00691,EGCC,53.073577,-1.831687,A321,narrow_body,2372,fuel,749,low,0.9,900.0,749.0,1312.136573,emergency,EGLL,3901,50,asphalt,ILS,1,1,advanced,1,major,1,1,1,1,1,1,1,open,none,safe,civil,1,201.178847,1529,preferred,1.0,1,2,3.7231,3
S00691,EGCC,53.073577,-1.831687,A321,narrow_body,2372,fuel,749,low,0.9,900.0,749.0,1312.136573,emergency,EGCC,3048,46,asphalt,ILS,1,1,advanced,1,major,1,1,1,1,1,1,1,open,none,safe,civil,1,42.914899,676,preferred,2.0,0,1,17.4531,8
S00691,EGCC,53.073577,-1.831687,A321,narrow_body,2372,fuel,749,low,0.9,900.0,749.0,1312.136573,emergency,EHAM,3800,60,asphalt,ILS,1,1,advanced,1,major,1,1,1,1,1,1,1,open,none,safe,civil,1,452.412193,1428,preferred,3.0,0,5,1.6556,4
S00691,EGCC,53.073577,-1.831687,A321,narrow_body,2372,fuel,749,low,0.9,900.0,749.0,1312.136573,emergency,LFPG,4215,45,asphalt,ILS,1,1,advanced,1,major,1,1,1,1,1,1,1,open,none,safe,civil,1,545.937744,1843,preferred,4.0,0,6,1.372,1
S00691,EGCC,53.073577,-1.831687,A321,narrow_body,2372,fuel,749,low,0.9,900.0,749.0,1312.136573,emergency,EGKK,3317,45,asphalt,ILS,1,1,advanced,1,major,1,1,1,1,1,1,1,open,none,safe,civil,1,241.734301,945,preferred,5.0,0,3,3.0984,6
S00691,EGCC,53.073577,-1.831687,A321,narrow_body,2372,fuel,749,low,0.9,900.0,749.0,1312.136573,emergency,EIDW,3110,45,concrete,ILS,1,1,advanced,1,major,1,1,1,1,1,1,1,open,none,safe,civil,0,297.335612,738,preferred,6.0,0,4,2.519,7
S00691,EGCC,53.073577,-1.831687,A321,narrow_body,2372,fuel,749,low,0.9,900.0,749.0,1312.136573,emergency,EDDF,4000,60,asphalt,ILS,1,1,advanced,1,major,1,1,1,0,1,1,1,open,none,safe,civil,1,793.303561,1628,extended,7.0,0,7,0.9442,2
S00691,EGCC,53.073577,-1.831687,A321,narrow_body,2372,fuel,749,low,0.9,900.0,749.0,1312.136573,emergency,ENGM,3600,45,asphalt,ILS,1,1,advanced,1,major,1,1,1,1,1,1,1,open,none,safe,civil,0,1115.400733,1228,extended,8.0,0,8,0.6715,5
S00692,ENGM,58.949811,11.066616,B737 MAX 8,narrow_body,2480,technical,900,normal,1.0,1000.0,900.0,1414.419986,emergency,ENGM,3600,45,asphalt,ILS,1,1,advanced,1,major,1,1,1,1,1,1,1,open,none,safe,civil,0,138.349574,1120,preferred,1.0,1,1,6.5053,6
S00692,ENGM,58.949811,11.066616,B737 MAX 8,narrow_body,2480,technical,900,normal,1.0,1000.0,900.0,1414.419986,emergency,EHAM,3800,60,asphalt,ILS,1,1,advanced,1,major,1,1,1,1,1,1,1,open,none,safe,civil,1,836.940229,1320,preferred,2.0,0,4,1.0753,4
S00692,ENGM,58.949811,11.066616,B737 MAX 8,narrow_body,2480,technical,900,normal,1.0,1000.0,900.0,1414.419986,emergency,ESSA,3301,45,asphalt,ILS,1,1,advanced,1,major,1,1,1,1,1,1,1,open,none,safe,civil,0,397.05563,821,preferred,3.0,0,2,2.2667,9
S00692,ENGM,58.949811,11.066616,B737 MAX 8,narrow_body,2480,technical,900,normal,1.0,1000.0,900.0,1414.419986,emergency,EFHK,3440,60,asphalt,ILS,1,1,advanced,1,major,1,1,1,1,1,1,1,open,none,safe,civil,0,794.260076,960,preferred,4.0,0,3,1.1331,7
S00692,ENGM,58.949811,11.066616,B737 MAX 8,narrow_body,2480,technical,900,normal,1.0,1000.0,900.0,1414.419986,emergency,EDDF,4000,60,asphalt,ILS,1,1,advanced,1,major,1,1,1,0,1,1,1,open,none,safe,civil,1,1005.159938,1520,extended,5.0,0,5,0.8954,2
S00692,ENGM,58.949811,11.066616,B737 MAX 8,narrow_body,2480,technical,900,normal,1.0,1000.0,900.0,1414.419986,emergency,LFPG,4215,45,asphalt,ILS,1,1,advanced,1,major,1,1,1,1,1,1,1,open,none,safe,civil,1,1235.365763,1735,extended,6.0,0,11,0.7285,1
S00692,ENGM,58.949811,11.066616,B737 MAX 8,narrow_body,2480,technical,900,normal,1.0,1000.0,900.0,1414.419986,emergency,EGLL,3901,50,asphalt,ILS,1,1,advanced,1,major,1,1,1,1,1,1,1,open,none,safe,civil,1,1104.401994,1421,extended,7.0,0,8,0.8149,3
S00692,ENGM,58.949811,11.066616,B737 MAX 8,narrow_body,2480,technical,900,normal,1.0,1000.0,900.0,1414.419986,emergency,EGKK,3317,45,asphalt,ILS,1,1,advanced,1,major,1,1,1,1,1,1,1,open,none,safe,civil,1,1122.250093,837,extended,8.0,0,9,0.802,8
S00692,ENGM,58.949811,11.066616,B737 MAX 8,narrow_body,2480,technical,900,normal,1.0,1000.0,900.0,1414.419986,emergency,ULLI,3780,60,concrete,ILS,1,1,advanced,1,major,1,1,1,1,1,1,1,open,none,caution,civil,0,1087.592368,1300,extended,9.0,0,7,0.8275,5
S00692,ENGM,58.949811,11.066616,B737 MAX 8,narrow_body,2480,technical,900,normal,1.0,1000.0,900.0,1414.419986,emergency,EGCC,3048,46,asphalt,ILS,1,1,advanced,1,major,1,1,1,1,1,1,1,open,none,safe,civil,1,1031.359068,568,extended,10.0,0,6,0.8726,11
S00692,ENGM,58.949811,11.066616,B737 MAX 8,narrow_body,2480,technical,900,normal,1.0,1000.0,900.0,1414.419986,emergency,EIDW,3110,45,concrete,ILS,1,1,advanced,1,major,1,1,1,1,1,1,1,open,none,safe,civil,0,1230.30433,630,extended,11.0,0,10,0.7315,10
S00694,WMKK,2.640802,101.49838,A321,narrow_body,2408,mechanical,1023,normal,1.0,1000.0,1000.0,1627.000419,aircraft_fuel,WMKK,4124,60,asphalt,ILS,1,1,advanced,1,major,1,1,1,1,1,1,1,open,none,safe,civil,0,26.234026,1716,preferred,1.0,1,1,38.1184,1
S00694,WMKK,2.640802,101.49838,A321,narrow_body,2408,mechanical,1023,normal,1.0,1000.0,1000.0,1627.000419,aircraft_fuel,WSSS,4000,60,asphalt,ILS,1,1,advanced,1,major,1,1,1,1,1,1,1,open,none,safe,civil,1,312.25778,1592,preferred,2.0,0,3,3.2025,2
S00694,WMKK,2.640802,101.49838,A321,narrow_body,2408,mechanical,1023,normal,1.0,1000.0,1000.0,1627.000419,aircraft_fuel,WIMM,3000,60,asphalt,RNAV,1,1,basic,1,basic,1,0,1,1,0,1,1,open,none,safe,civil,0,310.737953,592,preferred,3.0,0,2,3.2181,4
S00694,WMKK,2.640802,101.49838,A321,narrow_body,2408,mechanical,1023,normal,1.0,1000.0,1000.0,1627.000419,aircraft_fuel,VTBS,4000,60,asphalt,ILS,1,1,advanced,1,major,1,1,1,1,1,1,1,open,none,safe,civil,0,1230.398636,1592,extended,4.0,0,4,0.8127,2
S00695,OTHH,25.965092,51.362524,B737-800,narrow_body,2382,operational_constraints,963,normal,1.0,950.0,950.0,1605.354168,aircraft_fuel,OBBI,3956,60,asphalt,ILS,1,1,advanced,1,major,1,1,1,1,1,1,1,open,none,safe,civil,0,79.794505,1574,preferred,1.0,1,1,11.9056,7
S00695,OTHH,25.965092,51.362524,B737-800,narrow_body,2382,operational_constraints,963,normal,1.0,950.0,950.0,1605.354168,aircraft_fuel,OTHH,4850,60,asphalt,ILS,1,1,advanced,1,major,1,1,1,1,1,1,1,open,none,safe,civil,0,80.792725,2468,preferred,2.0,0,2,11.7585,1
S00695,OTHH,25.965092,51.362524,B737-800,narrow_body,2382,operational_constraints,963,normal,1.0,950.0,950.0,1605.354168,aircraft_fuel,OMAA,4106,60,asphalt,ILS,1,1,advanced,1,major,1,1,1,1,1,1,1,open,none,safe,civil,0,371.55305,1724,preferred,3.0,0,3,2.5568,5
S00695,OTHH,25.965092,51.362524,B737-800,narrow_body,2382,operational_constraints,963,normal,1.0,950.0,950.0,1605.354168,aircraft_fuel,OMDB,4447,60,asphalt,ILS,1,1,advanced,1,major,1,1,1,1,1,1,1,open,none,safe,civil,1,409.715706,2065,preferred,4.0,0,4,2.3187,3
S00695,OTHH,25.965092,51.362524,B737-800,narrow_body,2382,operational_constraints,963,normal,1.0,950.0,950.0,1605.354168,aircraft_fuel,OERK,4205,60,asphalt,ILS,1,1,advanced,1,major,1,1,1,1,1,1,1,open,none,safe,civil,0,481.398121,1823,preferred,5.0,0,5,1.9734,4
S00695,OTHH,25.965092,51.362524,B737-800,narrow_body,2382,operational_constraints,963,normal,1.0,950.0,950.0,1605.354168,aircraft_fuel,OKKK,4580,60,asphalt,ILS,1,1,advanced,1,major,1,1,1,1,1,1,1,open,none,safe,civil,0,493.025702,2198,preferred,6.0,0,6,1.9269,2
S00695,OTHH,25.965092,51.362524,B737-800,narrow_body,2382,operational_constraints,963,normal,1.0,950.0,950.0,1605.354168,aircraft_fuel,OOMS,4080,45,asphalt,ILS,1,1,advanced,1,major,1,1,1,1,1,1,1,open,none,safe,civil,0,746.569302,1698,preferred,7.0,0,7,1.2725,6
S00695,OTHH,25.965092,51.362524,B737-800,narrow_body,2382,operational_constraints,963,normal,1.0,950.0,950.0,1605.354168,aircraft_fuel,OPKC,3400,46,concrete,RNAV,0,1,basic,1,basic,1,1,1,1,1,1,1,open,none,caution,civil,0,1589.800067,1018,extended,8.0,0,8,0.5976,8
S00701,OJAI,31.572359,36.307445,E190,regional_jet,1880,technical,884,normal,1.0,800.0,800.0,1185.057047,aircraft_fuel,OJAI,3660,61,asphalt,ILS,1,1,advanced,1,major,1,1,1,1,1,1,1,open,none,safe,civil,0,34.116622,1780,preferred,1.0,1,1,23.449,4
S00701,OJAI,31.572359,36.307445,E190,regional_jet,1880,technical,884,normal,1.0,800.0,800.0,1185.057047,aircraft_fuel,HECA,4000,60,asphalt,ILS,1,1,basic,1,major,1,1,1,1,1,1,1,open,none,safe,civil,0,496.112685,2120,preferred,2.0,0,3,1.6125,2
S00701,OJAI,31.572359,36.307445,E190,regional_jet,1880,technical,884,normal,1.0,800.0,800.0,1185.057047,aircraft_fuel,LCLK,2987,45,asphalt,ILS,1,0,none,1,basic,1,0,1,1,1,1,1,open,none,safe,civil,0,443.950249,1107,preferred,3.0,0,2,1.802,6
S00701,OJAI,31.572359,36.307445,E190,regional_jet,1880,technical,884,normal,1.0,800.0,800.0,1185.057047,aircraft_fuel,HELX,3000,45,asphalt,RNAV,0,0,none,1,basic,1,0,1,0,0,1,1,open,none,safe,joint,0,744.253694,1120,preferred,4.0,0,4,1.0749,5
S00701,OJAI,31.572359,36.307445,E190,regional_jet,1880,technical,884,normal,1.0,800.0,800.0,1185.057047,aircraft_fuel,OKKK,4580,60,asphalt,ILS,1,1,advanced,1,major,1,1,1,1,1,1,1,open,none,safe,civil,0,1147.948473,2700,extended,5.0,0,6,0.6969,1
S00701,OJAI,31.572359,36.307445,E190,regional_jet,1880,technical,884,normal,1.0,800.0,800.0,1185.057047,aircraft_fuel,LTAC,3750,45,asphalt,ILS,1,1,advanced,1,major,1,1,1,1,1,1,1,open,none,safe,joint,0,996.879107,1870,extended,6.0,0,5,0.8025,3
S00702,RJCC,42.884827,140.892286,B787-9,wide_body,2875,operational_constraints,1162,low,0.9,1260.0,1162.0,2095.982178,emergency,RJAA,4000,60,asphalt,ILS,1,1,advanced,1,major,1,1,1,0,1,1,1,open,none,safe,civil,1,792.470574,1125,preferred,1.0,1,2,1.4663,1
S00702,RJCC,42.884827,140.892286,B787-9,wide_body,2875,operational_constraints,1162,low,0.9,1260.0,1162.0,2095.982178,emergency,RJCC,3000,61,asphalt,RNAV,0,1,basic,1,basic,1,1,1,1,1,1,1,open,none,safe,joint,0,66.226133,125,preferred,2.0,0,1,17.5459,5
S00702,RJCC,42.884827,140.892286,B787-9,wide_body,2875,operational_constraints,1162,low,0.9,1260.0,1162.0,2095.982178,emergency,RJTT,3360,61,asphalt,ILS,1,1,advanced,1,major,1,1,1,1,1,1,1,open,none,safe,civil,1,821.148326,485,preferred,3.0,0,3,1.4151,4
S00702,RJCC,42.884827,140.892286,B787-9,wide_body,2875,operational_constraints,1162,low,0.9,1260.0,1162.0,2095.982178,emergency,RKSI,4000,60,asphalt,ILS,1,1,advanced,1,major,1,1,1,1,1,1,1,open,none,safe,civil,1,1364.232276,1125,extended,4.0,0,4,0.8518,1
S00702,RJCC,42.884827,140.892286,B787-9,wide_body,2875,operational_constraints,1162,low,0.9,1260.0,1162.0,2095.982178,emergency,ZBAA,3810,60,asphalt,ILS,1,1,advanced,1,major,1,1,1,1,1,1,1,open,none,safe,civil,1,2040.556445,935,extended,5.0,0,5,0.5695,3
S00704,OTHH,25.733509,52.059476,B737-800,narrow_body,2429,technical,698,low,0.9,855.0,698.0,1095.108001,emergency,OTHH,4850,60,asphalt,ILS,1,1,advanced,1,major,1,1,1,1,1,1,1,open,none,safe,civil,0,68.366137,2421,preferred,1.0,1,1,10.2097,1
S00704,OTHH,25.733509,52.059476,B737-800,narrow_body,2429,technical,698,low,0.9,855.0,698.0,1095.108001,emergency,OBBI,3956,60,asphalt,ILS,1,1,advanced,1,major,1,1,1,1,1,1,1,open,none,safe,civil,0,153.996134,1527,preferred,2.0,0,2,4.5326,7
S00704,OTHH,25.733509,52.059476,B737-800,narrow_body,2429,technical,698,low,0.9,855.0,698.0,1095.108001,emergency,OMAA,4106,60,asphalt,ILS,1,1,advanced,1,major,1,1,1,1,1,1,1,open,none,safe,civil,0,297.771098,1677,preferred,3.0,0,3,2.3441,5
S00704,OTHH,25.733509,52.059476,B737-800,narrow_body,2429,technical,698,low,0.9,855.0,698.0,1095.108001,emergency,OMDB,4447,60,asphalt,ILS,1,1,advanced,1,major,1,1,1,1,1,1,1,open,none,safe,civil,1,336.69031,2018,preferred,4.0,0,4,2.0731,3
S00704,OTHH,25.733509,52.059476,B737-800,narrow_body,2429,technical,698,low,0.9,855.0,698.0,1095.108001,emergency,OERK,4205,60,asphalt,ILS,1,1,advanced,1,major,1,1,1,1,1,1,1,open,none,safe,civil,0,545.525724,1776,preferred,5.0,0,5,1.2795,4
S00704,OTHH,25.733509,52.059476,B737-800,narrow_body,2429,technical,698,low,0.9,855.0,698.0,1095.108001,emergency,OKKK,4580,60,asphalt,ILS,1,1,advanced,1,major,1,1,1,1,1,1,1,open,none,safe,civil,0,559.772107,2151,preferred,6.0,0,6,1.2469,2
S00704,OTHH,25.733509,52.059476,B737-800,narrow_body,2429,technical,698,low,0.9,855.0,698.0,1095.108001,emergency,OOMS,4080,45,asphalt,ILS,1,1,advanced,1,major,1,1,1,1,1,1,1,open,none,safe,civil,0,672.235805,1651,preferred,7.0,0,7,1.0383,6
S00708,OBBI,26.118472,50.828894,E170,regional_jet,1720,security,754,low,0.9,630.0,630.0,920.348944,aircraft_fuel,OBBI,3956,60,asphalt,ILS,1,1,advanced,1,major,1,1,1,1,1,1,1,open,none,safe,civil,0,25.2586,2236,preferred,1.0,1,1,24.942,7
S00708,OBBI,26.118472,50.828894,E170,regional_jet,1720,security,754,low,0.9,630.0,630.0,920.348944,aircraft_fuel,OTHH,4850,60,asphalt,ILS,1,1,advanced,1,major,1,1,1,1,1,1,1,open,none,safe,civil,0,122.196598,3130,preferred,2.0,0,2,5.1556,1
S00708,OBBI,26.118472,50.828894,E170,regional_jet,1720,security,754,low,0.9,630.0,630.0,920.348944,aircraft_fuel,OMAA,4106,60,asphalt,ILS,1,1,advanced,1,major,1,1,1,1,1,1,1,open,none,safe,civil,0,426.983459,2386,preferred,3.0,0,3,1.4755,5
S00708,OBBI,26.118472,50.828894,E170,regional_jet,1720,security,754,low,0.9,630.0,630.0,920.348944,aircraft_fuel,OERK,4205,60,asphalt,ILS,1,1,advanced,1,major,1,1,1,1,1,1,1,open,none,safe,civil,0,433.989639,2485,preferred,4.0,0,4,1.4516,4
S00708,OBBI,26.118472,50.828894,E170,regional_jet,1720,security,754,low,0.9,630.0,630.0,920.348944,aircraft_fuel,OKKK,4580,60,asphalt,ILS,1,1,advanced,1,major,1,1,1,1,1,1,1,open,none,safe,civil,0,445.551449,2860,preferred,5.0,0,5,1.414,2
S00708,OBBI,26.118472,50.828894,E170,regional_jet,1720,security,754,low,0.9,630.0,630.0,920.348944,aircraft_fuel,OMDB,4447,60,asphalt,ILS,1,1,advanced,1,major,1,1,1,1,1,1,1,open,none,safe,civil,1,465.264467,2727,preferred,6.0,0,6,1.3541,3
S00708,OBBI,26.118472,50.828894,E170,regional_jet,1720,security,754,low,0.9,630.0,630.0,920.348944,aircraft_fuel,OOMS,4080,45,asphalt,ILS,1,1,advanced,1,major,1,1,1,1,1,1,1,open,none,safe,civil,0,802.530419,2360,extended,7.0,0,7,0.785,6
S00713,OMAA,24.044155,54.828386,B787-9,wide_body,2797,medical,804,normal,1.0,1400.0,804.0,1400.690675,emergency,OMAA,4106,60,asphalt,ILS,1,1,advanced,1,major,1,1,1,1,1,1,1,open,none,safe,civil,0,47.715748,1309,preferred,1.0,1,1,16.8498,5
S00713,OMAA,24.044155,54.828386,B787-9,wide_body,2797,medical,804,normal,1.0,1400.0,804.0,1400.690675,emergency,OMDB,4447,60,asphalt,ILS,1,1,advanced,1,major,1,1,1,1,1,1,1,open,none,safe,civil,1,144.842182,1650,preferred,2.0,0,2,5.5509,3
S00713,OMAA,24.044155,54.828386,B787-9,wide_body,2797,medical,804,normal,1.0,1400.0,804.0,1400.690675,emergency,OTHH,4850,60,asphalt,ILS,1,1,advanced,1,major,1,1,1,1,1,1,1,open,none,safe,civil,0,352.939287,2053,preferred,3.0,0,3,2.278,1
S00713,OMAA,24.044155,54.828386,B787-9,wide_body,2797,medical,804,normal,1.0,1400.0,804.0,1400.690675,emergency,OOMS,4080,45,asphalt,ILS,1,1,advanced,1,major,1,1,1,1,1,1,1,open,none,safe,civil,0,355.077141,1283,preferred,4.0,0,4,2.2643,6
S00713,OMAA,24.044155,54.828386,B787-9,wide_body,2797,medical,804,normal,1.0,1400.0,804.0,1400.690675,emergency,OBBI,3956,60,asphalt,ILS,1,1,advanced,1,major,1,1,1,1,1,1,1,open,none,safe,civil,0,488.842416,1159,preferred,5.0,0,5,1.6447,7
S00713,OMAA,24.044155,54.828386,B787-9,wide_body,2797,medical,804,normal,1.0,1400.0,804.0,1400.690675,emergency,OKKK,4580,60,asphalt,ILS,1,1,advanced,1,major,1,1,1,1,1,1,1,open,none,safe,civil,0,892.11557,1783,extended,6.0,0,7,0.9012,2
S00713,OMAA,24.044155,54.828386,B787-9,wide_body,2797,medical,804,normal,1.0,1400.0,804.0,1400.690675,emergency,OERK,4205,60,asphalt,ILS,1,1,advanced,1,major,1,1,1,1,1,1,1,open,none,safe,civil,0,828.686077,1408,extended,7.0,0,6,0.9702,4
S00713,OMAA,24.044155,54.828386,B787-9,wide_body,2797,medical,804,normal,1.0,1400.0,804.0,1400.690675,emergency,OPKC,3400,46,concrete,RNAV,0,1,basic,1,basic,1,1,1,1,1,1,1,open,none,caution,civil,0,1251.321196,603,extended,8.0,0,8,0.6425,8
S00716,EGLL,51.779113,-0.172188,B737-800,narrow_body,2336,technical,517,normal,1.0,950.0,517.0,860.484321,emergency,EGLL,3901,50,asphalt,ILS,1,1,advanced,1,major,1,1,1,1,1,1,1,open,none,safe,civil,1,39.625554,1565,preferred,1.0,1,1,13.0471,3
S00716,EGLL,51.779113,-0.172188,B737-800,narrow_body,2336,technical,517,normal,1.0,950.0,517.0,860.484321,emergency,EGKK,3317,45,asphalt,ILS,1,1,advanced,1,major,1,1,1,1,1,1,1,open,none,safe,civil,1,70.10012,981,preferred,2.0,0,2,7.3752,5
S00716,EGLL,51.779113,-0.172188,B737-800,narrow_body,2336,technical,517,normal,1.0,950.0,517.0,860.484321,emergency,LFPG,4215,45,asphalt,ILS,1,1,advanced,1,major,1,1,1,1,1,1,1,open,none,safe,civil,1,363.574992,1879,preferred,3.0,0,5,1.422,1
S00716,EGLL,51.779113,-0.172188,B737-800,narrow_body,2336,technical,517,normal,1.0,950.0,517.0,860.484321,emergency,EHAM,3800,60,asphalt,ILS,1,1,advanced,1,major,1,1,1,1,1,1,1,open,none,safe,civil,1,342.609723,1464,preferred,4.0,0,4,1.509,4
S00716,EGLL,51.779113,-0.172188,B737-800,narrow_body,2336,technical,517,normal,1.0,950.0,517.0,860.484321,emergency,EGCC,3048,46,asphalt,ILS,1,1,advanced,1,major,1,1,1,1,1,1,1,open,none,safe,civil,1,225.492187,712,preferred,5.0,0,3,2.2928,7
S00716,EGLL,51.779113,-0.172188,B737-800,narrow_body,2336,technical,517,normal,1.0,950.0,517.0,860.484321,emergency,EIDW,3110,45,concrete,ILS,1,1,advanced,1,major,1,1,1,1,1,1,1,open,none,safe,civil,0,450.119913,774,preferred,6.0,0,6,1.1486,6
S00716,EGLL,51.779113,-0.172188,B737-800,narrow_body,2336,technical,517,normal,1.0,950.0,517.0,860.484321,emergency,EDDF,4000,60,asphalt,ILS,1,1,advanced,1,major,1,1,1,0,1,1,1,open,none,safe,civil,1,642.012511,1664,extended,7.0,0,7,0.8053,2
S00718,KJFK,40.784082,-72.721508,A330-300,wide_body,3015,security,1131,normal,1.0,1300.0,1131.0,1907.273265,emergency,KJFK,4423,61,asphalt,ILS,1,1,advanced,1,major,1,1,1,1,1,1,1,open,none,safe,civil,1,90.596588,1408,preferred,1.0,1,1,12.4839,1
S00718,KJFK,40.784082,-72.721508,A330-300,wide_body,3015,security,1131,normal,1.0,1300.0,1131.0,1907.273265,emergency,CYYZ,3389,61,asphalt,ILS,1,1,advanced,1,major,1,1,1,1,1,1,1,open,none,safe,civil,1,653.048972,374,preferred,2.0,0,2,1.7319,4
S00718,KJFK,40.784082,-72.721508,A330-300,wide_body,3015,security,1131,normal,1.0,1300.0,1131.0,1907.273265,emergency,KORD,3962,46,concrete,ILS,1,1,advanced,1,major,1,1,1,1,1,1,1,open,none,safe,civil,0,1272.03145,947,extended,3.0,0,3,0.8891,2
S00718,KJFK,40.784082,-72.721508,A330-300,wide_body,3015,security,1131,normal,1.0,1300.0,1131.0,1907.273265,emergency,KATL,3776,46,concrete,ILS,1,1,advanced,1,major,1,1,1,1,1,1,1,open,none,safe,civil,0,1304.309166,761,extended,4.0,0,4,0.8671,3
S00720,HECA,29.824202,31.492849,B737 MAX 8,narrow_body,2450,medical,814,low,0.9,900.0,814.0,1344.19536,emergency,HECA,4000,60,asphalt,ILS,1,1,basic,1,major,1,1,1,1,1,1,1,open,none,safe,civil,0,33.265403,1550,preferred,1.0,1,1,24.4699,2
S00720,HECA,29.824202,31.492849,B737 MAX 8,narrow_body,2450,medical,814,low,0.9,900.0,814.0,1344.19536,emergency,OJAI,3660,61,asphalt,ILS,1,1,advanced,1,major,1,1,1,1,1,1,1,open,none,safe,civil,0,478.918027,1210,preferred,2.0,0,2,1.6997,5
S00720,HECA,29.824202,31.492849,B737 MAX 8,narrow_body,2450,medical,814,low,0.9,900.0,814.0,1344.19536,emergency,LGAV,4000,45,asphalt,ILS,1,1,advanced,1,major,1,1,1,1,1,1,1,open,none,safe,civil,0,1138.902643,1550,extended,3.0,0,3,0.7147,2
S00720,HECA,29.824202,31.492849,B737 MAX 8,narrow_body,2450,medical,814,low,0.9,900.0,814.0,1344.19536,emergency,LTFM,4100,60,asphalt,ILS,1,1,advanced,1,major,1,1,1,1,1,1,0,open,none,safe,civil,0,1297.317189,1650,extended,4.0,0,5,0.6274,1
S00720,HECA,29.824202,31.492849,B737 MAX 8,narrow_body,2450,medical,814,low,0.9,900.0,814.0,1344.19536,emergency,LTAC,3750,45,asphalt,ILS,1,1,advanced,1,major,1,1,1,1,1,1,1,open,none,safe,joint,0,1153.833669,1300,extended,5.0,0,4,0.7055,4
S00722,WSSS,2.046336,104.82797,E175,regional_jet,1736,weather,940,critical,0.75,562.5,562.5,915.150572,aircraft_fuel,WSSS,4000,60,asphalt,ILS,1,1,advanced,1,major,1,1,1,1,1,1,1,open,none,safe,civil,1,120.763054,2264,preferred,1.0,1,1,4.6579,2
S00722,WSSS,2.046336,104.82797,E175,regional_jet,1736,weather,940,critical,0.75,562.5,562.5,915.150572,aircraft_fuel,WMKK,4124,60,asphalt,ILS,1,1,advanced,1,major,1,1,1,1,1,1,1,open,none,safe,civil,0,355.016158,2388,preferred,2.0,0,2,1.5844,1
S00722,WSSS,2.046336,104.82797,E175,regional_jet,1736,weather,940,critical,0.75,562.5,562.5,915.150572,aircraft_fuel,WIMM,3000,60,asphalt,RNAV,1,1,basic,1,basic,1,0,1,1,0,1,1,open,none,safe,civil,0,683.388726,1264,extended,3.0,0,3,0.8231,3
S00724,LPPT,38.250415,-8.53971,A319,narrow_body,2214,operational_constraints,872,critical,0.75,675.0,675.0,1149.519847,aircraft_fuel,LPPT,3707,45,asphalt,ILS,1,1,advanced,1,major,1,1,1,1,1,1,1,open,none,safe,civil,0,78.583602,1493,preferred,1.0,1,1,8.5896,3
S00724,LPPT,38.250415,-8.53971,A319,narrow_body,2214,operational_constraints,872,critical,0.75,675.0,675.0,1149.519847,aircraft_fuel,LEMD,4350,60,asphalt,ILS,1,1,advanced,1,major,1,1,1,1,1,1,1,open,none,safe,civil,1,494.382922,2136,preferred,2.0,0,2,1.3653,1
S00724,LPPT,38.250415,-8.53971,A319,narrow_body,2214,operational_constraints,872,critical,0.75,675.0,675.0,1149.519847,aircraft_fuel,GMMN,3720,45,asphalt,ILS,1,1,advanced,1,major,1,1,1,1,1,1,1,open,none,safe,civil,0,549.658039,1506,preferred,3.0,0,3,1.228,2
S00724,LPPT,38.250415,-8.53971,A319,narrow_body,2214,operational_constraints,872,critical,0.75,675.0,675.0,1149.519847,aircraft_fuel,DAAG,3500,60,asphalt,RNAV,0,1,basic,1,basic,1,1,1,1,1,1,0,open,none,safe,civil,0,1050.896387,1286,extended,4.0,0,4,0.6423,4
S00726,LTAC,40.038214,33.845292,A321,narrow_body,2338,weather,1239,normal,1.0,1000.0,1000.0,1619.838169,aircraft_fuel,LTAC,3750,45,asphalt,ILS,1,1,advanced,1,major,1,1,1,1,1,1,1,open,none,safe,joint,0,73.018477,1412,preferred,1.0,1,1,13.6952,4
S00726,LTAC,40.038214,33.845292,A321,narrow_body,2338,weather,1239,normal,1.0,1000.0,1000.0,1619.838169,aircraft_fuel,LTFM,4100,60,asphalt,ILS,1,1,advanced,1,major,1,1,1,1,1,1,0,open,none,safe,civil,0,452.629603,1762,preferred,2.0,0,2,2.2093,1
S00726,LTAC,40.038214,33.845292,A321,narrow_body,2338,weather,1239,normal,1.0,1000.0,1000.0,1619.838169,aircraft_fuel,LGAV,4000,45,asphalt,ILS,1,1,advanced,1,major,1,1,1,1,1,1,1,open,none,safe,civil,0,886.52366,1662,preferred,3.0,0,4,1.128,2
S00726,LTAC,40.038214,33.845292,A321,narrow_body,2338,weather,1239,normal,1.0,1000.0,1000.0,1619.838169,aircraft_fuel,OJAI,3660,61,asphalt,ILS,1,1,advanced,1,major,1,1,1,1,1,1,1,open,none,safe,civil,0,944.59646,1322,preferred,4.0,0,5,1.0587,5
S00726,LTAC,40.038214,33.845292,A321,narrow_body,2338,weather,1239,normal,1.0,1000.0,1000.0,1619.838169,aircraft_fuel,LCLK,2987,45,asphalt,ILS,1,0,none,1,basic,1,0,1,1,1,1,1,open,none,safe,civil,0,574.441069,649,preferred,5.0,0,3,1.7408,7
S00726,LTAC,40.038214,33.845292,A321,narrow_body,2338,weather,1239,normal,1.0,1000.0,1000.0,1619.838169,aircraft_fuel,HECA,4000,60,asphalt,ILS,1,1,basic,1,major,1,1,1,1,1,1,1,open,none,safe,civil,0,1125.925326,1662,extended,6.0,0,6,0.8882,2
S00726,LTAC,40.038214,33.845292,A321,narrow_body,2338,weather,1239,normal,1.0,1000.0,1000.0,1619.838169,aircraft_fuel,HELX,3000,45,asphalt,RNAV,0,0,none,1,basic,1,0,1,0,0,1,1,open,none,safe,joint,0,1601.056371,662,extended,7.0,0,7,0.6246,6
S00727,RKSI,37.533694,126.181052,A350-900,wide_body,2801,security,594,critical,0.75,1125.0,594.0,1099.203359,emergency,RKSI,4000,60,asphalt,ILS,1,1,advanced,1,major,1,1,1,1,1,1,1,open,none,safe,civil,1,24.872746,1199,preferred,1.0,1,1,23.8816,1
S00727,RKSI,37.533694,126.181052,A350-900,wide_body,2801,security,594,critical,0.75,1125.0,594.0,1099.203359,emergency,ZSPD,4000,60,concrete,ILS,1,1,advanced,1,major,1,1,1,1,1,1,1,open,none,safe,civil,1,816.036761,1199,extended,2.0,0,2,0.7279,1
S00727,RKSI,37.533694,126.181052,A350-900,wide_body,2801,security,594,critical,0.75,1125.0,594.0,1099.203359,emergency,ZBAA,3810,60,asphalt,ILS,1,1,advanced,1,major,1,1,1,1,1,1,1,open,none,safe,civil,1,876.792181,1009,extended,3.0,0,3,0.6775,3
S00729,DNAA,9.054959,7.653184,E175,regional_jet,1749,operational_constraints,695,normal,1.0,750.0,695.0,984.622863,emergency,DNAA,3609,60,asphalt,RNAV,0,0,none,1,basic,1,0,1,1,1,1,1,open,none,safe,joint,0,43.163596,1860,preferred,1.0,1,1,16.1015,2
S00729,DNAA,9.054959,7.653184,E175,regional_jet,1749,operational_constraints,695,normal,1.0,750.0,695.0,984.622863,emergency,DNKN,3200,46,asphalt,RNAV,0,0,none,1,basic,1,0,1,0,0,1,1,open,none,safe,joint,0,346.129865,1451,preferred,2.0,0,2,2.0079,4
S00729,DNAA,9.054959,7.653184,E175,regional_jet,1749,operational_constraints,695,normal,1.0,750.0,695.0,984.622863,emergency,DNMM,3900,60,asphalt,ILS,1,1,advanced,1,major,1,1,1,1,1,1,1,open,none,caution,civil,0,550.999811,2151,preferred,3.0,0,3,1.2613,1
S00729,DNAA,9.054959,7.653184,E175,regional_jet,1749,operational_constraints,695,normal,1.0,750.0,695.0,984.622863,emergency,DGAA,3403,61,asphalt,RNAV,0,0,none,1,basic,1,0,1,1,1,1,0,open,none,safe,civil,0,943.761331,1654,extended,4.0,0,4,0.7364,3
S00730,VNKT,27.201682,85.45108,A321,narrow_body,2362,security,947,normal,1.0,1000.0,947.0,1535.89765,emergency,VIDP,4430,60,asphalt,ILS,1,1,advanced,1,major,1,1,1,1,1,1,1,open,none,safe,civil,1,834.790818,2068,preferred,1.0,1,2,1.1344,1
S00730,VNKT,27.201682,85.45108,A321,narrow_body,2362,security,947,normal,1.0,1000.0,947.0,1535.89765,emergency,VNKT,3350,45,asphalt,VOR,0,0,none,0,none,0,0,1,1,1,1,1,open,none,caution,civil,0,55.775799,988,preferred,2.0,0,1,16.9787,3
S00730,VNKT,27.201682,85.45108,A321,narrow_body,2362,security,947,normal,1.0,1000.0,947.0,1535.89765,emergency,OPLA,3360,46,concrete,RNAV,0,0,none,1,basic,1,0,1,1,1,1,1,open,none,caution,civil,0,1172.628253,998,extended,3.0,0,3,0.8076,2
S00731,DTTA,36.105469,10.725682,A319,narrow_body,2035,fuel,631,normal,1.0,900.0,631.0,982.79466,emergency,DTTA,3200,45,asphalt,RNAV,0,1,basic,1,basic,1,0,1,1,1,1,1,open,none,safe,civil,0,94.120473,1165,preferred,1.0,1,1,6.7042,3
S00731,DTTA,36.105469,10.725682,A319,narrow_body,2035,fuel,631,normal,1.0,900.0,631.0,982.79466,emergency,LIRF,3902,60,asphalt,ILS,1,1,basic,1,major,1,1,1,1,1,1,1,open,none,safe,civil,1,647.271335,1867,extended,2.0,0,2,0.9749,1
S00731,DTTA,36.105469,10.725682,A319,narrow_body,2035,fuel,631,normal,1.0,900.0,631.0,982.79466,emergency,DAAG,3500,60,asphalt,RNAV,0,1,basic,1,basic,1,1,1,1,1,1,0,open,none,safe,civil,0,675.251512,1465,extended,3.0,0,3,0.9345,2
S00735,LTAC,40.528955,32.905171,B737-800,narrow_body,2266,fuel,615,low,0.9,855.0,615.0,999.156199,emergency,LTAC,3750,45,asphalt,ILS,1,1,advanced,1,major,1,1,1,1,1,1,1,open,none,safe,joint,0,45.220083,1484,preferred,1.0,1,1,13.6002,3
S00735,LTAC,40.528955,32.905171,B737-800,narrow_body,2266,fuel,615,low,0.9,855.0,615.0,999.156199,emergency,LTFM,4100,60,asphalt,ILS,1,1,advanced,1,major,1,1,1,1,1,1,0,open,none,safe,civil,0,360.355172,1834,preferred,2.0,0,2,1.7066,1
S00735,LTAC,40.528955,32.905171,B737-800,narrow_body,2266,fuel,615,low,0.9,855.0,615.0,999.156199,emergency,LGAV,4000,45,asphalt,ILS,1,1,advanced,1,major,1,1,1,1,1,1,1,open,none,safe,civil,0,823.382728,1734,extended,3.0,0,4,0.7469,2
S00735,LTAC,40.528955,32.905171,B737-800,narrow_body,2266,fuel,615,low,0.9,855.0,615.0,999.156199,emergency,LCLK,2987,45,asphalt,ILS,1,0,none,1,basic,1,0,1,1,1,1,1,open,none,safe,civil,0,631.853625,721,extended,4.0,0,3,0.9733,4
S00741,EDDF,51.116151,8.474092,B777-300ER,wide_body,3115,medical,1085,normal,1.0,1500.0,1085.0,2009.666763,emergency,EDDF,4000,60,asphalt,ILS,1,1,advanced,1,major,1,1,1,0,1,1,1,open,none,safe,civil,1,121.286788,885,preferred,1.0,1,1,8.9457,4
S00741,EDDF,51.116151,8.474092,B777-300ER,wide_body,3115,medical,1085,normal,1.0,1500.0,1085.0,2009.666763,emergency,LFPG,4215,45,asphalt,ILS,1,1,advanced,1,major,1,1,1,1,1,1,1,open,none,safe,civil,1,482.983402,1100,preferred,2.0,0,3,2.2465,2
S00741,EDDF,51.116151,8.474092,B777-300ER,wide_body,3115,medical,1085,normal,1.0,1500.0,1085.0,2009.666763,emergency,EHAM,3800,60,asphalt,ILS,1,1,advanced,1,major,1,1,1,1,1,1,1,open,none,safe,civil,1,287.918064,685,preferred,3.0,0,2,3.7684,8
S00741,EDDF,51.116151,8.474092,B777-300ER,wide_body,3115,medical,1085,normal,1.0,1500.0,1085.0,2009.666763,emergency,EGLL,3901,50,asphalt,ILS,1,1,advanced,1,major,1,1,1,1,1,1,1,open,none,safe,civil,1,622.076125,786,preferred,4.0,0,5,1.7442,7
S00741,EDDF,51.116151,8.474092,B777-300ER,wide_body,3115,medical,1085,normal,1.0,1500.0,1085.0,2009.666763,emergency,LIRF,3902,60,asphalt,ILS,1,1,basic,1,major,1,1,1,1,1,1,1,open,none,safe,civil,1,1074.703916,787,preferred,5.0,0,7,1.0096,6
S00741,EDDF,51.116151,8.474092,B777-300ER,wide_body,3115,medical,1085,normal,1.0,1500.0,1085.0,2009.666763,emergency,LEMD,4350,60,asphalt,ILS,1,1,advanced,1,major,1,1,1,1,1,1,1,open,none,safe,civil,1,1501.681309,1235,extended,6.0,0,10,0.7225,1
S00741,EDDF,51.116151,8.474092,B777-300ER,wide_body,3115,medical,1085,normal,1.0,1500.0,1085.0,2009.666763,emergency,ENGM,3600,45,asphalt,ILS,1,1,advanced,1,major,1,1,1,1,1,1,1,open,none,safe,civil,0,1022.549311,485,preferred,7.0,0,6,1.0611,11
S00741,EDDF,51.116151,8.474092,B777-300ER,wide_body,3115,medical,1085,normal,1.0,1500.0,1085.0,2009.666763,emergency,EGKK,3317,45,asphalt,ILS,1,1,advanced,1,major,1,1,1,1,1,1,1,open,none,safe,civil,1,603.921427,202,preferred,8.0,0,4,1.7966,14
S00741,EDDF,51.116151,8.474092,B777-300ER,wide_body,3115,medical,1085,normal,1.0,1500.0,1085.0,2009.666763,emergency,LTFM,4100,60,asphalt,ILS,1,1,advanced,1,major,1,1,1,1,1,1,0,open,none,safe,civil,0,1894.73092,985,extended,9.0,0,14,0.5726,3
S00741,EDDF,51.116151,8.474092,B777-300ER,wide_body,3115,medical,1085,normal,1.0,1500.0,1085.0,2009.666763,emergency,LGAV,4000,45,asphalt,ILS,1,1,advanced,1,major,1,1,1,1,1,1,1,open,none,safe,civil,0,1902.985411,885,extended,10.0,0,15,0.5702,4
S00741,EDDF,51.116151,8.474092,B777-300ER,wide_body,3115,medical,1085,normal,1.0,1500.0,1085.0,2009.666763,emergency,LPPT,3707,45,asphalt,ILS,1,1,advanced,1,major,1,1,1,1,1,1,1,open,none,safe,civil,0,1940.252241,592,extended,11.0,0,16,0.5592,10
S00741,EDDF,51.116151,8.474092,B777-300ER,wide_body,3115,medical,1085,normal,1.0,1500.0,1085.0,2009.666763,emergency,DAAG,3500,60,asphalt,RNAV,0,1,basic,1,basic,1,1,1,1,1,1,0,open,none,safe,civil,0,1657.025212,385,extended,12.0,0,12,0.6548,12
S00741,EDDF,51.116151,8.474092,B777-300ER,wide_body,3115,medical,1085,normal,1.0,1500.0,1085.0,2009.666763,emergency,EFHK,3440,60,asphalt,ILS,1,1,advanced,1,major,1,1,1,1,1,1,1,open,none,safe,civil,0,1446.21768,325,extended,13.0,0,9,0.7502,13
S00741,EDDF,51.116151,8.474092,B777-300ER,wide_body,3115,medical,1085,normal,1.0,1500.0,1085.0,2009.666763,emergency,ESSA,3301,45,asphalt,ILS,1,1,advanced,1,major,1,1,1,1,1,1,1,open,none,safe,civil,0,1118.69581,186,extended,14.0,0,8,0.9699,15
S00741,EDDF,51.116151,8.474092,B777-300ER,wide_body,3115,medical,1085,normal,1.0,1500.0,1085.0,2009.666763,emergency,DTTA,3200,45,asphalt,RNAV,0,1,basic,1,basic,1,0,1,1,1,1,1,open,none,safe,civil,0,1592.279915,85,extended,15.0,0,11,0.6814,16
S00741,EDDF,51.116151,8.474092,B777-300ER,wide_body,3115,medical,1085,normal,1.0,1500.0,1085.0,2009.666763,emergency,ULLI,3780,60,concrete,ILS,1,1,advanced,1,major,1,1,1,1,1,1,1,open,none,caution,civil,0,1666.645131,665,extended,16.0,0,13,0.651,9
S00745,OJAI,32.455492,35.494532,B737-800,narrow_body,2345,medical,868,critical,0.75,712.5,712.5,1097.150674,aircraft_fuel,OJAI,3660,61,asphalt,ILS,1,1,advanced,1,major,1,1,1,1,1,1,1,open,none,safe,civil,0,94.064221,1315,preferred,1.0,1,1,7.5746,3
S00745,OJAI,32.455492,35.494532,B737-800,narrow_body,2345,medical,868,critical,0.75,712.5,712.5,1097.150674,aircraft_fuel,HECA,4000,60,asphalt,ILS,1,1,basic,1,major,1,1,1,1,1,1,1,open,none,safe,civil,0,468.518102,1655,preferred,2.0,0,2,1.5208,1
S00745,OJAI,32.455492,35.494532,B737-800,narrow_body,2345,medical,868,critical,0.75,712.5,712.5,1097.150674,aircraft_fuel,LTAC,3750,45,asphalt,ILS,1,1,advanced,1,major,1,1,1,1,1,1,1,open,none,safe,joint,0,881.961034,1405,extended,3.0,0,3,0.8079,2
S00748,EDDF,49.790228,8.276945,E190,regional_jet,1850,medical,775,normal,1.0,800.0,775.0,1117.958454,emergency,EDDF,4000,60,asphalt,ILS,1,1,advanced,1,major,1,1,1,0,1,1,1,open,none,safe,civil,1,33.128826,2150,preferred,1.0,1,1,23.3935,2
S00748,EDDF,49.790228,8.276945,E190,regional_jet,1850,medical,775,normal,1.0,800.0,775.0,1117.958454,emergency,EHAM,3800,60,asphalt,ILS,1,1,advanced,1,major,1,1,1,1,1,1,1,open,none,safe,civil,1,372.366546,1950,preferred,2.0,0,2,2.0813,5
S00748,EDDF,49.790228,8.276945,E190,regional_jet,1850,medical,775,normal,1.0,800.0,775.0,1117.958454,emergency,LFPG,4215,45,asphalt,ILS,1,1,advanced,1,major,1,1,1,1,1,1,1,open,none,safe,civil,1,423.023943,2365,preferred,3.0,0,3,1.832,1
S00748,EDDF,49.790228,8.276945,E190,regional_jet,1850,medical,775,normal,1.0,800.0,775.0,1117.958454,emergency,EGLL,3901,50,asphalt,ILS,1,1,advanced,1,major,1,1,1,1,1,1,1,open,none,safe,civil,1,643.489336,2051,preferred,4.0,0,5,1.2044,4
S00748,EDDF,49.790228,8.276945,E190,regional_jet,1850,medical,775,normal,1.0,800.0,775.0,1117.958454,emergency,EGKK,3317,45,asphalt,ILS,1,1,advanced,1,major,1,1,1,1,1,1,1,open,none,safe,civil,1,617.309114,1467,preferred,5.0,0,4,1.2554,6
S00748,EDDF,49.790228,8.276945,E190,regional_jet,1850,medical,775,normal,1.0,800.0,775.0,1117.958454,emergency,LIRF,3902,60,asphalt,ILS,1,1,basic,1,major,1,1,1,1,1,1,1,open,none,safe,civil,1,939.570624,2052,extended,6.0,0,7,0.8248,3
S00748,EDDF,49.790228,8.276945,E190,regional_jet,1850,medical,775,normal,1.0,800.0,775.0,1117.958454,emergency,EGCC,3048,46,asphalt,ILS,1,1,advanced,1,major,1,1,1,1,1,1,1,open,none,safe,civil,1,828.799793,1198,extended,7.0,0,6,0.9351,8
S00748,EDDF,49.790228,8.276945,E190,regional_jet,1850,medical,775,normal,1.0,800.0,775.0,1117.958454,emergency,EIDW,3110,45,concrete,ILS,1,1,advanced,1,major,1,1,1,1,1,1,1,open,none,safe,civil,0,1079.99237,1260,extended,8.0,0,8,0.7176,7
S00750,LTFM,40.867889,29.097025,A380-800,very_large,3411,technical,870,low,0.9,1440.0,870.0,1473.0963,emergency,LTFM,4100,60,asphalt,ILS,1,1,advanced,1,major,1,1,1,1,1,1,0,open,none,safe,civil,0,54.622448,689,preferred,1.0,1,1,15.9275,1
S00750,LTFM,40.867889,29.097025,A380-800,very_large,3411,technical,870,low,0.9,1440.0,870.0,1473.0963,emergency,LGAV,4000,45,asphalt,ILS,1,1,advanced,1,major,1,1,1,1,1,1,1,open,none,safe,civil,0,549.605086,589,preferred,2.0,0,3,1.583,2
S00750,LTFM,40.867889,29.097025,A380-800,very_large,3411,technical,870,low,0.9,1440.0,870.0,1473.0963,emergency,LTAC,3750,45,asphalt,ILS,1,1,advanced,1,major,1,1,1,1,1,1,1,open,none,safe,joint,0,339.681627,339,preferred,3.0,0,2,2.5612,5
S00750,LTFM,40.867889,29.097025,A380-800,very_large,3411,technical,870,low,0.9,1440.0,870.0,1473.0963,emergency,HECA,4000,60,asphalt,ILS,1,1,basic,1,major,1,1,1,1,1,1,1,open,none,safe,civil,0,1213.90527,589,extended,4.0,0,5,0.7167,2
S00750,LTFM,40.867889,29.097025,A380-800,very_large,3411,technical,870,low,0.9,1440.0,870.0,1473.0963,emergency,LIRF,3902,60,asphalt,ILS,1,1,basic,1,major,1,1,1,1,1,1,1,open,none,safe,civil,1,1407.983306,491,extended,5.0,0,6,0.6179,4
S00750,LTFM,40.867889,29.097025,A380-800,very_large,3411,technical,870,low,0.9,1440.0,870.0,1473.0963,emergency,OJAI,3660,61,asphalt,ILS,1,1,advanced,1,major,1,1,1,1,1,1,1,open,none,safe,civil,0,1189.028684,249,extended,6.0,0,4,0.7317,6
S00751,LPPT,39.010268,-8.242274,A321,narrow_body,2353,security,895,low,0.9,900.0,895.0,1607.831159,emergency,LPPT,3707,45,asphalt,ILS,1,1,advanced,1,major,1,1,1,1,1,1,1,open,none,safe,civil,0,81.420349,1354,preferred,1.0,1,1,10.9923,5
S00751,LPPT,39.010268,-8.242274,A321,narrow_body,2353,security,895,low,0.9,900.0,895.0,1607.831159,emergency,LEMD,4350,60,asphalt,ILS,1,1,advanced,1,major,1,1,1,1,1,1,1,open,none,safe,civil,1,431.883825,1997,preferred,2.0,0,2,2.0723,1
S00751,LPPT,39.010268,-8.242274,A321,narrow_body,2353,security,895,low,0.9,900.0,895.0,1607.831159,emergency,GMMN,3720,45,asphalt,ILS,1,1,advanced,1,major,1,1,1,1,1,1,1,open,none,safe,civil,0,630.166321,1367,preferred,3.0,0,3,1.4203,4
S00751,LPPT,39.010268,-8.242274,A321,narrow_body,2353,security,895,low,0.9,900.0,895.0,1607.831159,emergency,LFPG,4215,45,asphalt,ILS,1,1,advanced,1,major,1,1,1,1,1,1,1,open,none,safe,civil,1,1404.760494,1862,extended,4.0,0,5,0.6371,2
S00751,LPPT,39.010268,-8.242274,A321,narrow_body,2353,security,895,low,0.9,900.0,895.0,1607.831159,emergency,EGLL,3901,50,asphalt,ILS,1,1,advanced,1,major,1,1,1,1,1,1,1,open,none,safe,civil,1,1511.546813,1548,extended,5.0,0,7,0.5921,3
S00751,LPPT,39.010268,-8.242274,A321,narrow_body,2353,security,895,low,0.9,900.0,895.0,1607.831159,emergency,DAAG,3500,60,asphalt,RNAV,0,1,basic,1,basic,1,1,1,1,1,1,0,open,none,safe,civil,0,1037.552487,1147,extended,6.0,0,4,0.8626,6
S00751,LPPT,39.010268,-8.242274,A321,narrow_body,2353,security,895,low,0.9,900.0,895.0,1607.831159,emergency,EGKK,3317,45,asphalt,ILS,1,1,advanced,1,major,1,1,1,1,1,1,1,open,none,safe,civil,1,1488.484633,964,extended,7.0,0,6,0.6013,7
S00754,RKSI,38.100293,126.344702,A321,narrow_body,2372,medical,1095,normal,1.0,1000.0,1000.0,1683.75804,aircraft_fuel,RKSI,4000,60,asphalt,ILS,1,1,advanced,1,major,1,1,1,1,1,1,1,open,none,safe,civil,1,70.804208,1628,preferred,1.0,1,1,14.1235,1
S00754,RKSI,38.100293,126.344702,A321,narrow_body,2372,medical,1095,normal,1.0,1000.0,1000.0,1683.75804,aircraft_fuel,ZSPD,4000,60,concrete,ILS,1,1,advanced,1,major,1,1,1,1,1,1,1,open,none,safe,civil,1,877.739959,1628,preferred,2.0,0,3,1.1393,1
S00754,RKSI,38.100293,126.344702,A321,narrow_body,2372,medical,1095,normal,1.0,1000.0,1000.0,1683.75804,aircraft_fuel,ZBAA,3810,60,asphalt,ILS,1,1,advanced,1,major,1,1,1,1,1,1,1,open,none,safe,civil,1,869.048751,1438,preferred,3.0,0,2,1.1507,4
S00754,RKSI,38.100293,126.344702,A321,narrow_body,2372,medical,1095,normal,1.0,1000.0,1000.0,1683.75804,aircraft_fuel,RJAA,4000,60,asphalt,ILS,1,1,advanced,1,major,1,1,1,0,1,1,1,open,none,safe,civil,1,1273.548633,1628,extended,4.0,0,5,0.7852,1
S00754,RKSI,38.100293,126.344702,A321,narrow_body,2372,medical,1095,normal,1.0,1000.0,1000.0,1683.75804,aircraft_fuel,RCTP,3660,60,concrete,ILS,1,1,advanced,1,major,1,1,1,1,1,1,1,open,none,safe,civil,0,1526.125891,1288,extended,5.0,0,7,0.6553,5
S00754,RKSI,38.100293,126.344702,A321,narrow_body,2372,medical,1095,normal,1.0,1000.0,1000.0,1683.75804,aircraft_fuel,RJTT,3360,61,asphalt,ILS,1,1,advanced,1,major,1,1,1,1,1,1,1,open,none,safe,civil,1,1228.405819,988,extended,6.0,0,4,0.8141,6
S00754,RKSI,38.100293,126.344702,A321,narrow_body,2372,medical,1095,normal,1.0,1000.0,1000.0,1683.75804,aircraft_fuel,RJCC,3000,61,asphalt,RNAV,0,1,basic,1,basic,1,1,1,1,1,1,1,open,none,safe,joint,0,1396.301194,628,extended,7.0,0,6,0.7162,7
S00756,UAAA,42.423615,77.376295,B737-800,narrow_body,2290,mechanical,1016,low,0.9,855.0,855.0,1361.668076,aircraft_fuel,UAAA,4500,45,asphalt,RNAV,0,1,basic,1,basic,1,1,1,1,1,1,1,open,none,safe,civil,0,106.990204,2210,preferred,1.0,1,1,7.9914,1
S00756,UAAA,42.423615,77.376295,B737-800,narrow_body,2290,mechanical,1016,low,0.9,855.0,855.0,1361.668076,aircraft_fuel,UACC,3500,45,asphalt,RNAV,0,1,basic,1,basic,1,1,1,1,1,1,1,open,none,safe,civil,0,1056.552141,1210,extended,2.0,0,2,0.8092,2
S00756,UAAA,42.423615,77.376295,B737-800,narrow_body,2290,mechanical,1016,low,0.9,855.0,855.0,1361.668076,aircraft_fuel,OPLA,3360,46,concrete,RNAV,0,0,none,1,basic,1,0,1,1,1,1,1,open,none,caution,civil,0,1240.44807,1070,extended,3.0,0,3,0.6893,3
S00758,OMDB,25.44547,55.416063,B737-800,narrow_body,2392,mechanical,1157,low,0.9,855.0,855.0,1346.299556,aircraft_fuel,OMDB,4447,60,asphalt,ILS,1,1,advanced,1,major,1,1,1,1,1,1,1,open,none,safe,civil,1,22.225011,2055,preferred,1.0,1,1,38.4702,3
S00758,OMDB,25.44547,55.416063,B737-800,narrow_body,2392,mechanical,1157,low,0.9,855.0,855.0,1346.299556,aircraft_fuel,OMAA,4106,60,asphalt,ILS,1,1,advanced,1,major,1,1,1,1,1,1,1,open,none,safe,civil,0,135.842266,1714,preferred,2.0,0,2,6.2941,5
S00758,OMDB,25.44547,55.416063,B737-800,narrow_body,2392,mechanical,1157,low,0.9,855.0,855.0,1346.299556,aircraft_fuel,OOMS,4080,45,asphalt,ILS,1,1,advanced,1,major,1,1,1,1,1,1,1,open,none,safe,civil,0,355.439467,1688,preferred,3.0,0,3,2.4055,6
S00758,OMDB,25.44547,55.416063,B737-800,narrow_body,2392,mechanical,1157,low,0.9,855.0,855.0,1346.299556,aircraft_fuel,OTHH,4850,60,asphalt,ILS,1,1,advanced,1,major,1,1,1,1,1,1,1,open,none,safe,civil,0,383.096102,2458,preferred,4.0,0,4,2.2318,1
S00758,OMDB,25.44547,55.416063,B737-800,narrow_body,2392,mechanical,1157,low,0.9,855.0,855.0,1346.299556,aircraft_fuel,OBBI,3956,60,asphalt,ILS,1,1,advanced,1,major,1,1,1,1,1,1,1,open,none,safe,civil,0,486.765767,1564,preferred,5.0,0,5,1.7565,7
S00758,OMDB,25.44547,55.416063,B737-800,narrow_body,2392,mechanical,1157,low,0.9,855.0,855.0,1346.299556,aircraft_fuel,OKKK,4580,60,asphalt,ILS,1,1,advanced,1,major,1,1,1,1,1,1,1,open,none,safe,civil,0,846.796557,2188,preferred,6.0,0,6,1.0097,2
S00758,OMDB,25.44547,55.416063,B737-800,narrow_body,2392,mechanical,1157,low,0.9,855.0,855.0,1346.299556,aircraft_fuel,OERK,4205,60,asphalt,ILS,1,1,advanced,1,major,1,1,1,1,1,1,1,open,none,safe,civil,0,878.570222,1813,extended,7.0,0,7,0.9732,4
S00758,OMDB,25.44547,55.416063,B737-800,narrow_body,2392,mechanical,1157,low,0.9,855.0,855.0,1346.299556,aircraft_fuel,OPKC,3400,46,concrete,RNAV,0,1,basic,1,basic,1,1,1,1,1,1,1,open,none,caution,civil,0,1183.032231,1008,extended,8.0,0,8,0.7227,8
S00761,LPPT,39.434038,-9.174023,E170,regional_jet,1815,medical,968,normal,1.0,700.0,700.0,1013.856356,aircraft_fuel,LPPT,3707,45,asphalt,ILS,1,1,advanced,1,major,1,1,1,1,1,1,1,open,none,safe,civil,0,72.655572,1892,preferred,1.0,1,1,9.6345,3
S00761,LPPT,39.434038,-9.174023,E170,regional_jet,1815,medical,968,normal,1.0,700.0,700.0,1013.856356,aircraft_fuel,LEMD,4350,60,asphalt,ILS,1,1,advanced,1,major,1,1,1,1,1,1,1,open,none,safe,civil,1,491.635008,2535,preferred,2.0,0,2,1.4238,1
S00761,LPPT,39.434038,-9.174023,E170,regional_jet,1815,medical,968,normal,1.0,700.0,700.0,1013.856356,aircraft_fuel,GMMN,3720,45,asphalt,ILS,1,1,advanced,1,major,1,1,1,1,1,1,1,open,none,safe,civil,0,689.268888,1905,preferred,3.0,0,3,1.0156,2
S00764,LTFM,41.407604,28.922115,E170,regional_jet,1758,fuel,949,critical,0.75,525.0,525.0,782.639157,aircraft_fuel,LTFM,4100,60,asphalt,ILS,1,1,advanced,1,major,1,1,1,1,1,1,0,open,none,safe,civil,0,21.664958,2342,preferred,1.0,1,1,24.2327,1
S00764,LTFM,41.407604,28.922115,E170,regional_jet,1758,fuel,949,critical,0.75,525.0,525.0,782.639157,aircraft_fuel,LTAC,3750,45,asphalt,ILS,1,1,advanced,1,major,1,1,1,1,1,1,1,open,none,safe,joint,0,371.291892,1992,preferred,2.0,0,2,1.414,3
S00764,LTFM,41.407604,28.922115,E170,regional_jet,1758,fuel,949,critical,0.75,525.0,525.0,782.639157,aircraft_fuel,LGAV,4000,45,asphalt,ILS,1,1,advanced,1,major,1,1,1,1,1,1,1,open,none,safe,civil,0,574.683111,2242,extended,3.0,0,3,0.9135,2
S00769,OBBI,26.382526,50.495071,A320,narrow_body,2369,security,1047,normal,1.0,950.0,950.0,1459.954591,aircraft_fuel,OBBI,3956,60,asphalt,ILS,1,1,advanced,1,major,1,1,1,1,1,1,1,open,none,safe,civil,0,19.132911,1587,preferred,1.0,1,1,49.6527,7
S00769,OBBI,26.382526,50.495071,A320,narrow_body,2369,security,1047,normal,1.0,950.0,950.0,1459.954591,aircraft_fuel,OTHH,4850,60,asphalt,ILS,1,1,advanced,1,major,1,1,1,1,1,1,1,open,none,safe,civil,0,166.216145,2481,preferred,2.0,0,2,5.7154,1
S00769,OBBI,26.382526,50.495071,A320,narrow_body,2369,security,1047,normal,1.0,950.0,950.0,1459.954591,aircraft_fuel,OKKK,4580,60,asphalt,ILS,1,1,advanced,1,major,1,1,1,1,1,1,1,open,none,safe,civil,0,401.907888,2211,preferred,3.0,0,3,2.3637,2
S00769,OBBI,26.382526,50.495071,A320,narrow_body,2369,security,1047,normal,1.0,950.0,950.0,1459.954591,aircraft_fuel,OERK,4205,60,asphalt,ILS,1,1,advanced,1,major,1,1,1,1,1,1,1,open,none,safe,civil,0,412.110186,1836,preferred,4.0,0,4,2.3052,4
S00769,OBBI,26.382526,50.495071,A320,narrow_body,2369,security,1047,normal,1.0,950.0,950.0,1459.954591,aircraft_fuel,OMAA,4106,60,asphalt,ILS,1,1,advanced,1,major,1,1,1,1,1,1,1,open,none,safe,civil,0,469.731903,1737,preferred,5.0,0,5,2.0224,5
S00769,OBBI,26.382526,50.495071,A320,narrow_body,2369,security,1047,normal,1.0,950.0,950.0,1459.954591,aircraft_fuel,OMDB,4447,60,asphalt,ILS,1,1,advanced,1,major,1,1,1,1,1,1,1,open,none,safe,civil,1,504.016507,2078,preferred,6.0,0,6,1.8849,3
S00769,OBBI,26.382526,50.495071,A320,narrow_body,2369,security,1047,normal,1.0,950.0,950.0,1459.954591,aircraft_fuel,OOMS,4080,45,asphalt,ILS,1,1,advanced,1,major,1,1,1,1,1,1,1,open,none,safe,civil,0,843.663863,1711,preferred,7.0,0,7,1.126,6
S00770,DAAG,36.527607,2.922982,E175,regional_jet,1732,medical,645,normal,1.0,750.0,645.0,963.248644,emergency,DAAG,3500,60,asphalt,RNAV,0,1,basic,1,basic,1,1,1,1,1,1,0,open,none,safe,civil,0,31.922372,1768,preferred,1.0,1,1,20.2053,2
S00770,DAAG,36.527607,2.922982,E175,regional_jet,1732,medical,645,normal,1.0,750.0,645.0,963.248644,emergency,DTTA,3200,45,asphalt,RNAV,0,1,basic,1,basic,1,0,1,1,1,1,1,open,none,safe,civil,0,652.11868,1468,extended,2.0,0,2,0.9891,3
S00770,DAAG,36.527607,2.922982,E175,regional_jet,1732,medical,645,normal,1.0,750.0,645.0,963.248644,emergency,LEMD,4350,60,asphalt,ILS,1,1,advanced,1,major,1,1,1,1,1,1,1,open,none,safe,civil,1,716.48301,2618,extended,3.0,0,3,0.9002,1
S00771,LTFM,40.722961,28.31036,A321,narrow_body,2384,mechanical,917,low,0.9,900.0,900.0,1582.69766,aircraft_fuel,LTFM,4100,60,asphalt,ILS,1,1,advanced,1,major,1,1,1,1,1,1,0,open,none,safe,civil,0,70.845666,1716,preferred,1.0,1,1,12.7037,1
S00771,LTFM,40.722961,28.31036,A321,narrow_body,2384,mechanical,917,low,0.9,900.0,900.0,1582.69766,aircraft_fuel,LGAV,4000,45,asphalt,ILS,1,1,advanced,1,major,1,1,1,1,1,1,1,open,none,safe,civil,0,486.728488,1616,preferred,2.0,0,3,1.8491,2
S00771,LTFM,40.722961,28.31036,A321,narrow_body,2384,mechanical,917,low,0.9,900.0,900.0,1582.69766,aircraft_fuel,LTAC,3750,45,asphalt,ILS,1,1,advanced,1,major,1,1,1,1,1,1,1,open,none,safe,joint,0,401.976714,1366,preferred,3.0,0,2,2.2389,5
S00771,LTFM,40.722961,28.31036,A321,narrow_body,2384,mechanical,917,low,0.9,900.0,900.0,1582.69766,aircraft_fuel,HECA,4000,60,asphalt,ILS,1,1,basic,1,major,1,1,1,1,1,1,1,open,none,safe,civil,0,1212.394882,1616,extended,4.0,0,5,0.7423,2
S00771,LTFM,40.722961,28.31036,A321,narrow_body,2384,mechanical,917,low,0.9,900.0,900.0,1582.69766,aircraft_fuel,LIRF,3902,60,asphalt,ILS,1,1,basic,1,major,1,1,1,1,1,1,1,open,none,safe,civil,1,1345.609548,1518,extended,5.0,0,7,0.6688,4
S00771,LTFM,40.722961,28.31036,A321,narrow_body,2384,mechanical,917,low,0.9,900.0,900.0,1582.69766,aircraft_fuel,LCLK,2987,45,asphalt,ILS,1,0,none,1,basic,1,0,1,1,1,1,1,open,none,safe,civil,0,800.174393,603,preferred,6.0,0,4,1.1248,7
S00771,LTFM,40.722961,28.31036,A321,narrow_body,2384,mechanical,917,low,0.9,900.0,900.0,1582.69766,aircraft_fuel,OJAI,3660,61,asphalt,ILS,1,1,advanced,1,major,1,1,1,1,1,1,1,open,none,safe,civil,0,1213.983616,1276,extended,7.0,0,6,0.7414,6
S00773,LFPG,48.496121,3.578981,A320,narrow_body,2264,fuel,749,normal,1.0,950.0,749.0,1137.331805,emergency,LFPG,4215,45,asphalt,ILS,1,1,advanced,1,major,1,1,1,1,1,1,1,open,none,safe,civil,1,94.323197,1951,preferred,1.0,1,1,7.9408,2
S00773,LFPG,48.496121,3.578981,A320,narrow_body,2264,fuel,749,normal,1.0,950.0,749.0,1137.331805,emergency,EDDF,4000,60,asphalt,ILS,1,1,advanced,1,major,1,1,1,0,1,1,1,open,none,safe,civil,1,399.304036,1736,preferred,2.0,0,2,1.8758,3
S00773,LFPG,48.496121,3.578981,A320,narrow_body,2264,fuel,749,normal,1.0,950.0,749.0,1137.331805,emergency,EHAM,3800,60,asphalt,ILS,1,1,advanced,1,major,1,1,1,1,1,1,1,open,none,safe,civil,1,432.15023,1536,preferred,3.0,0,4,1.7332,6
S00773,LFPG,48.496121,3.578981,A320,narrow_body,2264,fuel,749,normal,1.0,950.0,749.0,1137.331805,emergency,EGLL,3901,50,asphalt,ILS,1,1,advanced,1,major,1,1,1,1,1,1,1,open,none,safe,civil,1,438.951549,1637,preferred,4.0,0,5,1.7063,5
S00773,LFPG,48.496121,3.578981,A320,narrow_body,2264,fuel,749,normal,1.0,950.0,749.0,1137.331805,emergency,EGKK,3317,45,asphalt,ILS,1,1,advanced,1,major,1,1,1,1,1,1,1,open,none,safe,civil,1,399.821965,1053,preferred,5.0,0,3,1.8733,7
S00773,LFPG,48.496121,3.578981,A320,narrow_body,2264,fuel,749,normal,1.0,950.0,749.0,1137.331805,emergency,EGCC,3048,46,asphalt,ILS,1,1,advanced,1,major,1,1,1,1,1,1,1,open,none,safe,civil,1,677.831955,784,preferred,6.0,0,6,1.105,9
S00773,LFPG,48.496121,3.578981,A320,narrow_body,2264,fuel,749,normal,1.0,950.0,749.0,1137.331805,emergency,LIRF,3902,60,asphalt,ILS,1,1,basic,1,major,1,1,1,1,1,1,1,open,none,safe,civil,1,1006.809191,1638,extended,7.0,0,8,0.7439,4
S00773,LFPG,48.496121,3.578981,A320,narrow_body,2264,fuel,749,normal,1.0,950.0,749.0,1137.331805,emergency,LEMD,4350,60,asphalt,ILS,1,1,advanced,1,major,1,1,1,1,1,1,1,open,none,safe,civil,1,1054.200621,2086,extended,8.0,0,9,0.7105,1
S00773,LFPG,48.496121,3.578981,A320,narrow_body,2264,fuel,749,normal,1.0,950.0,749.0,1137.331805,emergency,EIDW,3110,45,concrete,ILS,1,1,advanced,1,major,1,1,1,1,1,1,1,open,none,safe,civil,0,879.490894,846,extended,9.0,0,7,0.8516,8
S00775,HELX,25.309313,32.384711,A330-300,wide_body,2997,fuel,627,low,0.9,1170.0,627.0,1146.745097,emergency,HECA,4000,60,asphalt,ILS,1,1,basic,1,major,1,1,1,1,1,1,1,open,none,safe,civil,0,542.758877,1003,preferred,1.0,1,2,1.1552,1
S00775,HELX,25.309313,32.384711,A330-300,wide_body,2997,fuel,627,low,0.9,1170.0,627.0,1146.745097,emergency,HELX,3000,45,asphalt,RNAV,0,0,none,1,basic,1,0,1,0,0,1,1,open,none,safe,joint,0,51.587712,3,preferred,2.0,0,1,12.1541,3
S00775,HELX,25.309313,32.384711,A330-300,wide_body,2997,fuel,627,low,0.9,1170.0,627.0,1146.745097,emergency,OJAI,3660,61,asphalt,ILS,1,1,advanced,1,major,1,1,1,1,1,1,1,open,none,safe,civil,0,795.359893,663,extended,3.0,0,3,0.7883,2
S00776,LEMD,40.747408,-3.470719,A321,narrow_body,2451,weather,1078,normal,1.0,1000.0,1000.0,1652.273738,aircraft_fuel,LEMD,4350,60,asphalt,ILS,1,1,advanced,1,major,1,1,1,1,1,1,1,open,none,safe,civil,1,29.514982,1899,preferred,1.0,1,1,33.8811,1
S00776,LEMD,40.747408,-3.470719,A321,narrow_body,2451,weather,1078,normal,1.0,1000.0,1000.0,1652.273738,aircraft_fuel,LPPT,3707,45,asphalt,ILS,1,1,advanced,1,major,1,1,1,1,1,1,1,open,none,safe,civil,0,531.149361,1256,preferred,2.0,0,2,1.8827,8
S00776,LEMD,40.747408,-3.470719,A321,narrow_body,2451,weather,1078,normal,1.0,1000.0,1000.0,1652.273738,aircraft_fuel,GMMN,3720,45,asphalt,ILS,1,1,advanced,1,major,1,1,1,1,1,1,1,open,none,safe,civil,0,898.046918,1269,preferred,3.0,0,4,1.1135,7
S00776,LEMD,40.747408,-3.470719,A321,narrow_body,2451,weather,1078,normal,1.0,1000.0,1000.0,1652.273738,aircraft_fuel,DAAG,3500,60,asphalt,RNAV,0,1,basic,1,basic,1,1,1,1,1,1,0,open,none,safe,civil,0,734.147363,1049,preferred,4.0,0,3,1.3621,9
S00776,LEMD,40.747408,-3.470719,A321,narrow_body,2451,weather,1078,normal,1.0,1000.0,1000.0,1652.273738,aircraft_fuel,LFPG,4215,45,asphalt,ILS,1,1,advanced,1,major,1,1,1,1,1,1,1,open,none,safe,civil,1,1033.249791,1764,extended,5.0,0,5,0.9678,2
S00776,LEMD,40.747408,-3.470719,A321,narrow_body,2451,weather,1078,normal,1.0,1000.0,1000.0,1652.273738,aircraft_fuel,EGLL,3901,50,asphalt,ILS,1,1,advanced,1,major,1,1,1,1,1,1,1,open,none,safe,civil,1,1214.483231,1450,extended,6.0,0,7,0.8234,5
S00776,LEMD,40.747408,-3.470719,A321,narrow_body,2451,weather,1078,normal,1.0,1000.0,1000.0,1652.273738,aircraft_fuel,EDDF,4000,60,asphalt,ILS,1,1,advanced,1,major,1,1,1,0,1,1,1,open,none,safe,civil,1,1391.965216,1549,extended,7.0,0,10,0.7184,3
S00776,LEMD,40.747408,-3.470719,A321,narrow_body,2451,weather,1078,normal,1.0,1000.0,1000.0,1652.273738,aircraft_fuel,LIRF,3902,60,asphalt,ILS,1,1,basic,1,major,1,1,1,1,1,1,1,open,none,safe,civil,1,1317.300897,1451,extended,8.0,0,9,0.7591,4
S00776,LEMD,40.747408,-3.470719,A321,narrow_body,2451,weather,1078,normal,1.0,1000.0,1000.0,1652.273738,aircraft_fuel,EHAM,3800,60,asphalt,ILS,1,1,advanced,1,major,1,1,1,1,1,1,1,open,none,safe,civil,1,1429.429451,1349,extended,9.0,0,13,0.6996,6
S00776,LEMD,40.747408,-3.470719,A321,narrow_body,2451,weather,1078,normal,1.0,1000.0,1000.0,1652.273738,aircraft_fuel,EGKK,3317,45,asphalt,ILS,1,1,advanced,1,major,1,1,1,1,1,1,1,open,none,safe,civil,1,1183.814457,866,extended,10.0,0,6,0.8447,10
S00776,LEMD,40.747408,-3.470719,A321,narrow_body,2451,weather,1078,normal,1.0,1000.0,1000.0,1652.273738,aircraft_fuel,DTTA,3200,45,asphalt,RNAV,0,1,basic,1,basic,1,0,1,1,1,1,1,open,none,safe,civil,0,1261.97115,749,extended,11.0,0,8,0.7924,11
S00776,LEMD,40.747408,-3.470719,A321,narrow_body,2451,weather,1078,normal,1.0,1000.0,1000.0,1652.273738,aircraft_fuel,EIDW,3110,45,concrete,ILS,1,1,advanced,1,major,1,1,1,1,1,1,1,open,none,safe,civil,0,1425.557158,659,extended,12.0,0,12,0.7015,12
S00776,LEMD,40.747408,-3.470719,A321,narrow_body,2451,weather,1078,normal,1.0,1000.0,1000.0,1652.273738,aircraft_fuel,EGCC,3048,46,asphalt,ILS,1,1,advanced,1,major,1,1,1,1,1,1,1,open,none,safe,civil,1,1404.632271,597,extended,13.0,0,11,0.7119,13
S00777,OOMS,24.673386,57.551638,E190,regional_jet,1947,technical,427,low,0.9,720.0,427.0,622.084841,emergency,OOMS,4080,45,asphalt,ILS,1,1,advanced,1,major,1,1,1,1,1,1,1,open,none,safe,civil,0,140.646611,2133,preferred,1.0,1,1,3.036,4
S00777,OOMS,24.673386,57.551638,E190,regional_jet,1947,technical,427,low,0.9,720.0,427.0,622.084841,emergency,OMDB,4447,60,asphalt,ILS,1,1,advanced,1,major,1,1,1,1,1,1,1,open,none,safe,civil,1,228.976509,2500,preferred,2.0,0,2,1.8648,2
S00777,OOMS,24.673386,57.551638,E190,regional_jet,1947,technical,427,low,0.9,720.0,427.0,622.084841,emergency,OMAA,4106,60,asphalt,ILS,1,1,advanced,1,major,1,1,1,1,1,1,1,open,none,safe,civil,0,294.669917,2159,preferred,3.0,0,3,1.4491,3
S00777,OOMS,24.673386,57.551638,E190,regional_jet,1947,technical,427,low,0.9,720.0,427.0,622.084841,emergency,OTHH,4850,60,asphalt,ILS,1,1,advanced,1,major,1,1,1,1,1,1,1,open,none,safe,civil,0,602.753025,2903,extended,4.0,0,4,0.7084,1
S00779,DTTA,37.545732,10.043714,A320,narrow_body,2356,weather,515,low,0.9,855.0,515.0,792.185976,emergency,DTTA,3200,45,asphalt,RNAV,0,1,basic,1,basic,1,0,1,1,1,1,1,open,none,safe,civil,0,78.941382,844,preferred,1.0,1,1,6.5238,3
S00779,DTTA,37.545732,10.043714,A320,narrow_body,2356,weather,515,low,0.9,855.0,515.0,792.185976,emergency,LIRF,3902,60,asphalt,ILS,1,1,basic,1,major,1,1,1,1,1,1,1,open,none,safe,civil,1,509.826195,1546,preferred,2.0,0,2,1.0101,1
S00779,DTTA,37.545732,10.043714,A320,narrow_body,2356,weather,515,low,0.9,855.0,515.0,792.185976,emergency,DAAG,3500,60,asphalt,RNAV,0,1,basic,1,basic,1,1,1,1,1,1,0,open,none,safe,civil,0,612.723231,1144,extended,3.0,0,3,0.8405,2
S00781,EGCC,52.855128,-2.979495,B747-8,very_large,3516,operational_constraints,852,normal,1.0,1550.0,852.0,1618.371139,emergency,EGLL,3901,50,asphalt,ILS,1,1,advanced,1,major,1,1,1,1,1,1,1,open,none,safe,civil,1,230.694717,385,preferred,1.0,1,1,3.6932,4
S00781,EGCC,52.855128,-2.979495,B747-8,very_large,3516,operational_constraints,852,normal,1.0,1550.0,852.0,1618.371139,emergency,LFPG,4215,45,asphalt,ILS,1,1,advanced,1,major,1,1,1,1,1,1,1,open,none,safe,civil,1,576.979435,699,preferred,2.0,0,3,1.4767,2
S00781,EGCC,52.855128,-2.979495,B747-8,very_large,3516,operational_constraints,852,normal,1.0,1550.0,852.0,1618.371139,emergency,EHAM,3800,60,asphalt,ILS,1,1,advanced,1,major,1,1,1,1,1,1,1,open,none,safe,civil,1,526.438311,284,preferred,3.0,0,2,1.6184,5
S00781,EGCC,52.855128,-2.979495,B747-8,very_large,3516,operational_constraints,852,normal,1.0,1550.0,852.0,1618.371139,emergency,LEMD,4350,60,asphalt,ILS,1,1,advanced,1,major,1,1,1,1,1,1,1,open,none,safe,civil,1,1375.291776,834,extended,4.0,0,6,0.6195,1
S00781,EGCC,52.855128,-2.979495,B747-8,very_large,3516,operational_constraints,852,normal,1.0,1550.0,852.0,1618.371139,emergency,EDDF,4000,60,asphalt,ILS,1,1,advanced,1,major,1,1,1,0,1,1,1,open,none,safe,civil,1,858.110329,484,extended,5.0,0,4,0.9929,3
S00781,EGCC,52.855128,-2.979495,B747-8,very_large,3516,operational_constraints,852,normal,1.0,1550.0,852.0,1618.371139,emergency,ENGM,3600,45,asphalt,ILS,1,1,advanced,1,major,1,1,1,1,1,1,1,open,none,safe,civil,0,1183.65136,84,extended,6.0,0,5,0.7198,6
S00783,WIMM,3.021511,99.706266,B737-800,narrow_body,2443,mechanical,641,low,0.9,855.0,641.0,1084.877817,emergency,WMKK,4124,60,asphalt,ILS,1,1,advanced,1,major,1,1,1,1,1,1,1,open,none,safe,civil,0,224.627909,1681,preferred,1.0,1,2,2.8536,1
S00783,WIMM,3.021511,99.706266,B737-800,narrow_body,2443,mechanical,641,low,0.9,855.0,641.0,1084.877817,emergency,WSSS,4000,60,asphalt,ILS,1,1,advanced,1,major,1,1,1,1,1,1,1,open,none,safe,civil,1,511.375029,1557,preferred,2.0,0,3,1.2535,2
S00783,WIMM,3.021511,99.706266,B737-800,narrow_body,2443,mechanical,641,low,0.9,855.0,641.0,1084.877817,emergency,WIMM,3000,60,asphalt,RNAV,1,1,basic,1,basic,1,0,1,1,0,1,1,open,none,safe,civil,0,114.282273,557,preferred,3.0,0,1,5.6089,3
S00785,ULLI,59.615158,30.582185,B767-300ER,wide_body,3056,fuel,729,low,0.9,1125.0,729.0,1232.538736,emergency,ULLI,3780,60,concrete,ILS,1,1,advanced,1,major,1,1,1,1,1,1,1,open,none,caution,civil,0,27.300545,724,preferred,1.0,1,1,26.7028,1
S00785,ULLI,59.615158,30.582185,B767-300ER,wide_body,3056,fuel,729,low,0.9,1125.0,729.0,1232.538736,emergency,EFHK,3440,60,asphalt,ILS,1,1,advanced,1,major,1,1,1,1,1,1,1,open,none,safe,civil,0,322.225093,384,preferred,2.0,0,2,2.2624,4
S00785,ULLI,59.615158,30.582185,B767-300ER,wide_body,3056,fuel,729,low,0.9,1125.0,729.0,1232.538736,emergency,ESSA,3301,45,asphalt,ILS,1,1,advanced,1,major,1,1,1,1,1,1,1,open,none,safe,civil,0,710.242462,245,preferred,3.0,0,4,1.0264,5
S00785,ULLI,59.615158,30.582185,B767-300ER,wide_body,3056,fuel,729,low,0.9,1125.0,729.0,1232.538736,emergency,UUEE,3700,60,concrete,ILS,1,1,advanced,1,major,1,1,1,1,1,1,1,open,none,caution,civil,0,571.690462,644,preferred,4.0,0,3,1.2752,2
S00785,ULLI,59.615158,30.582185,B767-300ER,wide_body,3056,fuel,729,low,0.9,1125.0,729.0,1232.538736,emergency,ENGM,3600,45,asphalt,ILS,1,1,advanced,1,major,1,1,1,1,1,1,1,open,none,safe,civil,0,1084.203902,544,extended,5.0,0,5,0.6724,3
S00786,DGAA,5.97849,0.132717,A330-300,wide_body,2892,technical,996,low,0.9,1170.0,996.0,1729.619944,emergency,DGAA,3403,61,asphalt,RNAV,0,0,none,1,basic,1,0,1,1,1,1,0,open,none,safe,civil,0,53.111277,511,preferred,1.0,1,1,18.7531,3
S00786,DGAA,5.97849,0.132717,A330-300,wide_body,2892,technical,996,low,0.9,1170.0,996.0,1729.619944,emergency,DNMM,3900,60,asphalt,ILS,1,1,advanced,1,major,1,1,1,1,1,1,1,open,none,caution,civil,0,358.646922,1008,preferred,2.0,0,2,2.7771,1
S00786,DGAA,5.97849,0.132717,A330-300,wide_body,2892,technical,996,low,0.9,1170.0,996.0,1729.619944,emergency,DNAA,3609,60,asphalt,RNAV,0,0,none,1,basic,1,0,1,1,1,1,1,open,none,safe,joint,0,855.088889,717,preferred,3.0,0,3,1.1648,2
S00786,DGAA,5.97849,0.132717,A330-300,wide_body,2892,technical,996,low,0.9,1170.0,996.0,1729.619944,emergency,DNKN,3200,46,asphalt,RNAV,0,0,none,1,basic,1,0,1,0,0,1,1,open,none,safe,joint,0,1141.889229,308,extended,4.0,0,4,0.8722,4
S00787,OPKC,25.358789,67.857863,E190,regional_jet,1915,medical,737,normal,1.0,800.0,737.0,1105.822864,emergency,OPKC,3400,46,concrete,RNAV,0,1,basic,1,basic,1,1,1,1,1,1,1,open,none,caution,civil,0,86.33294,1485,preferred,1.0,1,1,8.5367,4
S00787,OPKC,25.358789,67.857863,E190,regional_jet,1915,medical,737,normal,1.0,800.0,737.0,1105.822864,emergency,VABB,3509,60,asphalt,ILS,1,1,advanced,1,major,1,1,1,1,1,1,1,open,none,safe,civil,1,866.960815,1594,extended,2.0,0,2,0.8501,3
S00787,OPKC,25.358789,67.857863,E190,regional_jet,1915,medical,737,normal,1.0,800.0,737.0,1105.822864,emergency,VIDP,4430,60,asphalt,ILS,1,1,advanced,1,major,1,1,1,1,1,1,1,open,none,safe,civil,1,981.740179,2515,extended,3.0,0,3,0.7507,1
S00787,OPKC,25.358789,67.857863,E190,regional_jet,1915,medical,737,normal,1.0,800.0,737.0,1105.822864,emergency,OOMS,4080,45,asphalt,ILS,1,1,advanced,1,major,1,1,1,1,1,1,1,open,none,safe,civil,0,988.030508,2165,extended,4.0,0,4,0.7459,2
S00788,EGLL,51.249484,-0.742488,B737-800,narrow_body,2417,mechanical,863,critical,0.75,712.5,712.5,1157.115381,aircraft_fuel,EGLL,3901,50,asphalt,ILS,1,1,advanced,1,major,1,1,1,1,1,1,1,open,none,safe,civil,1,31.468701,1484,preferred,1.0,1,1,22.6415,3
S00788,EGLL,51.249484,-0.742488,B737-800,narrow_body,2417,mechanical,863,critical,0.75,712.5,712.5,1157.115381,aircraft_fuel,EGKK,3317,45,asphalt,ILS,1,1,advanced,1,major,1,1,1,1,1,1,1,open,none,safe,civil,1,40.377158,900,preferred,2.0,0,2,17.6461,5
S00788,EGLL,51.249484,-0.742488,B737-800,narrow_body,2417,mechanical,863,critical,0.75,712.5,712.5,1157.115381,aircraft_fuel,LFPG,4215,45,asphalt,ILS,1,1,advanced,1,major,1,1,1,1,1,1,1,open,none,safe,civil,1,342.406532,1798,preferred,3.0,0,4,2.0809,1
S00788,EGLL,51.249484,-0.742488,B737-800,narrow_body,2417,mechanical,863,critical,0.75,712.5,712.5,1157.115381,aircraft_fuel,EHAM,3800,60,asphalt,ILS,1,1,advanced,1,major,1,1,1,1,1,1,1,open,none,safe,civil,1,396.583961,1383,preferred,4.0,0,5,1.7966,4
S00788,EGLL,51.249484,-0.742488,B737-800,narrow_body,2417,mechanical,863,critical,0.75,712.5,712.5,1157.115381,aircraft_fuel,EDDF,4000,60,asphalt,ILS,1,1,advanced,1,major,1,1,1,0,1,1,1,open,none,safe,civil,1,669.366534,1583,preferred,5.0,0,7,1.0644,2
S00788,EGLL,51.249484,-0.742488,B737-800,narrow_body,2417,mechanical,863,critical,0.75,712.5,712.5,1157.115381,aircraft_fuel,EGCC,3048,46,asphalt,ILS,1,1,advanced,1,major,1,1,1,1,1,1,1,open,none,safe,civil,1,256.121705,631,preferred,6.0,0,3,2.7819,7
S00788,EGLL,51.249484,-0.742488,B737-800,narrow_body,2417,mechanical,863,critical,0.75,712.5,712.5,1157.115381,aircraft_fuel,EIDW,3110,45,concrete,ILS,1,1,advanced,1,major,1,1,1,1,1,1,1,open,none,safe,civil,0,446.285145,693,preferred,7.0,0,6,1.5965,6
S00789,EGLL,51.670773,-0.75355,B737-800,narrow_body,2213,operational_constraints,510,low,0.9,855.0,510.0,848.178273,emergency,EGLL,3901,50,asphalt,ILS,1,1,advanced,1,major,1,1,1,1,1,1,1,open,none,safe,civil,1,30.109061,1688,preferred,1.0,1,1,16.9384,3
S00789,EGLL,51.670773,-0.75355,B737-800,narrow_body,2213,operational_constraints,510,low,0.9,855.0,510.0,848.178273,emergency,EGKK,3317,45,asphalt,ILS,1,1,advanced,1,major,1,1,1,1,1,1,1,open,none,safe,civil,1,70.144979,1104,preferred,2.0,0,2,7.2707,5
S00789,EGLL,51.670773,-0.75355,B737-800,narrow_body,2213,operational_constraints,510,low,0.9,855.0,510.0,848.178273,emergency,LFPG,4215,45,asphalt,ILS,1,1,advanced,1,major,1,1,1,1,1,1,1,open,none,safe,civil,1,377.683,2002,preferred,3.0,0,4,1.3503,1
S00789,EGLL,51.670773,-0.75355,B737-800,narrow_body,2213,operational_constraints,510,low,0.9,855.0,510.0,848.178273,emergency,EHAM,3800,60,asphalt,ILS,1,1,advanced,1,major,1,1,1,1,1,1,1,open,none,safe,civil,1,384.301306,1587,preferred,4.0,0,5,1.3271,4
S00789,EGLL,51.670773,-0.75355,B737-800,narrow_body,2213,operational_constraints,510,low,0.9,855.0,510.0,848.178273,emergency,EGCC,3048,46,asphalt,ILS,1,1,advanced,1,major,1,1,1,1,1,1,1,open,none,safe,civil,1,213.578187,835,preferred,5.0,0,3,2.3879,7
S00789,EGLL,51.670773,-0.75355,B737-800,narrow_body,2213,operational_constraints,510,low,0.9,855.0,510.0,848.178273,emergency,EIDW,3110,45,concrete,ILS,1,1,advanced,1,major,1,1,1,1,1,1,1,open,none,safe,civil,0,420.478779,897,preferred,6.0,0,6,1.2129,6
S00789,EGLL,51.670773,-0.75355,B737-800,narrow_body,2213,operational_constraints,510,low,0.9,855.0,510.0,848.178273,emergency,EDDF,4000,60,asphalt,ILS,1,1,advanced,1,major,1,1,1,0,1,1,1,open,none,safe,civil,1,678.286265,1787,extended,7.0,0,7,0.7519,2
S00795,RJCC,42.214928,141.70071,E175,regional_jet,1737,security,932,normal,1.0,750.0,750.0,1142.905171,aircraft_fuel,RJCC,3000,61,asphalt,RNAV,0,1,basic,1,basic,1,1,1,1,1,1,1,open,none,safe,joint,0,62.255423,1263,preferred,1.0,1,1,12.0471,3
S00795,RJCC,42.214928,141.70071,E175,regional_jet,1737,security,932,normal,1.0,750.0,750.0,1142.905171,aircraft_fuel,RJAA,4000,60,asphalt,ILS,1,1,advanced,1,major,1,1,1,0,1,1,1,open,none,safe,civil,1,725.686241,2263,preferred,2.0,0,2,1.0335,1
S00795,RJCC,42.214928,141.70071,E175,regional_jet,1737,security,932,normal,1.0,750.0,750.0,1142.905171,aircraft_fuel,RJTT,3360,61,asphalt,ILS,1,1,advanced,1,major,1,1,1,1,1,1,1,open,none,safe,civil,1,759.367705,1623,extended,3.0,0,3,0.9877,2
S00796,LTFM,42.414734,27.593339,A319,narrow_body,2157,security,1045,low,0.9,810.0,810.0,1368.934165,aircraft_fuel,LTFM,4100,60,asphalt,ILS,1,1,advanced,1,major,1,1,1,1,1,1,0,open,none,safe,civil,0,157.994279,1943,preferred,1.0,1,1,5.1268,1
S00796,LTFM,42.414734,27.593339,A319,narrow_body,2157,security,1045,low,0.9,810.0,810.0,1368.934165,aircraft_fuel,LGAV,4000,45,asphalt,ILS,1,1,advanced,1,major,1,1,1,1,1,1,1,open,none,safe,civil,0,586.438502,1843,preferred,2.0,0,3,1.3812,2
S00796,LTFM,42.414734,27.593339,A319,narrow_body,2157,security,1045,low,0.9,810.0,810.0,1368.934165,aircraft_fuel,LTAC,3750,45,asphalt,ILS,1,1,advanced,1,major,1,1,1,1,1,1,1,open,none,safe,joint,0,517.97182,1593,preferred,3.0,0,2,1.5638,4
S00796,LTFM,42.414734,27.593339,A319,narrow_body,2157,security,1045,low,0.9,810.0,810.0,1368.934165,aircraft_fuel,LIRF,3902,60,asphalt,ILS,1,1,basic,1,major,1,1,1,1,1,1,1,open,none,safe,civil,1,1265.622487,1745,extended,4.0,0,5,0.64,3
S00796,LTFM,42.414734,27.593339,A319,narrow_body,2157,security,1045,low,0.9,810.0,810.0,1368.934165,aircraft_fuel,LCLK,2987,45,asphalt,ILS,1,0,none,1,basic,1,0,1,1,1,1,1,open,none,safe,civil,0,987.925128,830,extended,5.0,0,4,0.8199,5
S00798,LTFM,41.134558,28.332176,B767-300ER,wide_body,3108,weather,763,normal,1.0,1250.0,763.0,1239.881266,emergency,LTFM,4100,60,asphalt,ILS,1,1,advanced,1,major,1,1,1,1,1,1,0,open,none,safe,civil,0,36.918996,992,preferred,1.0,1,1,20.6669,1
S00798,LTFM,41.134558,28.332176,B767-300ER,wide_body,3108,weather,763,normal,1.0,1250.0,763.0,1239.881266,emergency,LGAV,4000,45,asphalt,ILS,1,1,advanced,1,major,1,1,1,1,1,1,1,open,none,safe,civil,0,517.596968,892,preferred,2.0,0,3,1.4741,2
S00798,LTFM,41.134558,28.332176,B767-300ER,wide_body,3108,weather,763,normal,1.0,1250.0,763.0,1239.881266,emergency,LTAC,3750,45,asphalt,ILS,1,1,advanced,1,major,1,1,1,1,1,1,1,open,none,safe,joint,0,409.037679,642,preferred,3.0,0,2,1.8654,3
S00799,DNKN,12.195392,8.577127,B737-800,narrow_body,2404,technical,710,low,0.9,855.0,710.0,1120.420785,emergency,DNKN,3200,46,asphalt,RNAV,0,0,none,1,basic,1,0,1,0,0,1,1,open,none,safe,joint,0,17.396905,796,preferred,1.0,1,1,40.8119,3
S00799,DNKN,12.195392,8.577127,B737-800,narrow_body,2404,technical,710,low,0.9,855.0,710.0,1120.420785,emergency,DNAA,3609,60,asphalt,RNAV,0,0,none,1,basic,1,0,1,1,1,1,1,open,none,safe,joint,0,382.529209,1205,preferred,2.0,0,2,1.8561,2
S00799,DNKN,12.195392,8.577127,B737-800,narrow_body,2404,technical,710,low,0.9,855.0,710.0,1120.420785,emergency,DNMM,3900,60,asphalt,ILS,1,1,advanced,1,major,1,1,1,1,1,1,1,open,none,caution,civil,0,849.959513,1496,extended,3.0,0,3,0.8353,1
S00801,EDDF,49.98299,9.443701,CRJ900,regional_jet,1763,medical,735,normal,1.0,700.0,700.0,1022.283172,aircraft_fuel,EDDF,4000,60,asphalt,ILS,1,1,advanced,1,major,1,1,1,0,1,1,1,open,none,safe,civil,1,63.459906,2237,preferred,1.0,1,1,11.0306,2
S00801,EDDF,49.98299,9.443701,CRJ900,regional_jet,1763,medical,735,normal,1.0,700.0,700.0,1022.283172,aircraft_fuel,EHAM,3800,60,asphalt,ILS,1,1,advanced,1,major,1,1,1,1,1,1,1,open,none,safe,civil,1,416.321327,2037,preferred,2.0,0,2,1.6814,5
S00801,EDDF,49.98299,9.443701,CRJ900,regional_jet,1763,medical,735,normal,1.0,700.0,700.0,1022.283172,aircraft_fuel,LFPG,4215,45,asphalt,ILS,1,1,advanced,1,major,1,1,1,1,1,1,1,open,none,safe,civil,1,509.026349,2452,preferred,3.0,0,3,1.3752,1
S00801,EDDF,49.98299,9.443701,CRJ900,regional_jet,1763,medical,735,normal,1.0,700.0,700.0,1022.283172,aircraft_fuel,EGKK,3317,45,asphalt,ILS,1,1,advanced,1,major,1,1,1,1,1,1,1,open,none,safe,civil,1,691.837665,1554,preferred,4.0,0,4,1.0118,6
S00801,EDDF,49.98299,9.443701,CRJ900,regional_jet,1763,medical,735,normal,1.0,700.0,700.0,1022.283172,aircraft_fuel,EGLL,3901,50,asphalt,ILS,1,1,advanced,1,major,1,1,1,1,1,1,1,open,none,safe,civil,1,715.84868,2138,extended,5.0,0,5,0.9779,4
S00801,EDDF,49.98299,9.443701,CRJ900,regional_jet,1763,medical,735,normal,1.0,700.0,700.0,1022.283172,aircraft_fuel,LIRF,3902,60,asphalt,ILS,1,1,basic,1,major,1,1,1,1,1,1,1,open,none,safe,civil,1,934.830029,2139,extended,6.0,0,7,0.7488,3
S00801,EDDF,49.98299,9.443701,CRJ900,regional_jet,1763,medical,735,normal,1.0,700.0,700.0,1022.283172,aircraft_fuel,EGCC,3048,46,asphalt,ILS,1,1,advanced,1,major,1,1,1,1,1,1,1,open,none,safe,civil,1,889.454349,1285,extended,7.0,0,6,0.787,7
S00806,WSSS,0.404034,103.437553,A350-900,wide_body,2849,weather,798,low,0.9,1350.0,798.0,1390.523333,emergency,WSSS,4000,60,asphalt,ILS,1,1,advanced,1,major,1,1,1,1,1,1,1,open,none,safe,civil,1,122.0497,1151,preferred,1.0,1,1,6.5383,2
S00806,WSSS,0.404034,103.437553,A350-900,wide_body,2849,weather,798,low,0.9,1350.0,798.0,1390.523333,emergency,WMKK,4124,60,asphalt,ILS,1,1,advanced,1,major,1,1,1,1,1,1,1,open,none,safe,civil,0,323.510556,1275,preferred,2.0,0,2,2.4667,1
S00806,WSSS,0.404034,103.437553,A350-900,wide_body,2849,weather,798,low,0.9,1350.0,798.0,1390.523333,emergency,WIMM,3000,60,asphalt,RNAV,1,1,basic,1,basic,1,0,1,1,0,1,1,open,none,safe,civil,0,620.842004,151,preferred,3.0,0,3,1.2854,3
S00807,GMMN,33.260777,-8.229978,A321,narrow_body,2374,weather,1029,normal,1.0,1000.0,1000.0,1795.290741,aircraft_fuel,GMMN,3720,45,asphalt,ILS,1,1,advanced,1,major,1,1,1,1,1,1,1,open,none,safe,civil,0,60.643452,1346,preferred,1.0,1,1,16.4898,2
S00807,GMMN,33.260777,-8.229978,A321,narrow_body,2374,weather,1029,normal,1.0,1000.0,1000.0,1795.290741,aircraft_fuel,LPPT,3707,45,asphalt,ILS,1,1,advanced,1,major,1,1,1,1,1,1,1,open,none,safe,civil,0,619.226809,1333,preferred,2.0,0,2,1.6149,3
S00807,GMMN,33.260777,-8.229978,A321,narrow_body,2374,weather,1029,normal,1.0,1000.0,1000.0,1795.290741,aircraft_fuel,LEMD,4350,60,asphalt,ILS,1,1,advanced,1,major,1,1,1,1,1,1,1,open,none,safe,civil,1,904.312204,1976,preferred,3.0,0,3,1.1058,1
S00807,GMMN,33.260777,-8.229978,A321,narrow_body,2374,weather,1029,normal,1.0,1000.0,1000.0,1795.290741,aircraft_fuel,DAAG,3500,60,asphalt,RNAV,0,1,basic,1,basic,1,1,1,1,1,1,0,open,none,safe,civil,0,1109.502464,1126,extended,4.0,0,4,0.9013,4
S00807,GMMN,33.260777,-8.229978,A321,narrow_body,2374,weather,1029,normal,1.0,1000.0,1000.0,1795.290741,aircraft_fuel,DTTA,3200,45,asphalt,RNAV,0,1,basic,1,basic,1,0,1,1,1,1,1,open,none,safe,civil,0,1723.802149,826,extended,5.0,0,5,0.5801,5
S00818,WMKK,2.902707,101.818675,E190,regional_jet,1867,security,872,low,0.9,720.0,720.0,1012.786444,aircraft_fuel,WMKK,4124,60,asphalt,ILS,1,1,advanced,1,major,1,1,1,1,1,1,1,open,none,safe,civil,0,21.235229,2257,preferred,1.0,1,1,33.9059,1
S00818,WMKK,2.902707,101.818675,E190,regional_jet,1867,security,872,low,0.9,720.0,720.0,1012.786444,aircraft_fuel,WSSS,4000,60,asphalt,ILS,1,1,advanced,1,major,1,1,1,1,1,1,1,open,none,safe,civil,1,297.028995,2133,preferred,2.0,0,2,2.424,2
S00818,WMKK,2.902707,101.818675,E190,regional_jet,1867,security,872,low,0.9,720.0,720.0,1012.786444,aircraft_fuel,WIMM,3000,60,asphalt,RNAV,1,1,basic,1,basic,1,0,1,1,0,1,1,open,none,safe,civil,0,335.853935,1133,preferred,3.0,0,3,2.1438,3
S00819,OBBI,24.968438,50.672073,A319,narrow_body,2018,mechanical,772,normal,1.0,900.0,772.0,1306.06885,emergency,OTHH,4850,60,asphalt,ILS,1,1,advanced,1,major,1,1,1,1,1,1,1,open,none,safe,civil,0,100.134926,2832,preferred,1.0,1,1,7.7096,1
S00819,OBBI,24.968438,50.672073,A319,narrow_body,2018,mechanical,772,normal,1.0,900.0,772.0,1306.06885,emergency,OBBI,3956,60,asphalt,ILS,1,1,advanced,1,major,1,1,1,1,1,1,1,open,none,safe,civil,0,144.467563,1938,preferred,2.0,0,2,5.3438,7
S00819,OBBI,24.968438,50.672073,A319,narrow_body,2018,mechanical,772,normal,1.0,900.0,772.0,1306.06885,emergency,OERK,4205,60,asphalt,ILS,1,1,advanced,1,major,1,1,1,1,1,1,1,open,none,safe,civil,0,400.521893,2187,preferred,3.0,0,3,1.9275,4
S00819,OBBI,24.968438,50.672073,A319,narrow_body,2018,mechanical,772,normal,1.0,900.0,772.0,1306.06885,emergency,OMAA,4106,60,asphalt,ILS,1,1,advanced,1,major,1,1,1,1,1,1,1,open,none,safe,civil,0,406.006317,2088,preferred,4.0,0,4,1.9014,5
S00819,OBBI,24.968438,50.672073,A319,narrow_body,2018,mechanical,772,normal,1.0,900.0,772.0,1306.06885,emergency,OMDB,4447,60,asphalt,ILS,1,1,advanced,1,major,1,1,1,1,1,1,1,open,none,safe,civil,1,474.129371,2429,preferred,5.0,0,5,1.6282,3
S00819,OBBI,24.968438,50.672073,A319,narrow_body,2018,mechanical,772,normal,1.0,900.0,772.0,1306.06885,emergency,OKKK,4580,60,asphalt,ILS,1,1,advanced,1,major,1,1,1,1,1,1,1,open,none,safe,civil,0,543.56227,2562,preferred,6.0,0,6,1.4203,2
S00819,OBBI,24.968438,50.672073,A319,narrow_body,2018,mechanical,772,normal,1.0,900.0,772.0,1306.06885,emergency,OOMS,4080,45,asphalt,ILS,1,1,advanced,1,major,1,1,1,1,1,1,1,open,none,safe,civil,0,786.374248,2062,extended,7.0,0,7,0.9817,6
S00822,LEMD,39.705173,-4.157852,A321,narrow_body,2456,security,859,normal,1.0,1000.0,859.0,1440.053944,emergency,LEMD,4350,60,asphalt,ILS,1,1,advanced,1,major,1,1,1,1,1,1,1,open,none,safe,civil,1,100.811364,1894,preferred,1.0,1,1,8.5209,1
S00822,LEMD,39.705173,-4.157852,A321,narrow_body,2456,security,859,normal,1.0,1000.0,859.0,1440.053944,emergency,LPPT,3707,45,asphalt,ILS,1,1,advanced,1,major,1,1,1,1,1,1,1,open,none,safe,civil,0,440.766405,1251,preferred,2.0,0,2,1.9489,6
S00822,LEMD,39.705173,-4.157852,A321,narrow_body,2456,security,859,normal,1.0,1000.0,859.0,1440.053944,emergency,GMMN,3720,45,asphalt,ILS,1,1,advanced,1,major,1,1,1,1,1,1,1,open,none,safe,civil,0,768.366696,1264,preferred,3.0,0,4,1.118,5
S00822,LEMD,39.705173,-4.157852,A321,narrow_body,2456,security,859,normal,1.0,1000.0,859.0,1440.053944,emergency,DAAG,3500,60,asphalt,RNAV,0,1,basic,1,basic,1,1,1,1,1,1,0,open,none,safe,civil,0,725.709527,1044,preferred,4.0,0,3,1.1837,7
S00822,LEMD,39.705173,-4.157852,A321,narrow_body,2456,security,859,normal,1.0,1000.0,859.0,1440.053944,emergency,LFPG,4215,45,asphalt,ILS,1,1,advanced,1,major,1,1,1,1,1,1,1,open,none,safe,civil,1,1162.942857,1759,extended,5.0,0,5,0.7386,2
S00822,LEMD,39.705173,-4.157852,A321,narrow_body,2456,security,859,normal,1.0,1000.0,859.0,1440.053944,emergency,EGLL,3901,50,asphalt,ILS,1,1,advanced,1,major,1,1,1,1,1,1,1,open,none,safe,civil,1,1339.090161,1445,extended,6.0,0,8,0.6415,4
S00822,LEMD,39.705173,-4.157852,A321,narrow_body,2456,security,859,normal,1.0,1000.0,859.0,1440.053944,emergency,LIRF,3902,60,asphalt,ILS,1,1,basic,1,major,1,1,1,1,1,1,1,open,none,safe,civil,1,1399.555344,1446,extended,7.0,0,9,0.6138,3
S00822,LEMD,39.705173,-4.157852,A321,narrow_body,2456,security,859,normal,1.0,1000.0,859.0,1440.053944,emergency,EGKK,3317,45,asphalt,ILS,1,1,advanced,1,major,1,1,1,1,1,1,1,open,none,safe,civil,1,1309.171171,861,extended,8.0,0,7,0.6561,8
S00822,LEMD,39.705173,-4.157852,A321,narrow_body,2456,security,859,normal,1.0,1000.0,859.0,1440.053944,emergency,DTTA,3200,45,asphalt,RNAV,0,1,basic,1,basic,1,0,1,1,1,1,1,open,none,safe,civil,0,1293.557772,744,extended,9.0,0,6,0.6641,9
S00823,OERK,25.924534,46.143383,E170,regional_jet,1685,fuel,469,critical,0.75,525.0,469.0,707.154505,emergency,OERK,4205,60,asphalt,ILS,1,1,advanced,1,major,1,1,1,1,1,1,1,open,none,safe,civil,0,121.12131,2520,preferred,1.0,1,1,3.8722,3
S00823,OERK,25.924534,46.143383,E170,regional_jet,1685,fuel,469,critical,0.75,525.0,469.0,707.154505,emergency,OKKK,4580,60,asphalt,ILS,1,1,advanced,1,major,1,1,1,1,1,1,1,open,none,safe,civil,0,408.698048,2895,preferred,2.0,0,2,1.1475,2
S00823,OERK,25.924534,46.143383,E170,regional_jet,1685,fuel,469,critical,0.75,525.0,469.0,707.154505,emergency,OBBI,3956,60,asphalt,ILS,1,1,advanced,1,major,1,1,1,1,1,1,1,open,none,safe,civil,0,450.386811,2271,preferred,3.0,0,3,1.0413,4
S00823,OERK,25.924534,46.143383,E170,regional_jet,1685,fuel,469,critical,0.75,525.0,469.0,707.154505,emergency,OTHH,4850,60,asphalt,ILS,1,1,advanced,1,major,1,1,1,1,1,1,1,open,none,safe,civil,0,552.722484,3165,extended,4.0,0,4,0.8485,1
S00828,EGCC,53.264463,-2.069007,A321,narrow_body,2363,operational_constraints,479,critical,0.75,750.0,479.0,792.038539,emergency,EGLL,3901,50,asphalt,ILS,1,1,advanced,1,major,1,1,1,1,1,1,1,open,none,safe,civil,1,227.398684,1538,preferred,1.0,1,2,2.1064,2
S00828,EGCC,53.264463,-2.069007,A321,narrow_body,2363,operational_constraints,479,critical,0.75,750.0,479.0,792.038539,emergency,EGCC,3048,46,asphalt,ILS,1,1,advanced,1,major,1,1,1,1,1,1,1,open,none,safe,civil,1,16.904894,685,preferred,2.0,0,1,28.335,6
S00828,EGCC,53.264463,-2.069007,A321,narrow_body,2363,operational_constraints,479,critical,0.75,750.0,479.0,792.038539,emergency,EHAM,3800,60,asphalt,ILS,1,1,advanced,1,major,1,1,1,1,1,1,1,open,none,safe,civil,1,471.438428,1437,preferred,3.0,0,5,1.016,3
S00828,EGCC,53.264463,-2.069007,A321,narrow_body,2363,operational_constraints,479,critical,0.75,750.0,479.0,792.038539,emergency,EGKK,3317,45,asphalt,ILS,1,1,advanced,1,major,1,1,1,1,1,1,1,open,none,safe,civil,1,267.959584,954,preferred,4.0,0,3,1.7876,4
S00828,EGCC,53.264463,-2.069007,A321,narrow_body,2363,operational_constraints,479,critical,0.75,750.0,479.0,792.038539,emergency,EIDW,3110,45,concrete,ILS,1,1,advanced,1,major,1,1,1,1,1,1,1,open,none,safe,civil,0,278.898512,747,preferred,5.0,0,4,1.7175,5
S00828,EGCC,53.264463,-2.069007,A321,narrow_body,2363,operational_constraints,479,critical,0.75,750.0,479.0,792.038539,emergency,LFPG,4215,45,asphalt,ILS,1,1,advanced,1,major,1,1,1,1,1,1,1,open,none,safe,civil,1,572.40763,1852,extended,6.0,0,6,0.8368,1
S00830,OJAI,32.258192,36.481361,B737 MAX 8,narrow_body,2372,operational_constraints,1202,normal,1.0,1000.0,1000.0,1667.873258,aircraft_fuel,OJAI,3660,61,asphalt,ILS,1,1,advanced,1,major,1,1,1,1,1,1,1,open,none,safe,civil,0,75.274512,1288,preferred,1.0,1,1,13.2847,9
S00830,OJAI,32.258192,36.481361,B737 MAX 8,narrow_body,2372,operational_constraints,1202,normal,1.0,1000.0,1000.0,1667.873258,aircraft_fuel,HECA,4000,60,asphalt,ILS,1,1,basic,1,major,1,1,1,1,1,1,1,open,none,safe,civil,0,539.291087,1628,preferred,2.0,0,3,1.8543,5
S00830,OJAI,32.258192,36.481361,B737 MAX 8,narrow_body,2372,operational_constraints,1202,normal,1.0,1000.0,1000.0,1667.873258,aircraft_fuel,LCLK,2987,45,asphalt,ILS,1,0,none,1,basic,1,0,1,1,1,1,1,open,none,safe,civil,0,393.299417,615,preferred,3.0,0,2,2.5426,11
S00830,OJAI,32.258192,36.481361,B737 MAX 8,narrow_body,2372,operational_constraints,1202,normal,1.0,1000.0,1000.0,1667.873258,aircraft_fuel,LTAC,3750,45,asphalt,ILS,1,1,advanced,1,major,1,1,1,1,1,1,1,open,none,safe,joint,0,929.113635,1378,preferred,4.0,0,5,1.0763,8
S00830,OJAI,32.258192,36.481361,B737 MAX 8,narrow_body,2372,operational_constraints,1202,normal,1.0,1000.0,1000.0,1667.873258,aircraft_fuel,OKKK,4580,60,asphalt,ILS,1,1,advanced,1,major,1,1,1,1,1,1,1,open,none,safe,civil,0,1147.892472,2208,extended,5.0,0,6,0.8712,2
S00830,OJAI,32.258192,36.481361,B737 MAX 8,narrow_body,2372,operational_constraints,1202,normal,1.0,1000.0,1000.0,1667.873258,aircraft_fuel,LTFM,4100,60,asphalt,ILS,1,1,advanced,1,major,1,1,1,1,1,1,0,open,none,safe,civil,0,1216.061164,1728,extended,6.0,0,7,0.8223,4
S00830,OJAI,32.258192,36.481361,B737 MAX 8,narrow_body,2372,operational_constraints,1202,normal,1.0,1000.0,1000.0,1667.873258,aircraft_fuel,OERK,4205,60,asphalt,ILS,1,1,advanced,1,major,1,1,1,1,1,1,1,open,none,safe,civil,0,1284.796549,1833,extended,7.0,0,8,0.7783,3
S00830,OJAI,32.258192,36.481361,B737 MAX 8,narrow_body,2372,operational_constraints,1202,normal,1.0,1000.0,1000.0,1667.873258,aircraft_fuel,LGAV,4000,45,asphalt,ILS,1,1,advanced,1,major,1,1,1,1,1,1,1,open,none,safe,civil,0,1301.990621,1628,extended,8.0,0,9,0.7681,5
S00830,OJAI,32.258192,36.481361,B737 MAX 8,narrow_body,2372,operational_constraints,1202,normal,1.0,1000.0,1000.0,1667.873258,aircraft_fuel,OBBI,3956,60,asphalt,ILS,1,1,advanced,1,major,1,1,1,1,1,1,1,open,none,safe,civil,0,1524.429114,1584,extended,9.0,0,10,0.656,7
S00830,OJAI,32.258192,36.481361,B737 MAX 8,narrow_body,2372,operational_constraints,1202,normal,1.0,1000.0,1000.0,1667.873258,aircraft_fuel,OTHH,4850,60,asphalt,ILS,1,1,advanced,1,major,1,1,1,1,1,1,1,open,none,safe,civil,0,1664.088532,2478,extended,10.0,0,11,0.6009,1
S00830,OJAI,32.258192,36.481361,B737 MAX 8,narrow_body,2372,operational_constraints,1202,normal,1.0,1000.0,1000.0,1667.873258,aircraft_fuel,HELX,3000,45,asphalt,RNAV,0,0,none,1,basic,1,0,1,0,0,1,1,open,none,safe,joint,0,819.18546,628,preferred,11.0,0,4,1.2207,10
S00832,OJAI,32.322083,36.272764,B737-800,narrow_body,2327,mechanical,440,critical,0.75,712.5,440.0,746.498736,emergency,OJAI,3660,61,asphalt,ILS,1,1,advanced,1,major,1,1,1,1,1,1,1,open,none,safe,civil,0,71.680602,1333,preferred,1.0,1,1,6.1383,2
S00832,OJAI,32.322083,36.272764,B737-800,narrow_body,2327,mechanical,440,critical,0.75,712.5,440.0,746.498736,emergency,HECA,4000,60,asphalt,ILS,1,1,basic,1,major,1,1,1,1,1,1,1,open,none,safe,civil,0,524.725734,1673,extended,2.0,0,3,0.8385,1
S00832,OJAI,32.322083,36.272764,B737-800,narrow_body,2327,mechanical,440,critical,0.75,712.5,440.0,746.498736,emergency,LCLK,2987,45,asphalt,ILS,1,0,none,1,basic,1,0,1,1,1,1,1,open,none,safe,civil,0,375.10737,660,preferred,3.0,0,2,1.173,3
S00833,OMDB,24.953275,55.283628,A350-900,wide_body,2852,mechanical,604,critical,0.75,1125.0,604.0,1029.633154,emergency,OMDB,4447,60,asphalt,ILS,1,1,advanced,1,major,1,1,1,1,1,1,1,open,none,safe,civil,1,34.124346,1595,preferred,1.0,1,1,17.7,3
S00833,OMDB,24.953275,55.283628,A350-900,wide_body,2852,mechanical,604,critical,0.75,1125.0,604.0,1029.633154,emergency,OMAA,4106,60,asphalt,ILS,1,1,advanced,1,major,1,1,1,1,1,1,1,open,none,safe,civil,0,85.74638,1254,preferred,2.0,0,2,7.044,5
S00833,OMDB,24.953275,55.283628,A350-900,wide_body,2852,mechanical,604,critical,0.75,1125.0,604.0,1029.633154,emergency,OTHH,4850,60,asphalt,ILS,1,1,advanced,1,major,1,1,1,1,1,1,1,open,none,safe,civil,0,371.762798,1998,preferred,3.0,0,4,1.6247,1
S00833,OMDB,24.953275,55.283628,A350-900,wide_body,2852,mechanical,604,critical,0.75,1125.0,604.0,1029.633154,emergency,OOMS,4080,45,asphalt,ILS,1,1,advanced,1,major,1,1,1,1,1,1,1,open,none,safe,civil,0,339.403905,1228,preferred,4.0,0,3,1.7796,6
S00833,OMDB,24.953275,55.283628,A350-900,wide_body,2852,mechanical,604,critical,0.75,1125.0,604.0,1029.633154,emergency,OBBI,3956,60,asphalt,ILS,1,1,advanced,1,major,1,1,1,1,1,1,1,open,none,safe,civil,0,488.192822,1104,preferred,5.0,0,5,1.2372,7
S00833,OMDB,24.953275,55.283628,A350-900,wide_body,2852,mechanical,604,critical,0.75,1125.0,604.0,1029.633154,emergency,OKKK,4580,60,asphalt,ILS,1,1,advanced,1,major,1,1,1,1,1,1,1,open,none,safe,civil,0,865.578353,1728,extended,6.0,0,7,0.6978,2
S00833,OMDB,24.953275,55.283628,A350-900,wide_body,2852,mechanical,604,critical,0.75,1125.0,604.0,1029.633154,emergency,OERK,4205,60,asphalt,ILS,1,1,advanced,1,major,1,1,1,1,1,1,1,open,none,safe,civil,0,865.321104,1353,extended,7.0,0,6,0.698,4
S00834,DNMM,6.075842,3.542878,B777-300ER,wide_body,3302,operational_constraints,727,normal,1.0,1500.0,727.0,1252.760156,emergency,DNMM,3900,60,asphalt,ILS,1,1,advanced,1,major,1,1,1,1,1,1,1,open,none,caution,civil,0,60.913302,598,preferred,1.0,1,1,11.935,1
S00834,DNMM,6.075842,3.542878,B777-300ER,wide_body,3302,operational_constraints,727,normal,1.0,1500.0,727.0,1252.760156,emergency,DGAA,3403,61,asphalt,RNAV,0,0,none,1,basic,1,0,1,1,1,1,0,open,none,safe,civil,0,413.67636,101,preferred,2.0,0,2,1.7574,3
S00834,DNMM,6.075842,3.542878,B777-300ER,wide_body,3302,operational_constraints,727,normal,1.0,1500.0,727.0,1252.760156,emergency,DNAA,3609,60,asphalt,RNAV,0,0,none,1,basic,1,0,1,1,1,1,1,open,none,safe,joint,0,523.791025,307,preferred,3.0,0,3,1.388,2
S00843,OERK,23.915052,46.047438,E175,regional_jet,1883,technical,1009,low,0.9,675.0,675.0,1033.70301,aircraft_fuel,OERK,4205,60,asphalt,ILS,1,1,advanced,1,major,1,1,1,1,1,1,1,open,none,safe,civil,0,133.366924,2322,preferred,1.0,1,1,5.0612,4
S00843,OERK,23.915052,46.047438,E175,regional_jet,1883,technical,1009,low,0.9,675.0,675.0,1033.70301,aircraft_fuel,OBBI,3956,60,asphalt,ILS,1,1,advanced,1,major,1,1,1,1,1,1,1,open,none,safe,civil,0,531.045961,2073,preferred,2.0,0,2,1.2711,6
S00843,OERK,23.915052,46.047438,E175,regional_jet,1883,technical,1009,low,0.9,675.0,675.0,1033.70301,aircraft_fuel,OTHH,4850,60,asphalt,ILS,1,1,advanced,1,major,1,1,1,1,1,1,1,open,none,safe,civil,0,582.086583,2967,preferred,3.0,0,3,1.1596,1
S00843,OERK,23.915052,46.047438,E175,regional_jet,1883,technical,1009,low,0.9,675.0,675.0,1033.70301,aircraft_fuel,OKKK,4580,60,asphalt,ILS,1,1,advanced,1,major,1,1,1,1,1,1,1,open,none,safe,civil,0,620.528639,2697,preferred,4.0,0,4,1.0878,2
S00843,OERK,23.915052,46.047438,E175,regional_jet,1883,technical,1009,low,0.9,675.0,675.0,1033.70301,aircraft_fuel,OMAA,4106,60,asphalt,ILS,1,1,advanced,1,major,1,1,1,1,1,1,1,open,none,safe,civil,0,874.38689,2223,extended,5.0,0,5,0.772,5
S00843,OERK,23.915052,46.047438,E175,regional_jet,1883,technical,1009,low,0.9,675.0,675.0,1033.70301,aircraft_fuel,OMDB,4447,60,asphalt,ILS,1,1,advanced,1,major,1,1,1,1,1,1,1,open,none,safe,civil,1,954.164731,2564,extended,6.0,0,6,0.7074,3
S00844,EDDF,50.432554,7.946073,B787-9,wide_body,2957,operational_constraints,1127,normal,1.0,1400.0,1127.0,2038.950015,emergency,EDDF,4000,60,asphalt,ILS,1,1,advanced,1,major,1,1,1,0,1,1,1,open,none,safe,civil,1,62.716543,1043,preferred,1.0,1,1,17.9697,4
S00844,EDDF,50.432554,7.946073,B787-9,wide_body,2957,operational_constraints,1127,normal,1.0,1400.0,1127.0,2038.950015,emergency,LFPG,4215,45,asphalt,ILS,1,1,advanced,1,major,1,1,1,1,1,1,1,open,none,safe,civil,1,418.574152,1258,preferred,2.0,0,3,2.6925,2
S00844,EDDF,50.432554,7.946073,B787-9,wide_body,2957,operational_constraints,1127,normal,1.0,1400.0,1127.0,2038.950015,emergency,EHAM,3800,60,asphalt,ILS,1,1,advanced,1,major,1,1,1,1,1,1,1,open,none,safe,civil,1,303.776073,843,preferred,3.0,0,2,3.71,8
S00844,EDDF,50.432554,7.946073,B787-9,wide_body,2957,operational_constraints,1127,normal,1.0,1400.0,1127.0,2038.950015,emergency,EGLL,3901,50,asphalt,ILS,1,1,advanced,1,major,1,1,1,1,1,1,1,open,none,safe,civil,1,599.692889,944,preferred,4.0,0,5,1.8793,7
S00844,EDDF,50.432554,7.946073,B787-9,wide_body,2957,operational_constraints,1127,normal,1.0,1400.0,1127.0,2038.950015,emergency,LIRF,3902,60,asphalt,ILS,1,1,basic,1,major,1,1,1,1,1,1,1,open,none,safe,civil,1,1014.727047,945,preferred,5.0,0,7,1.1106,6
S00844,EDDF,50.432554,7.946073,B787-9,wide_body,2957,operational_constraints,1127,normal,1.0,1400.0,1127.0,2038.950015,emergency,LEMD,4350,60,asphalt,ILS,1,1,advanced,1,major,1,1,1,1,1,1,1,open,none,safe,civil,1,1420.803222,1393,extended,6.0,0,11,0.7932,1
S00844,EDDF,50.432554,7.946073,B787-9,wide_body,2957,operational_constraints,1127,normal,1.0,1400.0,1127.0,2038.950015,emergency,EGKK,3317,45,asphalt,ILS,1,1,advanced,1,major,1,1,1,1,1,1,1,open,none,safe,civil,1,576.820625,360,preferred,7.0,0,4,1.9538,13
S00844,EDDF,50.432554,7.946073,B787-9,wide_body,2957,operational_constraints,1127,normal,1.0,1400.0,1127.0,2038.950015,emergency,ENGM,3600,45,asphalt,ILS,1,1,advanced,1,major,1,1,1,1,1,1,1,open,none,safe,civil,0,1103.292314,643,preferred,8.0,0,9,1.0215,10
S00844,EDDF,50.432554,7.946073,B787-9,wide_body,2957,operational_constraints,1127,normal,1.0,1400.0,1127.0,2038.950015,emergency,LTFM,4100,60,asphalt,ILS,1,1,advanced,1,major,1,1,1,1,1,1,0,open,none,safe,civil,0,1894.88829,1143,extended,9.0,0,16,0.5948,3
S00844,EDDF,50.432554,7.946073,B787-9,wide_body,2957,operational_constraints,1127,normal,1.0,1400.0,1127.0,2038.950015,emergency,EGCC,3048,46,asphalt,ILS,1,1,advanced,1,major,1,1,1,1,1,1,1,open,none,safe,civil,1,772.020067,91,preferred,10.0,0,6,1.4598,16
S00844,EDDF,50.432554,7.946073,B787-9,wide_body,2957,operational_constraints,1127,normal,1.0,1400.0,1127.0,2038.950015,emergency,LGAV,4000,45,asphalt,ILS,1,1,advanced,1,major,1,1,1,1,1,1,1,open,none,safe,civil,0,1878.336318,1043,extended,11.0,0,15,0.6,4
S00844,EDDF,50.432554,7.946073,B787-9,wide_body,2957,operational_constraints,1127,normal,1.0,1400.0,1127.0,2038.950015,emergency,EIDW,3110,45,concrete,ILS,1,1,advanced,1,major,1,1,1,1,1,1,1,open,none,safe,civil,0,1027.48515,153,preferred,12.0,0,8,1.0969,15
S00844,EDDF,50.432554,7.946073,B787-9,wide_body,2957,operational_constraints,1127,normal,1.0,1400.0,1127.0,2038.950015,emergency,LPPT,3707,45,asphalt,ILS,1,1,advanced,1,major,1,1,1,1,1,1,1,open,none,safe,civil,0,1864.323186,750,extended,13.0,0,14,0.6045,9
S00844,EDDF,50.432554,7.946073,B787-9,wide_body,2957,operational_constraints,1127,normal,1.0,1400.0,1127.0,2038.950015,emergency,DAAG,3500,60,asphalt,RNAV,0,1,basic,1,basic,1,1,1,1,1,1,0,open,none,safe,civil,0,1573.684389,543,extended,14.0,0,13,0.7162,11
S00844,EDDF,50.432554,7.946073,B787-9,wide_body,2957,operational_constraints,1127,normal,1.0,1400.0,1127.0,2038.950015,emergency,EFHK,3440,60,asphalt,ILS,1,1,advanced,1,major,1,1,1,1,1,1,1,open,none,safe,civil,0,1528.943114,483,extended,15.0,0,12,0.7371,12
S00844,EDDF,50.432554,7.946073,B787-9,wide_body,2957,operational_constraints,1127,normal,1.0,1400.0,1127.0,2038.950015,emergency,ESSA,3301,45,asphalt,ILS,1,1,advanced,1,major,1,1,1,1,1,1,1,open,none,safe,civil,0,1203.23657,344,extended,16.0,0,10,0.9366,14
S00845,VNKT,28.285567,85.2638,B737-800,narrow_body,2467,technical,770,low,0.9,855.0,770.0,1202.641742,emergency,VIDP,4430,60,asphalt,ILS,1,1,advanced,1,major,1,1,1,1,1,1,1,open,none,safe,civil,1,799.245931,1963,extended,1.0,1,2,0.9634,1
S00845,VNKT,28.285567,85.2638,B737-800,narrow_body,2467,technical,770,low,0.9,855.0,770.0,1202.641742,emergency,VNKT,3350,45,asphalt,VOR,0,0,none,0,none,0,0,1,1,1,1,1,open,none,caution,civil,0,66.155239,883,preferred,2.0,0,1,11.6393,3
S00845,VNKT,28.285567,85.2638,B737-800,narrow_body,2467,technical,770,low,0.9,855.0,770.0,1202.641742,emergency,OPLA,3360,46,concrete,RNAV,0,0,none,1,basic,1,0,1,1,1,1,1,open,none,caution,civil,0,1106.311044,893,extended,3.0,0,3,0.696,2
S00849,RCTP,25.79289,120.786919,B737 MAX 8,narrow_body,2390,medical,760,critical,0.75,750.0,750.0,1341.240184,aircraft_fuel,RCTP,3660,60,concrete,ILS,1,1,advanced,1,major,1,1,1,1,1,1,1,open,none,safe,civil,0,91.273141,1270,preferred,1.0,1,1,8.2171,3
S00849,RCTP,25.79289,120.786919,B737 MAX 8,narrow_body,2390,medical,760,critical,0.75,750.0,750.0,1341.240184,aircraft_fuel,ZSPD,4000,60,concrete,ILS,1,1,advanced,1,major,1,1,1,1,1,1,1,open,none,safe,civil,1,603.203937,1610,preferred,2.0,0,2,1.2434,1
S00849,RCTP,25.79289,120.786919,B737 MAX 8,narrow_body,2390,medical,760,critical,0.75,750.0,750.0,1341.240184,aircraft_fuel,RPLL,3737,60,concrete,ILS,1,1,basic,1,basic,1,1,1,1,1,1,1,open,none,caution,civil,0,1254.9906,1347,extended,3.0,0,3,0.5976,2
S00851,LGAV,38.205984,23.74537,B737-800,narrow_body,2322,security,776,low,0.9,855.0,776.0,1330.30474,emergency,LGAV,4000,45,asphalt,ILS,1,1,advanced,1,major,1,1,1,1,1,1,1,open,none,safe,civil,0,34.676035,1678,preferred,1.0,1,1,22.3786,2
S00851,LGAV,38.205984,23.74537,B737-800,narrow_body,2322,security,776,low,0.9,855.0,776.0,1330.30474,emergency,LTFM,4100,60,asphalt,ILS,1,1,advanced,1,major,1,1,1,1,1,1,0,open,none,safe,civil,0,545.959015,1778,preferred,2.0,0,2,1.4214,1
S00851,LGAV,38.205984,23.74537,B737-800,narrow_body,2322,security,776,low,0.9,855.0,776.0,1330.30474,emergency,LIRF,3902,60,asphalt,ILS,1,1,basic,1,major,1,1,1,1,1,1,1,open,none,safe,civil,1,1056.461366,1580,extended,3.0,0,5,0.7345,4
S00851,LGAV,38.205984,23.74537,B737-800,narrow_body,2322,security,776,low,0.9,855.0,776.0,1330.30474,emergency,HECA,4000,60,asphalt,ILS,1,1,basic,1,major,1,1,1,1,1,1,1,open,none,safe,civil,0,1141.731017,1678,extended,4.0,0,6,0.6797,2
S00851,LGAV,38.205984,23.74537,B737-800,narrow_body,2322,security,776,low,0.9,855.0,776.0,1330.30474,emergency,OJAI,3660,61,asphalt,ILS,1,1,advanced,1,major,1,1,1,1,1,1,1,open,none,safe,civil,0,1326.849533,1338,extended,5.0,0,8,0.5848,6
S00851,LGAV,38.205984,23.74537,B737-800,narrow_body,2322,security,776,low,0.9,855.0,776.0,1330.30474,emergency,LTAC,3750,45,asphalt,ILS,1,1,advanced,1,major,1,1,1,1,1,1,1,open,none,safe,joint,0,825.125491,1428,extended,6.0,0,3,0.9405,5
S00851,LGAV,38.205984,23.74537,B737-800,narrow_body,2322,security,776,low,0.9,855.0,776.0,1330.30474,emergency,DTTA,3200,45,asphalt,RNAV,0,1,basic,1,basic,1,0,1,1,1,1,1,open,none,safe,civil,0,1200.4615,878,extended,7.0,0,7,0.6464,7
S00851,LGAV,38.205984,23.74537,B737-800,narrow_body,2322,security,776,low,0.9,855.0,776.0,1330.30474,emergency,LCLK,2987,45,asphalt,ILS,1,0,none,1,basic,1,0,1,1,1,1,1,open,none,safe,civil,0,956.517904,665,extended,8.0,0,4,0.8113,8
S00852,OBBI,26.736857,51.004563,B737-800,narrow_body,2297,mechanical,768,normal,1.0,950.0,768.0,1210.542553,emergency,OBBI,3956,60,asphalt,ILS,1,1,advanced,1,major,1,1,1,1,1,1,1,open,none,safe,civil,0,63.713007,1659,preferred,1.0,1,1,12.0541,7
S00852,OBBI,26.736857,51.004563,B737-800,narrow_body,2297,mechanical,768,normal,1.0,950.0,768.0,1210.542553,emergency,OTHH,4850,60,asphalt,ILS,1,1,advanced,1,major,1,1,1,1,1,1,1,open,none,safe,civil,0,173.580787,2553,preferred,2.0,0,2,4.4245,1
S00852,OBBI,26.736857,51.004563,B737-800,narrow_body,2297,mechanical,768,normal,1.0,950.0,768.0,1210.542553,emergency,OKKK,4580,60,asphalt,ILS,1,1,advanced,1,major,1,1,1,1,1,1,1,open,none,safe,civil,0,406.55821,2283,preferred,3.0,0,3,1.889,2
S00852,OBBI,26.736857,51.004563,B737-800,narrow_body,2297,mechanical,768,normal,1.0,950.0,768.0,1210.542553,emergency,OMAA,4106,60,asphalt,ILS,1,1,advanced,1,major,1,1,1,1,1,1,1,open,none,safe,civil,0,445.801727,1809,preferred,4.0,0,4,1.7227,5
S00852,OBBI,26.736857,51.004563,B737-800,narrow_body,2297,mechanical,768,normal,1.0,950.0,768.0,1210.542553,emergency,OMDB,4447,60,asphalt,ILS,1,1,advanced,1,major,1,1,1,1,1,1,1,open,none,safe,civil,1,466.648755,2150,preferred,5.0,0,5,1.6458,3
S00852,OBBI,26.736857,51.004563,B737-800,narrow_body,2297,mechanical,768,normal,1.0,950.0,768.0,1210.542553,emergency,OERK,4205,60,asphalt,ILS,1,1,advanced,1,major,1,1,1,1,1,1,1,open,none,safe,civil,0,474.08814,1908,preferred,6.0,0,6,1.62,4
S00852,OBBI,26.736857,51.004563,B737-800,narrow_body,2297,mechanical,768,normal,1.0,950.0,768.0,1210.542553,emergency,OOMS,4080,45,asphalt,ILS,1,1,advanced,1,major,1,1,1,1,1,1,1,open,none,safe,civil,0,811.274527,1783,extended,7.0,0,7,0.9467,6
S00853,HELX,25.790702,32.393064,A321,narrow_body,2409,weather,775,normal,1.0,1000.0,775.0,1294.77635,emergency,HECA,4000,60,asphalt,ILS,1,1,basic,1,major,1,1,1,1,1,1,1,open,none,safe,civil,0,490.312338,1591,preferred,1.0,1,2,1.5806,1
S00853,HELX,25.790702,32.393064,A321,narrow_body,2409,weather,775,normal,1.0,1000.0,775.0,1294.77635,emergency,HELX,3000,45,asphalt,RNAV,0,0,none,1,basic,1,0,1,0,0,1,1,open,none,safe,joint,0,34.110699,591,preferred,2.0,0,1,22.7201,3
S00853,HELX,25.790702,32.393064,A321,narrow_body,2409,weather,775,normal,1.0,1000.0,775.0,1294.77635,emergency,OJAI,3660,61,asphalt,ILS,1,1,advanced,1,major,1,1,1,1,1,1,1,open,none,safe,civil,0,747.002311,1251,preferred,3.0,0,3,1.0375,2
S00853,HELX,25.790702,32.393064,A321,narrow_body,2409,weather,775,normal,1.0,1000.0,775.0,1294.77635,emergency,LCLK,2987,45,asphalt,ILS,1,0,none,1,basic,1,0,1,1,1,1,1,open,none,safe,civil,0,1017.004247,578,extended,4.0,0,4,0.762,4
S00855,RKSI,37.09425,126.117184,B747-8,very_large,3542,security,549,normal,1.0,1550.0,549.0,896.638246,emergency,RKSI,4000,60,asphalt,ILS,1,1,advanced,1,major,1,1,1,1,1,1,1,open,none,safe,civil,1,51.084069,458,preferred,1.0,1,1,10.747,1
S00855,RKSI,37.09425,126.117184,B747-8,very_large,3542,security,549,normal,1.0,1550.0,549.0,896.638246,emergency,ZSPD,4000,60,concrete,ILS,1,1,advanced,1,major,1,1,1,1,1,1,1,open,none,safe,civil,1,771.407878,458,extended,2.0,0,2,0.7117,1
S00855,RKSI,37.09425,126.117184,B747-8,very_large,3542,security,549,normal,1.0,1550.0,549.0,896.638246,emergency,ZBAA,3810,60,asphalt,ILS,1,1,advanced,1,major,1,1,1,1,1,1,1,open,none,safe,civil,1,890.913966,268,extended,3.0,0,3,0.6162,3
S00856,EGCC,52.605503,-2.437607,A330-300,wide_body,2856,medical,931,normal,1.0,1300.0,931.0,1772.43852,emergency,EGLL,3901,50,asphalt,ILS,1,1,advanced,1,major,1,1,1,1,1,1,1,open,none,safe,civil,1,184.974934,1045,preferred,1.0,1,2,5.0331,5
S00856,EGCC,52.605503,-2.437607,A330-300,wide_body,2856,medical,931,normal,1.0,1300.0,931.0,1772.43852,emergency,LFPG,4215,45,asphalt,ILS,1,1,advanced,1,major,1,1,1,1,1,1,1,open,none,safe,civil,1,531.690156,1359,preferred,2.0,0,6,1.751,2
S00856,EGCC,52.605503,-2.437607,A330-300,wide_body,2856,medical,931,normal,1.0,1300.0,931.0,1772.43852,emergency,EGCC,3048,46,asphalt,ILS,1,1,advanced,1,major,1,1,1,1,1,1,1,open,none,safe,civil,1,83.910168,192,preferred,3.0,0,1,11.0952,13
S00856,EGCC,52.605503,-2.437607,A330-300,wide_body,2856,medical,931,normal,1.0,1300.0,931.0,1772.43852,emergency,EHAM,3800,60,asphalt,ILS,1,1,advanced,1,major,1,1,1,1,1,1,1,open,none,safe,civil,1,488.864598,944,preferred,4.0,0,5,1.9044,6
S00856,EGCC,52.605503,-2.437607,A330-300,wide_body,2856,medical,931,normal,1.0,1300.0,931.0,1772.43852,emergency,EGKK,3317,45,asphalt,ILS,1,1,advanced,1,major,1,1,1,1,1,1,1,open,none,safe,civil,1,223.886281,461,preferred,5.0,0,3,4.1584,9
S00856,EGCC,52.605503,-2.437607,A330-300,wide_body,2856,medical,931,normal,1.0,1300.0,931.0,1772.43852,emergency,EDDF,4000,60,asphalt,ILS,1,1,advanced,1,major,1,1,1,0,1,1,1,open,none,safe,civil,1,815.225976,1144,preferred,6.0,0,7,1.142,3
S00856,EGCC,52.605503,-2.437607,A330-300,wide_body,2856,medical,931,normal,1.0,1300.0,931.0,1772.43852,emergency,EIDW,3110,45,concrete,ILS,1,1,advanced,1,major,1,1,1,1,1,1,1,open,none,safe,civil,0,271.671815,254,preferred,7.0,0,4,3.4269,11
S00856,EGCC,52.605503,-2.437607,A330-300,wide_body,2856,medical,931,normal,1.0,1300.0,931.0,1772.43852,emergency,LEMD,4350,60,asphalt,ILS,1,1,advanced,1,major,1,1,1,1,1,1,1,open,none,safe,civil,1,1349.550469,1494,extended,8.0,0,9,0.6899,1
S00856,EGCC,52.605503,-2.437607,A330-300,wide_body,2856,medical,931,normal,1.0,1300.0,931.0,1772.43852,emergency,LIRF,3902,60,asphalt,ILS,1,1,basic,1,major,1,1,1,1,1,1,1,open,none,safe,civil,1,1629.047298,1046,extended,9.0,0,12,0.5715,4
S00856,EGCC,52.605503,-2.437607,A330-300,wide_body,2856,medical,931,normal,1.0,1300.0,931.0,1772.43852,emergency,ENGM,3600,45,asphalt,ILS,1,1,advanced,1,major,1,1,1,1,1,1,1,open,none,safe,civil,0,1181.451012,744,extended,10.0,0,8,0.788,8
S00856,EGCC,52.605503,-2.437607,A330-300,wide_body,2856,medical,931,normal,1.0,1300.0,931.0,1772.43852,emergency,LPPT,3707,45,asphalt,ILS,1,1,advanced,1,major,1,1,1,1,1,1,1,open,none,safe,civil,0,1621.099656,851,extended,11.0,0,11,0.5743,7
S00856,EGCC,52.605503,-2.437607,A330-300,wide_body,2856,medical,931,normal,1.0,1300.0,931.0,1772.43852,emergency,ESSA,3301,45,asphalt,ILS,1,1,advanced,1,major,1,1,1,1,1,1,1,open,none,safe,civil,0,1476.346404,445,extended,12.0,0,10,0.6306,10
S00856,EGCC,52.605503,-2.437607,A330-300,wide_body,2856,medical,931,normal,1.0,1300.0,931.0,1772.43852,emergency,BIKF,3065,60,asphalt,RNAV,0,1,basic,1,basic,1,0,1,1,1,1,1,open,none,safe,joint,0,1714.45334,209,extended,13.0,0,13,0.543,12
S00859,LTFM,41.296315,30.83629,E175,regional_jet,1842,medical,906,low,0.9,675.0,675.0,1009.314539,aircraft_fuel,LTFM,4100,60,asphalt,ILS,1,1,advanced,1,major,1,1,1,1,1,1,0,open,none,safe,civil,0,175.824888,2258,preferred,1.0,1,1,3.839,1
S00859,LTFM,41.296315,30.83629,E175,regional_jet,1842,medical,906,low,0.9,675.0,675.0,1009.314539,aircraft_fuel,LTAC,3750,45,asphalt,ILS,1,1,advanced,1,major,1,1,1,1,1,1,1,open,none,safe,joint,0,223.553953,1908,preferred,2.0,0,2,3.0194,3
S00859,LTFM,41.296315,30.83629,E175,regional_jet,1842,medical,906,low,0.9,675.0,675.0,1009.314539,aircraft_fuel,LGAV,4000,45,asphalt,ILS,1,1,advanced,1,major,1,1,1,1,1,1,1,open,none,safe,civil,0,698.279153,2158,extended,3.0,0,3,0.9667,2
S00861,LFPG,48.709435,3.186018,A320,narrow_body,2209,weather,954,normal,1.0,950.0,950.0,1545.250625,aircraft_fuel,LFPG,4215,45,asphalt,ILS,1,1,advanced,1,major,1,1,1,1,1,1,1,open,none,safe,civil,1,56.975649,2006,preferred,1.0,1,1,16.6738,2
S00861,LFPG,48.709435,3.186018,A320,narrow_body,2209,weather,954,normal,1.0,950.0,950.0,1545.250625,aircraft_fuel,EGLL,3901,50,asphalt,ILS,1,1,advanced,1,major,1,1,1,1,1,1,1,open,none,safe,civil,1,402.301983,1692,preferred,2.0,0,3,2.3614,5
S00861,LFPG,48.709435,3.186018,A320,narrow_body,2209,weather,954,normal,1.0,950.0,950.0,1545.250625,aircraft_fuel,EHAM,3800,60,asphalt,ILS,1,1,advanced,1,major,1,1,1,1,1,1,1,open,none,safe,civil,1,415.445026,1591,preferred,3.0,0,4,2.2867,6
S00861,LFPG,48.709435,3.186018,A320,narrow_body,2209,weather,954,normal,1.0,950.0,950.0,1545.250625,aircraft_fuel,EDDF,4000,60,asphalt,ILS,1,1,advanced,1,major,1,1,1,0,1,1,1,open,none,safe,civil,1,415.554331,1791,preferred,4.0,0,5,2.2861,3
S00861,LFPG,48.709435,3.186018,A320,narrow_body,2209,weather,954,normal,1.0,950.0,950.0,1545.250625,aircraft_fuel,EGKK,3317,45,asphalt,ILS,1,1,advanced,1,major,1,1,1,1,1,1,1,open,none,safe,civil,1,362.99404,1108,preferred,5.0,0,2,2.6171,10
S00861,LFPG,48.709435,3.186018,A320,narrow_body,2209,weather,954,normal,1.0,950.0,950.0,1545.250625,aircraft_fuel,EGCC,3048,46,asphalt,ILS,1,1,advanced,1,major,1,1,1,1,1,1,1,open,none,safe,civil,1,641.884273,839,preferred,6.0,0,6,1.48,14
S00861,LFPG,48.709435,3.186018,A320,narrow_body,2209,weather,954,normal,1.0,950.0,950.0,1545.250625,aircraft_fuel,EIDW,3110,45,concrete,ILS,1,1,advanced,1,major,1,1,1,1,1,1,1,open,none,safe,civil,0,842.152054,901,preferred,7.0,0,7,1.1281,13
S00861,LFPG,48.709435,3.186018,A320,narrow_body,2209,weather,954,normal,1.0,950.0,950.0,1545.250625,aircraft_fuel,LIRF,3902,60,asphalt,ILS,1,1,basic,1,major,1,1,1,1,1,1,1,open,none,safe,civil,1,1044.0614,1693,extended,8.0,0,8,0.9099,4
S00861,LFPG,48.709435,3.186018,A320,narrow_body,2209,weather,954,normal,1.0,950.0,950.0,1545.250625,aircraft_fuel,LEMD,4350,60,asphalt,ILS,1,1,advanced,1,major,1,1,1,1,1,1,1,open,none,safe,civil,1,1057.74986,2141,extended,9.0,0,9,0.8981,1
S00861,LFPG,48.709435,3.186018,A320,narrow_body,2209,weather,954,normal,1.0,950.0,950.0,1545.250625,aircraft_fuel,LPPT,3707,45,asphalt,ILS,1,1,advanced,1,major,1,1,1,1,1,1,1,open,none,safe,civil,0,1479.000758,1498,extended,10.0,0,13,0.6423,7
S00861,LFPG,48.709435,3.186018,A320,narrow_body,2209,weather,954,normal,1.0,950.0,950.0,1545.250625,aircraft_fuel,ENGM,3600,45,asphalt,ILS,1,1,advanced,1,major,1,1,1,1,1,1,1,open,none,safe,civil,0,1373.401187,1391,extended,11.0,0,11,0.6917,8
S00861,LFPG,48.709435,3.186018,A320,narrow_body,2209,weather,954,normal,1.0,950.0,950.0,1545.250625,aircraft_fuel,DAAG,3500,60,asphalt,RNAV,0,1,basic,1,basic,1,1,1,1,1,1,0,open,none,safe,civil,0,1336.070095,1291,extended,12.0,0,10,0.711,9
S00861,LFPG,48.709435,3.186018,A320,narrow_body,2209,weather,954,normal,1.0,950.0,950.0,1545.250625,aircraft_fuel,ESSA,3301,45,asphalt,ILS,1,1,advanced,1,major,1,1,1,1,1,1,1,open,none,safe,civil,0,1542.009236,1092,extended,13.0,0,14,0.6161,11
S00861,LFPG,48.709435,3.186018,A320,narrow_body,2209,weather,954,normal,1.0,950.0,950.0,1545.250625,aircraft_fuel,DTTA,3200,45,asphalt,RNAV,0,1,basic,1,basic,1,0,1,1,1,1,1,open,none,safe,civil,0,1436.842074,991,extended,14.0,0,12,0.6612,12
S00863,WMKK,2.21341,102.106735,A320,narrow_body,2348,mechanical,842,low,0.9,855.0,842.0,1364.59614,emergency,WMKK,4124,60,asphalt,ILS,1,1,advanced,1,major,1,1,1,1,1,1,1,open,none,safe,civil,0,73.784234,1776,preferred,1.0,1,1,11.4117,1
S00863,WMKK,2.21341,102.106735,A320,narrow_body,2348,mechanical,842,low,0.9,855.0,842.0,1364.59614,emergency,WSSS,4000,60,asphalt,ILS,1,1,advanced,1,major,1,1,1,1,1,1,1,open,none,safe,civil,1,230.67033,1652,preferred,2.0,0,2,3.6502,2
S00863,WMKK,2.21341,102.106735,A320,narrow_body,2348,mechanical,842,low,0.9,855.0,842.0,1364.59614,emergency,WIMM,3000,60,asphalt,RNAV,1,1,basic,1,basic,1,0,1,1,0,1,1,open,none,safe,civil,0,391.401973,652,preferred,3.0,0,3,2.1512,4
S00863,WMKK,2.21341,102.106735,A320,narrow_body,2348,mechanical,842,low,0.9,855.0,842.0,1364.59614,emergency,VTBS,4000,60,asphalt,ILS,1,1,advanced,1,major,1,1,1,1,1,1,1,open,none,safe,civil,0,1283.880282,1652,extended,4.0,0,4,0.6558,2
S00865,OJAI,31.797339,36.481735,A320,narrow_body,2324,technical,795,critical,0.75,712.5,712.5,1212.058222,aircraft_fuel,OJAI,3660,61,asphalt,ILS,1,1,advanced,1,major,1,1,1,1,1,1,1,open,none,safe,civil,0,46.930203,1336,preferred,1.0,1,1,15.1821,4
S00865,OJAI,31.797339,36.481735,A320,narrow_body,2324,technical,795,critical,0.75,712.5,712.5,1212.058222,aircraft_fuel,HECA,4000,60,asphalt,ILS,1,1,basic,1,major,1,1,1,1,1,1,1,open,none,safe,civil,0,519.798695,1676,preferred,2.0,0,3,1.3707,2
S00865,OJAI,31.797339,36.481735,A320,narrow_body,2324,technical,795,critical,0.75,712.5,712.5,1212.058222,aircraft_fuel,LCLK,2987,45,asphalt,ILS,1,0,none,1,basic,1,0,1,1,1,1,1,open,none,safe,civil,0,433.029323,663,preferred,3.0,0,2,1.6454,6
S00865,OJAI,31.797339,36.481735,A320,narrow_body,2324,technical,795,critical,0.75,712.5,712.5,1212.058222,aircraft_fuel,OKKK,4580,60,asphalt,ILS,1,1,advanced,1,major,1,1,1,1,1,1,1,open,none,safe,civil,0,1136.468182,2256,extended,4.0,0,6,0.6269,1
S00865,OJAI,31.797339,36.481735,A320,narrow_body,2324,technical,795,critical,0.75,712.5,712.5,1212.058222,aircraft_fuel,LTAC,3750,45,asphalt,ILS,1,1,advanced,1,major,1,1,1,1,1,1,1,open,none,safe,joint,0,977.811649,1426,extended,5.0,0,5,0.7287,3
S00865,OJAI,31.797339,36.481735,A320,narrow_body,2324,technical,795,critical,0.75,712.5,712.5,1212.058222,aircraft_fuel,HELX,3000,45,asphalt,RNAV,0,0,none,1,basic,1,0,1,0,0,1,1,open,none,safe,joint,0,774.136253,676,extended,6.0,0,4,0.9204,5
S00869,OERK,25.27393,46.355616,CRJ900,regional_jet,1769,fuel,453,critical,0.75,525.0,453.0,712.295723,emergency,OERK,4205,60,asphalt,ILS,1,1,advanced,1,major,1,1,1,1,1,1,1,open,none,safe,civil,0,49.306007,2436,preferred,1.0,1,1,9.1875,3
S00869,OERK,25.27393,46.355616,CRJ900,regional_jet,1769,fuel,453,critical,0.75,525.0,453.0,712.295723,emergency,OBBI,3956,60,asphalt,ILS,1,1,advanced,1,major,1,1,1,1,1,1,1,open,none,safe,civil,0,442.755008,2187,preferred,2.0,0,2,1.0231,4
S00869,OERK,25.27393,46.355616,CRJ900,regional_jet,1769,fuel,453,critical,0.75,525.0,453.0,712.295723,emergency,OKKK,4580,60,asphalt,ILS,1,1,advanced,1,major,1,1,1,1,1,1,1,open,none,safe,civil,0,467.346879,2811,extended,3.0,0,3,0.9693,2
S00869,OERK,25.27393,46.355616,CRJ900,regional_jet,1769,fuel,453,critical,0.75,525.0,453.0,712.295723,emergency,OTHH,4850,60,asphalt,ILS,1,1,advanced,1,major,1,1,1,1,1,1,1,open,none,safe,civil,0,528.106296,3081,extended,4.0,0,4,0.8578,1
S00872,LGAV,37.846662,24.061346,A321,narrow_body,2436,mechanical,959,normal,1.0,1000.0,959.0,1563.229061,emergency,LGAV,4000,45,asphalt,ILS,1,1,advanced,1,major,1,1,1,1,1,1,1,open,none,safe,civil,0,14.307517,1564,preferred,1.0,1,1,67.0277,2
S00872,LGAV,37.846662,24.061346,A321,narrow_body,2436,mechanical,959,normal,1.0,1000.0,959.0,1563.229061,emergency,LTFM,4100,60,asphalt,ILS,1,1,advanced,1,major,1,1,1,1,1,1,0,open,none,safe,civil,0,552.681571,1664,preferred,2.0,0,2,1.7352,1
S00872,LGAV,37.846662,24.061346,A321,narrow_body,2436,mechanical,959,normal,1.0,1000.0,959.0,1563.229061,emergency,LTAC,3750,45,asphalt,ILS,1,1,advanced,1,major,1,1,1,1,1,1,1,open,none,safe,joint,0,812.312412,1314,preferred,3.0,0,3,1.1806,5
S00872,LGAV,37.846662,24.061346,A321,narrow_body,2436,mechanical,959,normal,1.0,1000.0,959.0,1563.229061,emergency,HECA,4000,60,asphalt,ILS,1,1,basic,1,major,1,1,1,1,1,1,1,open,none,safe,civil,0,1093.355571,1564,extended,4.0,0,5,0.8771,2
S00872,LGAV,37.846662,24.061346,A321,narrow_body,2436,mechanical,959,normal,1.0,1000.0,959.0,1563.229061,emergency,LIRF,3902,60,asphalt,ILS,1,1,basic,1,major,1,1,1,1,1,1,1,open,none,safe,civil,1,1099.091952,1466,extended,5.0,0,6,0.8725,4
S00872,LGAV,37.846662,24.061346,A321,narrow_body,2436,mechanical,959,normal,1.0,1000.0,959.0,1563.229061,emergency,LCLK,2987,45,asphalt,ILS,1,0,none,1,basic,1,0,1,1,1,1,1,open,none,safe,civil,0,917.342514,551,preferred,6.0,0,4,1.0454,8
S00872,LGAV,37.846662,24.061346,A321,narrow_body,2436,mechanical,959,normal,1.0,1000.0,959.0,1563.229061,emergency,OJAI,3660,61,asphalt,ILS,1,1,advanced,1,major,1,1,1,1,1,1,1,open,none,safe,civil,0,1283.327011,1224,extended,7.0,0,8,0.7473,6
S00872,LGAV,37.846662,24.061346,A321,narrow_body,2436,mechanical,959,normal,1.0,1000.0,959.0,1563.229061,emergency,DTTA,3200,45,asphalt,RNAV,0,1,basic,1,basic,1,0,1,1,1,1,1,open,none,safe,civil,0,1226.738201,764,extended,8.0,0,7,0.7817,7
S00873,VABB,18.969277,72.733623,A321,narrow_body,2414,medical,771,normal,1.0,1000.0,771.0,1179.680162,emergency,VABB,3509,60,asphalt,ILS,1,1,advanced,1,major,1,1,1,1,1,1,1,open,none,safe,civil,1,19.379353,1095,preferred,1.0,1,1,39.7846,2
S00873,VABB,18.969277,72.733623,A321,narrow_body,2414,medical,771,normal,1.0,1000.0,771.0,1179.680162,emergency,VIDP,4430,60,asphalt,ILS,1,1,advanced,1,major,1,1,1,1,1,1,1,open,none,safe,civil,1,1154.354378,2016,extended,2.0,0,3,0.6679,1
S00873,VABB,18.969277,72.733623,A321,narrow_body,2414,medical,771,normal,1.0,1000.0,771.0,1179.680162,emergency,OPKC,3400,46,concrete,RNAV,0,1,basic,1,basic,1,1,1,1,1,1,1,open,none,caution,civil,0,875.081525,986,extended,3.0,0,2,0.8811,3
S00874,GMMN,32.692538,-7.946608,B777-300ER,wide_body,3216,mechanical,874,low,0.9,1350.0,874.0,1466.505317,emergency,GMMN,3720,45,asphalt,ILS,1,1,advanced,1,major,1,1,1,1,1,1,1,open,none,safe,civil,0,82.086582,504,preferred,1.0,1,1,10.6473,2
S00874,GMMN,32.692538,-7.946608,B777-300ER,wide_body,3216,mechanical,874,low,0.9,1350.0,874.0,1466.505317,emergency,LPPT,3707,45,asphalt,ILS,1,1,advanced,1,major,1,1,1,1,1,1,1,open,none,safe,civil,0,685.476059,491,preferred,2.0,0,2,1.275,3
S00874,GMMN,32.692538,-7.946608,B777-300ER,wide_body,3216,mechanical,874,low,0.9,1350.0,874.0,1466.505317,emergency,LEMD,4350,60,asphalt,ILS,1,1,advanced,1,major,1,1,1,1,1,1,1,open,none,safe,civil,1,950.933604,1134,extended,3.0,0,3,0.9191,1
S00874,GMMN,32.692538,-7.946608,B777-300ER,wide_body,3216,mechanical,874,low,0.9,1350.0,874.0,1466.505317,emergency,DAAG,3500,60,asphalt,RNAV,0,1,basic,1,basic,1,1,1,1,1,1,0,open,none,safe,civil,0,1112.253889,284,extended,4.0,0,4,0.7858,4
S00875,RJAA,35.993328,141.472023,A320,narrow_body,2249,security,1016,normal,1.0,950.0,950.0,1628.756429,aircraft_fuel,RJAA,4000,60,asphalt,ILS,1,1,advanced,1,major,1,1,1,0,1,1,1,open,none,safe,civil,1,100.747919,1751,preferred,1.0,1,1,9.4295,1
S00875,RJAA,35.993328,141.472023,A320,narrow_body,2249,security,1016,normal,1.0,950.0,950.0,1628.756429,aircraft_fuel,RJTT,3360,61,asphalt,ILS,1,1,advanced,1,major,1,1,1,1,1,1,1,open,none,safe,civil,1,159.825104,1111,preferred,2.0,0,2,5.944,3
S00875,RJAA,35.993328,141.472023,A320,narrow_body,2249,security,1016,normal,1.0,950.0,950.0,1628.756429,aircraft_fuel,RKSI,4000,60,asphalt,ILS,1,1,advanced,1,major,1,1,1,1,1,1,1,open,none,safe,civil,1,1347.187184,1751,extended,3.0,0,4,0.7052,1
S00875,RJAA,35.993328,141.472023,A320,narrow_body,2249,security,1016,normal,1.0,950.0,950.0,1628.756429,aircraft_fuel,RJCC,3000,61,asphalt,RNAV,0,1,basic,1,basic,1,1,1,1,1,1,1,open,none,safe,joint,0,754.292789,751,preferred,4.0,0,3,1.2595,4
S00876,UAAA,44.233718,76.378935,A321,narrow_body,2543,weather,1051,low,0.9,900.0,900.0,1443.556474,aircraft_fuel,UAAA,4500,45,asphalt,RNAV,0,1,basic,1,basic,1,1,1,1,1,1,1,open,none,safe,civil,0,111.365338,1957,preferred,1.0,1,1,8.0815,1
S00876,UAAA,44.233718,76.378935,A321,narrow_body,2543,weather,1051,low,0.9,900.0,900.0,1443.556474,aircraft_fuel,UACC,3500,45,asphalt,RNAV,0,1,basic,1,basic,1,1,1,1,1,1,1,open,none,safe,civil,0,839.822583,957,preferred,2.0,0,2,1.0717,2
S00876,UAAA,44.233718,76.378935,A321,narrow_body,2543,weather,1051,low,0.9,900.0,900.0,1443.556474,aircraft_fuel,OPLA,3360,46,concrete,RNAV,0,0,none,1,basic,1,0,1,1,1,1,1,open,none,caution,civil,0,1423.992903,817,extended,3.0,0,3,0.632,3
S00879,ENGM,60.447058,12.196674,A321,narrow_body,2384,technical,547,low,0.9,900.0,547.0,882.65374,emergency,ENGM,3600,45,asphalt,ILS,1,1,advanced,1,major,1,1,1,1,1,1,1,open,none,safe,civil,0,66.599005,1216,preferred,1.0,1,1,8.2133,1
S00879,ENGM,60.447058,12.196674,A321,narrow_body,2384,technical,547,low,0.9,900.0,547.0,882.65374,emergency,ESSA,3301,45,asphalt,ILS,1,1,advanced,1,major,1,1,1,1,1,1,1,open,none,safe,civil,0,330.268348,917,preferred,2.0,0,2,1.6562,3
S00879,ENGM,60.447058,12.196674,A321,narrow_body,2384,technical,547,low,0.9,900.0,547.0,882.65374,emergency,EFHK,3440,60,asphalt,ILS,1,1,advanced,1,major,1,1,1,1,1,1,1,open,none,safe,civil,0,700.613647,1056,extended,3.0,0,3,0.7807,2
S00881,DTTA,37.344074,9.955436,B737-800,narrow_body,2349,operational_constraints,1200,low,0.9,855.0,855.0,1465.641219,aircraft_fuel,DTTA,3200,45,asphalt,RNAV,0,1,basic,1,basic,1,0,1,1,1,1,1,open,none,safe,civil,0,59.891118,851,preferred,1.0,1,1,14.2759,7
S00881,DTTA,37.344074,9.955436,B737-800,narrow_body,2349,operational_constraints,1200,low,0.9,855.0,855.0,1465.641219,aircraft_fuel,LIRF,3902,60,asphalt,ILS,1,1,basic,1,major,1,1,1,1,1,1,1,open,none,safe,civil,1,533.553215,1553,preferred,2.0,0,2,1.6025,5
S00881,DTTA,37.344074,9.955436,B737-800,narrow_body,2349,operational_constraints,1200,low,0.9,855.0,855.0,1465.641219,aircraft_fuel,DAAG,3500,60,asphalt,RNAV,0,1,basic,1,basic,1,1,1,1,1,1,0,open,none,safe,civil,0,602.689473,1151,preferred,3.0,0,3,1.4186,6
S00881,DTTA,37.344074,9.955436,B737-800,narrow_body,2349,operational_constraints,1200,low,0.9,855.0,855.0,1465.641219,aircraft_fuel,LEMD,4350,60,asphalt,ILS,1,1,advanced,1,major,1,1,1,1,1,1,1,open,none,safe,civil,1,1220.152703,2001,extended,4.0,0,4,0.7007,1
S00881,DTTA,37.344074,9.955436,B737-800,narrow_body,2349,operational_constraints,1200,low,0.9,855.0,855.0,1465.641219,aircraft_fuel,LGAV,4000,45,asphalt,ILS,1,1,advanced,1,major,1,1,1,1,1,1,1,open,none,safe,civil,0,1232.351001,1651,extended,5.0,0,5,0.6938,3
S00881,DTTA,37.344074,9.955436,B737-800,narrow_body,2349,operational_constraints,1200,low,0.9,855.0,855.0,1465.641219,aircraft_fuel,EDDF,4000,60,asphalt,ILS,1,1,advanced,1,major,1,1,1,0,1,1,1,open,none,safe,civil,1,1414.643337,1651,extended,6.0,0,6,0.6044,3
S00881,DTTA,37.344074,9.955436,B737-800,narrow_body,2349,operational_constraints,1200,low,0.9,855.0,855.0,1465.641219,aircraft_fuel,LFPG,4215,45,asphalt,ILS,1,1,advanced,1,major,1,1,1,1,1,1,1,open,none,safe,civil,1,1427.524689,1866,extended,7.0,0,7,0.5989,2
S00884,OBBI,26.295718,51.205319,A220-300,narrow_body,2130,fuel,792,critical,0.75,712.5,712.5,1137.820661,aircraft_fuel,OBBI,3956,60,asphalt,ILS,1,1,advanced,1,major,1,1,1,1,1,1,1,open,none,safe,civil,0,56.686087,1826,preferred,1.0,1,1,12.5692,7
S00884,OBBI,26.295718,51.205319,A220-300,narrow_body,2130,fuel,792,critical,0.75,712.5,712.5,1137.820661,aircraft_fuel,OTHH,4850,60,asphalt,ILS,1,1,advanced,1,major,1,1,1,1,1,1,1,open,none,safe,civil,0,120.652331,2720,preferred,2.0,0,2,5.9054,1
S00884,OBBI,26.295718,51.205319,A220-300,narrow_body,2130,fuel,792,critical,0.75,712.5,712.5,1137.820661,aircraft_fuel,OMAA,4106,60,asphalt,ILS,1,1,advanced,1,major,1,1,1,1,1,1,1,open,none,safe,civil,0,402.790167,1976,preferred,3.0,0,3,1.7689,5
S00884,OBBI,26.295718,51.205319,A220-300,narrow_body,2130,fuel,792,critical,0.75,712.5,712.5,1137.820661,aircraft_fuel,OMDB,4447,60,asphalt,ILS,1,1,advanced,1,major,1,1,1,1,1,1,1,open,none,safe,civil,1,433.008885,2317,preferred,4.0,0,4,1.6455,3
S00884,OBBI,26.295718,51.205319,A220-300,narrow_body,2130,fuel,792,critical,0.75,712.5,712.5,1137.820661,aircraft_fuel,OKKK,4580,60,asphalt,ILS,1,1,advanced,1,major,1,1,1,1,1,1,1,open,none,safe,civil,0,455.375277,2450,preferred,5.0,0,5,1.5646,2
S00884,OBBI,26.295718,51.205319,A220-300,narrow_body,2130,fuel,792,critical,0.75,712.5,712.5,1137.820661,aircraft_fuel,OERK,4205,60,asphalt,ILS,1,1,advanced,1,major,1,1,1,1,1,1,1,open,none,safe,civil,0,475.642118,2075,preferred,6.0,0,6,1.498,4
S00884,OBBI,26.295718,51.205319,A220-300,narrow_body,2130,fuel,792,critical,0.75,712.5,712.5,1137.820661,aircraft_fuel,OOMS,4080,45,asphalt,ILS,1,1,advanced,1,major,1,1,1,1,1,1,1,open,none,safe,civil,0,773.996618,1950,extended,7.0,0,7,0.9205,6
S00885,RCTP,24.825296,120.128629,A319,narrow_body,2045,fuel,769,low,0.9,810.0,769.0,1364.52378,emergency,RCTP,3660,60,concrete,ILS,1,1,advanced,1,major,1,1,1,1,1,1,1,open,none,safe,civil,0,114.821587,1615,preferred,1.0,1,1,6.6973,3
S00885,RCTP,24.825296,120.128629,A319,narrow_body,2045,fuel,769,low,0.9,810.0,769.0,1364.52378,emergency,ZSPD,4000,60,concrete,ILS,1,1,advanced,1,major,1,1,1,1,1,1,1,open,none,safe,civil,1,721.532332,1955,preferred,2.0,0,2,1.0658,1
S00885,RCTP,24.825296,120.128629,A319,narrow_body,2045,fuel,769,low,0.9,810.0,769.0,1364.52378,emergency,RPLL,3737,60,concrete,ILS,1,1,basic,1,basic,1,1,1,1,1,1,1,open,none,caution,civil,0,1150.940655,1692,extended,3.0,0,3,0.6681,2
S00887,DNKN,12.319048,9.297711,B767-300ER,wide_body,2995,operational_constraints,695,low,0.9,1125.0,695.0,1138.838604,emergency,DNKN,3200,46,asphalt,RNAV,0,0,none,1,basic,1,0,1,0,0,1,1,open,none,safe,joint,0,89.28427,205,preferred,1.0,1,1,7.7841,3
S00887,DNKN,12.319048,9.297711,B767-300ER,wide_body,2995,operational_constraints,695,low,0.9,1125.0,695.0,1138.838604,emergency,DNAA,3609,60,asphalt,RNAV,0,0,none,1,basic,1,0,1,1,1,1,1,open,none,safe,joint,0,430.188547,614,preferred,2.0,0,2,1.6156,2
S00887,DNKN,12.319048,9.297711,B767-300ER,wide_body,2995,operational_constraints,695,low,0.9,1125.0,695.0,1138.838604,emergency,DNMM,3900,60,asphalt,ILS,1,1,advanced,1,major,1,1,1,1,1,1,1,open,none,caution,civil,0,914.852031,905,extended,3.0,0,3,0.7597,1
S00892,LPPT,38.839247,-8.912424,A350-900,wide_body,2978,security,918,critical,0.75,1125.0,918.0,1678.350091,emergency,LPPT,3707,45,asphalt,ILS,1,1,advanced,1,major,1,1,1,1,1,1,1,open,none,safe,civil,0,20.408853,729,preferred,1.0,1,1,44.9805,5
S00892,LPPT,38.839247,-8.912424,A350-900,wide_body,2978,security,918,critical,0.75,1125.0,918.0,1678.350091,emergency,LEMD,4350,60,asphalt,ILS,1,1,advanced,1,major,1,1,1,1,1,1,1,open,none,safe,civil,1,492.604619,1372,preferred,2.0,0,2,1.8636,1
S00892,LPPT,38.839247,-8.912424,A350-900,wide_body,2978,security,918,critical,0.75,1125.0,918.0,1678.350091,emergency,GMMN,3720,45,asphalt,ILS,1,1,advanced,1,major,1,1,1,1,1,1,1,open,none,safe,civil,0,619.899513,742,preferred,3.0,0,3,1.4809,4
S00892,LPPT,38.839247,-8.912424,A350-900,wide_body,2978,security,918,critical,0.75,1125.0,918.0,1678.350091,emergency,LFPG,4215,45,asphalt,ILS,1,1,advanced,1,major,1,1,1,1,1,1,1,open,none,safe,civil,1,1453.398322,1237,extended,4.0,0,5,0.6316,2
S00892,LPPT,38.839247,-8.912424,A350-900,wide_body,2978,security,918,critical,0.75,1125.0,918.0,1678.350091,emergency,EGLL,3901,50,asphalt,ILS,1,1,advanced,1,major,1,1,1,1,1,1,1,open,none,safe,civil,1,1550.63926,923,extended,5.0,0,7,0.592,3
S00892,LPPT,38.839247,-8.912424,A350-900,wide_body,2978,security,918,critical,0.75,1125.0,918.0,1678.350091,emergency,DAAG,3500,60,asphalt,RNAV,0,1,basic,1,basic,1,1,1,1,1,1,0,open,none,safe,civil,0,1091.437464,522,extended,6.0,0,4,0.8411,6
S00892,LPPT,38.839247,-8.912424,A350-900,wide_body,2978,security,918,critical,0.75,1125.0,918.0,1678.350091,emergency,EGKK,3317,45,asphalt,ILS,1,1,advanced,1,major,1,1,1,1,1,1,1,open,none,safe,civil,1,1528.616457,339,extended,7.0,0,6,0.6005,7
S00892,LPPT,38.839247,-8.912424,A350-900,wide_body,2978,security,918,critical,0.75,1125.0,918.0,1678.350091,emergency,EIDW,3110,45,concrete,ILS,1,1,advanced,1,major,1,1,1,1,1,1,1,open,none,safe,civil,0,1634.782989,132,extended,8.0,0,8,0.5615,8
S00893,OBBI,26.546447,50.460907,A220-300,narrow_body,2119,weather,1140,critical,0.75,712.5,712.5,1105.386899,aircraft_fuel,OBBI,3956,60,asphalt,ILS,1,1,advanced,1,major,1,1,1,1,1,1,1,open,none,safe,civil,0,35.683392,1837,preferred,1.0,1,1,19.9673,7
S00893,OBBI,26.546447,50.460907,A220-300,narrow_body,2119,weather,1140,critical,0.75,712.5,712.5,1105.386899,aircraft_fuel,OTHH,4850,60,asphalt,ILS,1,1,advanced,1,major,1,1,1,1,1,1,1,open,none,safe,civil,0,182.242341,2731,preferred,2.0,0,2,3.9096,1
S00893,OBBI,26.546447,50.460907,A220-300,narrow_body,2119,weather,1140,critical,0.75,712.5,712.5,1105.386899,aircraft_fuel,OKKK,4580,60,asphalt,ILS,1,1,advanced,1,major,1,1,1,1,1,1,1,open,none,safe,civil,0,385.482537,2461,preferred,3.0,0,3,1.8483,2
S00893,OBBI,26.546447,50.460907,A220-300,narrow_body,2119,weather,1140,critical,0.75,712.5,712.5,1105.386899,aircraft_fuel,OERK,4205,60,asphalt,ILS,1,1,advanced,1,major,1,1,1,1,1,1,1,open,none,safe,civil,0,416.11439,2086,preferred,4.0,0,4,1.7123,4
S00893,OBBI,26.546447,50.460907,A220-300,narrow_body,2119,weather,1140,critical,0.75,712.5,712.5,1105.386899,aircraft_fuel,OMAA,4106,60,asphalt,ILS,1,1,advanced,1,major,1,1,1,1,1,1,1,open,none,safe,civil,0,481.122336,1987,preferred,5.0,0,5,1.4809,5
S00893,OBBI,26.546447,50.460907,A220-300,narrow_body,2119,weather,1140,critical,0.75,712.5,712.5,1105.386899,aircraft_fuel,OMDB,4447,60,asphalt,ILS,1,1,advanced,1,major,1,1,1,1,1,1,1,open,none,safe,civil,1,511.826417,2328,preferred,6.0,0,6,1.3921,3
S00893,OBBI,26.546447,50.460907,A220-300,narrow_body,2119,weather,1140,critical,0.75,712.5,712.5,1105.386899,aircraft_fuel,OOMS,4080,45,asphalt,ILS,1,1,advanced,1,major,1,1,1,1,1,1,1,open,none,safe,civil,0,853.192211,1961,extended,7.0,0,7,0.8351,6
S00899,ESSA,59.242834,19.217942,B737-800,narrow_body,2226,operational_constraints,1160,low,0.9,855.0,855.0,1459.522323,aircraft_fuel,ESSA,3301,45,asphalt,ILS,1,1,advanced,1,major,1,1,1,1,1,1,1,open,none,safe,civil,0,85.698048,1075,preferred,1.0,1,1,9.9769,7
S00899,ESSA,59.242834,19.217942,B737-800,narrow_body,2226,operational_constraints,1160,low,0.9,855.0,855.0,1459.522323,aircraft_fuel,EFHK,3440,60,asphalt,ILS,1,1,advanced,1,major,1,1,1,1,1,1,1,open,none,safe,civil,0,342.928226,1214,preferred,2.0,0,2,2.4932,6
S00899,ESSA,59.242834,19.217942,B737-800,narrow_body,2226,operational_constraints,1160,low,0.9,855.0,855.0,1459.522323,aircraft_fuel,ENGM,3600,45,asphalt,ILS,1,1,advanced,1,major,1,1,1,1,1,1,1,open,none,safe,civil,0,466.949584,1374,preferred,3.0,0,3,1.831,5
S00899,ESSA,59.242834,19.217942,B737-800,narrow_body,2226,operational_constraints,1160,low,0.9,855.0,855.0,1459.522323,aircraft_fuel,ULLI,3780,60,concrete,ILS,1,1,advanced,1,major,1,1,1,1,1,1,1,open,none,caution,civil,0,625.248811,1554,preferred,4.0,0,4,1.3675,3
S00899,ESSA,59.242834,19.217942,B737-800,narrow_body,2226,operational_constraints,1160,low,0.9,855.0,855.0,1459.522323,aircraft_fuel,EHAM,3800,60,asphalt,ILS,1,1,advanced,1,major,1,1,1,1,1,1,1,open,none,safe,civil,1,1183.736288,1574,extended,5.0,0,6,0.7223,2
S00899,ESSA,59.242834,19.217942,B737-800,narrow_body,2226,operational_constraints,1160,low,0.9,855.0,855.0,1459.522323,aircraft_fuel,EDDF,4000,60,asphalt,ILS,1,1,advanced,1,major,1,1,1,0,1,1,1,open,none,safe,civil,1,1229.983577,1774,extended,6.0,0,7,0.6951,1
S00899,ESSA,59.242834,19.217942,B737-800,narrow_body,2226,operational_constraints,1160,low,0.9,855.0,855.0,1459.522323,aircraft_fuel,UUEE,3700,60,concrete,ILS,1,1,advanced,1,major,1,1,1,1,1,1,1,open,none,caution,civil,0,1138.655885,1474,extended,7.0,0,5,0.7509,4
S00900,EFHK,59.960046,25.486455,A220-300,narrow_body,2005,mechanical,931,low,0.9,855.0,855.0,1446.800925,aircraft_fuel,EFHK,3440,60,asphalt,ILS,1,1,advanced,1,major,1,1,1,1,1,1,1,open,none,safe,civil,0,49.256413,1435,preferred,1.0,1,1,17.3581,4
S00900,EFHK,59.960046,25.486455,A220-300,narrow_body,2005,mechanical,931,low,0.9,855.0,855.0,1446.800925,aircraft_fuel,ESSA,3301,45,asphalt,ILS,1,1,advanced,1,major,1,1,1,1,1,1,1,open,none,safe,civil,0,423.852657,1296,preferred,2.0,0,3,2.0172,5
S00900,EFHK,59.960046,25.486455,A220-300,narrow_body,2005,mechanical,931,low,0.9,855.0,855.0,1446.800925,aircraft_fuel,ULLI,3780,60,concrete,ILS,1,1,advanced,1,major,1,1,1,1,1,1,1,open,none,caution,civil,0,267.030183,1775,preferred,3.0,0,2,3.2019,1
S00900,EFHK,59.960046,25.486455,A220-300,narrow_body,2005,mechanical,931,low,0.9,855.0,855.0,1446.800925,aircraft_fuel,ENGM,3600,45,asphalt,ILS,1,1,advanced,1,major,1,1,1,1,1,1,1,open,none,safe,civil,0,796.809126,1595,preferred,4.0,0,4,1.073,3
S00900,EFHK,59.960046,25.486455,A220-300,narrow_body,2005,mechanical,931,low,0.9,855.0,855.0,1446.800925,aircraft_fuel,UUEE,3700,60,concrete,ILS,1,1,advanced,1,major,1,1,1,1,1,1,1,open,none,caution,civil,0,829.31385,1695,preferred,5.0,0,5,1.031,2
S00901,ENGM,60.299129,9.594092,B737-800,narrow_body,2210,mechanical,691,low,0.9,855.0,691.0,1187.179528,emergency,ENGM,3600,45,asphalt,ILS,1,1,advanced,1,major,1,1,1,1,1,1,1,open,none,safe,civil,0,83.939635,1390,preferred,1.0,1,1,8.2321,5
S00901,ENGM,60.299129,9.594092,B737-800,narrow_body,2210,mechanical,691,low,0.9,855.0,691.0,1187.179528,emergency,ESSA,3301,45,asphalt,ILS,1,1,advanced,1,major,1,1,1,1,1,1,1,open,none,safe,civil,0,469.038884,1091,preferred,2.0,0,2,1.4732,8
S00901,ENGM,60.299129,9.594092,B737-800,narrow_body,2210,mechanical,691,low,0.9,855.0,691.0,1187.179528,emergency,EHAM,3800,60,asphalt,ILS,1,1,advanced,1,major,1,1,1,1,1,1,1,open,none,safe,civil,1,936.524865,1590,extended,3.0,0,4,0.7378,3
S00901,ENGM,60.299129,9.594092,B737-800,narrow_body,2210,mechanical,691,low,0.9,855.0,691.0,1187.179528,emergency,EDDF,4000,60,asphalt,ILS,1,1,advanced,1,major,1,1,1,0,1,1,1,open,none,safe,civil,1,1144.097838,1790,extended,4.0,0,7,0.604,1
S00901,ENGM,60.299129,9.594092,B737-800,narrow_body,2210,mechanical,691,low,0.9,855.0,691.0,1187.179528,emergency,EGLL,3901,50,asphalt,ILS,1,1,advanced,1,major,1,1,1,1,1,1,1,open,none,safe,civil,1,1162.008469,1691,extended,5.0,0,8,0.5947,2
S00901,ENGM,60.299129,9.594092,B737-800,narrow_body,2210,mechanical,691,low,0.9,855.0,691.0,1187.179528,emergency,EFHK,3440,60,asphalt,ILS,1,1,advanced,1,major,1,1,1,1,1,1,1,open,none,safe,civil,0,844.588938,1230,extended,6.0,0,3,0.8181,6
S00901,ENGM,60.299129,9.594092,B737-800,narrow_body,2210,mechanical,691,low,0.9,855.0,691.0,1187.179528,emergency,EGKK,3317,45,asphalt,ILS,1,1,advanced,1,major,1,1,1,1,1,1,1,open,none,safe,civil,1,1184.807374,1107,extended,7.0,0,9,0.5832,7
S00901,ENGM,60.299129,9.594092,B737-800,narrow_body,2210,mechanical,691,low,0.9,855.0,691.0,1187.179528,emergency,ULLI,3780,60,concrete,ILS,1,1,advanced,1,major,1,1,1,1,1,1,1,open,none,caution,civil,0,1144.012945,1570,extended,8.0,0,6,0.604,4
S00901,ENGM,60.299129,9.594092,B737-800,narrow_body,2210,mechanical,691,low,0.9,855.0,691.0,1187.179528,emergency,EGCC,3048,46,asphalt,ILS,1,1,advanced,1,major,1,1,1,1,1,1,1,open,none,safe,civil,1,1054.282583,838,extended,9.0,0,5,0.6554,9
S00902,OERK,25.261212,47.05631,E190,regional_jet,1876,medical,761,low,0.9,720.0,720.0,1055.973184,aircraft_fuel,OERK,4205,60,asphalt,ILS,1,1,advanced,1,major,1,1,1,1,1,1,1,open,none,safe,civil,0,49.350789,2329,preferred,1.0,1,1,14.5894,4
S00902,OERK,25.261212,47.05631,E190,regional_jet,1876,medical,761,low,0.9,720.0,720.0,1055.973184,aircraft_fuel,OBBI,3956,60,asphalt,ILS,1,1,advanced,1,major,1,1,1,1,1,1,1,open,none,safe,civil,0,375.663406,2080,preferred,2.0,0,2,1.9166,6
S00902,OERK,25.261212,47.05631,E190,regional_jet,1876,medical,761,low,0.9,720.0,720.0,1055.973184,aircraft_fuel,OKKK,4580,60,asphalt,ILS,1,1,advanced,1,major,1,1,1,1,1,1,1,open,none,safe,civil,0,449.847688,2704,preferred,3.0,0,3,1.6005,2
S00902,OERK,25.261212,47.05631,E190,regional_jet,1876,medical,761,low,0.9,720.0,720.0,1055.973184,aircraft_fuel,OTHH,4850,60,asphalt,ILS,1,1,advanced,1,major,1,1,1,1,1,1,1,open,none,safe,civil,0,457.688213,2974,preferred,4.0,0,4,1.5731,1
S00902,OERK,25.261212,47.05631,E190,regional_jet,1876,medical,761,low,0.9,720.0,720.0,1055.973184,aircraft_fuel,OMAA,4106,60,asphalt,ILS,1,1,advanced,1,major,1,1,1,1,1,1,1,open,none,safe,civil,0,771.4168,2230,extended,5.0,0,5,0.9333,5
S00902,OERK,25.261212,47.05631,E190,regional_jet,1876,medical,761,low,0.9,720.0,720.0,1055.973184,aircraft_fuel,OMDB,4447,60,asphalt,ILS,1,1,advanced,1,major,1,1,1,1,1,1,1,open,none,safe,civil,1,836.043722,2571,extended,6.0,0,6,0.8612,3
S00905,ESSA,60.081204,17.279505,A330-300,wide_body,2824,security,606,normal,1.0,1300.0,606.0,1099.400067,emergency,ESSA,3301,45,asphalt,ILS,1,1,advanced,1,major,1,1,1,1,1,1,1,open,none,safe,civil,0,60.240917,477,preferred,1.0,1,1,10.0596,4
S00905,ESSA,60.081204,17.279505,A330-300,wide_body,2824,security,606,normal,1.0,1300.0,606.0,1099.400067,emergency,ENGM,3600,45,asphalt,ILS,1,1,advanced,1,major,1,1,1,1,1,1,1,open,none,safe,civil,0,342.217298,776,preferred,2.0,0,2,1.7708,2
S00905,ESSA,60.081204,17.279505,A330-300,wide_body,2824,security,606,normal,1.0,1300.0,606.0,1099.400067,emergency,EFHK,3440,60,asphalt,ILS,1,1,advanced,1,major,1,1,1,1,1,1,1,open,none,safe,civil,0,425.194942,616,preferred,3.0,0,3,1.4252,3
S00905,ESSA,60.081204,17.279505,A330-300,wide_body,2824,security,606,normal,1.0,1300.0,606.0,1099.400067,emergency,ULLI,3780,60,concrete,ILS,1,1,advanced,1,major,1,1,1,1,1,1,1,open,none,caution,civil,0,722.622421,956,extended,4.0,0,4,0.8386,1
S00906,LTAC,39.886589,32.992219,B737-800,narrow_body,2246,weather,1027,normal,1.0,950.0,950.0,1513.676584,aircraft_fuel,LTAC,3750,45,asphalt,ILS,1,1,advanced,1,major,1,1,1,1,1,1,1,open,none,safe,joint,0,26.856029,1504,preferred,1.0,1,1,35.3738,4
S00906,LTAC,39.886589,32.992219,B737-800,narrow_body,2246,weather,1027,normal,1.0,950.0,950.0,1513.676584,aircraft_fuel,LTFM,4100,60,asphalt,ILS,1,1,advanced,1,major,1,1,1,1,1,1,0,open,none,safe,civil,0,391.432299,1854,preferred,2.0,0,2,2.427,1
S00906,LTAC,39.886589,32.992219,B737-800,narrow_body,2246,weather,1027,normal,1.0,950.0,950.0,1513.676584,aircraft_fuel,LGAV,4000,45,asphalt,ILS,1,1,advanced,1,major,1,1,1,1,1,1,1,open,none,safe,civil,0,811.8952,1754,preferred,3.0,0,4,1.1701,2
S00906,LTAC,39.886589,32.992219,B737-800,narrow_body,2246,weather,1027,normal,1.0,950.0,950.0,1513.676584,aircraft_fuel,OJAI,3660,61,asphalt,ILS,1,1,advanced,1,major,1,1,1,1,1,1,1,open,none,safe,civil,0,947.104959,1414,preferred,4.0,0,5,1.0031,5
S00906,LTAC,39.886589,32.992219,B737-800,narrow_body,2246,weather,1027,normal,1.0,950.0,950.0,1513.676584,aircraft_fuel,LCLK,2987,45,asphalt,ILS,1,0,none,1,basic,1,0,1,1,1,1,1,open,none,safe,civil,0,560.044321,741,preferred,5.0,0,3,1.6963,6
S00906,LTAC,39.886589,32.992219,B737-800,narrow_body,2246,weather,1027,normal,1.0,950.0,950.0,1513.676584,aircraft_fuel,HECA,4000,60,asphalt,ILS,1,1,basic,1,major,1,1,1,1,1,1,1,open,none,safe,civil,0,1096.551345,1754,extended,6.0,0,6,0.8664,2
S00909,OTHH,25.756722,51.799581,E190,regional_jet,1922,medical,966,normal,1.0,800.0,800.0,1247.996992,aircraft_fuel,OTHH,4850,60,asphalt,ILS,1,1,advanced,1,major,1,1,1,1,1,1,1,open,none,safe,civil,0,57.112242,2928,preferred,1.0,1,1,14.0075,1
S00909,OTHH,25.756722,51.799581,E190,regional_jet,1922,medical,966,normal,1.0,800.0,800.0,1247.996992,aircraft_fuel,OBBI,3956,60,asphalt,ILS,1,1,advanced,1,major,1,1,1,1,1,1,1,open,none,safe,civil,0,129.249457,2034,preferred,2.0,0,2,6.1896,7
S00909,OTHH,25.756722,51.799581,E190,regional_jet,1922,medical,966,normal,1.0,800.0,800.0,1247.996992,aircraft_fuel,OMAA,4106,60,asphalt,ILS,1,1,advanced,1,major,1,1,1,1,1,1,1,open,none,safe,civil,0,322.079613,2184,preferred,3.0,0,3,2.4839,5
S00909,OTHH,25.756722,51.799581,E190,regional_jet,1922,medical,966,normal,1.0,800.0,800.0,1247.996992,aircraft_fuel,OMDB,4447,60,asphalt,ILS,1,1,advanced,1,major,1,1,1,1,1,1,1,open,none,safe,civil,1,362.82021,2525,preferred,4.0,0,4,2.2049,3
S00909,OTHH,25.756722,51.799581,E190,regional_jet,1922,medical,966,normal,1.0,800.0,800.0,1247.996992,aircraft_fuel,OERK,4205,60,asphalt,ILS,1,1,advanced,1,major,1,1,1,1,1,1,1,open,none,safe,civil,0,520.14463,2283,preferred,5.0,0,5,1.538,4
S00909,OTHH,25.756722,51.799581,E190,regional_jet,1922,medical,966,normal,1.0,800.0,800.0,1247.996992,aircraft_fuel,OKKK,4580,60,asphalt,ILS,1,1,advanced,1,major,1,1,1,1,1,1,1,open,none,safe,civil,0,539.724879,2658,preferred,6.0,0,6,1.4822,2
S00909,OTHH,25.756722,51.799581,E190,regional_jet,1922,medical,966,normal,1.0,800.0,800.0,1247.996992,aircraft_fuel,OOMS,4080,45,asphalt,ILS,1,1,advanced,1,major,1,1,1,1,1,1,1,open,none,safe,civil,0,697.685315,2158,preferred,7.0,0,7,1.1466,6
S00913,OMDB,24.813256,55.263548,A320,narrow_body,2228,technical,831,critical,0.75,712.5,712.5,1096.699807,aircraft_fuel,OMDB,4447,60,asphalt,ILS,1,1,advanced,1,major,1,1,1,1,1,1,1,open,none,safe,civil,1,49.732773,2219,preferred,1.0,1,1,14.3266,3
S00913,OMDB,24.813256,55.263548,A320,narrow_body,2228,technical,831,critical,0.75,712.5,712.5,1096.699807,aircraft_fuel,OMAA,4106,60,asphalt,ILS,1,1,advanced,1,major,1,1,1,1,1,1,1,open,none,safe,civil,0,74.628663,1878,preferred,2.0,0,2,9.5473,5
S00913,OMDB,24.813256,55.263548,A320,narrow_body,2228,technical,831,critical,0.75,712.5,712.5,1096.699807,aircraft_fuel,OOMS,4080,45,asphalt,ILS,1,1,advanced,1,major,1,1,1,1,1,1,1,open,none,safe,civil,0,334.81286,1852,preferred,3.0,0,3,2.1281,6
S00913,OMDB,24.813256,55.263548,A320,narrow_body,2228,technical,831,critical,0.75,712.5,712.5,1096.699807,aircraft_fuel,OTHH,4850,60,asphalt,ILS,1,1,advanced,1,major,1,1,1,1,1,1,1,open,none,safe,civil,0,371.778894,2622,preferred,4.0,0,4,1.9165,1
S00913,OMDB,24.813256,55.263548,A320,narrow_body,2228,technical,831,critical,0.75,712.5,712.5,1096.699807,aircraft_fuel,OBBI,3956,60,asphalt,ILS,1,1,advanced,1,major,1,1,1,1,1,1,1,open,none,safe,civil,0,491.427873,1728,preferred,5.0,0,5,1.4499,7
S00913,OMDB,24.813256,55.263548,A320,narrow_body,2228,technical,831,critical,0.75,712.5,712.5,1096.699807,aircraft_fuel,OERK,4205,60,asphalt,ILS,1,1,advanced,1,major,1,1,1,1,1,1,1,open,none,safe,civil,0,863.937379,1977,extended,6.0,0,6,0.8247,4
S00913,OMDB,24.813256,55.263548,A320,narrow_body,2228,technical,831,critical,0.75,712.5,712.5,1096.699807,aircraft_fuel,OKKK,4580,60,asphalt,ILS,1,1,advanced,1,major,1,1,1,1,1,1,1,open,none,safe,civil,0,872.93192,2352,extended,7.0,0,7,0.8162,2
S00914,UAAA,43.228708,75.581811,A320,narrow_body,2376,technical,1081,normal,1.0,950.0,950.0,1543.834255,aircraft_fuel,UAAA,4500,45,asphalt,RNAV,0,1,basic,1,basic,1,1,1,1,1,1,1,open,none,safe,civil,0,119.068601,2124,preferred,1.0,1,1,7.9786,1
S00914,UAAA,43.228708,75.581811,A320,narrow_body,2376,technical,1081,normal,1.0,950.0,950.0,1543.834255,aircraft_fuel,UACC,3500,45,asphalt,RNAV,0,1,basic,1,basic,1,1,1,1,1,1,1,open,none,safe,civil,0,920.940093,1124,preferred,2.0,0,2,1.0316,2
S00914,UAAA,43.228708,75.581811,A320,narrow_body,2376,technical,1081,normal,1.0,950.0,950.0,1543.834255,aircraft_fuel,OPLA,3360,46,concrete,RNAV,0,0,none,1,basic,1,0,1,1,1,1,1,open,none,caution,civil,0,1305.887644,984,extended,3.0,0,3,0.7275,3
S00915,LEMD,40.39642,-3.365624,A220-300,narrow_body,2092,medical,720,normal,1.0,950.0,720.0,1187.665971,emergency,LEMD,4350,60,asphalt,ILS,1,1,advanced,1,major,1,1,1,1,1,1,1,open,none,safe,civil,1,20.543493,2258,preferred,1.0,1,1,35.0476,1
S00915,LEMD,40.39642,-3.365624,A220-300,narrow_body,2092,medical,720,normal,1.0,950.0,720.0,1187.665971,emergency,LPPT,3707,45,asphalt,ILS,1,1,advanced,1,major,1,1,1,1,1,1,1,open,none,safe,civil,0,525.940206,1615,preferred,2.0,0,2,1.369,4
S00915,LEMD,40.39642,-3.365624,A220-300,narrow_body,2092,medical,720,normal,1.0,950.0,720.0,1187.665971,emergency,DAAG,3500,60,asphalt,RNAV,0,1,basic,1,basic,1,1,1,1,1,1,0,open,none,safe,civil,0,704.634196,1408,preferred,3.0,0,3,1.0218,5
S00915,LEMD,40.39642,-3.365624,A220-300,narrow_body,2092,medical,720,normal,1.0,950.0,720.0,1187.665971,emergency,GMMN,3720,45,asphalt,ILS,1,1,advanced,1,major,1,1,1,1,1,1,1,open,none,safe,civil,0,866.910981,1628,extended,4.0,0,4,0.8305,3
S00915,LEMD,40.39642,-3.365624,A220-300,narrow_body,2092,medical,720,normal,1.0,950.0,720.0,1187.665971,emergency,LFPG,4215,45,asphalt,ILS,1,1,advanced,1,major,1,1,1,1,1,1,1,open,none,safe,civil,1,1065.036618,2123,extended,5.0,0,5,0.676,2
S00917,RJTT,36.165586,140.012539,A330-300,wide_body,3005,medical,831,normal,1.0,1300.0,831.0,1426.404509,emergency,RJAA,4000,60,asphalt,ILS,1,1,advanced,1,major,1,1,1,0,1,1,1,open,none,safe,civil,1,55.631695,995,preferred,1.0,1,1,14.9375,1
S00917,RJTT,36.165586,140.012539,A330-300,wide_body,3005,medical,831,normal,1.0,1300.0,831.0,1426.404509,emergency,RJTT,3360,61,asphalt,ILS,1,1,advanced,1,major,1,1,1,1,1,1,1,open,none,safe,civil,1,71.439414,355,preferred,2.0,0,2,11.6322,3
S00917,RJTT,36.165586,140.012539,A330-300,wide_body,3005,medical,831,normal,1.0,1300.0,831.0,1426.404509,emergency,RKSI,4000,60,asphalt,ILS,1,1,advanced,1,major,1,1,1,1,1,1,1,open,none,safe,civil,1,1214.801953,995,extended,3.0,0,3,0.6841,1
S00920,DTTA,36.724928,9.977441,A350-900,wide_body,3055,medical,595,normal,1.0,1500.0,595.0,1045.144087,emergency,DTTA,3200,45,asphalt,RNAV,0,1,basic,1,basic,1,0,1,1,1,1,1,open,none,safe,civil,0,26.290747,145,preferred,1.0,1,1,22.6315,3
S00920,DTTA,36.724928,9.977441,A350-900,wide_body,3055,medical,595,normal,1.0,1500.0,595.0,1045.144087,emergency,LIRF,3902,60,asphalt,ILS,1,1,basic,1,major,1,1,1,1,1,1,1,open,none,safe,civil,1,597.742128,847,extended,2.0,0,2,0.9954,1
S00920,DTTA,36.724928,9.977441,A350-900,wide_body,3055,medical,595,normal,1.0,1500.0,595.0,1045.144087,emergency,DAAG,3500,60,asphalt,RNAV,0,1,basic,1,basic,1,1,1,1,1,1,0,open,none,safe,civil,0,602.747229,445,extended,3.0,0,3,0.9871,2
S00922,HELX,25.140899,33.266339,A320,narrow_body,2312,operational_constraints,1184,critical,0.75,712.5,712.5,1281.035758,aircraft_fuel,HECA,4000,60,asphalt,ILS,1,1,basic,1,major,1,1,1,1,1,1,1,open,none,safe,civil,0,582.55935,1688,preferred,1.0,1,2,1.2231,1
S00922,HELX,25.140899,33.266339,A320,narrow_body,2312,operational_constraints,1184,critical,0.75,712.5,712.5,1281.035758,aircraft_fuel,HELX,3000,45,asphalt,RNAV,0,0,none,1,basic,1,0,1,0,0,1,1,open,none,safe,joint,0,81.456802,688,preferred,2.0,0,1,8.747,3
S00922,HELX,25.140899,33.266339,A320,narrow_body,2312,operational_constraints,1184,critical,0.75,712.5,712.5,1281.035758,aircraft_fuel,OJAI,3660,61,asphalt,ILS,1,1,advanced,1,major,1,1,1,1,1,1,1,open,none,safe,civil,0,778.816035,1348,extended,3.0,0,3,0.9149,2
S00922,HELX,25.140899,33.266339,A320,narrow_body,2312,operational_constraints,1184,critical,0.75,712.5,712.5,1281.035758,aircraft_fuel,LCLK,2987,45,asphalt,ILS,1,0,none,1,basic,1,0,1,1,1,1,1,open,none,safe,civil,0,1082.941511,675,extended,4.0,0,4,0.6579,4
S00925,OPLA,31.769394,74.95478,A320,narrow_body,2365,operational_constraints,899,critical,0.75,712.5,712.5,1216.930528,aircraft_fuel,VIDP,4430,60,asphalt,ILS,1,1,advanced,1,major,1,1,1,1,1,1,1,open,none,safe,civil,1,412.338539,2065,preferred,1.0,1,2,1.7279,1
S00925,OPLA,31.769394,74.95478,A320,narrow_body,2365,operational_constraints,899,critical,0.75,712.5,712.5,1216.930528,aircraft_fuel,OPLA,3360,46,concrete,RNAV,0,0,none,1,basic,1,0,1,1,1,1,1,open,none,caution,civil,0,59.003575,995,preferred,2.0,0,1,12.0755,3
S00925,OPLA,31.769394,74.95478,A320,narrow_body,2365,operational_constraints,899,critical,0.75,712.5,712.5,1216.930528,aircraft_fuel,OPKC,3400,46,concrete,RNAV,0,1,basic,1,basic,1,1,1,1,1,1,1,open,none,caution,civil,0,1078.285589,1035,extended,3.0,0,3,0.6608,2
S00925,OPLA,31.769394,74.95478,A320,narrow_body,2365,operational_constraints,899,critical,0.75,712.5,712.5,1216.930528,aircraft_fuel,VNKT,3350,45,asphalt,VOR,0,0,none,0,none,0,0,1,1,1,1,1,open,none,caution,civil,0,1101.264314,985,extended,4.0,0,4,0.647,4
S00927,RJTT,36.057381,139.057232,E190,regional_jet,1894,weather,503,normal,1.0,800.0,503.0,789.741087,emergency,RJTT,3360,61,asphalt,ILS,1,1,advanced,1,major,1,1,1,1,1,1,1,open,none,safe,civil,1,86.704617,1466,preferred,1.0,1,1,5.8013,2
S00927,RJTT,36.057381,139.057232,E190,regional_jet,1894,weather,503,normal,1.0,800.0,503.0,789.741087,emergency,RJAA,4000,60,asphalt,ILS,1,1,advanced,1,major,1,1,1,0,1,1,1,open,none,safe,civil,1,124.134724,2106,preferred,2.0,0,2,4.052,1
S00927,RJTT,36.057381,139.057232,E190,regional_jet,1894,weather,503,normal,1.0,800.0,503.0,789.741087,emergency,RJCC,3000,61,asphalt,RNAV,0,1,basic,1,basic,1,1,1,1,1,1,1,open,none,safe,joint,0,780.321657,1106,extended,3.0,0,3,0.6446,3
S00930,LGAV,37.376358,23.385016,B767-300ER,wide_body,2958,operational_constraints,1118,normal,1.0,1250.0,1118.0,2019.856058,emergency,LGAV,4000,45,asphalt,ILS,1,1,advanced,1,major,1,1,1,1,1,1,1,open,none,safe,civil,0,79.396342,1042,preferred,1.0,1,1,14.0813,2
S00930,LGAV,37.376358,23.385016,B767-300ER,wide_body,2958,operational_constraints,1118,normal,1.0,1250.0,1118.0,2019.856058,emergency,LTFM,4100,60,asphalt,ILS,1,1,advanced,1,major,1,1,1,1,1,1,0,open,none,safe,civil,0,631.784229,1142,preferred,2.0,0,2,1.7696,1
S00930,LGAV,37.376358,23.385016,B767-300ER,wide_body,2958,operational_constraints,1118,normal,1.0,1250.0,1118.0,2019.856058,emergency,HECA,4000,60,asphalt,ILS,1,1,basic,1,major,1,1,1,1,1,1,1,open,none,safe,civil,0,1095.128994,1042,preferred,3.0,0,6,1.0209,2
S00930,LGAV,37.376358,23.385016,B767-300ER,wide_body,2958,operational_constraints,1118,normal,1.0,1250.0,1118.0,2019.856058,emergency,LIRF,3902,60,asphalt,ILS,1,1,basic,1,major,1,1,1,1,1,1,1,open,none,safe,civil,1,1072.367678,944,preferred,4.0,0,5,1.0426,5
S00930,LGAV,37.376358,23.385016,B767-300ER,wide_body,2958,operational_constraints,1118,normal,1.0,1250.0,1118.0,2019.856058,emergency,LTAC,3750,45,asphalt,ILS,1,1,advanced,1,major,1,1,1,1,1,1,1,open,none,safe,joint,0,887.169554,792,preferred,5.0,0,3,1.2602,6
S00930,LGAV,37.376358,23.385016,B767-300ER,wide_body,2958,operational_constraints,1118,normal,1.0,1250.0,1118.0,2019.856058,emergency,EDDF,4000,60,asphalt,ILS,1,1,advanced,1,major,1,1,1,0,1,1,1,open,none,safe,civil,1,1836.801667,1042,extended,6.0,0,11,0.6087,2
S00930,LGAV,37.376358,23.385016,B767-300ER,wide_body,2958,operational_constraints,1118,normal,1.0,1250.0,1118.0,2019.856058,emergency,LCLK,2987,45,asphalt,ILS,1,0,none,1,basic,1,0,1,1,1,1,1,open,none,safe,civil,0,960.239634,29,preferred,7.0,0,4,1.1643,11
S00930,LGAV,37.376358,23.385016,B767-300ER,wide_body,2958,operational_constraints,1118,normal,1.0,1250.0,1118.0,2019.856058,emergency,OJAI,3660,61,asphalt,ILS,1,1,advanced,1,major,1,1,1,1,1,1,1,open,none,safe,civil,0,1313.096554,702,extended,8.0,0,8,0.8514,7
S00930,LGAV,37.376358,23.385016,B767-300ER,wide_body,2958,operational_constraints,1118,normal,1.0,1250.0,1118.0,2019.856058,emergency,DAAG,3500,60,asphalt,RNAV,0,1,basic,1,basic,1,1,1,1,1,1,0,open,none,safe,civil,0,1788.599561,542,extended,9.0,0,10,0.6251,8
S00930,LGAV,37.376358,23.385016,B767-300ER,wide_body,2958,operational_constraints,1118,normal,1.0,1250.0,1118.0,2019.856058,emergency,DTTA,3200,45,asphalt,RNAV,0,1,basic,1,basic,1,0,1,1,1,1,1,open,none,safe,civil,0,1167.235493,242,extended,10.0,0,7,0.9578,9
S00930,LGAV,37.376358,23.385016,B767-300ER,wide_body,2958,operational_constraints,1118,normal,1.0,1250.0,1118.0,2019.856058,emergency,HELX,3000,45,asphalt,RNAV,0,0,none,1,basic,1,0,1,0,0,1,1,open,none,safe,joint,0,1571.143892,42,extended,11.0,0,9,0.7116,10
S00931,OJAI,31.184929,36.295574,A320,narrow_body,2341,security,836,low,0.9,855.0,836.0,1354.149689,emergency,OJAI,3660,61,asphalt,ILS,1,1,advanced,1,major,1,1,1,1,1,1,1,open,none,safe,civil,0,66.310402,1319,preferred,1.0,1,1,12.6074,6
S00931,OJAI,31.184929,36.295574,A320,narrow_body,2341,security,836,low,0.9,855.0,836.0,1354.149689,emergency,HECA,4000,60,asphalt,ILS,1,1,basic,1,major,1,1,1,1,1,1,1,open,none,safe,civil,0,483.549737,1659,preferred,2.0,0,3,1.7289,4
S00931,OJAI,31.184929,36.295574,A320,narrow_body,2341,security,836,low,0.9,855.0,836.0,1354.149689,emergency,LCLK,2987,45,asphalt,ILS,1,0,none,1,basic,1,0,1,1,1,1,1,open,none,safe,civil,0,479.899961,646,preferred,3.0,0,2,1.742,8
S00931,OJAI,31.184929,36.295574,A320,narrow_body,2341,security,836,low,0.9,855.0,836.0,1354.149689,emergency,OKKK,4580,60,asphalt,ILS,1,1,advanced,1,major,1,1,1,1,1,1,1,open,none,safe,civil,0,1142.266035,2239,extended,4.0,0,6,0.7319,1
S00931,OJAI,31.184929,36.295574,A320,narrow_body,2341,security,836,low,0.9,855.0,836.0,1354.149689,emergency,OERK,4205,60,asphalt,ILS,1,1,advanced,1,major,1,1,1,1,1,1,1,open,none,safe,civil,0,1232.389511,1864,extended,5.0,0,7,0.6784,2
S00931,OJAI,31.184929,36.295574,A320,narrow_body,2341,security,836,low,0.9,855.0,836.0,1354.149689,emergency,LTFM,4100,60,asphalt,ILS,1,1,advanced,1,major,1,1,1,1,1,1,0,open,none,safe,civil,0,1309.833947,1759,extended,6.0,0,8,0.6382,3
S00931,OJAI,31.184929,36.295574,A320,narrow_body,2341,security,836,low,0.9,855.0,836.0,1354.149689,emergency,HELX,3000,45,asphalt,RNAV,0,0,none,1,basic,1,0,1,0,0,1,1,open,none,safe,joint,0,706.327062,659,preferred,7.0,0,4,1.1836,7
S00931,OJAI,31.184929,36.295574,A320,narrow_body,2341,security,836,low,0.9,855.0,836.0,1354.149689,emergency,LTAC,3750,45,asphalt,ILS,1,1,advanced,1,major,1,1,1,1,1,1,1,open,none,safe,joint,0,1037.956184,1409,extended,8.0,0,5,0.8054,5
S00932,RKSI,37.653848,127.379766,A330-300,wide_body,2886,weather,873,normal,1.0,1300.0,873.0,1437.423452,emergency,RKSI,4000,60,asphalt,ILS,1,1,advanced,1,major,1,1,1,1,1,1,1,open,none,safe,civil,1,84.403379,1114,preferred,1.0,1,1,10.3432,1
S00932,RKSI,37.653848,127.379766,A330-300,wide_body,2886,weather,873,normal,1.0,1300.0,873.0,1437.423452,emergency,ZSPD,4000,60,concrete,ILS,1,1,advanced,1,major,1,1,1,1,1,1,1,open,none,safe,civil,1,885.971456,1114,extended,2.0,0,2,0.9854,1
S00932,RKSI,37.653848,127.379766,A330-300,wide_body,2886,weather,873,normal,1.0,1300.0,873.0,1437.423452,emergency,RJAA,4000,60,asphalt,ILS,1,1,advanced,1,major,1,1,1,0,1,1,1,open,none,safe,civil,1,1177.40235,1114,extended,3.0,0,5,0.7415,1
S00932,RKSI,37.653848,127.379766,A330-300,wide_body,2886,weather,873,normal,1.0,1300.0,873.0,1437.423452,emergency,ZBAA,3810,60,asphalt,ILS,1,1,advanced,1,major,1,1,1,1,1,1,1,open,none,safe,civil,1,970.978146,924,extended,4.0,0,3,0.8991,4
S00932,RKSI,37.653848,127.379766,A330-300,wide_body,2886,weather,873,normal,1.0,1300.0,873.0,1437.423452,emergency,RJTT,3360,61,asphalt,ILS,1,1,advanced,1,major,1,1,1,1,1,1,1,open,none,safe,civil,1,1131.082351,474,extended,5.0,0,4,0.7718,5
S00932,RKSI,37.653848,127.379766,A330-300,wide_body,2886,weather,873,normal,1.0,1300.0,873.0,1437.423452,emergency,RJCC,3000,61,asphalt,RNAV,0,1,basic,1,basic,1,1,1,1,1,1,1,open,none,safe,joint,0,1339.59942,114,extended,6.0,0,6,0.6517,6
S00933,LEMD,40.302499,-4.325723,A320,narrow_body,2306,security,1003,normal,1.0,950.0,950.0,1629.95104,aircraft_fuel,LEMD,4350,60,asphalt,ILS,1,1,advanced,1,major,1,1,1,1,1,1,1,open,none,safe,civil,1,67.243846,2044,preferred,1.0,1,1,14.1277,1
S00933,LEMD,40.302499,-4.325723,A320,narrow_body,2306,security,1003,normal,1.0,950.0,950.0,1629.95104,aircraft_fuel,LPPT,3707,45,asphalt,ILS,1,1,advanced,1,major,1,1,1,1,1,1,1,open,none,safe,civil,0,445.726122,1401,preferred,2.0,0,2,2.1314,8
S00933,LEMD,40.302499,-4.325723,A320,narrow_body,2306,security,1003,normal,1.0,950.0,950.0,1629.95104,aircraft_fuel,GMMN,3720,45,asphalt,ILS,1,1,advanced,1,major,1,1,1,1,1,1,1,open,none,safe,civil,0,823.869579,1414,preferred,3.0,0,4,1.1531,7
S00933,LEMD,40.302499,-4.325723,A320,narrow_body,2306,security,1003,normal,1.0,950.0,950.0,1629.95104,aircraft_fuel,DAAG,3500,60,asphalt,RNAV,0,1,basic,1,basic,1,1,1,1,1,1,0,open,none,safe,civil,0,768.722406,1194,preferred,4.0,0,3,1.2358,9
S00933,LEMD,40.302499,-4.325723,A320,narrow_body,2306,security,1003,normal,1.0,950.0,950.0,1629.95104,aircraft_fuel,LFPG,4215,45,asphalt,ILS,1,1,advanced,1,major,1,1,1,1,1,1,1,open,none,safe,civil,1,1109.485886,1909,extended,5.0,0,5,0.8563,2
S00933,LEMD,40.302499,-4.325723,A320,narrow_body,2306,security,1003,normal,1.0,950.0,950.0,1629.95104,aircraft_fuel,EGLL,3901,50,asphalt,ILS,1,1,advanced,1,major,1,1,1,1,1,1,1,open,none,safe,civil,1,1276.918036,1595,extended,6.0,0,7,0.744,5
S00933,LEMD,40.302499,-4.325723,A320,narrow_body,2306,security,1003,normal,1.0,950.0,950.0,1629.95104,aircraft_fuel,LIRF,3902,60,asphalt,ILS,1,1,basic,1,major,1,1,1,1,1,1,1,open,none,safe,civil,1,1397.852779,1596,extended,7.0,0,9,0.6796,4
S00933,LEMD,40.302499,-4.325723,A320,narrow_body,2306,security,1003,normal,1.0,950.0,950.0,1629.95104,aircraft_fuel,EDDF,4000,60,asphalt,ILS,1,1,advanced,1,major,1,1,1,0,1,1,1,open,none,safe,civil,1,1475.617552,1694,extended,8.0,0,12,0.6438,3
S00933,LEMD,40.302499,-4.325723,A320,narrow_body,2306,security,1003,normal,1.0,950.0,950.0,1629.95104,aircraft_fuel,EHAM,3800,60,asphalt,ILS,1,1,advanced,1,major,1,1,1,1,1,1,1,open,none,safe,civil,1,1503.854178,1494,extended,9.0,0,13,0.6317,6
S00933,LEMD,40.302499,-4.325723,A320,narrow_body,2306,security,1003,normal,1.0,950.0,950.0,1629.95104,aircraft_fuel,EGKK,3317,45,asphalt,ILS,1,1,advanced,1,major,1,1,1,1,1,1,1,open,none,safe,civil,1,1247.604863,1011,extended,10.0,0,6,0.7615,10
S00933,LEMD,40.302499,-4.325723,A320,narrow_body,2306,security,1003,normal,1.0,950.0,950.0,1629.95104,aircraft_fuel,DTTA,3200,45,asphalt,RNAV,0,1,basic,1,basic,1,0,1,1,1,1,1,open,none,safe,civil,0,1320.205939,894,extended,11.0,0,8,0.7196,11
S00933,LEMD,40.302499,-4.325723,A320,narrow_body,2306,security,1003,normal,1.0,950.0,950.0,1629.95104,aircraft_fuel,EIDW,3110,45,concrete,ILS,1,1,advanced,1,major,1,1,1,1,1,1,1,open,none,safe,civil,0,1466.830224,804,extended,12.0,0,11,0.6477,12
S00933,LEMD,40.302499,-4.325723,A320,narrow_body,2306,security,1003,normal,1.0,950.0,950.0,1629.95104,aircraft_fuel,EGCC,3048,46,asphalt,ILS,1,1,advanced,1,major,1,1,1,1,1,1,1,open,none,safe,civil,1,1459.434801,742,extended,13.0,0,10,0.6509,13
S00934,CYYZ,43.228621,-80.312955,A319,narrow_body,2199,technical,1034,low,0.9,810.0,810.0,1307.875836,aircraft_fuel,CYYZ,3389,61,asphalt,ILS,1,1,advanced,1,major,1,1,1,1,1,1,1,open,none,safe,civil,1,74.285198,1190,preferred,1.0,1,1,10.9039,4
S00934,CYYZ,43.228621,-80.312955,A319,narrow_body,2199,technical,1034,low,0.9,810.0,810.0,1307.875836,aircraft_fuel,KJFK,4423,61,asphalt,ILS,1,1,advanced,1,major,1,1,1,1,1,1,1,open,none,safe,civil,1,612.105522,2224,preferred,2.0,0,2,1.3233,1
S00934,CYYZ,43.228621,-80.312955,A319,narrow_body,2199,technical,1034,low,0.9,810.0,810.0,1307.875836,aircraft_fuel,KORD,3962,46,concrete,ILS,1,1,advanced,1,major,1,1,1,1,1,1,1,open,none,safe,civil,0,636.469225,1763,preferred,3.0,0,3,1.2726,2
S00934,CYYZ,43.228621,-80.312955,A319,narrow_body,2199,technical,1034,low,0.9,810.0,810.0,1307.875836,aircraft_fuel,KATL,3776,46,concrete,ILS,1,1,advanced,1,major,1,1,1,1,1,1,1,open,none,safe,civil,0,1124.79754,1577,extended,4.0,0,4,0.7201,3
S00936,EIDW,53.557125,-6.550397,B737 MAX 8,narrow_body,2403,security,959,normal,1.0,1000.0,959.0,1515.112579,emergency,EIDW,3110,45,concrete,ILS,1,1,advanced,1,major,1,1,1,1,1,1,1,open,none,safe,civil,0,23.823336,707,preferred,1.0,1,1,40.2546,8
S00936,EIDW,53.557125,-6.550397,B737 MAX 8,narrow_body,2403,security,959,normal,1.0,1000.0,959.0,1515.112579,emergency,EGLL,3901,50,asphalt,ILS,1,1,advanced,1,major,1,1,1,1,1,1,1,open,none,safe,civil,1,472.722951,1498,preferred,2.0,0,3,2.0287,4
S00936,EIDW,53.557125,-6.550397,B737 MAX 8,narrow_body,2403,security,959,normal,1.0,1000.0,959.0,1515.112579,emergency,LFPG,4215,45,asphalt,ILS,1,1,advanced,1,major,1,1,1,1,1,1,1,open,none,safe,civil,1,809.332405,1812,preferred,3.0,0,6,1.1849,2
S00936,EIDW,53.557125,-6.550397,B737 MAX 8,narrow_body,2403,security,959,normal,1.0,1000.0,959.0,1515.112579,emergency,EHAM,3800,60,asphalt,ILS,1,1,advanced,1,major,1,1,1,1,1,1,1,open,none,safe,civil,1,770.053692,1397,preferred,4.0,0,5,1.2454,5
S00936,EIDW,53.557125,-6.550397,B737 MAX 8,narrow_body,2403,security,959,normal,1.0,1000.0,959.0,1515.112579,emergency,EGCC,3048,46,asphalt,ILS,1,1,advanced,1,major,1,1,1,1,1,1,1,open,none,safe,civil,1,283.939168,645,preferred,5.0,0,2,3.3775,10
S00936,EIDW,53.557125,-6.550397,B737 MAX 8,narrow_body,2403,security,959,normal,1.0,1000.0,959.0,1515.112579,emergency,EGKK,3317,45,asphalt,ILS,1,1,advanced,1,major,1,1,1,1,1,1,1,open,none,safe,civil,1,508.220649,914,preferred,6.0,0,4,1.887,7
S00936,EIDW,53.557125,-6.550397,B737 MAX 8,narrow_body,2403,security,959,normal,1.0,1000.0,959.0,1515.112579,emergency,EDDF,4000,60,asphalt,ILS,1,1,advanced,1,major,1,1,1,0,1,1,1,open,none,safe,civil,1,1108.161192,1597,extended,7.0,0,7,0.8654,3
S00936,EIDW,53.557125,-6.550397,B737 MAX 8,narrow_body,2403,security,959,normal,1.0,1000.0,959.0,1515.112579,emergency,LEMD,4350,60,asphalt,ILS,1,1,advanced,1,major,1,1,1,1,1,1,1,open,none,safe,civil,1,1469.716905,1947,extended,8.0,0,9,0.6525,1
S00936,EIDW,53.557125,-6.550397,B737 MAX 8,narrow_body,2403,security,959,normal,1.0,1000.0,959.0,1515.112579,emergency,ENGM,3600,45,asphalt,ILS,1,1,advanced,1,major,1,1,1,1,1,1,1,open,none,safe,civil,0,1295.457841,1197,extended,9.0,0,8,0.7403,6
S00936,EIDW,53.557125,-6.550397,B737 MAX 8,narrow_body,2403,security,959,normal,1.0,1000.0,959.0,1515.112579,emergency,BIKF,3065,60,asphalt,RNAV,0,1,basic,1,basic,1,0,1,1,1,1,1,open,none,safe,joint,0,1474.943373,662,extended,10.0,0,10,0.6502,9
S00938,KORD,41.641931,-88.362074,B737-800,narrow_body,2243,technical,1120,normal,1.0,950.0,950.0,1708.706201,aircraft_fuel,KORD,3962,46,concrete,ILS,1,1,advanced,1,major,1,1,1,1,1,1,1,open,none,safe,civil,0,53.270515,1719,preferred,1.0,1,1,17.8335,2
S00938,KORD,41.641931,-88.362074,B737-800,narrow_body,2243,technical,1120,normal,1.0,950.0,950.0,1708.706201,aircraft_fuel,CYYZ,3389,61,asphalt,ILS,1,1,advanced,1,major,1,1,1,1,1,1,1,open,none,safe,civil,1,748.624856,1146,preferred,2.0,0,2,1.269,4
S00938,KORD,41.641931,-88.362074,B737-800,narrow_body,2243,technical,1120,normal,1.0,950.0,950.0,1708.706201,aircraft_fuel,KATL,3776,46,concrete,ILS,1,1,advanced,1,major,1,1,1,1,1,1,1,open,none,safe,civil,0,954.870888,1533,extended,3.0,0,3,0.9949,3
S00938,KORD,41.641931,-88.362074,B737-800,narrow_body,2243,technical,1120,normal,1.0,950.0,950.0,1708.706201,aircraft_fuel,KJFK,4423,61,asphalt,ILS,1,1,advanced,1,major,1,1,1,1,1,1,1,open,none,safe,civil,1,1224.76781,2180,extended,4.0,0,4,0.7757,1
S00939,WSSS,1.592217,104.532042,B737-800,narrow_body,2340,weather,527,normal,1.0,950.0,527.0,903.408708,emergency,WSSS,4000,60,asphalt,ILS,1,1,advanced,1,major,1,1,1,1,1,1,1,open,none,safe,civil,1,65.583497,1660,preferred,1.0,1,1,8.0356,2
S00939,WSSS,1.592217,104.532042,B737-800,narrow_body,2340,weather,527,normal,1.0,950.0,527.0,903.408708,emergency,WMKK,4124,60,asphalt,ILS,1,1,advanced,1,major,1,1,1,1,1,1,1,open,none,safe,civil,0,338.779654,1784,preferred,2.0,0,2,1.5556,1
S00939,WSSS,1.592217,104.532042,B737-800,narrow_body,2340,weather,527,normal,1.0,950.0,527.0,903.408708,emergency,WIMM,3000,60,asphalt,RNAV,1,1,basic,1,basic,1,0,1,1,0,1,1,open,none,safe,civil,0,667.321635,660,extended,3.0,0,3,0.7897,3
S00941,EGKK,51.912425,0.427367,A320,narrow_body,2442,technical,900,normal,1.0,950.0,900.0,1453.781334,emergency,EGLL,3901,50,asphalt,ILS,1,1,advanced,1,major,1,1,1,1,1,1,1,open,none,safe,civil,1,78.436588,1459,preferred,1.0,1,1,11.4742,5
S00941,EGKK,51.912425,0.427367,A320,narrow_body,2442,technical,900,normal,1.0,950.0,900.0,1453.781334,emergency,LFPG,4215,45,asphalt,ILS,1,1,advanced,1,major,1,1,1,1,1,1,1,open,none,safe,civil,1,356.187095,1773,preferred,2.0,0,5,2.5268,2
S00941,EGKK,51.912425,0.427367,A320,narrow_body,2442,technical,900,normal,1.0,950.0,900.0,1453.781334,emergency,EGKK,3317,45,asphalt,ILS,1,1,advanced,1,major,1,1,1,1,1,1,1,open,none,safe,civil,1,94.918401,875,preferred,3.0,0,2,9.4818,8
S00941,EGKK,51.912425,0.427367,A320,narrow_body,2442,technical,900,normal,1.0,950.0,900.0,1453.781334,emergency,EHAM,3800,60,asphalt,ILS,1,1,advanced,1,major,1,1,1,1,1,1,1,open,none,safe,civil,1,299.349741,1358,preferred,4.0,0,4,3.0065,6
S00941,EGKK,51.912425,0.427367,A320,narrow_body,2442,technical,900,normal,1.0,950.0,900.0,1453.781334,emergency,EDDF,4000,60,asphalt,ILS,1,1,advanced,1,major,1,1,1,0,1,1,1,open,none,safe,civil,1,606.335492,1558,preferred,5.0,0,7,1.4843,3
S00941,EGKK,51.912425,0.427367,A320,narrow_body,2442,technical,900,normal,1.0,950.0,900.0,1453.781334,emergency,EGCC,3048,46,asphalt,ILS,1,1,advanced,1,major,1,1,1,1,1,1,1,open,none,safe,civil,1,242.753816,606,preferred,6.0,0,3,3.7075,11
S00941,EGKK,51.912425,0.427367,A320,narrow_body,2442,technical,900,normal,1.0,950.0,900.0,1453.781334,emergency,EIDW,3110,45,concrete,ILS,1,1,advanced,1,major,1,1,1,1,1,1,1,open,none,safe,civil,0,481.314351,668,preferred,7.0,0,6,1.8699,10
S00941,EGKK,51.912425,0.427367,A320,narrow_body,2442,technical,900,normal,1.0,950.0,900.0,1453.781334,emergency,LEMD,4350,60,asphalt,ILS,1,1,advanced,1,major,1,1,1,1,1,1,1,open,none,safe,civil,1,1305.992113,1908,extended,8.0,0,9,0.6891,1
S00941,EGKK,51.912425,0.427367,A320,narrow_body,2442,technical,900,normal,1.0,950.0,900.0,1453.781334,emergency,LIRF,3902,60,asphalt,ILS,1,1,basic,1,major,1,1,1,1,1,1,1,open,none,safe,civil,1,1435.554602,1460,extended,9.0,0,11,0.6269,4
S00941,EGKK,51.912425,0.427367,A320,narrow_body,2442,technical,900,normal,1.0,950.0,900.0,1453.781334,emergency,ENGM,3600,45,asphalt,ILS,1,1,advanced,1,major,1,1,1,1,1,1,1,open,none,safe,civil,0,1131.586075,1158,extended,10.0,0,8,0.7953,7
S00941,EGKK,51.912425,0.427367,A320,narrow_body,2442,technical,900,normal,1.0,950.0,900.0,1453.781334,emergency,ESSA,3301,45,asphalt,ILS,1,1,advanced,1,major,1,1,1,1,1,1,1,open,none,safe,civil,0,1384.816,859,extended,11.0,0,10,0.6499,9
S00943,OPKC,24.703254,66.871726,B747-8,very_large,3538,technical,978,low,0.9,1395.0,978.0,1648.217901,emergency,OOMS,4080,45,asphalt,ILS,1,1,advanced,1,major,1,1,1,1,1,1,1,open,none,safe,civil,0,879.629533,542,preferred,1.0,1,1,1.1118,5
S00943,OPKC,24.703254,66.871726,B747-8,very_large,3538,technical,978,low,0.9,1395.0,978.0,1648.217901,emergency,OTHH,4850,60,asphalt,ILS,1,1,advanced,1,major,1,1,1,1,1,1,1,open,none,safe,civil,0,1538.850502,1312,extended,2.0,0,5,0.6355,1
S00943,OPKC,24.703254,66.871726,B747-8,very_large,3538,technical,978,low,0.9,1395.0,978.0,1648.217901,emergency,VIDP,4430,60,asphalt,ILS,1,1,advanced,1,major,1,1,1,1,1,1,1,open,none,safe,civil,1,1102.24553,892,extended,3.0,0,2,0.8873,3
S00943,OPKC,24.703254,66.871726,B747-8,very_large,3538,technical,978,low,0.9,1395.0,978.0,1648.217901,emergency,OMDB,4447,60,asphalt,ILS,1,1,advanced,1,major,1,1,1,1,1,1,1,open,none,safe,civil,1,1160.465863,909,extended,4.0,0,3,0.8428,2
S00943,OPKC,24.703254,66.871726,B747-8,very_large,3538,technical,978,low,0.9,1395.0,978.0,1648.217901,emergency,OMAA,4106,60,asphalt,ILS,1,1,advanced,1,major,1,1,1,1,1,1,1,open,none,safe,civil,0,1235.934396,568,extended,5.0,0,4,0.7913,4
S00943,OPKC,24.703254,66.871726,B747-8,very_large,3538,technical,978,low,0.9,1395.0,978.0,1648.217901,emergency,OBBI,3956,60,asphalt,ILS,1,1,advanced,1,major,1,1,1,1,1,1,1,open,none,safe,civil,0,1637.659494,418,extended,6.0,0,6,0.5972,6
S00944,DNMM,7.32664,3.198368,A320,narrow_body,2432,weather,618,low,0.9,855.0,618.0,997.222949,emergency,DNMM,3900,60,asphalt,ILS,1,1,advanced,1,major,1,1,1,1,1,1,1,open,none,caution,civil,0,84.410228,1468,preferred,1.0,1,1,7.3214,1
S00944,DNMM,7.32664,3.198368,A320,narrow_body,2432,weather,618,low,0.9,855.0,618.0,997.222949,emergency,DGAA,3403,61,asphalt,RNAV,0,0,none,1,basic,1,0,1,1,1,1,0,open,none,safe,civil,0,418.174667,971,preferred,2.0,0,2,1.4779,3
S00944,DNMM,7.32664,3.198368,A320,narrow_body,2432,weather,618,low,0.9,855.0,618.0,997.222949,emergency,DNAA,3609,60,asphalt,RNAV,0,0,none,1,basic,1,0,1,1,1,1,1,open,none,safe,joint,0,484.824356,1177,preferred,3.0,0,3,1.2747,2
S00944,DNMM,7.32664,3.198368,A320,narrow_body,2432,weather,618,low,0.9,855.0,618.0,997.222949,emergency,DNKN,3200,46,asphalt,RNAV,0,0,none,1,basic,1,0,1,0,0,1,1,open,none,safe,joint,0,784.973626,768,extended,4.0,0,4,0.7873,4
S00948,DNAA,9.746942,7.535214,B737 MAX 8,narrow_body,2378,fuel,785,low,0.9,900.0,785.0,1256.234055,emergency,DNAA,3609,60,asphalt,RNAV,0,0,none,1,basic,1,0,1,1,1,1,1,open,none,safe,joint,0,87.5456,1231,preferred,1.0,1,1,8.9668,2
S00948,DNAA,9.746942,7.535214,B737 MAX 8,narrow_body,2378,fuel,785,low,0.9,900.0,785.0,1256.234055,emergency,DNMM,3900,60,asphalt,ILS,1,1,advanced,1,major,1,1,1,1,1,1,1,open,none,caution,civil,0,582.491792,1522,preferred,2.0,0,3,1.3477,1
S00948,DNAA,9.746942,7.535214,B737 MAX 8,narrow_body,2378,fuel,785,low,0.9,900.0,785.0,1256.234055,emergency,DNKN,3200,46,asphalt,RNAV,0,0,none,1,basic,1,0,1,0,0,1,1,open,none,safe,joint,0,277.694131,822,preferred,3.0,0,2,2.8269,4
S00948,DNAA,9.746942,7.535214,B737 MAX 8,narrow_body,2378,fuel,785,low,0.9,900.0,785.0,1256.234055,emergency,DGAA,3403,61,asphalt,RNAV,0,0,none,1,basic,1,0,1,1,1,1,0,open,none,safe,civil,0,965.46532,1025,extended,4.0,0,4,0.8131,3
S00949,CYYZ,43.439036,-78.961981,A380-800,very_large,3640,fuel,727,critical,0.75,1200.0,727.0,1377.296726,emergency,KJFK,4423,61,asphalt,ILS,1,1,advanced,1,major,1,1,1,1,1,1,1,open,none,safe,civil,1,529.065333,783,preferred,1.0,1,1,1.3741,1
S00949,CYYZ,43.439036,-78.961981,A380-800,very_large,3640,fuel,727,critical,0.75,1200.0,727.0,1377.296726,emergency,KORD,3962,46,concrete,ILS,1,1,advanced,1,major,1,1,1,1,1,1,1,open,none,safe,civil,0,748.118304,322,extended,2.0,0,2,0.9718,2
S00949,CYYZ,43.439036,-78.961981,A380-800,very_large,3640,fuel,727,critical,0.75,1200.0,727.0,1377.296726,emergency,KATL,3776,46,concrete,ILS,1,1,advanced,1,major,1,1,1,1,1,1,1,open,none,safe,civil,0,1188.440765,136,extended,3.0,0,3,0.6117,3
S00950,DNKN,11.994238,8.226655,B737 MAX 8,narrow_body,2412,fuel,588,low,0.9,900.0,588.0,948.733472,emergency,DNKN,3200,46,asphalt,RNAV,0,0,none,1,basic,1,0,1,0,0,1,1,open,none,safe,joint,0,32.944409,788,preferred,1.0,1,1,17.8482,3
S00950,DNKN,11.994238,8.226655,B737 MAX 8,narrow_body,2412,fuel,588,low,0.9,900.0,588.0,948.733472,emergency,DNAA,3609,60,asphalt,RNAV,0,0,none,1,basic,1,0,1,1,1,1,1,open,none,safe,joint,0,348.487316,1197,preferred,2.0,0,2,1.6873,2
S00950,DNKN,11.994238,8.226655,B737 MAX 8,narrow_body,2412,fuel,588,low,0.9,900.0,588.0,948.733472,emergency,DNMM,3900,60,asphalt,ILS,1,1,advanced,1,major,1,1,1,1,1,1,1,open,none,caution,civil,0,807.680608,1488,extended,3.0,0,3,0.728,1
S00952,WMKK,2.024757,101.414777,E175,regional_jet,1783,medical,847,normal,1.0,750.0,750.0,1115.73918,aircraft_fuel,WMKK,4124,60,asphalt,ILS,1,1,advanced,1,major,1,1,1,1,1,1,1,open,none,safe,civil,0,86.602912,2341,preferred,1.0,1,1,8.6602,1
S00952,WMKK,2.024757,101.414777,E175,regional_jet,1783,medical,847,normal,1.0,750.0,750.0,1115.73918,aircraft_fuel,WSSS,4000,60,asphalt,ILS,1,1,advanced,1,major,1,1,1,1,1,1,1,open,none,safe,civil,1,296.321455,2217,preferred,2.0,0,2,2.531,2
S00952,WMKK,2.024757,101.414777,E175,regional_jet,1783,medical,847,normal,1.0,750.0,750.0,1115.73918,aircraft_fuel,WIMM,3000,60,asphalt,RNAV,1,1,basic,1,basic,1,0,1,1,0,1,1,open,none,safe,civil,0,333.522827,1217,preferred,3.0,0,3,2.2487,3
S00953,LCLK,34.769276,31.955681,A330-300,wide_body,2949,technical,422,normal,1.0,1300.0,422.0,779.041722,emergency,LCLK,2987,45,asphalt,ILS,1,0,none,1,basic,1,0,1,1,1,1,1,open,none,safe,civil,0,152.823359,38,preferred,1.0,1,1,2.7614,5
S00953,LCLK,34.769276,31.955681,A330-300,wide_body,2949,technical,422,normal,1.0,1300.0,422.0,779.041722,emergency,HECA,4000,60,asphalt,ILS,1,1,basic,1,major,1,1,1,1,1,1,1,open,none,safe,civil,0,520.563814,1051,extended,2.0,0,3,0.8107,2
S00953,LCLK,34.769276,31.955681,A330-300,wide_body,2949,technical,422,normal,1.0,1300.0,422.0,779.041722,emergency,LTFM,4100,60,asphalt,ILS,1,1,advanced,1,major,1,1,1,1,1,1,0,open,none,safe,civil,0,776.385718,1151,extended,3.0,0,5,0.5435,1
S00953,LCLK,34.769276,31.955681,A330-300,wide_body,2949,technical,422,normal,1.0,1300.0,422.0,779.041722,emergency,OJAI,3660,61,asphalt,ILS,1,1,advanced,1,major,1,1,1,1,1,1,1,open,none,safe,civil,0,505.620373,711,extended,4.0,0,2,0.8346,4
S00953,LCLK,34.769276,31.955681,A330-300,wide_body,2949,technical,422,normal,1.0,1300.0,422.0,779.041722,emergency,LTAC,3750,45,asphalt,ILS,1,1,advanced,1,major,1,1,1,1,1,1,1,open,none,safe,joint,0,602.883352,801,extended,5.0,0,4,0.7,3
S00954,OOMS,23.214527,57.965814,B737 MAX 8,narrow_body,2358,technical,918,low,0.9,900.0,900.0,1542.113235,aircraft_fuel,OOMS,4080,45,asphalt,ILS,1,1,advanced,1,major,1,1,1,1,1,1,1,open,none,safe,civil,0,53.869572,1722,preferred,1.0,1,1,16.707,6
S00954,OOMS,23.214527,57.965814,B737 MAX 8,narrow_body,2358,technical,918,low,0.9,900.0,900.0,1542.113235,aircraft_fuel,OMDB,4447,60,asphalt,ILS,1,1,advanced,1,major,1,1,1,1,1,1,1,open,none,safe,civil,1,347.028874,2089,preferred,2.0,0,2,2.5934,3
S00954,OOMS,23.214527,57.965814,B737 MAX 8,narrow_body,2358,technical,918,low,0.9,900.0,900.0,1542.113235,aircraft_fuel,OMAA,4106,60,asphalt,ILS,1,1,advanced,1,major,1,1,1,1,1,1,1,open,none,safe,civil,0,363.857909,1748,preferred,3.0,0,3,2.4735,5
S00954,OOMS,23.214527,57.965814,B737 MAX 8,narrow_body,2358,technical,918,low,0.9,900.0,900.0,1542.113235,aircraft_fuel,OTHH,4850,60,asphalt,ILS,1,1,advanced,1,major,1,1,1,1,1,1,1,open,none,safe,civil,0,683.931428,2492,preferred,4.0,0,4,1.3159,1
S00954,OOMS,23.214527,57.965814,B737 MAX 8,narrow_body,2358,technical,918,low,0.9,900.0,900.0,1542.113235,aircraft_fuel,OBBI,3956,60,asphalt,ILS,1,1,advanced,1,major,1,1,1,1,1,1,1,open,none,safe,civil,0,813.98603,1598,preferred,5.0,0,5,1.1057,7
S00954,OOMS,23.214527,57.965814,B737 MAX 8,narrow_body,2358,technical,918,low,0.9,900.0,900.0,1542.113235,aircraft_fuel,OERK,4205,60,asphalt,ILS,1,1,advanced,1,major,1,1,1,1,1,1,1,open,none,safe,civil,0,1159.687931,1847,extended,6.0,0,7,0.7761,4
S00954,OOMS,23.214527,57.965814,B737 MAX 8,narrow_body,2358,technical,918,low,0.9,900.0,900.0,1542.113235,aircraft_fuel,OKKK,4580,60,asphalt,ILS,1,1,advanced,1,major,1,1,1,1,1,1,1,open,none,safe,civil,0,1199.504752,2222,extended,7.0,0,8,0.7503,2
S00954,OOMS,23.214527,57.965814,B737 MAX 8,narrow_body,2358,technical,918,low,0.9,900.0,900.0,1542.113235,aircraft_fuel,OPKC,3400,46,concrete,RNAV,0,1,basic,1,basic,1,1,1,1,1,1,1,open,none,caution,civil,0,952.152921,1042,extended,8.0,0,6,0.9452,8
S00955,LGAV,38.798891,23.914277,A320,narrow_body,2412,fuel,861,normal,1.0,950.0,861.0,1480.329581,emergency,LGAV,4000,45,asphalt,ILS,1,1,advanced,1,major,1,1,1,1,1,1,1,open,none,safe,civil,0,95.940699,1588,preferred,1.0,1,1,8.9743,2
S00955,LGAV,38.798891,23.914277,A320,narrow_body,2412,fuel,861,normal,1.0,950.0,861.0,1480.329581,emergency,LTFM,4100,60,asphalt,ILS,1,1,advanced,1,major,1,1,1,1,1,1,0,open,none,safe,civil,0,493.874203,1688,preferred,2.0,0,2,1.7434,1
S00955,LGAV,38.798891,23.914277,A320,narrow_body,2412,fuel,861,normal,1.0,950.0,861.0,1480.329581,emergency,LTAC,3750,45,asphalt,ILS,1,1,advanced,1,major,1,1,1,1,1,1,1,open,none,safe,joint,0,793.061541,1338,preferred,3.0,0,3,1.0857,5
S00955,LGAV,38.798891,23.914277,A320,narrow_body,2412,fuel,861,normal,1.0,950.0,861.0,1480.329581,emergency,LIRF,3902,60,asphalt,ILS,1,1,basic,1,major,1,1,1,1,1,1,1,open,none,safe,civil,1,1042.919206,1490,extended,4.0,0,5,0.8256,4
S00955,LGAV,38.798891,23.914277,A320,narrow_body,2412,fuel,861,normal,1.0,950.0,861.0,1480.329581,emergency,HECA,4000,60,asphalt,ILS,1,1,basic,1,major,1,1,1,1,1,1,1,open,none,safe,civil,0,1183.809194,1588,extended,5.0,0,6,0.7273,2
S00955,LGAV,38.798891,23.914277,A320,narrow_body,2412,fuel,861,normal,1.0,950.0,861.0,1480.329581,emergency,OJAI,3660,61,asphalt,ILS,1,1,advanced,1,major,1,1,1,1,1,1,1,open,none,safe,civil,0,1347.798447,1248,extended,6.0,0,8,0.6388,6
S00955,LGAV,38.798891,23.914277,A320,narrow_body,2412,fuel,861,normal,1.0,950.0,861.0,1480.329581,emergency,DTTA,3200,45,asphalt,RNAV,0,1,basic,1,basic,1,0,1,1,1,1,1,open,none,safe,civil,0,1220.291906,788,extended,7.0,0,7,0.7056,7
S00955,LGAV,38.798891,23.914277,A320,narrow_body,2412,fuel,861,normal,1.0,950.0,861.0,1480.329581,emergency,LCLK,2987,45,asphalt,ILS,1,0,none,1,basic,1,0,1,1,1,1,1,open,none,safe,civil,0,967.346481,575,extended,8.0,0,4,0.8901,8
S00957,EHAM,52.595225,4.322539,A321,narrow_body,2388,mechanical,849,normal,1.0,1000.0,849.0,1487.966147,emergency,EHAM,3800,60,asphalt,ILS,1,1,advanced,1,major,1,1,1,1,1,1,1,open,none,safe,civil,1,43.706496,1412,preferred,1.0,1,1,19.425,6
S00957,EHAM,52.595225,4.322539,A321,narrow_body,2388,mechanical,849,normal,1.0,1000.0,849.0,1487.966147,emergency,EGLL,3901,50,asphalt,ILS,1,1,advanced,1,major,1,1,1,1,1,1,1,open,none,safe,civil,1,350.153016,1513,preferred,2.0,0,3,2.4247,5
S00957,EHAM,52.595225,4.322539,A321,narrow_body,2388,mechanical,849,normal,1.0,1000.0,849.0,1487.966147,emergency,EDDF,4000,60,asphalt,ILS,1,1,advanced,1,major,1,1,1,0,1,1,1,open,none,safe,civil,1,410.057598,1612,preferred,3.0,0,4,2.0704,3
S00957,EHAM,52.595225,4.322539,A321,narrow_body,2388,mechanical,849,normal,1.0,1000.0,849.0,1487.966147,emergency,LFPG,4215,45,asphalt,ILS,1,1,advanced,1,major,1,1,1,1,1,1,1,open,none,safe,civil,1,417.656764,1827,preferred,4.0,0,5,2.0328,2
S00957,EHAM,52.595225,4.322539,A321,narrow_body,2388,mechanical,849,normal,1.0,1000.0,849.0,1487.966147,emergency,EGKK,3317,45,asphalt,ILS,1,1,advanced,1,major,1,1,1,1,1,1,1,open,none,safe,civil,1,348.721734,929,preferred,5.0,0,2,2.4346,8
S00957,EHAM,52.595225,4.322539,A321,narrow_body,2388,mechanical,849,normal,1.0,1000.0,849.0,1487.966147,emergency,EGCC,3048,46,asphalt,ILS,1,1,advanced,1,major,1,1,1,1,1,1,1,open,none,safe,civil,1,449.563899,660,preferred,6.0,0,6,1.8885,11
S00957,EHAM,52.595225,4.322539,A321,narrow_body,2388,mechanical,849,normal,1.0,1000.0,849.0,1487.966147,emergency,EIDW,3110,45,concrete,ILS,1,1,advanced,1,major,1,1,1,1,1,1,1,open,none,safe,civil,0,713.478879,722,preferred,7.0,0,7,1.1899,10
S00957,EHAM,52.595225,4.322539,A321,narrow_body,2388,mechanical,849,normal,1.0,1000.0,849.0,1487.966147,emergency,LIRF,3902,60,asphalt,ILS,1,1,basic,1,major,1,1,1,1,1,1,1,open,none,safe,civil,1,1339.212112,1514,extended,8.0,0,10,0.634,4
S00957,EHAM,52.595225,4.322539,A321,narrow_body,2388,mechanical,849,normal,1.0,1000.0,849.0,1487.966147,emergency,LEMD,4350,60,asphalt,ILS,1,1,advanced,1,major,1,1,1,1,1,1,1,open,none,safe,civil,1,1472.805483,1962,extended,9.0,0,11,0.5765,1
S00957,EHAM,52.595225,4.322539,A321,narrow_body,2388,mechanical,849,normal,1.0,1000.0,849.0,1487.966147,emergency,ENGM,3600,45,asphalt,ILS,1,1,advanced,1,major,1,1,1,1,1,1,1,open,none,safe,civil,0,941.159877,1212,extended,10.0,0,8,0.9021,7
S00957,EHAM,52.595225,4.322539,A321,narrow_body,2388,mechanical,849,normal,1.0,1000.0,849.0,1487.966147,emergency,ESSA,3301,45,asphalt,ILS,1,1,advanced,1,major,1,1,1,1,1,1,1,open,none,safe,civil,0,1147.689102,913,extended,11.0,0,9,0.7397,9
S00958,LEMD,40.124073,-1.916995,E190,regional_jet,1934,weather,1291,normal,1.0,800.0,800.0,1279.79036,aircraft_fuel,LEMD,4350,60,asphalt,ILS,1,1,advanced,1,major,1,1,1,1,1,1,1,open,none,safe,civil,1,146.237604,2416,preferred,1.0,1,1,5.4705,1
S00958,LEMD,40.124073,-1.916995,E190,regional_jet,1934,weather,1291,normal,1.0,800.0,800.0,1279.79036,aircraft_fuel,DAAG,3500,60,asphalt,RNAV,0,1,basic,1,basic,1,1,1,1,1,1,0,open,none,safe,civil,0,587.514076,1566,preferred,2.0,0,2,1.3617,7
S00958,LEMD,40.124073,-1.916995,E190,regional_jet,1934,weather,1291,normal,1.0,800.0,800.0,1279.79036,aircraft_fuel,LPPT,3707,45,asphalt,ILS,1,1,advanced,1,major,1,1,1,1,1,1,1,open,none,safe,civil,0,637.338019,1773,preferred,3.0,0,3,1.2552,6
S00958,LEMD,40.124073,-1.916995,E190,regional_jet,1934,weather,1291,normal,1.0,800.0,800.0,1279.79036,aircraft_fuel,GMMN,3720,45,asphalt,ILS,1,1,advanced,1,major,1,1,1,1,1,1,1,open,none,safe,civil,0,905.026697,1786,extended,4.0,0,4,0.884,5
S00958,LEMD,40.124073,-1.916995,E190,regional_jet,1934,weather,1291,normal,1.0,800.0,800.0,1279.79036,aircraft_fuel,LFPG,4215,45,asphalt,ILS,1,1,advanced,1,major,1,1,1,1,1,1,1,open,none,safe,civil,1,1049.044459,2281,extended,5.0,0,5,0.7626,2
S00958,LEMD,40.124073,-1.916995,E190,regional_jet,1934,weather,1291,normal,1.0,800.0,800.0,1279.79036,aircraft_fuel,LIRF,3902,60,asphalt,ILS,1,1,basic,1,major,1,1,1,1,1,1,1,open,none,safe,civil,1,1202.86003,1968,extended,6.0,0,7,0.6651,3
S00958,LEMD,40.124073,-1.916995,E190,regional_jet,1934,weather,1291,normal,1.0,800.0,800.0,1279.79036,aircraft_fuel,EGLL,3901,50,asphalt,ILS,1,1,advanced,1,major,1,1,1,1,1,1,1,open,none,safe,civil,1,1266.670322,1967,extended,7.0,0,9,0.6316,4
S00958,LEMD,40.124073,-1.916995,E190,regional_jet,1934,weather,1291,normal,1.0,800.0,800.0,1279.79036,aircraft_fuel,EGKK,3317,45,asphalt,ILS,1,1,advanced,1,major,1,1,1,1,1,1,1,open,none,safe,civil,1,1233.160767,1383,extended,8.0,0,8,0.6487,8
S00958,LEMD,40.124073,-1.916995,E190,regional_jet,1934,weather,1291,normal,1.0,800.0,800.0,1279.79036,aircraft_fuel,DTTA,3200,45,asphalt,RNAV,0,1,basic,1,basic,1,0,1,1,1,1,1,open,none,safe,civil,0,1116.7787,1266,extended,9.0,0,6,0.7163,9
S00959,OTHH,25.30981,51.281894,E190,regional_jet,1828,mechanical,739,low,0.9,720.0,720.0,1090.719132,aircraft_fuel,OTHH,4850,60,asphalt,ILS,1,1,advanced,1,major,1,1,1,1,1,1,1,open,none,safe,civil,0,33.044873,3022,preferred,1.0,1,1,21.7886,1
S00959,OTHH,25.30981,51.281894,E190,regional_jet,1828,mechanical,739,low,0.9,720.0,720.0,1090.719132,aircraft_fuel,OBBI,3956,60,asphalt,ILS,1,1,advanced,1,major,1,1,1,1,1,1,1,open,none,safe,civil,0,124.482108,2128,preferred,2.0,0,2,5.784,7
S00959,OTHH,25.30981,51.281894,E190,regional_jet,1828,mechanical,739,low,0.9,720.0,720.0,1090.719132,aircraft_fuel,OMAA,4106,60,asphalt,ILS,1,1,advanced,1,major,1,1,1,1,1,1,1,open,none,safe,civil,0,353.151317,2278,preferred,3.0,0,3,2.0388,5
S00959,OTHH,25.30981,51.281894,E190,regional_jet,1828,mechanical,739,low,0.9,720.0,720.0,1090.719132,aircraft_fuel,OMDB,4447,60,asphalt,ILS,1,1,advanced,1,major,1,1,1,1,1,1,1,open,none,safe,civil,1,411.181236,2619,preferred,4.0,0,4,1.7511,3
S00959,OTHH,25.30981,51.281894,E190,regional_jet,1828,mechanical,739,low,0.9,720.0,720.0,1090.719132,aircraft_fuel,OERK,4205,60,asphalt,ILS,1,1,advanced,1,major,1,1,1,1,1,1,1,open,none,safe,civil,0,463.001874,2377,preferred,5.0,0,5,1.5551,4
S00959,OTHH,25.30981,51.281894,E190,regional_jet,1828,mechanical,739,low,0.9,720.0,720.0,1090.719132,aircraft_fuel,OKKK,4580,60,asphalt,ILS,1,1,advanced,1,major,1,1,1,1,1,1,1,open,none,safe,civil,0,544.57727,2752,preferred,6.0,0,6,1.3221,2
S00959,OTHH,25.30981,51.281894,E190,regional_jet,1828,mechanical,739,low,0.9,720.0,720.0,1090.719132,aircraft_fuel,OOMS,4080,45,asphalt,ILS,1,1,advanced,1,major,1,1,1,1,1,1,1,open,none,safe,civil,0,733.808567,2252,extended,7.0,0,7,0.9812,6
S00961,DAAG,36.859357,1.662115,B767-300ER,wide_body,2951,security,746,low,0.9,1125.0,746.0,1131.525732,emergency,LEMD,4350,60,asphalt,ILS,1,1,advanced,1,major,1,1,1,1,1,1,1,open,none,safe,civil,1,607.862387,1399,preferred,1.0,1,2,1.2273,1
S00961,DAAG,36.859357,1.662115,B767-300ER,wide_body,2951,security,746,low,0.9,1125.0,746.0,1131.525732,emergency,DAAG,3500,60,asphalt,RNAV,0,1,basic,1,basic,1,1,1,1,1,1,0,open,none,safe,civil,0,139.482308,549,preferred,2.0,0,1,5.3483,5
S00961,DAAG,36.859357,1.662115,B767-300ER,wide_body,2951,security,746,low,0.9,1125.0,746.0,1131.525732,emergency,LIRF,3902,60,asphalt,ILS,1,1,basic,1,major,1,1,1,1,1,1,1,open,none,safe,civil,1,1062.752443,951,extended,3.0,0,6,0.702,2
S00961,DAAG,36.859357,1.662115,B767-300ER,wide_body,2951,security,746,low,0.9,1125.0,746.0,1131.525732,emergency,GMMN,3720,45,asphalt,ILS,1,1,advanced,1,major,1,1,1,1,1,1,1,open,none,safe,civil,0,926.245082,769,extended,4.0,0,4,0.8054,3
S00961,DAAG,36.859357,1.662115,B767-300ER,wide_body,2951,security,746,low,0.9,1125.0,746.0,1131.525732,emergency,LPPT,3707,45,asphalt,ILS,1,1,advanced,1,major,1,1,1,1,1,1,1,open,none,safe,civil,0,971.608362,756,extended,5.0,0,5,0.7678,4
S00961,DAAG,36.859357,1.662115,B767-300ER,wide_body,2951,security,746,low,0.9,1125.0,746.0,1131.525732,emergency,DTTA,3200,45,asphalt,RNAV,0,1,basic,1,basic,1,0,1,1,1,1,1,open,none,safe,civil,0,761.806918,249,extended,6.0,0,3,0.9793,6
S00965,LTFM,41.205466,29.309172,B787-9,wide_body,2771,weather,1260,low,0.9,1260.0,1260.0,2345.096163,aircraft_fuel,LTFM,4100,60,asphalt,ILS,1,1,advanced,1,major,1,1,1,1,1,1,0,open,none,safe,civil,0,48.861194,1329,preferred,1.0,1,1,25.7873,3
S00965,LTFM,41.205466,29.309172,B787-9,wide_body,2771,weather,1260,low,0.9,1260.0,1260.0,2345.096163,aircraft_fuel,LGAV,4000,45,asphalt,ILS,1,1,advanced,1,major,1,1,1,1,1,1,1,open,none,safe,civil,0,585.947143,1229,preferred,2.0,0,3,2.1504,4
S00965,LTFM,41.205466,29.309172,B787-9,wide_body,2771,weather,1260,low,0.9,1260.0,1260.0,2345.096163,aircraft_fuel,LTAC,3750,45,asphalt,ILS,1,1,advanced,1,major,1,1,1,1,1,1,1,open,none,safe,joint,0,333.129306,979,preferred,3.0,0,2,3.7823,10
S00965,LTFM,41.205466,29.309172,B787-9,wide_body,2771,weather,1260,low,0.9,1260.0,1260.0,2345.096163,aircraft_fuel,HECA,4000,60,asphalt,ILS,1,1,basic,1,major,1,1,1,1,1,1,1,open,none,safe,civil,0,1247.808929,1229,preferred,4.0,0,6,1.0098,4
S00965,LTFM,41.205466,29.309172,B787-9,wide_body,2771,weather,1260,low,0.9,1260.0,1260.0,2345.096163,aircraft_fuel,OJAI,3660,61,asphalt,ILS,1,1,advanced,1,major,1,1,1,1,1,1,1,open,none,safe,civil,0,1211.13056,889,preferred,5.0,0,5,1.0404,11
S00965,LTFM,41.205466,29.309172,B787-9,wide_body,2771,weather,1260,low,0.9,1260.0,1260.0,2345.096163,aircraft_fuel,OKKK,4580,60,asphalt,ILS,1,1,advanced,1,major,1,1,1,1,1,1,1,open,none,safe,civil,0,2148.008265,1809,extended,6.0,0,12,0.5866,1
S00965,LTFM,41.205466,29.309172,B787-9,wide_body,2771,weather,1260,low,0.9,1260.0,1260.0,2345.096163,aircraft_fuel,LFPG,4215,45,asphalt,ILS,1,1,advanced,1,major,1,1,1,1,1,1,1,open,none,safe,civil,1,2256.957828,1444,extended,7.0,0,15,0.5583,2
S00965,LTFM,41.205466,29.309172,B787-9,wide_body,2771,weather,1260,low,0.9,1260.0,1260.0,2345.096163,aircraft_fuel,LIRF,3902,60,asphalt,ILS,1,1,basic,1,major,1,1,1,1,1,1,1,open,none,safe,civil,1,1419.641231,1131,extended,8.0,0,7,0.8875,7
S00965,LTFM,41.205466,29.309172,B787-9,wide_body,2771,weather,1260,low,0.9,1260.0,1260.0,2345.096163,aircraft_fuel,EDDF,4000,60,asphalt,ILS,1,1,advanced,1,major,1,1,1,0,1,1,1,open,none,safe,civil,1,1879.102045,1229,extended,9.0,0,9,0.6705,4
S00965,LTFM,41.205466,29.309172,B787-9,wide_body,2771,weather,1260,low,0.9,1260.0,1260.0,2345.096163,aircraft_fuel,LCLK,2987,45,asphalt,ILS,1,0,none,1,basic,1,0,1,1,1,1,1,open,none,safe,civil,0,798.679345,216,preferred,10.0,0,4,1.5776,16
S00965,LTFM,41.205466,29.309172,B787-9,wide_body,2771,weather,1260,low,0.9,1260.0,1260.0,2345.096163,aircraft_fuel,EHAM,3800,60,asphalt,ILS,1,1,advanced,1,major,1,1,1,1,1,1,1,open,none,safe,civil,1,2223.501376,1029,extended,11.0,0,14,0.5667,8
S00965,LTFM,41.205466,29.309172,B787-9,wide_body,2771,weather,1260,low,0.9,1260.0,1260.0,2345.096163,aircraft_fuel,DAAG,3500,60,asphalt,RNAV,0,1,basic,1,basic,1,1,1,1,1,1,0,open,none,safe,civil,0,2302.351377,729,extended,12.0,0,16,0.5473,12
S00965,LTFM,41.205466,29.309172,B787-9,wide_body,2771,weather,1260,low,0.9,1260.0,1260.0,2345.096163,aircraft_fuel,EFHK,3440,60,asphalt,ILS,1,1,advanced,1,major,1,1,1,1,1,1,1,open,none,safe,civil,0,2146.001546,669,extended,13.0,0,11,0.5871,13
S00965,LTFM,41.205466,29.309172,B787-9,wide_body,2771,weather,1260,low,0.9,1260.0,1260.0,2345.096163,aircraft_fuel,ESSA,3301,45,asphalt,ILS,1,1,advanced,1,major,1,1,1,1,1,1,1,open,none,safe,civil,0,2196.321708,530,extended,14.0,0,13,0.5737,14
S00965,LTFM,41.205466,29.309172,B787-9,wide_body,2771,weather,1260,low,0.9,1260.0,1260.0,2345.096163,aircraft_fuel,DTTA,3200,45,asphalt,RNAV,0,1,basic,1,basic,1,0,1,1,1,1,1,open,none,safe,civil,0,1713.900001,429,extended,15.0,0,8,0.7352,15
S00965,LTFM,41.205466,29.309172,B787-9,wide_body,2771,weather,1260,low,0.9,1260.0,1260.0,2345.096163,aircraft_fuel,ULLI,3780,60,concrete,ILS,1,1,advanced,1,major,1,1,1,1,1,1,1,open,none,caution,civil,0,2068.697684,1009,extended,16.0,0,10,0.6091,9
S00967,LPPT,39.406742,-8.469472,A350-900,wide_body,3065,mechanical,595,low,0.9,1350.0,595.0,988.694068,emergency,LPPT,3707,45,asphalt,ILS,1,1,advanced,1,major,1,1,1,1,1,1,1,open,none,safe,civil,0,90.246461,642,preferred,1.0,1,1,6.5931,3
S00967,LPPT,39.406742,-8.469472,A350-900,wide_body,3065,mechanical,595,low,0.9,1350.0,595.0,988.694068,emergency,LEMD,4350,60,asphalt,ILS,1,1,advanced,1,major,1,1,1,1,1,1,1,open,none,safe,civil,1,434.518243,1285,preferred,2.0,0,2,1.3693,1
S00967,LPPT,39.406742,-8.469472,A350-900,wide_body,3065,mechanical,595,low,0.9,1350.0,595.0,988.694068,emergency,GMMN,3720,45,asphalt,ILS,1,1,advanced,1,major,1,1,1,1,1,1,1,open,none,safe,civil,0,676.121078,655,extended,3.0,0,3,0.88,2
S00969,LCLK,35.374449,34.148521,A319,narrow_body,2020,weather,500,normal,1.0,900.0,500.0,807.374452,emergency,LCLK,2987,45,asphalt,ILS,1,0,none,1,basic,1,0,1,1,1,1,1,open,none,safe,civil,0,73.149169,967,preferred,1.0,1,1,6.8353,4
S00969,LCLK,35.374449,34.148521,A319,narrow_body,2020,weather,500,normal,1.0,900.0,500.0,807.374452,emergency,OJAI,3660,61,asphalt,ILS,1,1,advanced,1,major,1,1,1,1,1,1,1,open,none,safe,civil,0,440.556975,1640,preferred,2.0,0,2,1.1349,3
S00969,LCLK,35.374449,34.148521,A319,narrow_body,2020,weather,500,normal,1.0,900.0,500.0,807.374452,emergency,HECA,4000,60,asphalt,ILS,1,1,basic,1,major,1,1,1,1,1,1,1,open,none,safe,civil,0,639.218919,1980,extended,3.0,0,4,0.7822,1
S00969,LCLK,35.374449,34.148521,A319,narrow_body,2020,weather,500,normal,1.0,900.0,500.0,807.374452,emergency,LTAC,3750,45,asphalt,ILS,1,1,advanced,1,major,1,1,1,1,1,1,1,open,none,safe,joint,0,538.206137,1730,extended,4.0,0,3,0.929,2
S00973,DAAG,35.998591,2.249721,A320,narrow_body,2248,security,1050,normal,1.0,950.0,950.0,1684.76979,aircraft_fuel,DAAG,3500,60,asphalt,RNAV,0,1,basic,1,basic,1,1,1,1,1,1,0,open,none,safe,civil,0,115.947314,1252,preferred,1.0,1,1,8.1934,7
S00973,DAAG,35.998591,2.249721,A320,narrow_body,2248,security,1050,normal,1.0,950.0,950.0,1684.76979,aircraft_fuel,LEMD,4350,60,asphalt,ILS,1,1,advanced,1,major,1,1,1,1,1,1,1,open,none,safe,civil,1,712.620497,2102,preferred,2.0,0,2,1.3331,1
S00973,DAAG,35.998591,2.249721,A320,narrow_body,2248,security,1050,normal,1.0,950.0,950.0,1684.76979,aircraft_fuel,GMMN,3720,45,asphalt,ILS,1,1,advanced,1,major,1,1,1,1,1,1,1,open,none,safe,civil,0,945.559383,1472,preferred,3.0,0,4,1.0047,5
S00973,DAAG,35.998591,2.249721,A320,narrow_body,2248,security,1050,normal,1.0,950.0,950.0,1684.76979,aircraft_fuel,DTTA,3200,45,asphalt,RNAV,0,1,basic,1,basic,1,0,1,1,1,1,1,open,none,safe,civil,0,719.804346,952,preferred,4.0,0,3,1.3198,8
S00973,DAAG,35.998591,2.249721,A320,narrow_body,2248,security,1050,normal,1.0,950.0,950.0,1684.76979,aircraft_fuel,LIRF,3902,60,asphalt,ILS,1,1,basic,1,major,1,1,1,1,1,1,1,open,none,safe,civil,1,1078.568405,1654,extended,5.0,0,6,0.8808,4
S00973,DAAG,35.998591,2.249721,A320,narrow_body,2248,security,1050,normal,1.0,950.0,950.0,1684.76979,aircraft_fuel,LPPT,3707,45,asphalt,ILS,1,1,advanced,1,major,1,1,1,1,1,1,1,open,none,safe,civil,0,1051.554888,1459,extended,6.0,0,5,0.9034,6
S00973,DAAG,35.998591,2.249721,A320,narrow_body,2248,security,1050,normal,1.0,950.0,950.0,1684.76979,aircraft_fuel,LFPG,4215,45,asphalt,ILS,1,1,advanced,1,major,1,1,1,1,1,1,1,open,none,safe,civil,1,1446.89895,1967,extended,7.0,0,7,0.6566,2
S00973,DAAG,35.998591,2.249721,A320,narrow_body,2248,security,1050,normal,1.0,950.0,950.0,1684.76979,aircraft_fuel,EDDF,4000,60,asphalt,ILS,1,1,advanced,1,major,1,1,1,0,1,1,1,open,none,safe,civil,1,1640.535697,1752,extended,8.0,0,8,0.5791,3
S00975,KORD,42.025734,-88.369808,A350-900,wide_body,3036,weather,885,normal,1.0,1500.0,885.0,1530.930802,emergency,KORD,3962,46,concrete,ILS,1,1,advanced,1,major,1,1,1,1,1,1,1,open,none,safe,civil,0,38.779875,926,preferred,1.0,1,1,22.8211,2
S00975,KORD,42.025734,-88.369808,A350-900,wide_body,3036,weather,885,normal,1.0,1500.0,885.0,1530.930802,emergency,KJFK,4423,61,asphalt,ILS,1,1,advanced,1,major,1,1,1,1,1,1,1,open,none,safe,civil,1,1226.419788,1387,extended,2.0,0,4,0.7216,1
S00975,KORD,42.025734,-88.369808,A350-900,wide_body,3036,weather,885,normal,1.0,1500.0,885.0,1530.930802,emergency,CYYZ,3389,61,asphalt,ILS,1,1,advanced,1,major,1,1,1,1,1,1,1,open,none,safe,civil,1,735.369175,353,preferred,3.0,0,2,1.2035,4
S00975,KORD,42.025734,-88.369808,A350-900,wide_body,3036,weather,885,normal,1.0,1500.0,885.0,1530.930802,emergency,KATL,3776,46,concrete,ILS,1,1,advanced,1,major,1,1,1,1,1,1,1,open,none,safe,civil,0,994.66973,740,extended,4.0,0,3,0.8897,3
S00976,DNMM,6.87034,2.784488,A330-300,wide_body,3018,technical,1086,normal,1.0,1300.0,1086.0,1793.968218,emergency,DNMM,3900,60,asphalt,ILS,1,1,advanced,1,major,1,1,1,1,1,1,1,open,none,caution,civil,0,67.628023,882,preferred,1.0,1,1,16.0584,1
S00976,DNMM,6.87034,2.784488,A330-300,wide_body,3018,technical,1086,normal,1.0,1300.0,1086.0,1793.968218,emergency,DGAA,3403,61,asphalt,RNAV,0,0,none,1,basic,1,0,1,1,1,1,0,open,none,safe,civil,0,355.257072,385,preferred,2.0,0,2,3.0569,3
S00976,DNMM,6.87034,2.784488,A330-300,wide_body,3018,technical,1086,normal,1.0,1300.0,1086.0,1793.968218,emergency,DNAA,3609,60,asphalt,RNAV,0,0,none,1,basic,1,0,1,1,1,1,1,open,none,safe,joint,0,547.433696,591,preferred,3.0,0,3,1.9838,2
S00976,DNMM,6.87034,2.784488,A330-300,wide_body,3018,technical,1086,normal,1.0,1300.0,1086.0,1793.968218,emergency,DNKN,3200,46,asphalt,RNAV,0,0,none,1,basic,1,0,1,0,0,1,1,open,none,safe,joint,0,852.937436,182,preferred,4.0,0,4,1.2732,4
S00977,KATL,34.390282,-83.292036,B767-300ER,wide_body,2961,technical,1059,normal,1.0,1250.0,1059.0,1842.664303,emergency,KATL,3776,46,concrete,ILS,1,1,advanced,1,major,1,1,1,1,1,1,1,open,none,safe,civil,0,134.109949,815,preferred,1.0,1,1,7.8965,3
S00977,KATL,34.390282,-83.292036,B767-300ER,wide_body,2961,technical,1059,normal,1.0,1250.0,1059.0,1842.664303,emergency,KORD,3962,46,concrete,ILS,1,1,advanced,1,major,1,1,1,1,1,1,1,open,none,safe,civil,0,934.771527,1001,preferred,2.0,0,2,1.1329,2
S00977,KATL,34.390282,-83.292036,B767-300ER,wide_body,2961,technical,1059,normal,1.0,1250.0,1059.0,1842.664303,emergency,KJFK,4423,61,asphalt,ILS,1,1,advanced,1,major,1,1,1,1,1,1,1,open,none,safe,civil,1,1088.239097,1462,extended,3.0,0,4,0.9731,1
S00977,KATL,34.390282,-83.292036,B767-300ER,wide_body,2961,technical,1059,normal,1.0,1250.0,1059.0,1842.664303,emergency,CYYZ,3389,61,asphalt,ILS,1,1,advanced,1,major,1,1,1,1,1,1,1,open,none,safe,civil,1,1079.586805,428,extended,4.0,0,3,0.9809,4
S00978,DGAA,5.167128,0.346929,B737 MAX 8,narrow_body,2354,technical,1140,normal,1.0,1000.0,1000.0,1642.771486,aircraft_fuel,DGAA,3403,61,asphalt,RNAV,0,0,none,1,basic,1,0,1,1,1,1,0,open,none,safe,civil,0,74.879261,1049,preferred,1.0,1,1,13.3548,3
S00978,DGAA,5.167128,0.346929,B737 MAX 8,narrow_body,2354,technical,1140,normal,1.0,1000.0,1000.0,1642.771486,aircraft_fuel,DNMM,3900,60,asphalt,ILS,1,1,advanced,1,major,1,1,1,1,1,1,1,open,none,caution,civil,0,364.437196,1546,preferred,2.0,0,2,2.744,1
S00978,DGAA,5.167128,0.346929,B737 MAX 8,narrow_body,2354,technical,1140,normal,1.0,1000.0,1000.0,1642.771486,aircraft_fuel,DNAA,3609,60,asphalt,RNAV,0,0,none,1,basic,1,0,1,1,1,1,1,open,none,safe,joint,0,874.348238,1255,preferred,3.0,0,3,1.1437,2
S00978,DGAA,5.167128,0.346929,B737 MAX 8,narrow_body,2354,technical,1140,normal,1.0,1000.0,1000.0,1642.771486,aircraft_fuel,DNKN,3200,46,asphalt,RNAV,0,0,none,1,basic,1,0,1,0,0,1,1,open,none,safe,joint,0,1180.08728,846,extended,4.0,0,4,0.8474,4
S00980,LTAC,39.815507,33.825553,B767-300ER,wide_body,3002,technical,737,critical,0.75,937.5,737.0,1207.671498,emergency,LTAC,3750,45,asphalt,ILS,1,1,advanced,1,major,1,1,1,1,1,1,1,open,none,safe,joint,0,78.842584,748,preferred,1.0,1,1,9.3477,4
S00980,LTAC,39.815507,33.825553,B767-300ER,wide_body,3002,technical,737,critical,0.75,937.5,737.0,1207.671498,emergency,LTFM,4100,60,asphalt,ILS,1,1,advanced,1,major,1,1,1,1,1,1,0,open,none,safe,civil,0,459.860751,1098,preferred,2.0,0,2,1.6027,1
S00980,LTAC,39.815507,33.825553,B767-300ER,wide_body,3002,technical,737,critical,0.75,937.5,737.0,1207.671498,emergency,LGAV,4000,45,asphalt,ILS,1,1,advanced,1,major,1,1,1,1,1,1,1,open,none,safe,civil,0,879.997776,998,extended,3.0,0,3,0.8375,2
S00980,LTAC,39.815507,33.825553,B767-300ER,wide_body,3002,technical,737,critical,0.75,937.5,737.0,1207.671498,emergency,HECA,4000,60,asphalt,ILS,1,1,basic,1,major,1,1,1,1,1,1,1,open,none,safe,civil,0,1101.366249,998,extended,4.0,0,5,0.6692,2
S00980,LTAC,39.815507,33.825553,B767-300ER,wide_body,3002,technical,737,critical,0.75,937.5,737.0,1207.671498,emergency,OJAI,3660,61,asphalt,ILS,1,1,advanced,1,major,1,1,1,1,1,1,1,open,none,safe,civil,0,920.806483,658,extended,5.0,0,4,0.8004,5
S00984,KORD,41.971086,-87.623396,A321,narrow_body,2387,weather,629,critical,0.75,750.0,629.0,1036.220916,emergency,KORD,3962,46,concrete,ILS,1,1,advanced,1,major,1,1,1,1,1,1,1,open,none,safe,civil,0,23.2777,1575,preferred,1.0,1,1,27.0216,1
S00984,KORD,41.971086,-87.623396,A321,narrow_body,2387,weather,629,critical,0.75,750.0,629.0,1036.220916,emergency,KATL,3776,46,concrete,ILS,1,1,advanced,1,major,1,1,1,1,1,1,1,open,none,safe,civil,0,968.121754,1389,extended,2.0,0,3,0.6497,2
S00984,KORD,41.971086,-87.623396,A321,narrow_body,2387,weather,629,critical,0.75,750.0,629.0,1036.220916,emergency,CYYZ,3389,61,asphalt,ILS,1,1,advanced,1,major,1,1,1,1,1,1,1,open,none,safe,civil,1,678.641118,1002,extended,3.0,0,2,0.9269,3
S00986,UAAA,42.724657,78.602508,A350-900,wide_body,2853,operational_constraints,806,low,0.9,1350.0,806.0,1433.663641,emergency,UAAA,4500,45,asphalt,RNAV,0,1,basic,1,basic,1,1,1,1,1,1,1,open,none,safe,civil,0,144.801173,1647,preferred,1.0,1,1,5.5663,1
S00986,UAAA,42.724657,78.602508,A350-900,wide_body,2853,operational_constraints,806,low,0.9,1350.0,806.0,1433.663641,emergency,UACC,3500,45,asphalt,RNAV,0,1,basic,1,basic,1,1,1,1,1,1,1,open,none,safe,civil,0,1069.555354,647,extended,2.0,0,2,0.7536,2
S00986,UAAA,42.724657,78.602508,A350-900,wide_body,2853,operational_constraints,806,low,0.9,1350.0,806.0,1433.663641,emergency,OPLA,3360,46,concrete,RNAV,0,0,none,1,basic,1,0,1,1,1,1,1,open,none,caution,civil,0,1299.688108,507,extended,3.0,0,3,0.6201,3
S00987,EFHK,60.406022,24.027485,E175,regional_jet,1762,medical,1015,normal,1.0,750.0,750.0,1156.279363,aircraft_fuel,EFHK,3440,60,asphalt,ILS,1,1,advanced,1,major,1,1,1,1,1,1,1,open,none,safe,civil,0,52.375002,1678,preferred,1.0,1,1,14.3198,4
S00987,EFHK,60.406022,24.027485,E175,regional_jet,1762,medical,1015,normal,1.0,750.0,750.0,1156.279363,aircraft_fuel,ESSA,3301,45,asphalt,ILS,1,1,advanced,1,major,1,1,1,1,1,1,1,open,none,safe,civil,0,348.96444,1539,preferred,2.0,0,2,2.1492,5
S00987,EFHK,60.406022,24.027485,E175,regional_jet,1762,medical,1015,normal,1.0,750.0,750.0,1156.279363,aircraft_fuel,ENGM,3600,45,asphalt,ILS,1,1,advanced,1,major,1,1,1,1,1,1,1,open,none,safe,civil,0,711.43247,1838,preferred,3.0,0,4,1.0542,3
S00987,EFHK,60.406022,24.027485,E175,regional_jet,1762,medical,1015,normal,1.0,750.0,750.0,1156.279363,aircraft_fuel,ULLI,3780,60,concrete,ILS,1,1,advanced,1,major,1,1,1,1,1,1,1,open,none,caution,civil,0,351.930278,2018,preferred,4.0,0,3,2.1311,1
S00987,EFHK,60.406022,24.027485,E175,regional_jet,1762,medical,1015,normal,1.0,750.0,750.0,1156.279363,aircraft_fuel,UUEE,3700,60,concrete,ILS,1,1,advanced,1,major,1,1,1,1,1,1,1,open,none,caution,civil,0,923.654159,1938,extended,5.0,0,5,0.812,2
S00988,HELX,26.489239,32.435128,A321,narrow_body,2517,mechanical,464,normal,1.0,1000.0,464.0,759.259493,emergency,HECA,4000,60,asphalt,ILS,1,1,basic,1,major,1,1,1,1,1,1,1,open,none,safe,civil,0,415.405939,1483,preferred,1.0,1,2,1.117,1
S00988,HELX,26.489239,32.435128,A321,narrow_body,2517,mechanical,464,normal,1.0,1000.0,464.0,759.259493,emergency,HELX,3000,45,asphalt,RNAV,0,0,none,1,basic,1,0,1,0,0,1,1,open,none,safe,joint,0,94.937727,483,preferred,2.0,0,1,4.8874,3
S00988,HELX,26.489239,32.435128,A321,narrow_body,2517,mechanical,464,normal,1.0,1000.0,464.0,759.259493,emergency,OJAI,3660,61,asphalt,ILS,1,1,advanced,1,major,1,1,1,1,1,1,1,open,none,safe,civil,0,676.726723,1143,extended,3.0,0,3,0.6857,2
S00994,EIDW,52.497279,-6.872218,A330-300,wide_body,2878,operational_constraints,962,low,0.9,1170.0,962.0,1814.881085,emergency,LFPG,4215,45,asphalt,ILS,1,1,advanced,1,major,1,1,1,1,1,1,1,open,none,safe,civil,1,767.370197,1337,preferred,1.0,1,5,1.2536,2
S00994,EIDW,52.497279,-6.872218,A330-300,wide_body,2878,operational_constraints,962,low,0.9,1170.0,962.0,1814.881085,emergency,EGLL,3901,50,asphalt,ILS,1,1,advanced,1,major,1,1,1,1,1,1,1,open,none,safe,civil,1,453.554607,1023,preferred,2.0,0,3,2.121,4
S00994,EIDW,52.497279,-6.872218,A330-300,wide_body,2878,operational_constraints,962,low,0.9,1170.0,962.0,1814.881085,emergency,EIDW,3110,45,concrete,ILS,1,1,advanced,1,major,1,1,1,1,1,1,1,open,none,safe,civil,0,111.338914,232,preferred,3.0,0,1,8.6403,10
S00994,EIDW,52.497279,-6.872218,A330-300,wide_body,2878,operational_constraints,962,low,0.9,1170.0,962.0,1814.881085,emergency,EHAM,3800,60,asphalt,ILS,1,1,advanced,1,major,1,1,1,1,1,1,1,open,none,safe,civil,1,788.823899,922,preferred,4.0,0,6,1.2195,5
S00994,EIDW,52.497279,-6.872218,A330-300,wide_body,2878,operational_constraints,962,low,0.9,1170.0,962.0,1814.881085,emergency,EGKK,3317,45,asphalt,ILS,1,1,advanced,1,major,1,1,1,1,1,1,1,open,none,safe,civil,1,483.186625,439,preferred,5.0,0,4,1.9909,8
S00994,EIDW,52.497279,-6.872218,A330-300,wide_body,2878,operational_constraints,962,low,0.9,1170.0,962.0,1814.881085,emergency,EGCC,3048,46,asphalt,ILS,1,1,advanced,1,major,1,1,1,1,1,1,1,open,none,safe,civil,1,322.486046,170,preferred,6.0,0,2,2.9831,12
S00994,EIDW,52.497279,-6.872218,A330-300,wide_body,2878,operational_constraints,962,low,0.9,1170.0,962.0,1814.881085,emergency,LEMD,4350,60,asphalt,ILS,1,1,advanced,1,major,1,1,1,1,1,1,1,open,none,safe,civil,1,1358.085807,1472,extended,7.0,0,8,0.7083,1
S00994,EIDW,52.497279,-6.872218,A330-300,wide_body,2878,operational_constraints,962,low,0.9,1170.0,962.0,1814.881085,emergency,EDDF,4000,60,asphalt,ILS,1,1,advanced,1,major,1,1,1,0,1,1,1,open,none,safe,civil,1,1105.894345,1122,extended,8.0,0,7,0.8699,3
S00994,EIDW,52.497279,-6.872218,A330-300,wide_body,2878,operational_constraints,962,low,0.9,1170.0,962.0,1814.881085,emergency,LPPT,3707,45,asphalt,ILS,1,1,advanced,1,major,1,1,1,1,1,1,1,open,none,safe,civil,0,1535.066945,829,extended,9.0,0,10,0.6267,6
S00994,EIDW,52.497279,-6.872218,A330-300,wide_body,2878,operational_constraints,962,low,0.9,1170.0,962.0,1814.881085,emergency,ENGM,3600,45,asphalt,ILS,1,1,advanced,1,major,1,1,1,1,1,1,1,open,none,safe,civil,0,1392.031216,722,extended,10.0,0,9,0.6911,7
S00994,EIDW,52.497279,-6.872218,A330-300,wide_body,2878,operational_constraints,962,low,0.9,1170.0,962.0,1814.881085,emergency,ESSA,3301,45,asphalt,ILS,1,1,advanced,1,major,1,1,1,1,1,1,1,open,none,safe,civil,0,1718.316813,423,extended,11.0,0,12,0.5599,9
S00994,EIDW,52.497279,-6.872218,A330-300,wide_body,2878,operational_constraints,962,low,0.9,1170.0,962.0,1814.881085,emergency,BIKF,3065,60,asphalt,RNAV,0,1,basic,1,basic,1,0,1,1,1,1,1,open,none,safe,joint,0,1565.464815,187,extended,12.0,0,11,0.6145,11
S00999,LTFM,42.070035,28.6394,A319,narrow_body,2075,operational_constraints,1146,normal,1.0,900.0,900.0,1481.696457,aircraft_fuel,LTFM,4100,60,asphalt,ILS,1,1,advanced,1,major,1,1,1,1,1,1,0,open,none,safe,civil,0,88.752714,2025,preferred,1.0,1,1,10.1405,1
S00999,LTFM,42.070035,28.6394,A319,narrow_body,2075,operational_constraints,1146,normal,1.0,900.0,900.0,1481.696457,aircraft_fuel,LGAV,4000,45,asphalt,ILS,1,1,advanced,1,major,1,1,1,1,1,1,1,open,none,safe,civil,0,609.040492,1925,preferred,2.0,0,3,1.4777,2
S00999,LTFM,42.070035,28.6394,A319,narrow_body,2075,operational_constraints,1146,normal,1.0,900.0,900.0,1481.696457,aircraft_fuel,LTAC,3750,45,asphalt,ILS,1,1,advanced,1,major,1,1,1,1,1,1,1,open,none,safe,joint,0,423.990239,1675,preferred,3.0,0,2,2.1227,5
S00999,LTFM,42.070035,28.6394,A319,narrow_body,2075,operational_constraints,1146,normal,1.0,900.0,900.0,1481.696457,aircraft_fuel,OJAI,3660,61,asphalt,ILS,1,1,advanced,1,major,1,1,1,1,1,1,1,open,none,safe,civil,0,1322.168034,1585,extended,4.0,0,5,0.6807,6
S00999,LTFM,42.070035,28.6394,A319,narrow_body,2075,operational_constraints,1146,normal,1.0,900.0,900.0,1481.696457,aircraft_fuel,HECA,4000,60,asphalt,ILS,1,1,basic,1,major,1,1,1,1,1,1,1,open,none,safe,civil,0,1352.393144,1925,extended,5.0,0,6,0.6655,2
S00999,LTFM,42.070035,28.6394,A319,narrow_body,2075,operational_constraints,1146,normal,1.0,900.0,900.0,1481.696457,aircraft_fuel,LIRF,3902,60,asphalt,ILS,1,1,basic,1,major,1,1,1,1,1,1,1,open,none,safe,civil,1,1353.735119,1827,extended,6.0,0,7,0.6648,4
S00999,LTFM,42.070035,28.6394,A319,narrow_body,2075,operational_constraints,1146,normal,1.0,900.0,900.0,1481.696457,aircraft_fuel,LCLK,2987,45,asphalt,ILS,1,0,none,1,basic,1,0,1,1,1,1,1,open,none,safe,civil,0,909.763341,912,extended,7.0,0,4,0.9893,7
S01000,KATL,33.475471,-85.343807,A319,narrow_body,2226,operational_constraints,1052,normal,1.0,900.0,900.0,1486.181383,aircraft_fuel,KATL,3776,46,concrete,ILS,1,1,advanced,1,major,1,1,1,1,1,1,1,open,none,safe,civil,0,86.725658,1550,preferred,1.0,1,1,10.3776,3
S01000,KATL,33.475471,-85.343807,A319,narrow_body,2226,operational_constraints,1052,normal,1.0,900.0,900.0,1486.181383,aircraft_fuel,KORD,3962,46,concrete,ILS,1,1,advanced,1,major,1,1,1,1,1,1,1,open,none,safe,civil,0,971.826076,1736,extended,2.0,0,2,0.9261,2
S01000,KATL,33.475471,-85.343807,A319,narrow_body,2226,operational_constraints,1052,normal,1.0,900.0,900.0,1486.181383,aircraft_fuel,KJFK,4423,61,asphalt,ILS,1,1,advanced,1,major,1,1,1,1,1,1,1,open,none,safe,civil,1,1297.161413,2197,extended,3.0,0,4,0.6938,1
S01000,KATL,33.475471,-85.343807,A319,narrow_body,2226,operational_constraints,1052,normal,1.0,900.0,900.0,1486.181383,aircraft_fuel,CYYZ,3389,61,asphalt,ILS,1,1,advanced,1,major,1,1,1,1,1,1,1,open,none,safe,civil,1,1237.451478,1163,extended,4.0,0,3,0.7273,4
S01006,CYYZ,43.736457,-79.049087,B767-300ER,wide_body,2985,technical,1063,low,0.9,1125.0,1063.0,1919.668916,emergency,KJFK,4423,61,asphalt,ILS,1,1,advanced,1,major,1,1,1,1,1,1,1,open,none,safe,civil,1,553.966952,1438,preferred,1.0,1,2,1.9189,1
S01006,CYYZ,43.736457,-79.049087,B767-300ER,wide_body,2985,technical,1063,low,0.9,1125.0,1063.0,1919.668916,emergency,CYYZ,3389,61,asphalt,ILS,1,1,advanced,1,major,1,1,1,1,1,1,1,open,none,safe,civil,1,47.131222,404,preferred,2.0,0,1,22.5541,4
S01006,CYYZ,43.736457,-79.049087,B767-300ER,wide_body,2985,technical,1063,low,0.9,1125.0,1063.0,1919.668916,emergency,KORD,3962,46,concrete,ILS,1,1,advanced,1,major,1,1,1,1,1,1,1,open,none,safe,civil,0,747.41664,977,preferred,3.0,0,3,1.4222,2
S01006,CYYZ,43.736457,-79.049087,B767-300ER,wide_body,2985,technical,1063,low,0.9,1125.0,1063.0,1919.668916,emergency,KATL,3776,46,concrete,ILS,1,1,advanced,1,major,1,1,1,1,1,1,1,open,none,safe,civil,0,1215.517086,791,extended,4.0,0,4,0.8745,3
S01008,OERK,24.743792,47.043414,A330-300,wide_body,2817,weather,545,low,0.9,1170.0,545.0,995.347957,emergency,OERK,4205,60,asphalt,ILS,1,1,advanced,1,major,1,1,1,1,1,1,1,open,none,safe,civil,0,42.121966,1388,preferred,1.0,1,1,12.9386,4
S01008,OERK,24.743792,47.043414,A330-300,wide_body,2817,weather,545,low,0.9,1170.0,545.0,995.347957,emergency,OTHH,4850,60,asphalt,ILS,1,1,advanced,1,major,1,1,1,1,1,1,1,open,none,safe,civil,0,463.703903,2033,preferred,2.0,0,3,1.1753,1
S01008,OERK,24.743792,47.043414,A330-300,wide_body,2817,weather,545,low,0.9,1170.0,545.0,995.347957,emergency,OKKK,4580,60,asphalt,ILS,1,1,advanced,1,major,1,1,1,1,1,1,1,open,none,safe,civil,0,506.608891,1763,preferred,3.0,0,4,1.0758,2
S01008,OERK,24.743792,47.043414,A330-300,wide_body,2817,weather,545,low,0.9,1170.0,545.0,995.347957,emergency,OBBI,3956,60,asphalt,ILS,1,1,advanced,1,major,1,1,1,1,1,1,1,open,none,safe,civil,0,398.483927,1139,preferred,4.0,0,2,1.3677,6
S01008,OERK,24.743792,47.043414,A330-300,wide_body,2817,weather,545,low,0.9,1170.0,545.0,995.347957,emergency,OMDB,4447,60,asphalt,ILS,1,1,advanced,1,major,1,1,1,1,1,1,1,open,none,safe,civil,1,840.996388,1630,extended,5.0,0,6,0.648,3
S01008,OERK,24.743792,47.043414,A330-300,wide_body,2817,weather,545,low,0.9,1170.0,545.0,995.347957,emergency,OMAA,4106,60,asphalt,ILS,1,1,advanced,1,major,1,1,1,1,1,1,1,open,none,safe,civil,0,769.651671,1289,extended,6.0,0,5,0.7081,5
S01009,ENGM,61.099842,10.291177,A321,narrow_body,2497,fuel,543,normal,1.0,1000.0,543.0,905.661548,emergency,ENGM,3600,45,asphalt,ILS,1,1,advanced,1,major,1,1,1,1,1,1,1,open,none,safe,civil,0,109.967386,1103,preferred,1.0,1,1,4.9378,1
S01009,ENGM,61.099842,10.291177,A321,narrow_body,2497,fuel,543,normal,1.0,1000.0,543.0,905.661548,emergency,ESSA,3301,45,asphalt,ILS,1,1,advanced,1,major,1,1,1,1,1,1,1,open,none,safe,civil,0,449.445206,804,preferred,2.0,0,2,1.2082,3
S01009,ENGM,61.099842,10.291177,A321,narrow_body,2497,fuel,543,normal,1.0,1000.0,543.0,905.661548,emergency,EFHK,3440,60,asphalt,ILS,1,1,advanced,1,major,1,1,1,1,1,1,1,open,none,safe,civil,0,801.1876,943,extended,3.0,0,3,0.6777,2
S01011,OPKC,25.048612,67.120926,B787-9,wide_body,2929,weather,607,low,0.9,1260.0,607.0,1054.879934,emergency,OPKC,3400,46,concrete,RNAV,0,1,basic,1,basic,1,1,1,1,1,1,1,open,none,caution,civil,0,16.305159,471,preferred,1.0,1,1,37.2275,3
S01011,OPKC,25.048612,67.120926,B787-9,wide_body,2929,weather,607,low,0.9,1260.0,607.0,1054.879934,emergency,OOMS,4080,45,asphalt,ILS,1,1,advanced,1,major,1,1,1,1,1,1,1,open,none,safe,civil,0,909.448277,1151,extended,2.0,0,3,0.6674,1
S01011,OPKC,25.048612,67.120926,B787-9,wide_body,2929,weather,607,low,0.9,1260.0,607.0,1054.879934,emergency,VABB,3509,60,asphalt,ILS,1,1,advanced,1,major,1,1,1,1,1,1,1,open,none,safe,civil,1,888.47713,580,extended,3.0,0,2,0.6832,2
S01011,OPKC,25.048612,67.120926,B787-9,wide_body,2929,weather,607,low,0.9,1260.0,607.0,1054.879934,emergency,OPLA,3360,46,concrete,RNAV,0,0,none,1,basic,1,0,1,1,1,1,1,open,none,caution,civil,0,1012.628391,431,extended,4.0,0,4,0.5994,4
S01013,WIMM,3.53382,99.275169,A330-300,wide_body,3114,weather,679,normal,1.0,1300.0,679.0,1201.361973,emergency,WMKK,4124,60,asphalt,ILS,1,1,advanced,1,major,1,1,1,1,1,1,1,open,none,safe,civil,0,284.186009,1010,preferred,1.0,1,1,2.3893,1
S01013,WIMM,3.53382,99.275169,A330-300,wide_body,3114,weather,679,normal,1.0,1300.0,679.0,1201.361973,emergency,WSSS,4000,60,asphalt,ILS,1,1,advanced,1,major,1,1,1,1,1,1,1,open,none,safe,civil,1,577.705327,886,preferred,2.0,0,2,1.1753,2
S01013,WIMM,3.53382,99.275169,A330-300,wide_body,3114,weather,679,normal,1.0,1300.0,679.0,1201.361973,emergency,VTBS,4000,60,asphalt,ILS,1,1,advanced,1,major,1,1,1,1,1,1,1,open,none,safe,civil,0,1139.83824,886,extended,3.0,0,3,0.5957,2
S01015,OMAA,24.757029,54.575484,A320,narrow_body,2466,medical,939,normal,1.0,950.0,939.0,1497.83524,emergency,OMAA,4106,60,asphalt,ILS,1,1,advanced,1,major,1,1,1,1,1,1,1,open,none,safe,civil,0,35.926936,1640,preferred,1.0,1,1,26.1364,5
S01015,OMAA,24.757029,54.575484,A320,narrow_body,2466,medical,939,normal,1.0,950.0,939.0,1497.83524,emergency,OMDB,4447,60,asphalt,ILS,1,1,advanced,1,major,1,1,1,1,1,1,1,open,none,safe,civil,1,97.102071,1981,preferred,2.0,0,2,9.6702,3
S01015,OMAA,24.757029,54.575484,A320,narrow_body,2466,medical,939,normal,1.0,950.0,939.0,1497.83524,emergency,OTHH,4850,60,asphalt,ILS,1,1,advanced,1,major,1,1,1,1,1,1,1,open,none,safe,civil,0,304.459581,2384,preferred,3.0,0,3,3.0842,1
S01015,OMAA,24.757029,54.575484,A320,narrow_body,2466,medical,939,normal,1.0,950.0,939.0,1497.83524,emergency,OOMS,4080,45,asphalt,ILS,1,1,advanced,1,major,1,1,1,1,1,1,1,open,none,safe,civil,0,397.677648,1614,preferred,4.0,0,4,2.3612,6
S01015,OMAA,24.757029,54.575484,A320,narrow_body,2466,medical,939,normal,1.0,950.0,939.0,1497.83524,emergency,OBBI,3956,60,asphalt,ILS,1,1,advanced,1,major,1,1,1,1,1,1,1,open,none,safe,civil,0,429.345104,1490,preferred,5.0,0,5,2.1871,7
S01015,OMAA,24.757029,54.575484,A320,narrow_body,2466,medical,939,normal,1.0,950.0,939.0,1497.83524,emergency,OERK,4205,60,asphalt,ILS,1,1,advanced,1,major,1,1,1,1,1,1,1,open,none,safe,civil,0,794.908173,1739,preferred,6.0,0,6,1.1813,4
S01015,OMAA,24.757029,54.575484,A320,narrow_body,2466,medical,939,normal,1.0,950.0,939.0,1497.83524,emergency,OKKK,4580,60,asphalt,ILS,1,1,advanced,1,major,1,1,1,1,1,1,1,open,none,safe,civil,0,821.384725,2114,preferred,7.0,0,7,1.1432,2
S01015,OMAA,24.757029,54.575484,A320,narrow_body,2466,medical,939,normal,1.0,950.0,939.0,1497.83524,emergency,OPKC,3400,46,concrete,RNAV,0,1,basic,1,basic,1,1,1,1,1,1,1,open,none,caution,civil,0,1269.695176,934,extended,8.0,0,8,0.7395,8
S01016,EGCC,53.581918,-2.516885,E170,regional_jet,1789,fuel,876,normal,1.0,700.0,700.0,993.811103,aircraft_fuel,EGCC,3048,46,asphalt,ILS,1,1,advanced,1,major,1,1,1,1,1,1,1,open,none,safe,civil,1,30.002802,1259,preferred,1.0,1,1,23.3312,7
S01016,EGCC,53.581918,-2.516885,E170,regional_jet,1789,fuel,876,normal,1.0,700.0,700.0,993.811103,aircraft_fuel,EGLL,3901,50,asphalt,ILS,1,1,advanced,1,major,1,1,1,1,1,1,1,open,none,safe,civil,1,272.869651,2112,preferred,2.0,0,3,2.5653,3
S01016,EGCC,53.581918,-2.516885,E170,regional_jet,1789,fuel,876,normal,1.0,700.0,700.0,993.811103,aircraft_fuel,EGKK,3317,45,asphalt,ILS,1,1,advanced,1,major,1,1,1,1,1,1,1,open,none,safe,civil,1,313.414744,1528,preferred,3.0,0,4,2.2335,5
S01016,EGCC,53.581918,-2.516885,E170,regional_jet,1789,fuel,876,normal,1.0,700.0,700.0,993.811103,aircraft_fuel,EIDW,3110,45,concrete,ILS,1,1,advanced,1,major,1,1,1,1,1,1,1,open,none,safe,civil,0,248.23988,1321,preferred,4.0,0,2,2.8199,6
S01016,EGCC,53.581918,-2.516885,E170,regional_jet,1789,fuel,876,normal,1.0,700.0,700.0,993.811103,aircraft_fuel,EHAM,3800,60,asphalt,ILS,1,1,advanced,1,major,1,1,1,1,1,1,1,open,none,safe,civil,1,507.707947,2011,preferred,5.0,0,5,1.3787,4
S01016,EGCC,53.581918,-2.516885,E170,regional_jet,1789,fuel,876,normal,1.0,700.0,700.0,993.811103,aircraft_fuel,LFPG,4215,45,asphalt,ILS,1,1,advanced,1,major,1,1,1,1,1,1,1,open,none,safe,civil,1,618.431822,2426,preferred,6.0,0,6,1.1319,1
S01016,EGCC,53.581918,-2.516885,E170,regional_jet,1789,fuel,876,normal,1.0,700.0,700.0,993.811103,aircraft_fuel,EDDF,4000,60,asphalt,ILS,1,1,advanced,1,major,1,1,1,0,1,1,1,open,none,safe,civil,1,856.716599,2211,extended,7.0,0,7,0.8171,2
S01018,ZSPD,31.701524,121.994543,B737-800,narrow_body,2245,operational_constraints,933,low,0.9,855.0,855.0,1318.923508,aircraft_fuel,ZSPD,4000,60,concrete,ILS,1,1,advanced,1,major,1,1,1,1,1,1,1,open,none,safe,civil,1,64.614077,1755,preferred,1.0,1,1,13.2324,1
S01018,ZSPD,31.701524,121.994543,B737-800,narrow_body,2245,operational_constraints,933,low,0.9,855.0,855.0,1318.923508,aircraft_fuel,RKSI,4000,60,asphalt,ILS,1,1,advanced,1,major,1,1,1,1,1,1,1,open,none,safe,civil,1,759.845593,1755,preferred,2.0,0,3,1.1252,1
S01018,ZSPD,31.701524,121.994543,B737-800,narrow_body,2245,operational_constraints,933,low,0.9,855.0,855.0,1318.923508,aircraft_fuel,RCTP,3660,60,concrete,ILS,1,1,advanced,1,major,1,1,1,1,1,1,1,open,none,safe,civil,0,740.28554,1415,preferred,3.0,0,2,1.155,4
S01018,ZSPD,31.701524,121.994543,B737-800,narrow_body,2245,operational_constraints,933,low,0.9,855.0,855.0,1318.923508,aircraft_fuel,ZBAA,3810,60,asphalt,ILS,1,1,advanced,1,major,1,1,1,1,1,1,1,open,none,safe,civil,1,1050.103858,1565,extended,4.0,0,4,0.8142,3
S01020,LGAV,37.947605,23.812105,A319,narrow_body,2099,fuel,559,critical,0.75,675.0,559.0,860.770482,emergency,LGAV,4000,45,asphalt,ILS,1,1,advanced,1,major,1,1,1,1,1,1,1,open,none,safe,civil,0,11.676639,1901,preferred,1.0,1,1,47.8734,2
S01020,LGAV,37.947605,23.812105,A319,narrow_body,2099,fuel,559,critical,0.75,675.0,559.0,860.770482,emergency,LTFM,4100,60,asphalt,ILS,1,1,advanced,1,major,1,1,1,1,1,1,0,open,none,safe,civil,0,560.64106,2001,extended,2.0,0,2,0.9971,1
S01020,LGAV,37.947605,23.812105,A319,narrow_body,2099,fuel,559,critical,0.75,675.0,559.0,860.770482,emergency,LTAC,3750,45,asphalt,ILS,1,1,advanced,1,major,1,1,1,1,1,1,1,open,none,safe,joint,0,828.894994,1651,extended,3.0,0,3,0.6744,3
S01022,EGCC,52.27978,-2.252533,CRJ900,regional_jet,1730,fuel,528,critical,0.75,525.0,525.0,748.347078,aircraft_fuel,EGLL,3901,50,asphalt,ILS,1,1,advanced,1,major,1,1,1,1,1,1,1,open,none,safe,civil,1,152.429775,2171,preferred,1.0,1,2,3.4442,2
S01022,EGCC,52.27978,-2.252533,CRJ900,regional_jet,1730,fuel,528,critical,0.75,525.0,525.0,748.347078,aircraft_fuel,EGCC,3048,46,asphalt,ILS,1,1,advanced,1,major,1,1,1,1,1,1,1,open,none,safe,civil,1,119.428851,1318,preferred,2.0,0,1,4.3959,6
S01022,EGCC,52.27978,-2.252533,CRJ900,regional_jet,1730,fuel,528,critical,0.75,525.0,525.0,748.347078,aircraft_fuel,EGKK,3317,45,asphalt,ILS,1,1,advanced,1,major,1,1,1,1,1,1,1,open,none,safe,civil,1,189.965595,1587,preferred,3.0,0,3,2.7637,4
S01022,EGCC,52.27978,-2.252533,CRJ900,regional_jet,1730,fuel,528,critical,0.75,525.0,525.0,748.347078,aircraft_fuel,EIDW,3110,45,concrete,ILS,1,1,advanced,1,major,1,1,1,1,1,1,1,open,none,safe,civil,0,297.939343,1380,preferred,4.0,0,4,1.7621,5
S01022,EGCC,52.27978,-2.252533,CRJ900,regional_jet,1730,fuel,528,critical,0.75,525.0,525.0,748.347078,aircraft_fuel,EHAM,3800,60,asphalt,ILS,1,1,advanced,1,major,1,1,1,1,1,1,1,open,none,safe,civil,1,476.994286,2070,preferred,5.0,0,5,1.1006,3
S01022,EGCC,52.27978,-2.252533,CRJ900,regional_jet,1730,fuel,528,critical,0.75,525.0,525.0,748.347078,aircraft_fuel,LFPG,4215,45,asphalt,ILS,1,1,advanced,1,major,1,1,1,1,1,1,1,open,none,safe,civil,1,496.928584,2485,preferred,6.0,0,6,1.0565,1
S01026,OJAI,31.492852,35.962514,E170,regional_jet,1641,technical,487,normal,1.0,700.0,487.0,683.50078,emergency,OJAI,3660,61,asphalt,ILS,1,1,advanced,1,major,1,1,1,1,1,1,1,open,none,safe,civil,0,25.711646,2019,preferred,1.0,1,1,18.9408,2
S01026,OJAI,31.492852,35.962514,E170,regional_jet,1641,technical,487,normal,1.0,700.0,487.0,683.50078,emergency,HECA,4000,60,asphalt,ILS,1,1,basic,1,major,1,1,1,1,1,1,1,open,none,safe,civil,0,462.290412,2359,preferred,2.0,0,3,1.0535,1
S01026,OJAI,31.492852,35.962514,E170,regional_jet,1641,technical,487,normal,1.0,700.0,487.0,683.50078,emergency,LCLK,2987,45,asphalt,ILS,1,0,none,1,basic,1,0,1,1,1,1,1,open,none,safe,civil,0,434.434405,1346,preferred,3.0,0,2,1.121,3
S01027,DAAG,36.77338,2.339718,A319,narrow_body,2064,medical,735,low,0.9,810.0,735.0,1189.849379,emergency,DAAG,3500,60,asphalt,RNAV,0,1,basic,1,basic,1,1,1,1,1,1,0,open,none,safe,civil,0,78.457639,1436,preferred,1.0,1,1,9.3681,5
S01027,DAAG,36.77338,2.339718,A319,narrow_body,2064,medical,735,low,0.9,810.0,735.0,1189.849379,emergency,LEMD,4350,60,asphalt,ILS,1,1,advanced,1,major,1,1,1,1,1,1,1,open,none,safe,civil,1,659.123201,2286,preferred,2.0,0,2,1.1151,1
S01027,DAAG,36.77338,2.339718,A319,narrow_body,2064,medical,735,low,0.9,810.0,735.0,1189.849379,emergency,DTTA,3200,45,asphalt,RNAV,0,1,basic,1,basic,1,0,1,1,1,1,1,open,none,safe,civil,0,702.021659,1136,preferred,3.0,0,3,1.047,6
S01027,DAAG,36.77338,2.339718,A319,narrow_body,2064,medical,735,low,0.9,810.0,735.0,1189.849379,emergency,GMMN,3720,45,asphalt,ILS,1,1,advanced,1,major,1,1,1,1,1,1,1,open,none,safe,civil,0,979.171477,1656,extended,4.0,0,4,0.7506,3
S01027,DAAG,36.77338,2.339718,A319,narrow_body,2064,medical,735,low,0.9,810.0,735.0,1189.849379,emergency,LIRF,3902,60,asphalt,ILS,1,1,basic,1,major,1,1,1,1,1,1,1,open,none,safe,civil,1,1019.089057,1838,extended,5.0,0,5,0.7212,2
S01027,DAAG,36.77338,2.339718,A319,narrow_body,2064,medical,735,low,0.9,810.0,735.0,1189.849379,emergency,LPPT,3707,45,asphalt,ILS,1,1,advanced,1,major,1,1,1,1,1,1,1,open,none,safe,civil,0,1032.229873,1643,extended,6.0,0,6,0.7121,4
S01028,OKKK,29.220089,47.601952,A321,narrow_body,2421,medical,1014,normal,1.0,1000.0,1000.0,1659.502333,aircraft_fuel,OKKK,4580,60,asphalt,ILS,1,1,advanced,1,major,1,1,1,1,1,1,1,open,none,safe,civil,0,35.701816,2159,preferred,1.0,1,1,28.0098,2
S01028,OKKK,29.220089,47.601952,A321,narrow_body,2421,medical,1014,normal,1.0,1000.0,1000.0,1659.502333,aircraft_fuel,OBBI,3956,60,asphalt,ILS,1,1,advanced,1,major,1,1,1,1,1,1,1,open,none,safe,civil,0,443.86237,1535,preferred,2.0,0,2,2.253,8
S01028,OKKK,29.220089,47.601952,A321,narrow_body,2421,medical,1014,normal,1.0,1000.0,1000.0,1659.502333,aircraft_fuel,OERK,4205,60,asphalt,ILS,1,1,advanced,1,major,1,1,1,1,1,1,1,open,none,safe,civil,0,482.3197,1784,preferred,3.0,0,3,2.0733,4
S01028,OKKK,29.220089,47.601952,A321,narrow_body,2421,medical,1014,normal,1.0,1000.0,1000.0,1659.502333,aircraft_fuel,OTHH,4850,60,asphalt,ILS,1,1,advanced,1,major,1,1,1,1,1,1,1,open,none,safe,civil,0,591.051032,2429,preferred,4.0,0,4,1.6919,1
S01028,OKKK,29.220089,47.601952,A321,narrow_body,2421,medical,1014,normal,1.0,1000.0,1000.0,1659.502333,aircraft_fuel,OMAA,4106,60,asphalt,ILS,1,1,advanced,1,major,1,1,1,1,1,1,1,open,none,safe,civil,0,877.918612,1685,preferred,5.0,0,5,1.1391,5
S01028,OKKK,29.220089,47.601952,A321,narrow_body,2421,medical,1014,normal,1.0,1000.0,1000.0,1659.502333,aircraft_fuel,OMDB,4447,60,asphalt,ILS,1,1,advanced,1,major,1,1,1,1,1,1,1,open,none,safe,civil,1,885.593341,2026,preferred,6.0,0,6,1.1292,3
S01028,OKKK,29.220089,47.601952,A321,narrow_body,2421,medical,1014,normal,1.0,1000.0,1000.0,1659.502333,aircraft_fuel,OOMS,4080,45,asphalt,ILS,1,1,advanced,1,major,1,1,1,1,1,1,1,open,none,safe,civil,0,1232.987896,1659,extended,7.0,0,8,0.811,6
S01028,OKKK,29.220089,47.601952,A321,narrow_body,2421,medical,1014,normal,1.0,1000.0,1000.0,1659.502333,aircraft_fuel,HECA,4000,60,asphalt,ILS,1,1,basic,1,major,1,1,1,1,1,1,1,open,none,safe,civil,0,1567.576486,1579,extended,8.0,0,9,0.6379,7
S01028,OKKK,29.220089,47.601952,A321,narrow_body,2421,medical,1014,normal,1.0,1000.0,1000.0,1659.502333,aircraft_fuel,OJAI,3660,61,asphalt,ILS,1,1,advanced,1,major,1,1,1,1,1,1,1,open,none,safe,civil,0,1146.168648,1239,extended,9.0,0,7,0.8725,9
S01029,DTTA,37.053178,10.721925,B747-8,very_large,3589,weather,982,low,0.9,1395.0,982.0,1815.158104,emergency,LIRF,3902,60,asphalt,ILS,1,1,basic,1,major,1,1,1,1,1,1,1,open,none,safe,civil,1,544.3974,313,preferred,1.0,1,1,1.8038,6
S01029,DTTA,37.053178,10.721925,B747-8,very_large,3589,weather,982,low,0.9,1395.0,982.0,1815.158104,emergency,LEMD,4350,60,asphalt,ILS,1,1,advanced,1,major,1,1,1,1,1,1,1,open,none,safe,civil,1,1295.144842,761,extended,2.0,0,3,0.7582,1
S01029,DTTA,37.053178,10.721925,B747-8,very_large,3589,weather,982,low,0.9,1395.0,982.0,1815.158104,emergency,LFPG,4215,45,asphalt,ILS,1,1,advanced,1,major,1,1,1,1,1,1,1,open,none,safe,civil,1,1483.904863,626,extended,3.0,0,5,0.6618,2
S01029,DTTA,37.053178,10.721925,B747-8,very_large,3589,weather,982,low,0.9,1395.0,982.0,1815.158104,emergency,LGAV,4000,45,asphalt,ILS,1,1,advanced,1,major,1,1,1,1,1,1,1,open,none,safe,civil,0,1169.671779,411,extended,4.0,0,2,0.8396,4
S01029,DTTA,37.053178,10.721925,B747-8,very_large,3589,weather,982,low,0.9,1395.0,982.0,1815.158104,emergency,LTFM,4100,60,asphalt,ILS,1,1,advanced,1,major,1,1,1,1,1,1,0,open,none,safe,civil,0,1618.67999,511,extended,5.0,0,6,0.6067,3
S01029,DTTA,37.053178,10.721925,B747-8,very_large,3589,weather,982,low,0.9,1395.0,982.0,1815.158104,emergency,EDDF,4000,60,asphalt,ILS,1,1,advanced,1,major,1,1,1,0,1,1,1,open,none,safe,civil,1,1452.926461,411,extended,6.0,0,4,0.6759,4
S01029,DTTA,37.053178,10.721925,B747-8,very_large,3589,weather,982,low,0.9,1395.0,982.0,1815.158104,emergency,EHAM,3800,60,asphalt,ILS,1,1,advanced,1,major,1,1,1,1,1,1,1,open,none,safe,civil,1,1759.016915,211,extended,7.0,0,9,0.5583,7
S01029,DTTA,37.053178,10.721925,B747-8,very_large,3589,weather,982,low,0.9,1395.0,982.0,1815.158104,emergency,GMMN,3720,45,asphalt,ILS,1,1,advanced,1,major,1,1,1,1,1,1,1,open,none,safe,civil,0,1710.389345,131,extended,8.0,0,7,0.5741,8
S01029,DTTA,37.053178,10.721925,B747-8,very_large,3589,weather,982,low,0.9,1395.0,982.0,1815.158104,emergency,LPPT,3707,45,asphalt,ILS,1,1,advanced,1,major,1,1,1,1,1,1,1,open,none,safe,civil,0,1749.047461,118,extended,9.0,0,8,0.5614,9
S01031,GMMN,33.664909,-7.193365,B787-9,wide_body,2865,mechanical,1076,normal,1.0,1400.0,1076.0,1973.325176,emergency,GMMN,3720,45,asphalt,ILS,1,1,advanced,1,major,1,1,1,1,1,1,1,open,none,safe,civil,0,49.452167,855,preferred,1.0,1,1,21.7584,4
S01031,GMMN,33.664909,-7.193365,B787-9,wide_body,2865,mechanical,1076,normal,1.0,1400.0,1076.0,1973.325176,emergency,LEMD,4350,60,asphalt,ILS,1,1,advanced,1,major,1,1,1,1,1,1,1,open,none,safe,civil,1,824.242561,1485,preferred,2.0,0,3,1.3054,1
S01031,GMMN,33.664909,-7.193365,B787-9,wide_body,2865,mechanical,1076,normal,1.0,1400.0,1076.0,1973.325176,emergency,LPPT,3707,45,asphalt,ILS,1,1,advanced,1,major,1,1,1,1,1,1,1,open,none,safe,civil,0,594.959598,842,preferred,3.0,0,2,1.8085,5
S01031,GMMN,33.664909,-7.193365,B787-9,wide_body,2865,mechanical,1076,normal,1.0,1400.0,1076.0,1973.325176,emergency,DAAG,3500,60,asphalt,RNAV,0,1,basic,1,basic,1,1,1,1,1,1,0,open,none,safe,civil,0,1003.432692,635,preferred,4.0,0,4,1.0723,6
S01031,GMMN,33.664909,-7.193365,B787-9,wide_body,2865,mechanical,1076,normal,1.0,1400.0,1076.0,1973.325176,emergency,LFPG,4215,45,asphalt,ILS,1,1,advanced,1,major,1,1,1,1,1,1,1,open,none,safe,civil,1,1886.647202,1350,extended,5.0,0,6,0.5703,2
S01031,GMMN,33.664909,-7.193365,B787-9,wide_body,2865,mechanical,1076,normal,1.0,1400.0,1076.0,1973.325176,emergency,LIRF,3902,60,asphalt,ILS,1,1,basic,1,major,1,1,1,1,1,1,1,open,none,safe,civil,1,1928.453835,1037,extended,6.0,0,7,0.558,3
S01031,GMMN,33.664909,-7.193365,B787-9,wide_body,2865,mechanical,1076,normal,1.0,1400.0,1076.0,1973.325176,emergency,DTTA,3200,45,asphalt,RNAV,0,1,basic,1,basic,1,0,1,1,1,1,1,open,none,safe,civil,0,1618.442528,335,extended,7.0,0,5,0.6648,7
S01038,LGAV,38.27788,23.665039,A320,narrow_body,2391,weather,1283,low,0.9,855.0,855.0,1310.686691,aircraft_fuel,LGAV,4000,45,asphalt,ILS,1,1,advanced,1,major,1,1,1,1,1,1,1,open,none,safe,civil,0,45.162362,1609,preferred,1.0,1,1,18.9317,2
S01038,LGAV,38.27788,23.665039,A320,narrow_body,2391,weather,1283,low,0.9,855.0,855.0,1310.686691,aircraft_fuel,LTFM,4100,60,asphalt,ILS,1,1,advanced,1,major,1,1,1,1,1,1,0,open,none,safe,civil,0,546.247623,1709,preferred,2.0,0,2,1.5652,1
S01038,LGAV,38.27788,23.665039,A320,narrow_body,2391,weather,1283,low,0.9,855.0,855.0,1310.686691,aircraft_fuel,LTAC,3750,45,asphalt,ILS,1,1,advanced,1,major,1,1,1,1,1,1,1,open,none,safe,joint,0,829.397648,1359,preferred,3.0,0,3,1.0309,5
S01038,LGAV,38.27788,23.665039,A320,narrow_body,2391,weather,1283,low,0.9,855.0,855.0,1310.686691,aircraft_fuel,LIRF,3902,60,asphalt,ILS,1,1,basic,1,major,1,1,1,1,1,1,1,open,none,safe,civil,1,1046.670892,1511,extended,4.0,0,5,0.8169,4
S01038,LGAV,38.27788,23.665039,A320,narrow_body,2391,weather,1283,low,0.9,855.0,855.0,1310.686691,aircraft_fuel,HECA,4000,60,asphalt,ILS,1,1,basic,1,major,1,1,1,1,1,1,1,open,none,safe,civil,0,1152.365668,1609,extended,5.0,0,6,0.742,2
S01038,LGAV,38.27788,23.665039,A320,narrow_body,2391,weather,1283,low,0.9,855.0,855.0,1310.686691,aircraft_fuel,DTTA,3200,45,asphalt,RNAV,0,1,basic,1,basic,1,0,1,1,1,1,1,open,none,safe,civil,0,1193.912413,809,extended,6.0,0,7,0.7161,6
S01038,LGAV,38.27788,23.665039,A320,narrow_body,2391,weather,1283,low,0.9,855.0,855.0,1310.686691,aircraft_fuel,LCLK,2987,45,asphalt,ILS,1,0,none,1,basic,1,0,1,1,1,1,1,open,none,safe,civil,0,965.834911,596,extended,7.0,0,4,0.8852,7
S01039,ESSA,60.26475,17.694139,A320,narrow_body,2350,mechanical,852,normal,1.0,950.0,852.0,1462.429442,emergency,ESSA,3301,45,asphalt,ILS,1,1,advanced,1,major,1,1,1,1,1,1,1,open,none,safe,civil,0,69.75929,951,preferred,1.0,1,1,12.2134,7
S01039,ESSA,60.26475,17.694139,A320,narrow_body,2350,mechanical,852,normal,1.0,950.0,852.0,1462.429442,emergency,ENGM,3600,45,asphalt,ILS,1,1,advanced,1,major,1,1,1,1,1,1,1,open,none,safe,civil,0,363.984443,1250,preferred,2.0,0,2,2.3408,5
S01039,ESSA,60.26475,17.694139,A320,narrow_body,2350,mechanical,852,normal,1.0,950.0,852.0,1462.429442,emergency,EFHK,3440,60,asphalt,ILS,1,1,advanced,1,major,1,1,1,1,1,1,1,open,none,safe,civil,0,400.423408,1090,preferred,3.0,0,3,2.1277,6
S01039,ESSA,60.26475,17.694139,A320,narrow_body,2350,mechanical,852,normal,1.0,950.0,852.0,1462.429442,emergency,ULLI,3780,60,concrete,ILS,1,1,advanced,1,major,1,1,1,1,1,1,1,open,none,caution,civil,0,698.922193,1430,preferred,4.0,0,4,1.219,3
S01039,ESSA,60.26475,17.694139,A320,narrow_body,2350,mechanical,852,normal,1.0,950.0,852.0,1462.429442,emergency,EDDF,4000,60,asphalt,ILS,1,1,advanced,1,major,1,1,1,0,1,1,1,open,none,safe,civil,1,1275.186927,1650,extended,5.0,0,7,0.6681,1
S01039,ESSA,60.26475,17.694139,A320,narrow_body,2350,mechanical,852,normal,1.0,950.0,852.0,1462.429442,emergency,EHAM,3800,60,asphalt,ILS,1,1,advanced,1,major,1,1,1,1,1,1,1,open,none,safe,civil,1,1187.314627,1450,extended,6.0,0,5,0.7176,2
S01039,ESSA,60.26475,17.694139,A320,narrow_body,2350,mechanical,852,normal,1.0,950.0,852.0,1462.429442,emergency,UUEE,3700,60,concrete,ILS,1,1,advanced,1,major,1,1,1,1,1,1,1,open,none,caution,civil,0,1246.21226,1350,extended,7.0,0,6,0.6837,4
S01039,ESSA,60.26475,17.694139,A320,narrow_body,2350,mechanical,852,normal,1.0,950.0,852.0,1462.429442,emergency,EGCC,3048,46,asphalt,ILS,1,1,advanced,1,major,1,1,1,1,1,1,1,open,none,safe,civil,1,1429.441955,698,extended,8.0,0,8,0.596,8
S01043,OPKC,24.246149,67.298366,B737-800,narrow_body,2233,technical,897,low,0.9,855.0,855.0,1351.039961,aircraft_fuel,OPKC,3400,46,concrete,RNAV,0,1,basic,1,basic,1,1,1,1,1,1,1,open,none,caution,civil,0,74.733808,1167,preferred,1.0,1,1,11.4406,6
S01043,OPKC,24.246149,67.298366,B737-800,narrow_body,2233,technical,897,low,0.9,855.0,855.0,1351.039961,aircraft_fuel,VABB,3509,60,asphalt,ILS,1,1,advanced,1,major,1,1,1,1,1,1,1,open,none,safe,civil,1,812.2616,1276,preferred,2.0,0,2,1.0526,5
S01043,OPKC,24.246149,67.298366,B737-800,narrow_body,2233,technical,897,low,0.9,855.0,855.0,1351.039961,aircraft_fuel,OOMS,4080,45,asphalt,ILS,1,1,advanced,1,major,1,1,1,1,1,1,1,open,none,safe,civil,0,918.759173,1847,extended,3.0,0,3,0.9306,4
S01043,OPKC,24.246149,67.298366,B737-800,narrow_body,2233,technical,897,low,0.9,855.0,855.0,1351.039961,aircraft_fuel,VIDP,4430,60,asphalt,ILS,1,1,advanced,1,major,1,1,1,1,1,1,1,open,none,safe,civil,1,1086.488756,2197,extended,4.0,0,5,0.7869,2
S01043,OPKC,24.246149,67.298366,B737-800,narrow_body,2233,technical,897,low,0.9,855.0,855.0,1351.039961,aircraft_fuel,OMDB,4447,60,asphalt,ILS,1,1,advanced,1,major,1,1,1,1,1,1,1,open,none,safe,civil,1,1209.209956,2214,extended,5.0,0,6,0.7071,1
S01043,OPKC,24.246149,67.298366,B737-800,narrow_body,2233,technical,897,low,0.9,855.0,855.0,1351.039961,aircraft_fuel,OMAA,4106,60,asphalt,ILS,1,1,advanced,1,major,1,1,1,1,1,1,1,open,none,safe,civil,0,1281.203829,1873,extended,6.0,0,7,0.6673,3
S01043,OPKC,24.246149,67.298366,B737-800,narrow_body,2233,technical,897,low,0.9,855.0,855.0,1351.039961,aircraft_fuel,OPLA,3360,46,concrete,RNAV,0,0,none,1,basic,1,0,1,1,1,1,1,open,none,caution,civil,0,1068.0832,1127,extended,7.0,0,4,0.8005,7
S01044,WSSS,0.681828,103.765714,B737 MAX 8,narrow_body,2444,technical,1029,normal,1.0,1000.0,1000.0,1698.587371,aircraft_fuel,WSSS,4000,60,asphalt,ILS,1,1,advanced,1,major,1,1,1,1,1,1,1,open,none,safe,civil,1,78.532802,1556,preferred,1.0,1,1,12.7335,2
S01044,WSSS,0.681828,103.765714,B737 MAX 8,narrow_body,2444,technical,1029,normal,1.0,1000.0,1000.0,1698.587371,aircraft_fuel,WMKK,4124,60,asphalt,ILS,1,1,advanced,1,major,1,1,1,1,1,1,1,open,none,safe,civil,0,323.819767,1680,preferred,2.0,0,2,3.0881,1
S01044,WSSS,0.681828,103.765714,B737 MAX 8,narrow_body,2444,technical,1029,normal,1.0,1000.0,1000.0,1698.587371,aircraft_fuel,WIMM,3000,60,asphalt,RNAV,1,1,basic,1,basic,1,0,1,1,0,1,1,open,none,safe,civil,0,634.298802,556,preferred,3.0,0,3,1.5765,4
S01044,WSSS,0.681828,103.765714,B737 MAX 8,narrow_body,2444,technical,1029,normal,1.0,1000.0,1000.0,1698.587371,aircraft_fuel,VTBS,4000,60,asphalt,ILS,1,1,advanced,1,major,1,1,1,1,1,1,1,open,none,safe,civil,0,1483.153995,1556,extended,4.0,0,4,0.6742,2
S01045,OOMS,23.606832,58.450529,B777-300ER,wide_body,3163,medical,964,normal,1.0,1500.0,964.0,1605.145675,emergency,OOMS,4080,45,asphalt,ILS,1,1,advanced,1,major,1,1,1,1,1,1,1,open,none,safe,civil,0,16.85485,917,preferred,1.0,1,1,57.1942,6
S01045,OOMS,23.606832,58.450529,B777-300ER,wide_body,3163,medical,964,normal,1.0,1500.0,964.0,1605.145675,emergency,OMDB,4447,60,asphalt,ILS,1,1,advanced,1,major,1,1,1,1,1,1,1,open,none,safe,civil,1,361.335923,1284,preferred,2.0,0,2,2.6679,3
S01045,OOMS,23.606832,58.450529,B777-300ER,wide_body,3163,medical,964,normal,1.0,1500.0,964.0,1605.145675,emergency,OTHH,4850,60,asphalt,ILS,1,1,advanced,1,major,1,1,1,1,1,1,1,open,none,safe,civil,0,716.917139,1687,preferred,3.0,0,4,1.3446,1
S01045,OOMS,23.606832,58.450529,B777-300ER,wide_body,3163,medical,964,normal,1.0,1500.0,964.0,1605.145675,emergency,OMAA,4106,60,asphalt,ILS,1,1,advanced,1,major,1,1,1,1,1,1,1,open,none,safe,civil,0,397.038218,943,preferred,4.0,0,3,2.428,5
S01045,OOMS,23.606832,58.450529,B777-300ER,wide_body,3163,medical,964,normal,1.0,1500.0,964.0,1605.145675,emergency,OBBI,3956,60,asphalt,ILS,1,1,advanced,1,major,1,1,1,1,1,1,1,open,none,safe,civil,0,841.265521,793,preferred,5.0,0,5,1.1459,7
S01045,OOMS,23.606832,58.450529,B777-300ER,wide_body,3163,medical,964,normal,1.0,1500.0,964.0,1605.145675,emergency,OKKK,4580,60,asphalt,ILS,1,1,advanced,1,major,1,1,1,1,1,1,1,open,none,safe,civil,0,1215.495063,1417,extended,6.0,0,8,0.7931,2
S01045,OOMS,23.606832,58.450529,B777-300ER,wide_body,3163,medical,964,normal,1.0,1500.0,964.0,1605.145675,emergency,OERK,4205,60,asphalt,ILS,1,1,advanced,1,major,1,1,1,1,1,1,1,open,none,safe,civil,0,1200.164234,1042,extended,7.0,0,7,0.8032,4
S01045,OOMS,23.606832,58.450529,B777-300ER,wide_body,3163,medical,964,normal,1.0,1500.0,964.0,1605.145675,emergency,OPKC,3400,46,concrete,RNAV,0,1,basic,1,basic,1,1,1,1,1,1,1,open,none,caution,civil,0,894.605195,237,preferred,8.0,0,6,1.0776,9
S01045,OOMS,23.606832,58.450529,B777-300ER,wide_body,3163,medical,964,normal,1.0,1500.0,964.0,1605.145675,emergency,VABB,3509,60,asphalt,ILS,1,1,advanced,1,major,1,1,1,1,1,1,1,open,none,safe,civil,1,1574.364325,346,extended,9.0,0,9,0.6123,8
S01047,DNAA,8.638556,5.442794,A330-300,wide_body,2828,mechanical,946,low,0.9,1170.0,946.0,1552.635694,emergency,DNAA,3609,60,asphalt,RNAV,0,0,none,1,basic,1,0,1,1,1,1,1,open,none,safe,joint,0,204.168906,781,preferred,1.0,1,1,4.6334,2
S01047,DNAA,8.638556,5.442794,A330-300,wide_body,2828,mechanical,946,low,0.9,1170.0,946.0,1552.635694,emergency,DNMM,3900,60,asphalt,ILS,1,1,advanced,1,major,1,1,1,1,1,1,1,open,none,caution,civil,0,327.41963,1072,preferred,2.0,0,2,2.8893,1
S01047,DNAA,8.638556,5.442794,A330-300,wide_body,2828,mechanical,946,low,0.9,1170.0,946.0,1552.635694,emergency,DGAA,3403,61,asphalt,RNAV,0,0,none,1,basic,1,0,1,1,1,1,0,open,none,safe,civil,0,704.813144,575,preferred,3.0,0,4,1.3422,3
S01047,DNAA,8.638556,5.442794,A330-300,wide_body,2828,mechanical,946,low,0.9,1170.0,946.0,1552.635694,emergency,DNKN,3200,46,asphalt,RNAV,0,0,none,1,basic,1,0,1,0,0,1,1,open,none,safe,joint,0,507.249007,372,preferred,4.0,0,3,1.865,4
S01048,ZBAA,39.309623,116.626009,E190,regional_jet,1880,security,687,low,0.9,720.0,687.0,1058.842045,emergency,ZBAA,3810,60,asphalt,ILS,1,1,advanced,1,major,1,1,1,1,1,1,1,open,none,safe,civil,1,85.404055,1930,preferred,1.0,1,1,8.0441,3
S01048,ZBAA,39.309623,116.626009,E190,regional_jet,1880,security,687,low,0.9,720.0,687.0,1058.842045,emergency,RKSI,4000,60,asphalt,ILS,1,1,advanced,1,major,1,1,1,1,1,1,1,open,none,safe,civil,1,879.921672,2120,extended,2.0,0,2,0.7808,1
S01048,ZBAA,39.309623,116.626009,E190,regional_jet,1880,security,687,low,0.9,720.0,687.0,1058.842045,emergency,ZSPD,4000,60,concrete,ILS,1,1,advanced,1,major,1,1,1,1,1,1,1,open,none,safe,civil,1,1022.179841,2120,extended,3.0,0,3,0.6721,1
S01050,DAAG,36.393248,3.76357,A330-300,wide_body,2951,technical,1080,low,0.9,1170.0,1080.0,1814.247505,emergency,DAAG,3500,60,asphalt,RNAV,0,1,basic,1,basic,1,1,1,1,1,1,0,open,none,safe,civil,0,59.356741,549,preferred,1.0,1,1,18.1951,10
S01050,DAAG,36.393248,3.76357,A330-300,wide_body,2951,technical,1080,low,0.9,1170.0,1080.0,1814.247505,emergency,LEMD,4350,60,asphalt,ILS,1,1,advanced,1,major,1,1,1,1,1,1,1,open,none,safe,civil,1,784.416014,1399,preferred,2.0,0,3,1.3768,1
S01050,DAAG,36.393248,3.76357,A330-300,wide_body,2951,technical,1080,low,0.9,1170.0,1080.0,1814.247505,emergency,LIRF,3902,60,asphalt,ILS,1,1,basic,1,major,1,1,1,1,1,1,1,open,none,safe,civil,1,947.114241,951,preferred,3.0,0,4,1.1403,5
S01050,DAAG,36.393248,3.76357,A330-300,wide_body,2951,technical,1080,low,0.9,1170.0,1080.0,1814.247505,emergency,LFPG,4215,45,asphalt,ILS,1,1,advanced,1,major,1,1,1,1,1,1,1,open,none,safe,civil,1,1406.230371,1264,extended,4.0,0,7,0.768,2
S01050,DAAG,36.393248,3.76357,A330-300,wide_body,2951,technical,1080,low,0.9,1170.0,1080.0,1814.247505,emergency,DTTA,3200,45,asphalt,RNAV,0,1,basic,1,basic,1,0,1,1,1,1,1,open,none,safe,civil,0,578.966525,249,preferred,5.0,0,2,1.8654,12
S01050,DAAG,36.393248,3.76357,A330-300,wide_body,2951,technical,1080,low,0.9,1170.0,1080.0,1814.247505,emergency,EDDF,4000,60,asphalt,ILS,1,1,advanced,1,major,1,1,1,0,1,1,1,open,none,safe,civil,1,1564.136104,1049,extended,6.0,0,8,0.6905,3
S01050,DAAG,36.393248,3.76357,A330-300,wide_body,2951,technical,1080,low,0.9,1170.0,1080.0,1814.247505,emergency,LGAV,4000,45,asphalt,ILS,1,1,advanced,1,major,1,1,1,1,1,1,1,open,none,safe,civil,0,1792.943089,1049,extended,7.0,0,12,0.6024,3
S01050,DAAG,36.393248,3.76357,A330-300,wide_body,2951,technical,1080,low,0.9,1170.0,1080.0,1814.247505,emergency,GMMN,3720,45,asphalt,ILS,1,1,advanced,1,major,1,1,1,1,1,1,1,open,none,safe,civil,0,1088.122726,769,extended,8.0,0,5,0.9925,8
S01050,DAAG,36.393248,3.76357,A330-300,wide_body,2951,technical,1080,low,0.9,1170.0,1080.0,1814.247505,emergency,EGLL,3901,50,asphalt,ILS,1,1,advanced,1,major,1,1,1,1,1,1,1,open,none,safe,civil,1,1709.573965,950,extended,9.0,0,10,0.6317,6
S01050,DAAG,36.393248,3.76357,A330-300,wide_body,2951,technical,1080,low,0.9,1170.0,1080.0,1814.247505,emergency,LPPT,3707,45,asphalt,ILS,1,1,advanced,1,major,1,1,1,1,1,1,1,open,none,safe,civil,0,1166.131941,756,extended,10.0,0,6,0.9261,9
S01050,DAAG,36.393248,3.76357,A330-300,wide_body,2951,technical,1080,low,0.9,1170.0,1080.0,1814.247505,emergency,EHAM,3800,60,asphalt,ILS,1,1,advanced,1,major,1,1,1,1,1,1,1,open,none,safe,civil,1,1771.448334,849,extended,11.0,0,11,0.6097,7
S01050,DAAG,36.393248,3.76357,A330-300,wide_body,2951,technical,1080,low,0.9,1170.0,1080.0,1814.247505,emergency,EGKK,3317,45,asphalt,ILS,1,1,advanced,1,major,1,1,1,1,1,1,1,open,none,safe,civil,1,1670.467048,366,extended,12.0,0,9,0.6465,11
S01053,RJCC,42.950736,141.464275,A319,narrow_body,2104,technical,886,normal,1.0,900.0,886.0,1473.474207,emergency,RJCC,3000,61,asphalt,RNAV,0,1,basic,1,basic,1,1,1,1,1,1,1,open,none,safe,joint,0,26.881857,896,preferred,1.0,1,1,32.959,4
S01053,RJCC,42.950736,141.464275,A319,narrow_body,2104,technical,886,normal,1.0,900.0,886.0,1473.474207,emergency,RJAA,4000,60,asphalt,ILS,1,1,advanced,1,major,1,1,1,0,1,1,1,open,none,safe,civil,1,803.93381,1896,preferred,2.0,0,2,1.1021,1
S01053,RJCC,42.950736,141.464275,A319,narrow_body,2104,technical,886,normal,1.0,900.0,886.0,1473.474207,emergency,RJTT,3360,61,asphalt,ILS,1,1,advanced,1,major,1,1,1,1,1,1,1,open,none,safe,civil,1,835.485385,1256,preferred,3.0,0,3,1.0605,3
S01053,RJCC,42.950736,141.464275,A319,narrow_body,2104,technical,886,normal,1.0,900.0,886.0,1473.474207,emergency,RKSI,4000,60,asphalt,ILS,1,1,advanced,1,major,1,1,1,1,1,1,1,open,none,safe,civil,1,1410.353015,1896,extended,4.0,0,4,0.6282,1
S01055,OTHH,25.243475,51.85408,A320,narrow_body,2238,fuel,645,normal,1.0,950.0,645.0,1002.791433,emergency,OTHH,4850,60,asphalt,ILS,1,1,advanced,1,major,1,1,1,1,1,1,1,open,none,safe,civil,0,24.958839,2612,preferred,1.0,1,1,25.8425,1
S01055,OTHH,25.243475,51.85408,A320,narrow_body,2238,fuel,645,normal,1.0,950.0,645.0,1002.791433,emergency,OBBI,3956,60,asphalt,ILS,1,1,advanced,1,major,1,1,1,1,1,1,1,open,none,safe,civil,0,166.73584,1718,preferred,2.0,0,2,3.8684,7
S01055,OTHH,25.243475,51.85408,A320,narrow_body,2238,fuel,645,normal,1.0,950.0,645.0,1002.791433,emergency,OMAA,4106,60,asphalt,ILS,1,1,advanced,1,major,1,1,1,1,1,1,1,open,none,safe,civil,0,295.81896,1868,preferred,3.0,0,3,2.1804,5
S01055,OTHH,25.243475,51.85408,A320,narrow_body,2238,fuel,645,normal,1.0,950.0,645.0,1002.791433,emergency,OMDB,4447,60,asphalt,ILS,1,1,advanced,1,major,1,1,1,1,1,1,1,open,none,safe,civil,1,353.699132,2209,preferred,4.0,0,4,1.8236,3
S01055,OTHH,25.243475,51.85408,A320,narrow_body,2238,fuel,645,normal,1.0,950.0,645.0,1002.791433,emergency,OERK,4205,60,asphalt,ILS,1,1,advanced,1,major,1,1,1,1,1,1,1,open,none,safe,civil,0,520.046967,1967,preferred,5.0,0,5,1.2403,4
S01055,OTHH,25.243475,51.85408,A320,narrow_body,2238,fuel,645,normal,1.0,950.0,645.0,1002.791433,emergency,OKKK,4580,60,asphalt,ILS,1,1,advanced,1,major,1,1,1,1,1,1,1,open,none,safe,civil,0,585.932588,2342,preferred,6.0,0,6,1.1008,2
S01055,OTHH,25.243475,51.85408,A320,narrow_body,2238,fuel,645,normal,1.0,950.0,645.0,1002.791433,emergency,OOMS,4080,45,asphalt,ILS,1,1,advanced,1,major,1,1,1,1,1,1,1,open,none,safe,civil,0,676.19229,1842,extended,7.0,0,7,0.9539,6
S01062,WSSS,0.487098,104.137677,E170,regional_jet,1802,fuel,605,normal,1.0,700.0,605.0,868.956457,emergency,WSSS,4000,60,asphalt,ILS,1,1,advanced,1,major,1,1,1,1,1,1,1,open,none,safe,civil,1,97.291705,2198,preferred,1.0,1,1,6.2184,2
S01062,WSSS,0.487098,104.137677,E170,regional_jet,1802,fuel,605,normal,1.0,700.0,605.0,868.956457,emergency,WMKK,4124,60,asphalt,ILS,1,1,advanced,1,major,1,1,1,1,1,1,1,open,none,safe,civil,0,368.605853,2322,preferred,2.0,0,2,1.6413,1
S01062,WSSS,0.487098,104.137677,E170,regional_jet,1802,fuel,605,normal,1.0,700.0,605.0,868.956457,emergency,WIMM,3000,60,asphalt,RNAV,1,1,basic,1,basic,1,0,1,1,0,1,1,open,none,safe,civil,0,680.89197,1198,extended,3.0,0,3,0.8885,3
S01063,EFHK,60.546935,23.778165,A350-900,wide_body,2939,mechanical,771,critical,0.75,1125.0,771.0,1285.766826,emergency,EFHK,3440,60,asphalt,ILS,1,1,advanced,1,major,1,1,1,1,1,1,1,open,none,safe,civil,0,69.818244,501,preferred,1.0,1,1,11.043,4
S01063,EFHK,60.546935,23.778165,A350-900,wide_body,2939,mechanical,771,critical,0.75,1125.0,771.0,1285.766826,emergency,ESSA,3301,45,asphalt,ILS,1,1,advanced,1,major,1,1,1,1,1,1,1,open,none,safe,civil,0,339.155459,362,preferred,2.0,0,2,2.2733,5
S01063,EFHK,60.546935,23.778165,A350-900,wide_body,2939,mechanical,771,critical,0.75,1125.0,771.0,1285.766826,emergency,ENGM,3600,45,asphalt,ILS,1,1,advanced,1,major,1,1,1,1,1,1,1,open,none,safe,civil,0,696.964189,661,preferred,3.0,0,4,1.1062,3
S01063,EFHK,60.546935,23.778165,A350-900,wide_body,2939,mechanical,771,critical,0.75,1125.0,771.0,1285.766826,emergency,ULLI,3780,60,concrete,ILS,1,1,advanced,1,major,1,1,1,1,1,1,1,open,none,caution,civil,0,367.938011,841,preferred,4.0,0,3,2.0955,1
S01063,EFHK,60.546935,23.778165,A350-900,wide_body,2939,mechanical,771,critical,0.75,1125.0,771.0,1285.766826,emergency,UUEE,3700,60,concrete,ILS,1,1,advanced,1,major,1,1,1,1,1,1,1,open,none,caution,civil,0,942.862744,761,extended,5.0,0,5,0.8177,2
S01065,RKSI,36.894495,125.727232,E190,regional_jet,1964,technical,852,critical,0.75,600.0,600.0,906.631723,aircraft_fuel,RKSI,4000,60,asphalt,ILS,1,1,advanced,1,major,1,1,1,1,1,1,1,open,none,safe,civil,1,90.518065,2036,preferred,1.0,1,1,6.6285,1
S01065,RKSI,36.894495,125.727232,E190,regional_jet,1964,technical,852,critical,0.75,600.0,600.0,906.631723,aircraft_fuel,ZSPD,4000,60,concrete,ILS,1,1,advanced,1,major,1,1,1,1,1,1,1,open,none,safe,civil,1,734.404205,2036,extended,2.0,0,2,0.817,1
S01065,RKSI,36.894495,125.727232,E190,regional_jet,1964,technical,852,critical,0.75,600.0,600.0,906.631723,aircraft_fuel,ZBAA,3810,60,asphalt,ILS,1,1,advanced,1,major,1,1,1,1,1,1,1,open,none,safe,civil,1,869.388853,1846,extended,3.0,0,3,0.6901,3
S01068,OMAA,24.620006,54.571428,B777-300ER,wide_body,3093,medical,993,normal,1.0,1500.0,993.0,1753.164493,emergency,OMDB,4447,60,asphalt,ILS,1,1,advanced,1,major,1,1,1,1,1,1,1,open,none,safe,civil,1,106.787243,1354,preferred,1.0,1,2,9.2989,3
S01068,OMAA,24.620006,54.571428,B777-300ER,wide_body,3093,medical,993,normal,1.0,1500.0,993.0,1753.164493,emergency,OMAA,4106,60,asphalt,ILS,1,1,advanced,1,major,1,1,1,1,1,1,1,open,none,safe,civil,0,21.407831,1013,preferred,2.0,0,1,46.3849,5
S01068,OMAA,24.620006,54.571428,B777-300ER,wide_body,3093,medical,993,normal,1.0,1500.0,993.0,1753.164493,emergency,OTHH,4850,60,asphalt,ILS,1,1,advanced,1,major,1,1,1,1,1,1,1,open,none,safe,civil,0,307.458739,1757,preferred,3.0,0,3,3.2297,1
S01068,OMAA,24.620006,54.571428,B777-300ER,wide_body,3093,medical,993,normal,1.0,1500.0,993.0,1753.164493,emergency,OKKK,4580,60,asphalt,ILS,1,1,advanced,1,major,1,1,1,1,1,1,1,open,none,safe,civil,0,830.67134,1487,preferred,4.0,0,7,1.1954,2
S01068,OMAA,24.620006,54.571428,B777-300ER,wide_body,3093,medical,993,normal,1.0,1500.0,993.0,1753.164493,emergency,OOMS,4080,45,asphalt,ILS,1,1,advanced,1,major,1,1,1,1,1,1,1,open,none,safe,civil,0,393.60349,987,preferred,5.0,0,4,2.5228,6
S01068,OMAA,24.620006,54.571428,B777-300ER,wide_body,3093,medical,993,normal,1.0,1500.0,993.0,1753.164493,emergency,OBBI,3956,60,asphalt,ILS,1,1,advanced,1,major,1,1,1,1,1,1,1,open,none,safe,civil,0,435.3621,863,preferred,6.0,0,5,2.2809,7
S01068,OMAA,24.620006,54.571428,B777-300ER,wide_body,3093,medical,993,normal,1.0,1500.0,993.0,1753.164493,emergency,OERK,4205,60,asphalt,ILS,1,1,advanced,1,major,1,1,1,1,1,1,1,open,none,safe,civil,0,795.511115,1112,preferred,7.0,0,6,1.2483,4
S01068,OMAA,24.620006,54.571428,B777-300ER,wide_body,3093,medical,993,normal,1.0,1500.0,993.0,1753.164493,emergency,OPKC,3400,46,concrete,RNAV,0,1,basic,1,basic,1,1,1,1,1,1,1,open,none,caution,civil,0,1271.097084,307,extended,8.0,0,8,0.7812,8
S01069,EFHK,60.561922,25.698423,A220-300,narrow_body,2098,mechanical,1025,normal,1.0,950.0,950.0,1682.197989,aircraft_fuel,EFHK,3440,60,asphalt,ILS,1,1,advanced,1,major,1,1,1,1,1,1,1,open,none,safe,civil,0,48.573893,1342,preferred,1.0,1,1,19.5578,6
S01069,EFHK,60.561922,25.698423,A220-300,narrow_body,2098,mechanical,1025,normal,1.0,950.0,950.0,1682.197989,aircraft_fuel,ULLI,3780,60,concrete,ILS,1,1,advanced,1,major,1,1,1,1,1,1,1,open,none,caution,civil,0,266.126193,1682,preferred,2.0,0,2,3.5697,3
S01069,EFHK,60.561922,25.698423,A220-300,narrow_body,2098,mechanical,1025,normal,1.0,950.0,950.0,1682.197989,aircraft_fuel,ESSA,3301,45,asphalt,ILS,1,1,advanced,1,major,1,1,1,1,1,1,1,open,none,safe,civil,0,442.12597,1203,preferred,3.0,0,3,2.1487,7
S01069,EFHK,60.561922,25.698423,A220-300,narrow_body,2098,mechanical,1025,normal,1.0,950.0,950.0,1682.197989,aircraft_fuel,ENGM,3600,45,asphalt,ILS,1,1,advanced,1,major,1,1,1,1,1,1,1,open,none,safe,civil,0,801.712776,1502,preferred,4.0,0,4,1.185,5
S01069,EFHK,60.561922,25.698423,A220-300,narrow_body,2098,mechanical,1025,normal,1.0,950.0,950.0,1682.197989,aircraft_fuel,UUEE,3700,60,concrete,ILS,1,1,advanced,1,major,1,1,1,1,1,1,1,open,none,caution,civil,0,851.891177,1602,preferred,5.0,0,5,1.1152,4
S01069,EFHK,60.561922,25.698423,A220-300,narrow_body,2098,mechanical,1025,normal,1.0,950.0,950.0,1682.197989,aircraft_fuel,EHAM,3800,60,asphalt,ILS,1,1,advanced,1,major,1,1,1,1,1,1,1,open,none,safe,civil,1,1569.545783,1702,extended,6.0,0,6,0.6053,2
S01069,EFHK,60.561922,25.698423,A220-300,narrow_body,2098,mechanical,1025,normal,1.0,950.0,950.0,1682.197989,aircraft_fuel,EDDF,4000,60,asphalt,ILS,1,1,advanced,1,major,1,1,1,0,1,1,1,open,none,safe,civil,1,1587.405036,1902,extended,7.0,0,7,0.5985,1
S01070,OOMS,23.412171,57.692903,E190,regional_jet,1864,fuel,741,normal,1.0,800.0,741.0,1163.917337,emergency,OOMS,4080,45,asphalt,ILS,1,1,advanced,1,major,1,1,1,1,1,1,1,open,none,safe,civil,0,63.918862,2216,preferred,1.0,1,1,11.5928,5
S01070,OOMS,23.412171,57.692903,E190,regional_jet,1864,fuel,741,normal,1.0,800.0,741.0,1163.917337,emergency,OMDB,4447,60,asphalt,ILS,1,1,advanced,1,major,1,1,1,1,1,1,1,open,none,safe,civil,1,311.588418,2583,preferred,2.0,0,2,2.3781,2
S01070,OOMS,23.412171,57.692903,E190,regional_jet,1864,fuel,741,normal,1.0,800.0,741.0,1163.917337,emergency,OMAA,4106,60,asphalt,ILS,1,1,advanced,1,major,1,1,1,1,1,1,1,open,none,safe,civil,0,329.81873,2242,preferred,3.0,0,3,2.2467,4
S01070,OOMS,23.412171,57.692903,E190,regional_jet,1864,fuel,741,normal,1.0,800.0,741.0,1163.917337,emergency,OTHH,4850,60,asphalt,ILS,1,1,advanced,1,major,1,1,1,1,1,1,1,open,none,safe,civil,0,650.165081,2986,preferred,4.0,0,4,1.1397,1
S01070,OOMS,23.412171,57.692903,E190,regional_jet,1864,fuel,741,normal,1.0,800.0,741.0,1163.917337,emergency,OBBI,3956,60,asphalt,ILS,1,1,advanced,1,major,1,1,1,1,1,1,1,open,none,safe,civil,0,779.327729,2092,extended,5.0,0,5,0.9508,6
S01070,OOMS,23.412171,57.692903,E190,regional_jet,1864,fuel,741,normal,1.0,800.0,741.0,1163.917337,emergency,OERK,4205,60,asphalt,ILS,1,1,advanced,1,major,1,1,1,1,1,1,1,open,none,safe,civil,0,1128.012634,2341,extended,6.0,0,7,0.6569,3
S01070,OOMS,23.412171,57.692903,E190,regional_jet,1864,fuel,741,normal,1.0,800.0,741.0,1163.917337,emergency,OPKC,3400,46,concrete,RNAV,0,1,basic,1,basic,1,1,1,1,1,1,1,open,none,caution,civil,0,974.611264,1536,extended,7.0,0,6,0.7603,7
S01071,ZBAA,39.930618,117.336945,B787-9,wide_body,2863,operational_constraints,822,critical,0.75,1050.0,822.0,1339.412049,emergency,ZBAA,3810,60,asphalt,ILS,1,1,advanced,1,major,1,1,1,1,1,1,1,open,none,safe,civil,1,65.127014,947,preferred,1.0,1,1,12.6215,3
S01071,ZBAA,39.930618,117.336945,B787-9,wide_body,2863,operational_constraints,822,critical,0.75,1050.0,822.0,1339.412049,emergency,RKSI,4000,60,asphalt,ILS,1,1,advanced,1,major,1,1,1,1,1,1,1,open,none,safe,civil,1,836.462586,1137,extended,2.0,0,2,0.9827,1
S01071,ZBAA,39.930618,117.336945,B787-9,wide_body,2863,operational_constraints,822,critical,0.75,1050.0,822.0,1339.412049,emergency,ZSPD,4000,60,concrete,ILS,1,1,advanced,1,major,1,1,1,1,1,1,1,open,none,safe,civil,1,1057.033855,1137,extended,3.0,0,3,0.7776,1
S01072,LPPT,38.579952,-9.280807,A321,narrow_body,2393,medical,873,normal,1.0,1000.0,873.0,1460.104318,emergency,LPPT,3707,45,asphalt,ILS,1,1,advanced,1,major,1,1,1,1,1,1,1,open,none,safe,civil,0,25.679452,1314,preferred,1.0,1,1,33.9961,3
S01072,LPPT,38.579952,-9.280807,A321,narrow_body,2393,medical,873,normal,1.0,1000.0,873.0,1460.104318,emergency,LEMD,4350,60,asphalt,ILS,1,1,advanced,1,major,1,1,1,1,1,1,1,open,none,safe,civil,1,533.639142,1957,preferred,2.0,0,2,1.6359,1
S01072,LPPT,38.579952,-9.280807,A321,narrow_body,2393,medical,873,normal,1.0,1000.0,873.0,1460.104318,emergency,GMMN,3720,45,asphalt,ILS,1,1,advanced,1,major,1,1,1,1,1,1,1,open,none,safe,civil,0,599.202576,1327,preferred,3.0,0,3,1.4569,2
S01072,LPPT,38.579952,-9.280807,A321,narrow_body,2393,medical,873,normal,1.0,1000.0,873.0,1460.104318,emergency,DAAG,3500,60,asphalt,RNAV,0,1,basic,1,basic,1,1,1,1,1,1,0,open,none,safe,civil,0,1119.147162,1107,extended,4.0,0,4,0.7801,4
S01074,RKSI,37.718731,127.548744,A319,narrow_body,2114,weather,1194,low,0.9,810.0,810.0,1244.436853,aircraft_fuel,RKSI,4000,60,asphalt,ILS,1,1,advanced,1,major,1,1,1,1,1,1,1,open,none,safe,civil,1,100.621566,1886,preferred,1.0,1,1,8.05,1
S01074,RKSI,37.718731,127.548744,A319,narrow_body,2114,weather,1194,low,0.9,810.0,810.0,1244.436853,aircraft_fuel,ZSPD,4000,60,concrete,ILS,1,1,advanced,1,major,1,1,1,1,1,1,1,open,none,safe,civil,1,900.701414,1886,extended,2.0,0,2,0.8993,1
S01074,RKSI,37.718731,127.548744,A319,narrow_body,2114,weather,1194,low,0.9,810.0,810.0,1244.436853,aircraft_fuel,ZBAA,3810,60,asphalt,ILS,1,1,advanced,1,major,1,1,1,1,1,1,1,open,none,safe,civil,1,982.65702,1696,extended,3.0,0,3,0.8243,4
S01074,RKSI,37.718731,127.548744,A319,narrow_body,2114,weather,1194,low,0.9,810.0,810.0,1244.436853,aircraft_fuel,RJAA,4000,60,asphalt,ILS,1,1,advanced,1,major,1,1,1,0,1,1,1,open,none,safe,civil,1,1163.455971,1886,extended,4.0,0,5,0.6962,1
S01074,RKSI,37.718731,127.548744,A319,narrow_body,2114,weather,1194,low,0.9,810.0,810.0,1244.436853,aircraft_fuel,RJTT,3360,61,asphalt,ILS,1,1,advanced,1,major,1,1,1,1,1,1,1,open,none,safe,civil,1,1117.436069,1246,extended,5.0,0,4,0.7249,5
S01078,EGLL,51.555597,0.168397,B767-300ER,wide_body,3017,operational_constraints,1094,normal,1.0,1250.0,1094.0,1787.825364,emergency,EGLL,3901,50,asphalt,ILS,1,1,advanced,1,major,1,1,1,1,1,1,1,open,none,safe,civil,1,44.490791,884,preferred,1.0,1,1,24.5894,5
S01078,EGLL,51.555597,0.168397,B767-300ER,wide_body,3017,operational_constraints,1094,normal,1.0,1250.0,1094.0,1787.825364,emergency,LFPG,4215,45,asphalt,ILS,1,1,advanced,1,major,1,1,1,1,1,1,1,open,none,safe,civil,1,329.992026,1198,preferred,2.0,0,5,3.3152,2
S01078,EGLL,51.555597,0.168397,B767-300ER,wide_body,3017,operational_constraints,1094,normal,1.0,1250.0,1094.0,1787.825364,emergency,EGKK,3317,45,asphalt,ILS,1,1,advanced,1,major,1,1,1,1,1,1,1,open,none,safe,civil,1,51.492245,300,preferred,3.0,0,2,21.2459,10
S01078,EGLL,51.555597,0.168397,B767-300ER,wide_body,3017,operational_constraints,1094,normal,1.0,1250.0,1094.0,1787.825364,emergency,EHAM,3800,60,asphalt,ILS,1,1,advanced,1,major,1,1,1,1,1,1,1,open,none,safe,civil,1,325.94939,783,preferred,4.0,0,4,3.3563,6
S01078,EGLL,51.555597,0.168397,B767-300ER,wide_body,3017,operational_constraints,1094,normal,1.0,1250.0,1094.0,1787.825364,emergency,EDDF,4000,60,asphalt,ILS,1,1,advanced,1,major,1,1,1,0,1,1,1,open,none,safe,civil,1,613.362389,983,preferred,5.0,0,7,1.7836,3
S01078,EGLL,51.555597,0.168397,B767-300ER,wide_body,3017,operational_constraints,1094,normal,1.0,1250.0,1094.0,1787.825364,emergency,EGCC,3048,46,asphalt,ILS,1,1,advanced,1,major,1,1,1,1,1,1,1,open,none,safe,civil,1,259.56308,31,preferred,6.0,0,3,4.2148,13
S01078,EGLL,51.555597,0.168397,B767-300ER,wide_body,3017,operational_constraints,1094,normal,1.0,1250.0,1094.0,1787.825364,emergency,LEMD,4350,60,asphalt,ILS,1,1,advanced,1,major,1,1,1,1,1,1,1,open,none,safe,civil,1,1263.069495,1333,extended,7.0,0,9,0.8661,1
S01078,EGLL,51.555597,0.168397,B767-300ER,wide_body,3017,operational_constraints,1094,normal,1.0,1250.0,1094.0,1787.825364,emergency,EIDW,3110,45,concrete,ILS,1,1,advanced,1,major,1,1,1,1,1,1,1,open,none,safe,civil,0,482.387165,93,preferred,8.0,0,6,2.2679,12
S01078,EGLL,51.555597,0.168397,B767-300ER,wide_body,3017,operational_constraints,1094,normal,1.0,1250.0,1094.0,1787.825364,emergency,LIRF,3902,60,asphalt,ILS,1,1,basic,1,major,1,1,1,1,1,1,1,open,none,safe,civil,1,1419.421297,885,extended,9.0,0,10,0.7707,4
S01078,EGLL,51.555597,0.168397,B767-300ER,wide_body,3017,operational_constraints,1094,normal,1.0,1250.0,1094.0,1787.825364,emergency,ENGM,3600,45,asphalt,ILS,1,1,advanced,1,major,1,1,1,1,1,1,1,open,none,safe,civil,0,1174.765919,583,extended,10.0,0,8,0.9312,8
S01078,EGLL,51.555597,0.168397,B767-300ER,wide_body,3017,operational_constraints,1094,normal,1.0,1250.0,1094.0,1787.825364,emergency,LPPT,3707,45,asphalt,ILS,1,1,advanced,1,major,1,1,1,1,1,1,1,open,none,safe,civil,0,1593.792856,690,extended,11.0,0,12,0.6864,7
S01078,EGLL,51.555597,0.168397,B767-300ER,wide_body,3017,operational_constraints,1094,normal,1.0,1250.0,1094.0,1787.825364,emergency,DAAG,3500,60,asphalt,RNAV,0,1,basic,1,basic,1,1,1,1,1,1,0,open,none,safe,civil,0,1669.954503,483,extended,12.0,0,13,0.6551,9
S01078,EGLL,51.555597,0.168397,B767-300ER,wide_body,3017,operational_constraints,1094,normal,1.0,1250.0,1094.0,1787.825364,emergency,ESSA,3301,45,asphalt,ILS,1,1,advanced,1,major,1,1,1,1,1,1,1,open,none,safe,civil,0,1425.643202,284,extended,13.0,0,11,0.7674,11
S01080,OERK,24.822239,47.692771,B767-300ER,wide_body,2928,operational_constraints,575,low,0.9,1125.0,575.0,872.201821,emergency,OERK,4205,60,asphalt,ILS,1,1,advanced,1,major,1,1,1,1,1,1,1,open,none,safe,civil,0,101.382155,1277,preferred,1.0,1,1,5.6716,4
S01080,OERK,24.822239,47.692771,B767-300ER,wide_body,2928,operational_constraints,575,low,0.9,1125.0,575.0,872.201821,emergency,OTHH,4850,60,asphalt,ILS,1,1,advanced,1,major,1,1,1,1,1,1,1,open,none,safe,civil,0,397.57433,1922,preferred,2.0,0,3,1.4463,1
S01080,OERK,24.822239,47.692771,B767-300ER,wide_body,2928,operational_constraints,575,low,0.9,1125.0,575.0,872.201821,emergency,OKKK,4580,60,asphalt,ILS,1,1,advanced,1,major,1,1,1,1,1,1,1,open,none,safe,civil,0,490.275591,1652,preferred,3.0,0,4,1.1728,2
S01080,OERK,24.822239,47.692771,B767-300ER,wide_body,2928,operational_constraints,575,low,0.9,1125.0,575.0,872.201821,emergency,OBBI,3956,60,asphalt,ILS,1,1,advanced,1,major,1,1,1,1,1,1,1,open,none,safe,civil,0,336.296874,1028,preferred,4.0,0,2,1.7098,6
S01080,OERK,24.822239,47.692771,B767-300ER,wide_body,2928,operational_constraints,575,low,0.9,1125.0,575.0,872.201821,emergency,OMDB,4447,60,asphalt,ILS,1,1,advanced,1,major,1,1,1,1,1,1,1,open,none,safe,civil,1,774.912746,1519,extended,5.0,0,6,0.742,3
S01080,OERK,24.822239,47.692771,B767-300ER,wide_body,2928,operational_constraints,575,low,0.9,1125.0,575.0,872.201821,emergency,OMAA,4106,60,asphalt,ILS,1,1,advanced,1,major,1,1,1,1,1,1,1,open,none,safe,civil,0,704.337864,1178,extended,6.0,0,5,0.8164,5
S01081,LFPG,48.357977,3.153663,A350-900,wide_body,3123,medical,748,critical,0.75,1125.0,748.0,1383.58641,emergency,LFPG,4215,45,asphalt,ILS,1,1,advanced,1,major,1,1,1,1,1,1,1,open,none,safe,civil,1,84.716542,1092,preferred,1.0,1,1,8.8294,2
S01081,LFPG,48.357977,3.153663,A350-900,wide_body,3123,medical,748,critical,0.75,1125.0,748.0,1383.58641,emergency,EDDF,4000,60,asphalt,ILS,1,1,advanced,1,major,1,1,1,0,1,1,1,open,none,safe,civil,1,434.237461,877,preferred,2.0,0,4,1.7226,3
S01081,LFPG,48.357977,3.153663,A350-900,wide_body,3123,medical,748,critical,0.75,1125.0,748.0,1383.58641,emergency,EGLL,3901,50,asphalt,ILS,1,1,advanced,1,major,1,1,1,1,1,1,1,open,none,safe,civil,1,432.028515,778,preferred,3.0,0,3,1.7314,5
S01081,LFPG,48.357977,3.153663,A350-900,wide_body,3123,medical,748,critical,0.75,1125.0,748.0,1383.58641,emergency,EHAM,3800,60,asphalt,ILS,1,1,advanced,1,major,1,1,1,1,1,1,1,open,none,safe,civil,1,453.882394,677,preferred,4.0,0,5,1.648,6
S01081,LFPG,48.357977,3.153663,A350-900,wide_body,3123,medical,748,critical,0.75,1125.0,748.0,1383.58641,emergency,EGKK,3317,45,asphalt,ILS,1,1,advanced,1,major,1,1,1,1,1,1,1,open,none,safe,civil,1,392.152891,194,preferred,5.0,0,2,1.9074,8
S01081,LFPG,48.357977,3.153663,A350-900,wide_body,3123,medical,748,critical,0.75,1125.0,748.0,1383.58641,emergency,LEMD,4350,60,asphalt,ILS,1,1,advanced,1,major,1,1,1,1,1,1,1,open,none,safe,civil,1,1023.778889,1227,extended,6.0,0,7,0.7306,1
S01081,LFPG,48.357977,3.153663,A350-900,wide_body,3123,medical,748,critical,0.75,1125.0,748.0,1383.58641,emergency,LIRF,3902,60,asphalt,ILS,1,1,basic,1,major,1,1,1,1,1,1,1,open,none,safe,civil,1,1019.092273,779,extended,7.0,0,6,0.734,4
S01081,LFPG,48.357977,3.153663,A350-900,wide_body,3123,medical,748,critical,0.75,1125.0,748.0,1383.58641,emergency,DAAG,3500,60,asphalt,RNAV,0,1,basic,1,basic,1,1,1,1,1,1,0,open,none,safe,civil,0,1296.997217,377,extended,8.0,0,8,0.5767,7
S01082,OMAA,24.769551,54.564009,A330-300,wide_body,3131,operational_constraints,799,normal,1.0,1300.0,799.0,1332.438125,emergency,OMDB,4447,60,asphalt,ILS,1,1,advanced,1,major,1,1,1,1,1,1,1,open,none,safe,civil,1,97.284306,1316,preferred,1.0,1,2,8.213,3
S01082,OMAA,24.769551,54.564009,A330-300,wide_body,3131,operational_constraints,799,normal,1.0,1300.0,799.0,1332.438125,emergency,OMAA,4106,60,asphalt,ILS,1,1,advanced,1,major,1,1,1,1,1,1,1,open,none,safe,civil,0,37.539223,975,preferred,2.0,0,1,21.2844,5
S01082,OMAA,24.769551,54.564009,A330-300,wide_body,3131,operational_constraints,799,normal,1.0,1300.0,799.0,1332.438125,emergency,OTHH,4850,60,asphalt,ILS,1,1,advanced,1,major,1,1,1,1,1,1,1,open,none,safe,civil,0,303.049017,1719,preferred,3.0,0,3,2.6365,1
S01082,OMAA,24.769551,54.564009,A330-300,wide_body,3131,operational_constraints,799,normal,1.0,1300.0,799.0,1332.438125,emergency,OOMS,4080,45,asphalt,ILS,1,1,advanced,1,major,1,1,1,1,1,1,1,open,none,safe,civil,0,399.212726,949,preferred,4.0,0,4,2.0014,6
S01082,OMAA,24.769551,54.564009,A330-300,wide_body,3131,operational_constraints,799,normal,1.0,1300.0,799.0,1332.438125,emergency,OBBI,3956,60,asphalt,ILS,1,1,advanced,1,major,1,1,1,1,1,1,1,open,none,safe,civil,0,427.723012,825,preferred,5.0,0,5,1.868,7
S01082,OMAA,24.769551,54.564009,A330-300,wide_body,3131,operational_constraints,799,normal,1.0,1300.0,799.0,1332.438125,emergency,OERK,4205,60,asphalt,ILS,1,1,advanced,1,major,1,1,1,1,1,1,1,open,none,safe,civil,0,793.673328,1074,preferred,6.0,0,6,1.0067,4
S01082,OMAA,24.769551,54.564009,A330-300,wide_body,3131,operational_constraints,799,normal,1.0,1300.0,799.0,1332.438125,emergency,OKKK,4580,60,asphalt,ILS,1,1,advanced,1,major,1,1,1,1,1,1,1,open,none,safe,civil,0,819.610256,1449,extended,7.0,0,7,0.9749,2
S01082,OMAA,24.769551,54.564009,A330-300,wide_body,3131,operational_constraints,799,normal,1.0,1300.0,799.0,1332.438125,emergency,OPKC,3400,46,concrete,RNAV,0,1,basic,1,basic,1,1,1,1,1,1,1,open,none,caution,civil,0,1270.770003,269,extended,8.0,0,8,0.6288,8
S01084,OPKC,24.571318,66.957626,B767-300ER,wide_body,3115,weather,1091,low,0.9,1125.0,1091.0,1737.281934,emergency,OPKC,3400,46,concrete,RNAV,0,1,basic,1,basic,1,1,1,1,1,1,1,open,none,caution,civil,0,42.545134,285,preferred,1.0,1,1,25.6434,8
S01084,OPKC,24.571318,66.957626,B767-300ER,wide_body,3115,weather,1091,low,0.9,1125.0,1091.0,1737.281934,emergency,OOMS,4080,45,asphalt,ILS,1,1,advanced,1,major,1,1,1,1,1,1,1,open,none,safe,civil,0,886.805659,965,preferred,2.0,0,3,1.2303,5
S01084,OPKC,24.571318,66.957626,B767-300ER,wide_body,3115,weather,1091,low,0.9,1125.0,1091.0,1737.281934,emergency,OTHH,4850,60,asphalt,ILS,1,1,advanced,1,major,1,1,1,1,1,1,1,open,none,safe,civil,0,1548.983145,1735,extended,3.0,0,8,0.7043,1
S01084,OPKC,24.571318,66.957626,B767-300ER,wide_body,3115,weather,1091,low,0.9,1125.0,1091.0,1737.281934,emergency,VIDP,4430,60,asphalt,ILS,1,1,advanced,1,major,1,1,1,1,1,1,1,open,none,safe,civil,1,1100.729526,1315,extended,4.0,0,5,0.9912,3
S01084,OPKC,24.571318,66.957626,B767-300ER,wide_body,3115,weather,1091,low,0.9,1125.0,1091.0,1737.281934,emergency,OMDB,4447,60,asphalt,ILS,1,1,advanced,1,major,1,1,1,1,1,1,1,open,none,safe,civil,1,1170.580783,1332,extended,5.0,0,6,0.932,2
S01084,OPKC,24.571318,66.957626,B767-300ER,wide_body,3115,weather,1091,low,0.9,1125.0,1091.0,1737.281934,emergency,VABB,3509,60,asphalt,ILS,1,1,advanced,1,major,1,1,1,1,1,1,1,open,none,safe,civil,1,862.191246,394,preferred,6.0,0,2,1.2654,7
S01084,OPKC,24.571318,66.957626,B767-300ER,wide_body,3115,weather,1091,low,0.9,1125.0,1091.0,1737.281934,emergency,OMAA,4106,60,asphalt,ILS,1,1,advanced,1,major,1,1,1,1,1,1,1,open,none,safe,civil,0,1245.010226,991,extended,7.0,0,7,0.8763,4
S01084,OPKC,24.571318,66.957626,B767-300ER,wide_body,3115,weather,1091,low,0.9,1125.0,1091.0,1737.281934,emergency,OBBI,3956,60,asphalt,ILS,1,1,advanced,1,major,1,1,1,1,1,1,1,open,none,safe,civil,0,1648.712651,841,extended,8.0,0,9,0.6617,6
S01084,OPKC,24.571318,66.957626,B767-300ER,wide_body,3115,weather,1091,low,0.9,1125.0,1091.0,1737.281934,emergency,OPLA,3360,46,concrete,RNAV,0,0,none,1,basic,1,0,1,1,1,1,1,open,none,caution,civil,0,1062.9466,245,preferred,9.0,0,4,1.0264,9
S01086,LCLK,35.060652,33.316733,A350-900,wide_body,2929,medical,683,critical,0.75,1125.0,683.0,1200.097033,emergency,HECA,4000,60,asphalt,ILS,1,1,basic,1,major,1,1,1,1,1,1,1,open,none,safe,civil,0,578.93302,1071,preferred,1.0,1,3,1.1798,2
S01086,LCLK,35.060652,33.316733,A350-900,wide_body,2929,medical,683,critical,0.75,1125.0,683.0,1200.097033,emergency,OJAI,3660,61,asphalt,ILS,1,1,advanced,1,major,1,1,1,1,1,1,1,open,none,safe,civil,0,446.620956,731,preferred,2.0,0,1,1.5293,5
S01086,LCLK,35.060652,33.316733,A350-900,wide_body,2929,medical,683,critical,0.75,1125.0,683.0,1200.097033,emergency,LTAC,3750,45,asphalt,ILS,1,1,advanced,1,major,1,1,1,1,1,1,1,open,none,safe,joint,0,564.185447,821,preferred,3.0,0,2,1.2106,4
S01086,LCLK,35.060652,33.316733,A350-900,wide_body,2929,medical,683,critical,0.75,1125.0,683.0,1200.097033,emergency,LTFM,4100,60,asphalt,ILS,1,1,advanced,1,major,1,1,1,1,1,1,0,open,none,safe,civil,0,798.511727,1171,extended,4.0,0,4,0.8553,1
S01086,LCLK,35.060652,33.316733,A350-900,wide_body,2929,medical,683,critical,0.75,1125.0,683.0,1200.097033,emergency,LGAV,4000,45,asphalt,ILS,1,1,advanced,1,major,1,1,1,1,1,1,1,open,none,safe,civil,0,896.178065,1071,extended,5.0,0,5,0.7621,2
S01087,GMMN,33.34192,-6.688636,A350-900,wide_body,3014,fuel,522,critical,0.75,1125.0,522.0,901.890487,emergency,GMMN,3720,45,asphalt,ILS,1,1,advanced,1,major,1,1,1,1,1,1,1,open,none,safe,civil,0,83.763228,706,preferred,1.0,1,1,6.2319,2
S01087,GMMN,33.34192,-6.688636,A350-900,wide_body,3014,fuel,522,critical,0.75,1125.0,522.0,901.890487,emergency,LEMD,4350,60,asphalt,ILS,1,1,advanced,1,major,1,1,1,1,1,1,1,open,none,safe,civil,1,841.924836,1336,extended,2.0,0,3,0.62,1
S01087,GMMN,33.34192,-6.688636,A350-900,wide_body,3014,fuel,522,critical,0.75,1125.0,522.0,901.890487,emergency,LPPT,3707,45,asphalt,ILS,1,1,advanced,1,major,1,1,1,1,1,1,1,open,none,safe,civil,0,643.518803,693,extended,3.0,0,2,0.8112,3
S01088,ZBAA,40.558054,115.214819,B737 MAX 8,narrow_body,2383,technical,999,low,0.9,900.0,900.0,1395.402331,aircraft_fuel,ZBAA,3810,60,asphalt,ILS,1,1,advanced,1,major,1,1,1,1,1,1,1,open,none,safe,civil,1,128.774868,1427,preferred,1.0,1,1,6.9889,3
S01088,ZBAA,40.558054,115.214819,B737 MAX 8,narrow_body,2383,technical,999,low,0.9,900.0,900.0,1395.402331,aircraft_fuel,RKSI,4000,60,asphalt,ILS,1,1,advanced,1,major,1,1,1,1,1,1,1,open,none,safe,civil,1,1028.844483,1617,extended,2.0,0,2,0.8748,1
S01088,ZBAA,40.558054,115.214819,B737 MAX 8,narrow_body,2383,technical,999,low,0.9,900.0,900.0,1395.402331,aircraft_fuel,ZSPD,4000,60,concrete,ILS,1,1,advanced,1,major,1,1,1,1,1,1,1,open,none,safe,civil,1,1202.721162,1617,extended,3.0,0,3,0.7483,1
S01096,HECA,30.252731,31.713028,A320,narrow_body,2337,security,1171,low,0.9,855.0,855.0,1376.184745,aircraft_fuel,HECA,4000,60,asphalt,ILS,1,1,basic,1,major,1,1,1,1,1,1,1,open,none,safe,civil,0,34.220388,1663,preferred,1.0,1,1,24.9851,2
S01096,HECA,30.252731,31.713028,A320,narrow_body,2337,security,1171,low,0.9,855.0,855.0,1376.184745,aircraft_fuel,OJAI,3660,61,asphalt,ILS,1,1,advanced,1,major,1,1,1,1,1,1,1,open,none,safe,civil,0,439.481047,1323,preferred,2.0,0,2,1.9455,5
S01096,HECA,30.252731,31.713028,A320,narrow_body,2337,security,1171,low,0.9,855.0,855.0,1376.184745,aircraft_fuel,LCLK,2987,45,asphalt,ILS,1,0,none,1,basic,1,0,1,1,1,1,1,open,none,safe,civil,0,544.280766,650,preferred,3.0,0,4,1.5709,7
S01096,HECA,30.252731,31.713028,A320,narrow_body,2337,security,1171,low,0.9,855.0,855.0,1376.184745,aircraft_fuel,LGAV,4000,45,asphalt,ILS,1,1,advanced,1,major,1,1,1,1,1,1,1,open,none,safe,civil,0,1113.381273,1663,extended,4.0,0,6,0.7679,2
S01096,HECA,30.252731,31.713028,A320,narrow_body,2337,security,1171,low,0.9,855.0,855.0,1376.184745,aircraft_fuel,LTFM,4100,60,asphalt,ILS,1,1,advanced,1,major,1,1,1,1,1,1,0,open,none,safe,civil,0,1254.54062,1763,extended,5.0,0,7,0.6815,1
S01096,HECA,30.252731,31.713028,A320,narrow_body,2337,security,1171,low,0.9,855.0,855.0,1376.184745,aircraft_fuel,HELX,3000,45,asphalt,RNAV,0,0,none,1,basic,1,0,1,0,0,1,1,open,none,safe,joint,0,518.717453,663,preferred,6.0,0,3,1.6483,6
S01096,HECA,30.252731,31.713028,A320,narrow_body,2337,security,1171,low,0.9,855.0,855.0,1376.184745,aircraft_fuel,LTAC,3750,45,asphalt,ILS,1,1,advanced,1,major,1,1,1,1,1,1,1,open,none,safe,joint,0,1104.216213,1413,extended,7.0,0,5,0.7743,4
S01101,DGAA,4.966009,-0.41923,B737-800,narrow_body,2387,operational_constraints,965,low,0.9,855.0,855.0,1335.651615,aircraft_fuel,DGAA,3403,61,asphalt,RNAV,0,0,none,1,basic,1,0,1,1,1,1,0,open,none,safe,civil,0,76.372286,1016,preferred,1.0,1,1,11.1952,3
S01101,DGAA,4.966009,-0.41923,B737-800,narrow_body,2387,operational_constraints,965,low,0.9,855.0,855.0,1335.651615,aircraft_fuel,DNMM,3900,60,asphalt,ILS,1,1,advanced,1,major,1,1,1,1,1,1,1,open,none,caution,civil,0,450.915942,1513,preferred,2.0,0,2,1.8961,1
S01101,DGAA,4.966009,-0.41923,B737-800,narrow_body,2387,operational_constraints,965,low,0.9,855.0,855.0,1335.651615,aircraft_fuel,DNAA,3609,60,asphalt,RNAV,0,0,none,1,basic,1,0,1,1,1,1,1,open,none,safe,joint,0,959.422901,1222,extended,3.0,0,3,0.8912,2
S01101,DGAA,4.966009,-0.41923,B737-800,narrow_body,2387,operational_constraints,965,low,0.9,855.0,855.0,1335.651615,aircraft_fuel,DNKN,3200,46,asphalt,RNAV,0,0,none,1,basic,1,0,1,0,0,1,1,open,none,safe,joint,0,1259.407626,813,extended,4.0,0,4,0.6789,4
S01104,ULLI,59.233007,31.558961,E190,regional_jet,1844,fuel,708,low,0.9,720.0,708.0,1076.208434,emergency,ULLI,3780,60,concrete,ILS,1,1,advanced,1,major,1,1,1,1,1,1,1,open,none,caution,civil,0,96.574289,1936,preferred,1.0,1,1,7.3311,1
S01104,ULLI,59.233007,31.558961,E190,regional_jet,1844,fuel,708,low,0.9,720.0,708.0,1076.208434,emergency,EFHK,3440,60,asphalt,ILS,1,1,advanced,1,major,1,1,1,1,1,1,1,open,none,safe,civil,0,388.212772,1596,preferred,2.0,0,2,1.8237,3
S01104,ULLI,59.233007,31.558961,E190,regional_jet,1844,fuel,708,low,0.9,720.0,708.0,1076.208434,emergency,UUEE,3700,60,concrete,ILS,1,1,advanced,1,major,1,1,1,1,1,1,1,open,none,caution,civil,0,502.283334,1856,preferred,3.0,0,3,1.4096,2
S01104,ULLI,59.233007,31.558961,E190,regional_jet,1844,fuel,708,low,0.9,720.0,708.0,1076.208434,emergency,ESSA,3301,45,asphalt,ILS,1,1,advanced,1,major,1,1,1,1,1,1,1,open,none,safe,civil,0,770.597329,1457,extended,4.0,0,4,0.9188,4
S01105,EGKK,51.475244,-1.063635,A330-300,wide_body,3002,medical,377,low,0.9,1170.0,377.0,631.903003,emergency,EGLL,3901,50,asphalt,ILS,1,1,advanced,1,major,1,1,1,1,1,1,1,open,none,safe,civil,1,41.817824,899,preferred,1.0,1,1,9.0153,2
S01105,EGKK,51.475244,-1.063635,A330-300,wide_body,3002,medical,377,low,0.9,1170.0,377.0,631.903003,emergency,LFPG,4215,45,asphalt,ILS,1,1,advanced,1,major,1,1,1,1,1,1,1,open,none,safe,civil,1,375.937098,1213,preferred,2.0,0,4,1.0028,1
S01105,EGKK,51.475244,-1.063635,A330-300,wide_body,3002,medical,377,low,0.9,1170.0,377.0,631.903003,emergency,EGKK,3317,45,asphalt,ILS,1,1,advanced,1,major,1,1,1,1,1,1,1,open,none,safe,civil,1,71.001738,315,preferred,3.0,0,2,5.3097,4
S01105,EGKK,51.475244,-1.063635,A330-300,wide_body,3002,medical,377,low,0.9,1170.0,377.0,631.903003,emergency,EGCC,3048,46,asphalt,ILS,1,1,advanced,1,major,1,1,1,1,1,1,1,open,none,safe,civil,1,224.446707,46,preferred,4.0,0,3,1.6797,6
S01105,EGKK,51.475244,-1.063635,A330-300,wide_body,3002,medical,377,low,0.9,1170.0,377.0,631.903003,emergency,EHAM,3800,60,asphalt,ILS,1,1,advanced,1,major,1,1,1,1,1,1,1,open,none,safe,civil,1,410.377212,798,extended,5.0,0,5,0.9187,3
S01105,EGKK,51.475244,-1.063635,A330-300,wide_body,3002,medical,377,low,0.9,1170.0,377.0,631.903003,emergency,EIDW,3110,45,concrete,ILS,1,1,advanced,1,major,1,1,1,1,1,1,1,open,none,safe,civil,0,413.708185,108,extended,6.0,0,6,0.9113,5
S01108,DAAG,36.376983,2.355835,B787-9,wide_body,2974,fuel,754,low,0.9,1260.0,754.0,1329.337677,emergency,DAAG,3500,60,asphalt,RNAV,0,1,basic,1,basic,1,1,1,1,1,1,0,open,none,safe,civil,0,84.4244,526,preferred,1.0,1,1,8.9311,5
S01108,DAAG,36.376983,2.355835,B787-9,wide_body,2974,fuel,754,low,0.9,1260.0,754.0,1329.337677,emergency,LEMD,4350,60,asphalt,ILS,1,1,advanced,1,major,1,1,1,1,1,1,1,open,none,safe,civil,1,689.705708,1376,preferred,2.0,0,2,1.0932,1
S01108,DAAG,36.376983,2.355835,B787-9,wide_body,2974,fuel,754,low,0.9,1260.0,754.0,1329.337677,emergency,DTTA,3200,45,asphalt,RNAV,0,1,basic,1,basic,1,0,1,1,1,1,1,open,none,safe,civil,0,704.316183,226,preferred,3.0,0,3,1.0705,6
S01108,DAAG,36.376983,2.355835,B787-9,wide_body,2974,fuel,754,low,0.9,1260.0,754.0,1329.337677,emergency,LIRF,3902,60,asphalt,ILS,1,1,basic,1,major,1,1,1,1,1,1,1,open,none,safe,civil,1,1044.66663,928,extended,4.0,0,5,0.7218,2
S01108,DAAG,36.376983,2.355835,B787-9,wide_body,2974,fuel,754,low,0.9,1260.0,754.0,1329.337677,emergency,GMMN,3720,45,asphalt,ILS,1,1,advanced,1,major,1,1,1,1,1,1,1,open,none,safe,civil,0,966.484023,746,extended,5.0,0,4,0.7801,3
S01108,DAAG,36.376983,2.355835,B787-9,wide_body,2974,fuel,754,low,0.9,1260.0,754.0,1329.337677,emergency,LPPT,3707,45,asphalt,ILS,1,1,advanced,1,major,1,1,1,1,1,1,1,open,none,safe,civil,0,1046.574902,733,extended,6.0,0,6,0.7204,4
S01109,CYYZ,43.611337,-78.983894,A320,narrow_body,2327,medical,1042,normal,1.0,950.0,950.0,1572.641916,aircraft_fuel,CYYZ,3389,61,asphalt,ILS,1,1,advanced,1,major,1,1,1,1,1,1,1,open,none,safe,civil,1,52.437015,1062,preferred,1.0,1,1,18.117,4
S01109,CYYZ,43.611337,-78.983894,A320,narrow_body,2327,medical,1042,normal,1.0,950.0,950.0,1572.641916,aircraft_fuel,KJFK,4423,61,asphalt,ILS,1,1,advanced,1,major,1,1,1,1,1,1,1,open,none,safe,civil,1,541.515114,2096,preferred,2.0,0,2,1.7543,1
S01109,CYYZ,43.611337,-78.983894,A320,narrow_body,2327,medical,1042,normal,1.0,950.0,950.0,1572.641916,aircraft_fuel,KORD,3962,46,concrete,ILS,1,1,advanced,1,major,1,1,1,1,1,1,1,open,none,safe,civil,0,749.77445,1635,preferred,3.0,0,3,1.267,2
S01109,CYYZ,43.611337,-78.983894,A320,narrow_body,2327,medical,1042,normal,1.0,950.0,950.0,1572.641916,aircraft_fuel,KATL,3776,46,concrete,ILS,1,1,advanced,1,major,1,1,1,1,1,1,1,open,none,safe,civil,0,1205.044688,1449,extended,4.0,0,4,0.7884,3
S01113,EGCC,54.032395,-2.783354,A321,narrow_body,2451,technical,859,critical,0.75,750.0,750.0,1284.304525,aircraft_fuel,EGLL,3901,50,asphalt,ILS,1,1,advanced,1,major,1,1,1,1,1,1,1,open,none,safe,civil,1,324.901431,1450,preferred,1.0,1,3,2.3084,3
S01113,EGCC,54.032395,-2.783354,A321,narrow_body,2451,technical,859,critical,0.75,750.0,750.0,1284.304525,aircraft_fuel,EGCC,3048,46,asphalt,ILS,1,1,advanced,1,major,1,1,1,1,1,1,1,open,none,safe,civil,1,82.552682,597,preferred,2.0,0,1,9.0851,8
S01113,EGCC,54.032395,-2.783354,A321,narrow_body,2451,technical,859,critical,0.75,750.0,750.0,1284.304525,aircraft_fuel,LFPG,4215,45,asphalt,ILS,1,1,advanced,1,major,1,1,1,1,1,1,1,open,none,safe,civil,1,669.199401,1764,preferred,3.0,0,6,1.1207,1
S01113,EGCC,54.032395,-2.783354,A321,narrow_body,2451,technical,859,critical,0.75,750.0,750.0,1284.304525,aircraft_fuel,EHAM,3800,60,asphalt,ILS,1,1,advanced,1,major,1,1,1,1,1,1,1,open,none,safe,civil,1,538.005117,1349,preferred,4.0,0,5,1.394,4
S01113,EGCC,54.032395,-2.783354,A321,narrow_body,2451,technical,859,critical,0.75,750.0,750.0,1284.304525,aircraft_fuel,EIDW,3110,45,concrete,ILS,1,1,advanced,1,major,1,1,1,1,1,1,1,open,none,safe,civil,0,238.45058,659,preferred,5.0,0,2,3.1453,7
S01113,EGCC,54.032395,-2.783354,A321,narrow_body,2451,technical,859,critical,0.75,750.0,750.0,1284.304525,aircraft_fuel,EGKK,3317,45,asphalt,ILS,1,1,advanced,1,major,1,1,1,1,1,1,1,open,none,safe,civil,1,365.461901,866,preferred,6.0,0,4,2.0522,6
S01113,EGCC,54.032395,-2.783354,A321,narrow_body,2451,technical,859,critical,0.75,750.0,750.0,1284.304525,aircraft_fuel,EDDF,4000,60,asphalt,ILS,1,1,advanced,1,major,1,1,1,0,1,1,1,open,none,safe,civil,1,893.181587,1549,extended,7.0,0,7,0.8397,2
S01113,EGCC,54.032395,-2.783354,A321,narrow_body,2451,technical,859,critical,0.75,750.0,750.0,1284.304525,aircraft_fuel,ENGM,3600,45,asphalt,ILS,1,1,advanced,1,major,1,1,1,1,1,1,1,open,none,safe,civil,0,1078.944322,1149,extended,8.0,0,8,0.6951,5
S01115,HECA,30.625392,31.09576,E175,regional_jet,1710,fuel,372,normal,1.0,750.0,372.0,571.892286,emergency,HECA,4000,60,asphalt,ILS,1,1,basic,1,major,1,1,1,1,1,1,1,open,none,safe,civil,0,64.018138,2290,preferred,1.0,1,1,5.8109,1
S01115,HECA,30.625392,31.09576,E175,regional_jet,1710,fuel,372,normal,1.0,750.0,372.0,571.892286,emergency,OJAI,3660,61,asphalt,ILS,1,1,advanced,1,major,1,1,1,1,1,1,1,open,none,safe,civil,0,481.591172,1950,extended,2.0,0,2,0.7724,2
S01115,HECA,30.625392,31.09576,E175,regional_jet,1710,fuel,372,normal,1.0,750.0,372.0,571.892286,emergency,LCLK,2987,45,asphalt,ILS,1,0,none,1,basic,1,0,1,1,1,1,1,open,none,safe,civil,0,528.377187,1277,extended,3.0,0,3,0.704,3
S01117,ZSPD,31.866122,121.554634,E190,regional_jet,1856,weather,678,low,0.9,720.0,678.0,961.563703,emergency,ZSPD,4000,60,concrete,ILS,1,1,advanced,1,major,1,1,1,1,1,1,1,open,none,safe,civil,1,83.794912,2144,preferred,1.0,1,1,8.0912,1
S01117,ZSPD,31.866122,121.554634,E190,regional_jet,1856,weather,678,low,0.9,720.0,678.0,961.563703,emergency,RCTP,3660,60,concrete,ILS,1,1,advanced,1,major,1,1,1,1,1,1,1,open,none,safe,civil,0,755.491046,1804,extended,2.0,0,2,0.8974,3
S01117,ZSPD,31.866122,121.554634,E190,regional_jet,1856,weather,678,low,0.9,720.0,678.0,961.563703,emergency,RKSI,4000,60,asphalt,ILS,1,1,advanced,1,major,1,1,1,1,1,1,1,open,none,safe,civil,1,766.972146,2144,extended,3.0,0,3,0.884,1
S01118,WSSS,1.154307,105.038813,A350-900,wide_body,2954,medical,850,low,0.9,1350.0,850.0,1454.974801,emergency,WSSS,4000,60,asphalt,ILS,1,1,advanced,1,major,1,1,1,1,1,1,1,open,none,safe,civil,1,118.1744,1046,preferred,1.0,1,1,7.1928,2
S01118,WSSS,1.154307,105.038813,A350-900,wide_body,2954,medical,850,low,0.9,1350.0,850.0,1454.974801,emergency,WMKK,4124,60,asphalt,ILS,1,1,advanced,1,major,1,1,1,1,1,1,1,open,none,safe,civil,0,410.060678,1170,preferred,2.0,0,2,2.0729,1
S01118,WSSS,1.154307,105.038813,A350-900,wide_body,2954,medical,850,low,0.9,1350.0,850.0,1454.974801,emergency,WIMM,3000,60,asphalt,RNAV,1,1,basic,1,basic,1,0,1,1,0,1,1,open,none,safe,civil,0,737.422488,46,preferred,3.0,0,3,1.1527,3
S01119,LTFM,40.998925,28.870182,A321,narrow_body,2394,weather,983,normal,1.0,1000.0,983.0,1722.864296,emergency,LTFM,4100,60,asphalt,ILS,1,1,advanced,1,major,1,1,1,1,1,1,0,open,none,safe,civil,0,32.789707,1706,preferred,1.0,1,1,29.9789,1
S01119,LTFM,40.998925,28.870182,A321,narrow_body,2394,weather,983,normal,1.0,1000.0,983.0,1722.864296,emergency,LGAV,4000,45,asphalt,ILS,1,1,advanced,1,major,1,1,1,1,1,1,1,open,none,safe,civil,0,542.744657,1606,preferred,2.0,0,3,1.8112,2
S01119,LTFM,40.998925,28.870182,A321,narrow_body,2394,weather,983,normal,1.0,1000.0,983.0,1722.864296,emergency,LTAC,3750,45,asphalt,ILS,1,1,advanced,1,major,1,1,1,1,1,1,1,open,none,safe,joint,0,361.608064,1356,preferred,3.0,0,2,2.7184,5
S01119,LTFM,40.998925,28.870182,A321,narrow_body,2394,weather,983,normal,1.0,1000.0,983.0,1722.864296,emergency,HECA,4000,60,asphalt,ILS,1,1,basic,1,major,1,1,1,1,1,1,1,open,none,safe,civil,0,1231.845549,1606,extended,4.0,0,6,0.798,2
S01119,LTFM,40.998925,28.870182,A321,narrow_body,2394,weather,983,normal,1.0,1000.0,983.0,1722.864296,emergency,LIRF,3902,60,asphalt,ILS,1,1,basic,1,major,1,1,1,1,1,1,1,open,none,safe,civil,1,1386.785813,1508,extended,5.0,0,7,0.7088,4
S01119,LTFM,40.998925,28.870182,A321,narrow_body,2394,weather,983,normal,1.0,1000.0,983.0,1722.864296,emergency,LCLK,2987,45,asphalt,ILS,1,0,none,1,basic,1,0,1,1,1,1,1,open,none,safe,civil,0,798.150086,593,preferred,6.0,0,4,1.2316,8
S01119,LTFM,40.998925,28.870182,A321,narrow_body,2394,weather,983,normal,1.0,1000.0,983.0,1722.864296,emergency,OJAI,3660,61,asphalt,ILS,1,1,advanced,1,major,1,1,1,1,1,1,1,open,none,safe,civil,0,1211.71767,1266,extended,7.0,0,5,0.8112,6
S01119,LTFM,40.998925,28.870182,A321,narrow_body,2394,weather,983,normal,1.0,1000.0,983.0,1722.864296,emergency,DTTA,3200,45,asphalt,RNAV,0,1,basic,1,basic,1,0,1,1,1,1,1,open,none,safe,civil,0,1673.672267,806,extended,8.0,0,8,0.5873,7
S01120,ESSA,59.366741,17.43899,E170,regional_jet,1725,fuel,550,critical,0.75,525.0,525.0,823.01299,aircraft_fuel,ESSA,3301,45,asphalt,ILS,1,1,advanced,1,major,1,1,1,1,1,1,1,open,none,safe,civil,0,41.777503,1576,preferred,1.0,1,1,12.5666,4
S01120,ESSA,59.366741,17.43899,E170,regional_jet,1725,fuel,550,critical,0.75,525.0,525.0,823.01299,aircraft_fuel,ENGM,3600,45,asphalt,ILS,1,1,advanced,1,major,1,1,1,1,1,1,1,open,none,safe,civil,0,366.316602,1875,preferred,2.0,0,2,1.4332,2
S01120,ESSA,59.366741,17.43899,E170,regional_jet,1725,fuel,550,critical,0.75,525.0,525.0,823.01299,aircraft_fuel,EFHK,3440,60,asphalt,ILS,1,1,advanced,1,major,1,1,1,1,1,1,1,open,none,safe,civil,0,433.173816,1715,preferred,3.0,0,3,1.212,3
S01120,ESSA,59.366741,17.43899,E170,regional_jet,1725,fuel,550,critical,0.75,525.0,525.0,823.01299,aircraft_fuel,ULLI,3780,60,concrete,ILS,1,1,advanced,1,major,1,1,1,1,1,1,1,open,none,caution,civil,0,722.384296,2055,extended,4.0,0,4,0.7268,1
S01121,ENGM,60.194843,11.722381,A319,narrow_body,2201,medical,561,normal,1.0,900.0,561.0,883.455296,emergency,ENGM,3600,45,asphalt,ILS,1,1,advanced,1,major,1,1,1,1,1,1,1,open,none,safe,civil,0,34.377209,1399,preferred,1.0,1,1,16.319,1
S01121,ENGM,60.194843,11.722381,A319,narrow_body,2201,medical,561,normal,1.0,900.0,561.0,883.455296,emergency,ESSA,3301,45,asphalt,ILS,1,1,advanced,1,major,1,1,1,1,1,1,1,open,none,safe,civil,0,351.036793,1100,preferred,2.0,0,2,1.5981,3
S01121,ENGM,60.194843,11.722381,A319,narrow_body,2201,medical,561,normal,1.0,900.0,561.0,883.455296,emergency,EFHK,3440,60,asphalt,ILS,1,1,advanced,1,major,1,1,1,1,1,1,1,open,none,safe,civil,0,729.34746,1239,extended,3.0,0,3,0.7692,2
S01123,LTAC,39.799067,32.68799,E175,regional_jet,1746,technical,550,low,0.9,675.0,550.0,859.115637,emergency,LTAC,3750,45,asphalt,ILS,1,1,advanced,1,major,1,1,1,1,1,1,1,open,none,safe,joint,0,44.984962,2004,preferred,1.0,1,1,12.2263,3
S01123,LTAC,39.799067,32.68799,E175,regional_jet,1746,technical,550,low,0.9,675.0,550.0,859.115637,emergency,LTFM,4100,60,asphalt,ILS,1,1,advanced,1,major,1,1,1,1,1,1,0,open,none,safe,civil,0,372.350515,2354,preferred,2.0,0,2,1.4771,1
S01123,LTAC,39.799067,32.68799,E175,regional_jet,1746,technical,550,low,0.9,675.0,550.0,859.115637,emergency,LGAV,4000,45,asphalt,ILS,1,1,advanced,1,major,1,1,1,1,1,1,1,open,none,safe,civil,0,784.426098,2254,extended,3.0,0,4,0.7011,2
S01123,LTAC,39.799067,32.68799,E175,regional_jet,1746,technical,550,low,0.9,675.0,550.0,859.115637,emergency,LCLK,2987,45,asphalt,ILS,1,0,none,1,basic,1,0,1,1,1,1,1,open,none,safe,civil,0,553.739842,1241,extended,4.0,0,3,0.9932,4
S01124,ESSA,60.072598,17.541333,A319,narrow_body,2152,fuel,698,critical,0.75,675.0,675.0,1141.337101,aircraft_fuel,ESSA,3301,45,asphalt,ILS,1,1,advanced,1,major,1,1,1,1,1,1,1,open,none,safe,civil,0,51.884202,1149,preferred,1.0,1,1,13.0097,4
S01124,ESSA,60.072598,17.541333,A319,narrow_body,2152,fuel,698,critical,0.75,675.0,675.0,1141.337101,aircraft_fuel,ENGM,3600,45,asphalt,ILS,1,1,advanced,1,major,1,1,1,1,1,1,1,open,none,safe,civil,0,356.769236,1448,preferred,2.0,0,2,1.892,2
S01124,ESSA,60.072598,17.541333,A319,narrow_body,2152,fuel,698,critical,0.75,675.0,675.0,1141.337101,aircraft_fuel,EFHK,3440,60,asphalt,ILS,1,1,advanced,1,major,1,1,1,1,1,1,1,open,none,safe,civil,0,410.894523,1288,preferred,3.0,0,3,1.6428,3
S01124,ESSA,60.072598,17.541333,A319,narrow_body,2152,fuel,698,critical,0.75,675.0,675.0,1141.337101,aircraft_fuel,ULLI,3780,60,concrete,ILS,1,1,advanced,1,major,1,1,1,1,1,1,1,open,none,caution,civil,0,708.172846,1628,extended,4.0,0,4,0.9532,1
S01127,EGCC,53.698161,-3.026069,E175,regional_jet,1827,mechanical,875,normal,1.0,750.0,750.0,1221.202445,aircraft_fuel,EGCC,3048,46,asphalt,ILS,1,1,advanced,1,major,1,1,1,1,1,1,1,open,none,safe,civil,1,62.70311,1221,preferred,1.0,1,1,11.9611,8
S01127,EGCC,53.698161,-3.026069,E175,regional_jet,1827,mechanical,875,normal,1.0,750.0,750.0,1221.202445,aircraft_fuel,EGLL,3901,50,asphalt,ILS,1,1,advanced,1,major,1,1,1,1,1,1,1,open,none,safe,civil,1,302.28394,2074,preferred,2.0,0,3,2.4811,3
S01127,EGCC,53.698161,-3.026069,E175,regional_jet,1827,mechanical,875,normal,1.0,750.0,750.0,1221.202445,aircraft_fuel,EIDW,3110,45,concrete,ILS,1,1,advanced,1,major,1,1,1,1,1,1,1,open,none,safe,civil,0,215.786684,1283,preferred,3.0,0,2,3.4757,7
S01127,EGCC,53.698161,-3.026069,E175,regional_jet,1827,mechanical,875,normal,1.0,750.0,750.0,1221.202445,aircraft_fuel,EGKK,3317,45,asphalt,ILS,1,1,advanced,1,major,1,1,1,1,1,1,1,open,none,safe,civil,1,342.658701,1490,preferred,4.0,0,4,2.1888,6
S01127,EGCC,53.698161,-3.026069,E175,regional_jet,1827,mechanical,875,normal,1.0,750.0,750.0,1221.202445,aircraft_fuel,EHAM,3800,60,asphalt,ILS,1,1,advanced,1,major,1,1,1,1,1,1,1,open,none,safe,civil,1,543.349506,1973,preferred,5.0,0,5,1.3803,4
S01127,EGCC,53.698161,-3.026069,E175,regional_jet,1827,mechanical,875,normal,1.0,750.0,750.0,1221.202445,aircraft_fuel,LFPG,4215,45,asphalt,ILS,1,1,advanced,1,major,1,1,1,1,1,1,1,open,none,safe,civil,1,649.217147,2388,preferred,6.0,0,6,1.1552,1
S01127,EGCC,53.698161,-3.026069,E175,regional_jet,1827,mechanical,875,normal,1.0,750.0,750.0,1221.202445,aircraft_fuel,EDDF,4000,60,asphalt,ILS,1,1,advanced,1,major,1,1,1,0,1,1,1,open,none,safe,civil,1,892.670087,2173,extended,7.0,0,7,0.8402,2
S01127,EGCC,53.698161,-3.026069,E175,regional_jet,1827,mechanical,875,normal,1.0,750.0,750.0,1221.202445,aircraft_fuel,ENGM,3600,45,asphalt,ILS,1,1,advanced,1,major,1,1,1,1,1,1,1,open,none,safe,civil,0,1116.591022,1773,extended,8.0,0,8,0.6717,5
S01128,OMDB,24.726257,56.005251,B737-800,narrow_body,2362,fuel,355,low,0.9,855.0,355.0,596.812514,emergency,OMDB,4447,60,asphalt,ILS,1,1,advanced,1,major,1,1,1,1,1,1,1,open,none,safe,civil,1,86.459385,2085,preferred,1.0,1,1,4.106,2
S01128,OMDB,24.726257,56.005251,B737-800,narrow_body,2362,fuel,355,low,0.9,855.0,355.0,596.812514,emergency,OMAA,4106,60,asphalt,ILS,1,1,advanced,1,major,1,1,1,1,1,1,1,open,none,safe,civil,0,140.735399,1744,preferred,2.0,0,2,2.5225,3
S01128,OMDB,24.726257,56.005251,B737-800,narrow_body,2362,fuel,355,low,0.9,855.0,355.0,596.812514,emergency,OOMS,4080,45,asphalt,ILS,1,1,advanced,1,major,1,1,1,1,1,1,1,open,none,safe,civil,0,263.019584,1718,preferred,3.0,0,3,1.3497,4
S01128,OMDB,24.726257,56.005251,B737-800,narrow_body,2362,fuel,355,low,0.9,855.0,355.0,596.812514,emergency,OTHH,4850,60,asphalt,ILS,1,1,advanced,1,major,1,1,1,1,1,1,1,open,none,safe,civil,0,447.266317,2488,extended,4.0,0,4,0.7937,1
S01128,OMDB,24.726257,56.005251,B737-800,narrow_body,2362,fuel,355,low,0.9,855.0,355.0,596.812514,emergency,OBBI,3956,60,asphalt,ILS,1,1,advanced,1,major,1,1,1,1,1,1,1,open,none,safe,civil,0,565.258298,1594,extended,5.0,0,5,0.628,5
S01131,LGAV,38.869301,25.013515,A320,narrow_body,2329,fuel,513,critical,0.75,712.5,513.0,875.844738,emergency,LGAV,4000,45,asphalt,ILS,1,1,advanced,1,major,1,1,1,1,1,1,1,open,none,safe,civil,0,139.418658,1671,preferred,1.0,1,1,3.6796,2
S01131,LGAV,38.869301,25.013515,A320,narrow_body,2329,fuel,513,critical,0.75,712.5,513.0,875.844738,emergency,LTFM,4100,60,asphalt,ILS,1,1,advanced,1,major,1,1,1,1,1,1,0,open,none,safe,civil,0,414.257999,1771,preferred,2.0,0,2,1.2384,1
S01131,LGAV,38.869301,25.013515,A320,narrow_body,2329,fuel,513,critical,0.75,712.5,513.0,875.844738,emergency,LTAC,3750,45,asphalt,ILS,1,1,advanced,1,major,1,1,1,1,1,1,1,open,none,safe,joint,0,698.735684,1421,extended,3.0,0,3,0.7342,3
S01135,RJCC,43.030863,141.949669,A220-300,narrow_body,2122,operational_constraints,850,normal,1.0,950.0,850.0,1421.860404,emergency,RJCC,3000,61,asphalt,RNAV,0,1,basic,1,basic,1,1,1,1,1,1,1,open,none,safe,joint,0,35.452993,878,preferred,1.0,1,1,23.9754,3
S01135,RJCC,43.030863,141.949669,A220-300,narrow_body,2122,operational_constraints,850,normal,1.0,950.0,850.0,1421.860404,emergency,RJAA,4000,60,asphalt,ILS,1,1,advanced,1,major,1,1,1,0,1,1,1,open,none,safe,civil,1,818.546915,1878,preferred,2.0,0,2,1.0384,1
S01135,RJCC,43.030863,141.949669,A220-300,narrow_body,2122,operational_constraints,850,normal,1.0,950.0,850.0,1421.860404,emergency,RJTT,3360,61,asphalt,ILS,1,1,advanced,1,major,1,1,1,1,1,1,1,open,none,safe,civil,1,852.34882,1238,extended,3.0,0,3,0.9972,2
S01139,OTHH,26.233623,51.547616,B787-9,wide_body,2913,technical,579,normal,1.0,1400.0,579.0,962.244045,emergency,OTHH,4850,60,asphalt,ILS,1,1,advanced,1,major,1,1,1,1,1,1,1,open,none,safe,civil,0,106.981551,1937,preferred,1.0,1,2,5.4121,1
S01139,OTHH,26.233623,51.547616,B787-9,wide_body,2913,technical,579,normal,1.0,1400.0,579.0,962.244045,emergency,OBBI,3956,60,asphalt,ILS,1,1,advanced,1,major,1,1,1,1,1,1,1,open,none,safe,civil,0,90.826471,1043,preferred,2.0,0,1,6.3748,7
S01139,OTHH,26.233623,51.547616,B787-9,wide_body,2913,technical,579,normal,1.0,1400.0,579.0,962.244045,emergency,OMDB,4447,60,asphalt,ILS,1,1,advanced,1,major,1,1,1,1,1,1,1,open,none,safe,civil,1,398.248366,1534,preferred,3.0,0,4,1.4539,3
S01139,OTHH,26.233623,51.547616,B787-9,wide_body,2913,technical,579,normal,1.0,1400.0,579.0,962.244045,emergency,OKKK,4580,60,asphalt,ILS,1,1,advanced,1,major,1,1,1,1,1,1,1,open,none,safe,civil,0,484.301829,1667,preferred,4.0,0,5,1.1955,2
S01139,OTHH,26.233623,51.547616,B787-9,wide_body,2913,technical,579,normal,1.0,1400.0,579.0,962.244045,emergency,OMAA,4106,60,asphalt,ILS,1,1,advanced,1,major,1,1,1,1,1,1,1,open,none,safe,civil,0,369.970953,1193,preferred,5.0,0,3,1.565,5
S01139,OTHH,26.233623,51.547616,B787-9,wide_body,2913,technical,579,normal,1.0,1400.0,579.0,962.244045,emergency,OERK,4205,60,asphalt,ILS,1,1,advanced,1,major,1,1,1,1,1,1,1,open,none,safe,civil,0,506.489346,1292,preferred,6.0,0,6,1.1432,4
S01139,OTHH,26.233623,51.547616,B787-9,wide_body,2913,technical,579,normal,1.0,1400.0,579.0,962.244045,emergency,OOMS,4080,45,asphalt,ILS,1,1,advanced,1,major,1,1,1,1,1,1,1,open,none,safe,civil,0,739.715114,1167,extended,7.0,0,7,0.7827,6
S01140,RJCC,42.27372,142.708619,A330-300,wide_body,2884,technical,934,normal,1.0,1300.0,934.0,1674.54794,emergency,RJAA,4000,60,asphalt,ILS,1,1,advanced,1,major,1,1,1,0,1,1,1,open,none,safe,civil,1,750.502493,1116,preferred,1.0,1,2,1.2445,1
S01140,RJCC,42.27372,142.708619,A330-300,wide_body,2884,technical,934,normal,1.0,1300.0,934.0,1674.54794,emergency,RJCC,3000,61,asphalt,RNAV,0,1,basic,1,basic,1,1,1,1,1,1,1,open,none,safe,joint,0,100.330083,116,preferred,2.0,0,1,9.3093,4
S01140,RJCC,42.27372,142.708619,A330-300,wide_body,2884,technical,934,normal,1.0,1300.0,934.0,1674.54794,emergency,RJTT,3360,61,asphalt,ILS,1,1,advanced,1,major,1,1,1,1,1,1,1,open,none,safe,civil,1,789.116241,476,preferred,3.0,0,3,1.1836,3
S01140,RJCC,42.27372,142.708619,A330-300,wide_body,2884,technical,934,normal,1.0,1300.0,934.0,1674.54794,emergency,RKSI,4000,60,asphalt,ILS,1,1,advanced,1,major,1,1,1,1,1,1,1,open,none,safe,civil,1,1483.770203,1116,extended,4.0,0,4,0.6295,1
S01141,RCTP,24.597475,120.899115,B787-9,wide_body,2869,technical,1139,normal,1.0,1400.0,1139.0,2030.112063,emergency,RCTP,3660,60,concrete,ILS,1,1,advanced,1,major,1,1,1,1,1,1,1,open,none,safe,civil,0,63.139338,791,preferred,1.0,1,1,18.0395,5
S01141,RCTP,24.597475,120.899115,B787-9,wide_body,2869,technical,1139,normal,1.0,1400.0,1139.0,2030.112063,emergency,ZSPD,4000,60,concrete,ILS,1,1,advanced,1,major,1,1,1,1,1,1,1,open,none,safe,civil,1,733.289376,1131,preferred,2.0,0,2,1.5533,1
S01141,RCTP,24.597475,120.899115,B787-9,wide_body,2869,technical,1139,normal,1.0,1400.0,1139.0,2030.112063,emergency,RKSI,4000,60,asphalt,ILS,1,1,advanced,1,major,1,1,1,1,1,1,1,open,none,safe,civil,1,1525.058522,1131,extended,3.0,0,4,0.7469,1
S01141,RCTP,24.597475,120.899115,B787-9,wide_body,2869,technical,1139,normal,1.0,1400.0,1139.0,2030.112063,emergency,RPLL,3737,60,concrete,ILS,1,1,basic,1,basic,1,1,1,1,1,1,1,open,none,caution,civil,0,1121.902964,868,preferred,4.0,0,3,1.0152,4
S01141,RCTP,24.597475,120.899115,B787-9,wide_body,2869,technical,1139,normal,1.0,1400.0,1139.0,2030.112063,emergency,ZBAA,3810,60,asphalt,ILS,1,1,advanced,1,major,1,1,1,1,1,1,1,open,none,safe,civil,1,1767.479647,941,extended,5.0,0,5,0.6444,3
S01142,RJTT,34.51502,138.97341,CRJ900,regional_jet,1824,medical,1015,normal,1.0,700.0,700.0,1144.734332,aircraft_fuel,RJTT,3360,61,asphalt,ILS,1,1,advanced,1,major,1,1,1,1,1,1,1,open,none,safe,civil,1,136.830705,1536,preferred,1.0,1,1,5.1158,2
S01142,RJTT,34.51502,138.97341,CRJ900,regional_jet,1824,medical,1015,normal,1.0,700.0,700.0,1144.734332,aircraft_fuel,RJAA,4000,60,asphalt,ILS,1,1,advanced,1,major,1,1,1,0,1,1,1,open,none,safe,civil,1,189.706664,2176,preferred,2.0,0,2,3.6899,1
S01142,RJTT,34.51502,138.97341,CRJ900,regional_jet,1824,medical,1015,normal,1.0,700.0,700.0,1144.734332,aircraft_fuel,RJCC,3000,61,asphalt,RNAV,0,1,basic,1,basic,1,1,1,1,1,1,1,open,none,safe,joint,0,948.116813,1176,extended,3.0,0,3,0.7383,3
S01145,ENGM,60.048218,12.304509,E175,regional_jet,1825,technical,864,normal,1.0,750.0,750.0,1141.585909,aircraft_fuel,ENGM,3600,45,asphalt,ILS,1,1,advanced,1,major,1,1,1,1,1,1,1,open,none,safe,civil,0,68.638124,1775,preferred,1.0,1,1,10.9269,4
S01145,ENGM,60.048218,12.304509,E175,regional_jet,1825,technical,864,normal,1.0,750.0,750.0,1141.585909,aircraft_fuel,ESSA,3301,45,asphalt,ILS,1,1,advanced,1,major,1,1,1,1,1,1,1,open,none,safe,civil,0,317.159663,1476,preferred,2.0,0,2,2.3647,6
S01145,ENGM,60.048218,12.304509,E175,regional_jet,1825,technical,864,normal,1.0,750.0,750.0,1141.585909,aircraft_fuel,EFHK,3440,60,asphalt,ILS,1,1,advanced,1,major,1,1,1,1,1,1,1,open,none,safe,civil,0,699.462064,1615,preferred,3.0,0,3,1.0723,5
S01145,ENGM,60.048218,12.304509,E175,regional_jet,1825,technical,864,normal,1.0,750.0,750.0,1141.585909,aircraft_fuel,EHAM,3800,60,asphalt,ILS,1,1,advanced,1,major,1,1,1,1,1,1,1,open,none,safe,civil,1,977.595171,1975,extended,4.0,0,4,0.7672,2
S01145,ENGM,60.048218,12.304509,E175,regional_jet,1825,technical,864,normal,1.0,750.0,750.0,1141.585909,aircraft_fuel,EDDF,4000,60,asphalt,ILS,1,1,advanced,1,major,1,1,1,0,1,1,1,open,none,safe,civil,1,1139.158856,2175,extended,5.0,0,6,0.6584,1
S01145,ENGM,60.048218,12.304509,E175,regional_jet,1825,technical,864,normal,1.0,750.0,750.0,1141.585909,aircraft_fuel,ULLI,3780,60,concrete,ILS,1,1,advanced,1,major,1,1,1,1,1,1,1,open,none,caution,civil,0,998.004922,1955,extended,6.0,0,5,0.7515,3
S01149,WSSS,1.158919,103.40614,B737 MAX 8,narrow_body,2477,weather,597,normal,1.0,1000.0,597.0,915.058891,emergency,WSSS,4000,60,asphalt,ILS,1,1,advanced,1,major,1,1,1,1,1,1,1,open,none,safe,civil,1,68.725438,1523,preferred,1.0,1,1,8.6867,2
S01149,WSSS,1.158919,103.40614,B737 MAX 8,narrow_body,2477,weather,597,normal,1.0,1000.0,597.0,915.058891,emergency,WMKK,4124,60,asphalt,ILS,1,1,advanced,1,major,1,1,1,1,1,1,1,open,none,safe,civil,0,258.174989,1647,preferred,2.0,0,2,2.3124,1
S01149,WSSS,1.158919,103.40614,B737 MAX 8,narrow_body,2477,weather,597,normal,1.0,1000.0,597.0,915.058891,emergency,WIMM,3000,60,asphalt,RNAV,1,1,basic,1,basic,1,0,1,1,0,1,1,open,none,safe,civil,0,573.092487,523,preferred,3.0,0,3,1.0417,3
S01150,WMKK,2.288881,102.037265,A220-300,narrow_body,2226,fuel,801,low,0.9,855.0,801.0,1350.730006,emergency,WMKK,4124,60,asphalt,ILS,1,1,advanced,1,major,1,1,1,1,1,1,1,open,none,safe,civil,0,62.454523,1898,preferred,1.0,1,1,12.8253,1
S01150,WMKK,2.288881,102.037265,A220-300,narrow_body,2226,fuel,801,low,0.9,855.0,801.0,1350.730006,emergency,WSSS,4000,60,asphalt,ILS,1,1,advanced,1,major,1,1,1,1,1,1,1,open,none,safe,civil,1,241.219143,1774,preferred,2.0,0,2,3.3206,2
S01150,WMKK,2.288881,102.037265,A220-300,narrow_body,2226,fuel,801,low,0.9,855.0,801.0,1350.730006,emergency,WIMM,3000,60,asphalt,RNAV,1,1,basic,1,basic,1,0,1,1,0,1,1,open,none,safe,civil,0,380.96315,774,preferred,3.0,0,3,2.1026,4
S01150,WMKK,2.288881,102.037265,A220-300,narrow_body,2226,fuel,801,low,0.9,855.0,801.0,1350.730006,emergency,VTBS,4000,60,asphalt,ILS,1,1,advanced,1,major,1,1,1,1,1,1,1,open,none,safe,civil,0,1274.672239,1774,extended,4.0,0,4,0.6284,2
S01153,RCTP,24.350966,121.895295,B737-800,narrow_body,2328,mechanical,807,normal,1.0,950.0,807.0,1427.182779,emergency,RCTP,3660,60,concrete,ILS,1,1,advanced,1,major,1,1,1,1,1,1,1,open,none,safe,civil,0,104.906479,1332,preferred,1.0,1,1,7.6926,3
S01153,RCTP,24.350966,121.895295,B737-800,narrow_body,2328,mechanical,807,normal,1.0,950.0,807.0,1427.182779,emergency,ZSPD,4000,60,concrete,ILS,1,1,advanced,1,major,1,1,1,1,1,1,1,open,none,safe,civil,1,755.336357,1672,preferred,2.0,0,2,1.0684,1
S01153,RCTP,24.350966,121.895295,B737-800,narrow_body,2328,mechanical,807,normal,1.0,950.0,807.0,1427.182779,emergency,RPLL,3737,60,concrete,ILS,1,1,basic,1,basic,1,1,1,1,1,1,1,open,none,caution,civil,0,1098.250347,1409,extended,3.0,0,3,0.7348,2
S01156,OKKK,28.523609,47.964416,A330-300,wide_body,2990,weather,808,normal,1.0,1300.0,808.0,1351.756794,emergency,OKKK,4580,60,asphalt,ILS,1,1,advanced,1,major,1,1,1,1,1,1,1,open,none,safe,civil,0,77.93585,1590,preferred,1.0,1,1,10.3675,2
S01156,OKKK,28.523609,47.964416,A330-300,wide_body,2990,weather,808,normal,1.0,1300.0,808.0,1351.756794,emergency,OTHH,4850,60,asphalt,ILS,1,1,advanced,1,major,1,1,1,1,1,1,1,open,none,safe,civil,0,511.003157,1860,preferred,2.0,0,4,1.5812,1
S01156,OKKK,28.523609,47.964416,A330-300,wide_body,2990,weather,808,normal,1.0,1300.0,808.0,1351.756794,emergency,OERK,4205,60,asphalt,ILS,1,1,advanced,1,major,1,1,1,1,1,1,1,open,none,safe,civil,0,415.951922,1215,preferred,3.0,0,3,1.9425,4
S01156,OKKK,28.523609,47.964416,A330-300,wide_body,2990,weather,808,normal,1.0,1300.0,808.0,1351.756794,emergency,OBBI,3956,60,asphalt,ILS,1,1,advanced,1,major,1,1,1,1,1,1,1,open,none,safe,civil,0,364.111649,966,preferred,4.0,0,2,2.2191,7
S01156,OKKK,28.523609,47.964416,A330-300,wide_body,2990,weather,808,normal,1.0,1300.0,808.0,1351.756794,emergency,OMAA,4106,60,asphalt,ILS,1,1,advanced,1,major,1,1,1,1,1,1,1,open,none,safe,civil,0,805.181035,1116,preferred,5.0,0,5,1.0035,5
S01156,OKKK,28.523609,47.964416,A330-300,wide_body,2990,weather,808,normal,1.0,1300.0,808.0,1351.756794,emergency,OMDB,4447,60,asphalt,ILS,1,1,advanced,1,major,1,1,1,1,1,1,1,open,none,safe,civil,1,819.551893,1457,extended,6.0,0,6,0.9859,3
S01156,OKKK,28.523609,47.964416,A330-300,wide_body,2990,weather,808,normal,1.0,1300.0,808.0,1351.756794,emergency,OOMS,4080,45,asphalt,ILS,1,1,advanced,1,major,1,1,1,1,1,1,1,open,none,safe,civil,0,1166.557254,1090,extended,7.0,0,7,0.6926,6
S01156,OKKK,28.523609,47.964416,A330-300,wide_body,2990,weather,808,normal,1.0,1300.0,808.0,1351.756794,emergency,OJAI,3660,61,asphalt,ILS,1,1,advanced,1,major,1,1,1,1,1,1,1,open,none,safe,civil,0,1204.270066,670,extended,8.0,0,8,0.6709,8
S01159,WIMM,2.669894,97.159135,CRJ900,regional_jet,1757,technical,816,normal,1.0,700.0,700.0,1045.925374,aircraft_fuel,WIMM,3000,60,asphalt,RNAV,1,1,basic,1,basic,1,0,1,1,0,1,1,open,none,safe,civil,0,220.000001,1243,preferred,1.0,1,1,3.1818,3
S01159,WIMM,2.669894,97.159135,CRJ900,regional_jet,1757,technical,816,normal,1.0,700.0,700.0,1045.925374,aircraft_fuel,WMKK,4124,60,asphalt,ILS,1,1,advanced,1,major,1,1,1,1,1,1,1,open,none,safe,civil,0,505.537728,2367,preferred,2.0,0,2,1.3847,1
S01159,WIMM,2.669894,97.159135,CRJ900,regional_jet,1757,technical,816,normal,1.0,700.0,700.0,1045.925374,aircraft_fuel,WSSS,4000,60,asphalt,ILS,1,1,advanced,1,major,1,1,1,1,1,1,1,open,none,safe,civil,1,773.563768,2243,extended,3.0,0,3,0.9049,2
S01163,RKSI,37.828456,126.242851,E190,regional_jet,1906,technical,683,low,0.9,720.0,683.0,990.54979,emergency,RKSI,4000,60,asphalt,ILS,1,1,advanced,1,major,1,1,1,1,1,1,1,open,none,safe,civil,1,43.960091,2094,preferred,1.0,1,1,15.5368,1
S01163,RKSI,37.828456,126.242851,E190,regional_jet,1906,technical,683,low,0.9,720.0,683.0,990.54979,emergency,ZSPD,4000,60,concrete,ILS,1,1,advanced,1,major,1,1,1,1,1,1,1,open,none,safe,civil,1,847.067808,2094,extended,2.0,0,2,0.8063,1
S01163,RKSI,37.828456,126.242851,E190,regional_jet,1906,technical,683,low,0.9,720.0,683.0,990.54979,emergency,ZBAA,3810,60,asphalt,ILS,1,1,advanced,1,major,1,1,1,1,1,1,1,open,none,safe,civil,1,870.275766,1904,extended,3.0,0,3,0.7848,3
S01165,OOMS,23.276469,58.731396,A220-300,narrow_body,2136,mechanical,937,normal,1.0,950.0,937.0,1435.370157,emergency,OOMS,4080,45,asphalt,ILS,1,1,advanced,1,major,1,1,1,1,1,1,1,open,none,safe,civil,0,58.029829,1944,preferred,1.0,1,1,16.1469,6
S01165,OOMS,23.276469,58.731396,A220-300,narrow_body,2136,mechanical,937,normal,1.0,950.0,937.0,1435.370157,emergency,OMDB,4447,60,asphalt,ILS,1,1,advanced,1,major,1,1,1,1,1,1,1,open,none,safe,civil,1,405.175824,2311,preferred,2.0,0,2,2.3126,3
S01165,OOMS,23.276469,58.731396,A220-300,narrow_body,2136,mechanical,937,normal,1.0,950.0,937.0,1435.370157,emergency,OMAA,4106,60,asphalt,ILS,1,1,advanced,1,major,1,1,1,1,1,1,1,open,none,safe,civil,0,434.827758,1970,preferred,3.0,0,3,2.1549,5
S01165,OOMS,23.276469,58.731396,A220-300,narrow_body,2136,mechanical,937,normal,1.0,950.0,937.0,1435.370157,emergency,OTHH,4850,60,asphalt,ILS,1,1,advanced,1,major,1,1,1,1,1,1,1,open,none,safe,civil,0,755.276147,2714,preferred,4.0,0,4,1.2406,1
S01165,OOMS,23.276469,58.731396,A220-300,narrow_body,2136,mechanical,937,normal,1.0,950.0,937.0,1435.370157,emergency,OBBI,3956,60,asphalt,ILS,1,1,advanced,1,major,1,1,1,1,1,1,1,open,none,safe,civil,0,881.999821,1820,preferred,5.0,0,6,1.0624,7
S01165,OOMS,23.276469,58.731396,A220-300,narrow_body,2136,mechanical,937,normal,1.0,950.0,937.0,1435.370157,emergency,OERK,4205,60,asphalt,ILS,1,1,advanced,1,major,1,1,1,1,1,1,1,open,none,safe,civil,0,1234.960125,2069,extended,6.0,0,7,0.7587,4
S01165,OOMS,23.276469,58.731396,A220-300,narrow_body,2136,mechanical,937,normal,1.0,950.0,937.0,1435.370157,emergency,OKKK,4580,60,asphalt,ILS,1,1,advanced,1,major,1,1,1,1,1,1,1,open,none,safe,civil,0,1259.678224,2444,extended,7.0,0,8,0.7438,2
S01165,OOMS,23.276469,58.731396,A220-300,narrow_body,2136,mechanical,937,normal,1.0,950.0,937.0,1435.370157,emergency,OPKC,3400,46,concrete,RNAV,0,1,basic,1,basic,1,1,1,1,1,1,1,open,none,caution,civil,0,874.47737,1264,preferred,8.0,0,5,1.0715,8
S01167,DTTA,36.267367,9.540521,E170,regional_jet,1710,fuel,512,normal,1.0,700.0,512.0,757.020804,emergency,DTTA,3200,45,asphalt,RNAV,0,1,basic,1,basic,1,0,1,1,1,1,1,open,none,safe,civil,0,89.29239,1490,preferred,1.0,1,1,5.734,3
S01167,DTTA,36.267367,9.540521,E170,regional_jet,1710,fuel,512,normal,1.0,700.0,512.0,757.020804,emergency,DAAG,3500,60,asphalt,RNAV,0,1,basic,1,basic,1,1,1,1,1,1,0,open,none,safe,civil,0,567.469092,1790,extended,2.0,0,2,0.9023,2
S01167,DTTA,36.267367,9.540521,E170,regional_jet,1710,fuel,512,normal,1.0,700.0,512.0,757.020804,emergency,LIRF,3902,60,asphalt,ILS,1,1,basic,1,major,1,1,1,1,1,1,1,open,none,safe,civil,1,658.640467,2192,extended,3.0,0,3,0.7774,1
S01168,LFPG,49.38366,2.134926,A380-800,very_large,3819,security,974,normal,1.0,1600.0,974.0,1589.996599,emergency,LFPG,4215,45,asphalt,ILS,1,1,advanced,1,major,1,1,1,1,1,1,1,open,none,safe,civil,1,51.611142,396,preferred,1.0,1,1,18.8719,2
S01168,LFPG,49.38366,2.134926,A380-800,very_large,3819,security,974,normal,1.0,1600.0,974.0,1589.996599,emergency,EGLL,3901,50,asphalt,ILS,1,1,advanced,1,major,1,1,1,1,1,1,1,open,none,safe,civil,1,296.009141,82,preferred,2.0,0,2,3.2904,5
S01168,LFPG,49.38366,2.134926,A380-800,very_large,3819,security,974,normal,1.0,1600.0,974.0,1589.996599,emergency,EDDF,4000,60,asphalt,ILS,1,1,advanced,1,major,1,1,1,0,1,1,1,open,none,safe,civil,1,467.271641,181,preferred,3.0,0,3,2.0844,3
S01168,LFPG,49.38366,2.134926,A380-800,very_large,3819,security,974,normal,1.0,1600.0,974.0,1589.996599,emergency,LEMD,4350,60,asphalt,ILS,1,1,advanced,1,major,1,1,1,1,1,1,1,open,none,safe,civil,1,1085.048112,531,extended,4.0,0,4,0.8977,1
S01168,LFPG,49.38366,2.134926,A380-800,very_large,3819,security,974,normal,1.0,1600.0,974.0,1589.996599,emergency,LIRF,3902,60,asphalt,ILS,1,1,basic,1,major,1,1,1,1,1,1,1,open,none,safe,civil,1,1151.236097,83,extended,5.0,0,5,0.846,4
S01169,WIMM,4.954032,99.666999,A319,narrow_body,2166,operational_constraints,841,normal,1.0,900.0,841.0,1424.732074,emergency,WMKK,4124,60,asphalt,ILS,1,1,advanced,1,major,1,1,1,1,1,1,1,open,none,safe,civil,0,334.173044,1958,preferred,1.0,1,2,2.5167,1
S01169,WIMM,4.954032,99.666999,A319,narrow_body,2166,operational_constraints,841,normal,1.0,900.0,841.0,1424.732074,emergency,WIMM,3000,60,asphalt,RNAV,1,1,basic,1,basic,1,0,1,1,0,1,1,open,none,safe,civil,0,169.739741,834,preferred,2.0,0,1,4.9546,4
S01169,WIMM,4.954032,99.666999,A319,narrow_body,2166,operational_constraints,841,normal,1.0,900.0,841.0,1424.732074,emergency,WSSS,4000,60,asphalt,ILS,1,1,advanced,1,major,1,1,1,1,1,1,1,open,none,safe,civil,1,625.542304,1834,preferred,3.0,0,3,1.3444,2
S01169,WIMM,4.954032,99.666999,A319,narrow_body,2166,operational_constraints,841,normal,1.0,900.0,841.0,1424.732074,emergency,VTBS,4000,60,asphalt,ILS,1,1,advanced,1,major,1,1,1,1,1,1,1,open,none,safe,civil,0,977.599913,1834,extended,4.0,0,4,0.8603,2
S01170,DNKN,12.220263,8.22659,A350-900,wide_body,3091,weather,1110,low,0.9,1350.0,1110.0,1884.291071,emergency,DNKN,3200,46,asphalt,RNAV,0,0,none,1,basic,1,0,1,0,0,1,1,open,none,safe,joint,0,37.660442,109,preferred,1.0,1,1,29.4739,4
S01170,DNKN,12.220263,8.22659,A350-900,wide_body,3091,weather,1110,low,0.9,1350.0,1110.0,1884.291071,emergency,DNAA,3609,60,asphalt,RNAV,0,0,none,1,basic,1,0,1,1,1,1,1,open,none,safe,joint,0,372.508634,518,preferred,2.0,0,2,2.9798,2
S01170,DNKN,12.220263,8.22659,A350-900,wide_body,3091,weather,1110,low,0.9,1350.0,1110.0,1884.291071,emergency,DNMM,3900,60,asphalt,ILS,1,1,advanced,1,major,1,1,1,1,1,1,1,open,none,caution,civil,0,826.462396,809,preferred,3.0,0,3,1.3431,1
S01170,DNKN,12.220263,8.22659,A350-900,wide_body,3091,weather,1110,low,0.9,1350.0,1110.0,1884.291071,emergency,DGAA,3403,61,asphalt,RNAV,0,0,none,1,basic,1,0,1,1,1,1,0,open,none,safe,civil,0,1179.043416,312,extended,4.0,0,4,0.9414,3
S01171,LTAC,40.88703,31.593209,A220-300,narrow_body,2076,fuel,464,critical,0.75,712.5,464.0,799.91884,emergency,LTFM,4100,60,asphalt,ILS,1,1,advanced,1,major,1,1,1,1,1,1,0,open,none,safe,civil,0,243.640717,2024,preferred,1.0,1,2,1.9044,1
S01171,LTAC,40.88703,31.593209,A220-300,narrow_body,2076,fuel,464,critical,0.75,712.5,464.0,799.91884,emergency,LTAC,3750,45,asphalt,ILS,1,1,advanced,1,major,1,1,1,1,1,1,1,open,none,safe,joint,0,145.491504,1674,preferred,2.0,0,1,3.1892,3
S01171,LTAC,40.88703,31.593209,A220-300,narrow_body,2076,fuel,464,critical,0.75,712.5,464.0,799.91884,emergency,LGAV,4000,45,asphalt,ILS,1,1,advanced,1,major,1,1,1,1,1,1,1,open,none,safe,civil,0,734.081871,1924,extended,3.0,0,4,0.6321,2
S01171,LTAC,40.88703,31.593209,A220-300,narrow_body,2076,fuel,464,critical,0.75,712.5,464.0,799.91884,emergency,LCLK,2987,45,asphalt,ILS,1,0,none,1,basic,1,0,1,1,1,1,1,open,none,safe,civil,0,691.808157,911,extended,4.0,0,3,0.6707,4
S01173,LIRF,41.842798,12.702492,A321,narrow_body,2505,medical,740,low,0.9,900.0,740.0,1163.078141,emergency,LIRF,3902,60,asphalt,ILS,1,1,basic,1,major,1,1,1,1,1,1,1,open,none,safe,civil,1,37.570749,1397,preferred,1.0,1,1,19.6962,4
S01173,LIRF,41.842798,12.702492,A321,narrow_body,2505,medical,740,low,0.9,900.0,740.0,1163.078141,emergency,DTTA,3200,45,asphalt,RNAV,0,1,basic,1,basic,1,0,1,1,1,1,1,open,none,safe,civil,0,594.398528,695,preferred,2.0,0,2,1.245,6
S01173,LIRF,41.842798,12.702492,A321,narrow_body,2505,medical,740,low,0.9,900.0,740.0,1163.078141,emergency,EDDF,4000,60,asphalt,ILS,1,1,advanced,1,major,1,1,1,0,1,1,1,open,none,safe,civil,1,964.399655,1495,extended,3.0,0,3,0.7673,2
S01173,LIRF,41.842798,12.702492,A321,narrow_body,2505,medical,740,low,0.9,900.0,740.0,1163.078141,emergency,LGAV,4000,45,asphalt,ILS,1,1,advanced,1,major,1,1,1,1,1,1,1,open,none,safe,civil,0,1051.815325,1495,extended,4.0,0,5,0.7035,2
S01173,LIRF,41.842798,12.702492,A321,narrow_body,2505,medical,740,low,0.9,900.0,740.0,1163.078141,emergency,LFPG,4215,45,asphalt,ILS,1,1,advanced,1,major,1,1,1,1,1,1,1,open,none,safe,civil,1,1121.609406,1710,extended,5.0,0,6,0.6598,1
S01173,LIRF,41.842798,12.702492,A321,narrow_body,2505,medical,740,low,0.9,900.0,740.0,1163.078141,emergency,DAAG,3500,60,asphalt,RNAV,0,1,basic,1,basic,1,1,1,1,1,1,0,open,none,safe,civil,0,996.475284,995,extended,6.0,0,4,0.7426,5
S01176,EIDW,53.59582,-6.575503,A320,narrow_body,2343,medical,611,critical,0.75,712.5,611.0,1007.087592,emergency,EIDW,3110,45,concrete,ILS,1,1,advanced,1,major,1,1,1,1,1,1,1,open,none,safe,civil,0,27.832494,767,preferred,1.0,1,1,21.9528,5
S01176,EIDW,53.59582,-6.575503,A320,narrow_body,2343,medical,611,critical,0.75,712.5,611.0,1007.087592,emergency,EGLL,3901,50,asphalt,ILS,1,1,advanced,1,major,1,1,1,1,1,1,1,open,none,safe,civil,1,476.159051,1558,preferred,2.0,0,3,1.2832,2
S01176,EIDW,53.59582,-6.575503,A320,narrow_body,2343,medical,611,critical,0.75,712.5,611.0,1007.087592,emergency,EGCC,3048,46,asphalt,ILS,1,1,advanced,1,major,1,1,1,1,1,1,1,open,none,safe,civil,1,285.838755,705,preferred,3.0,0,2,2.1376,6
S01176,EIDW,53.59582,-6.575503,A320,narrow_body,2343,medical,611,critical,0.75,712.5,611.0,1007.087592,emergency,EGKK,3317,45,asphalt,ILS,1,1,advanced,1,major,1,1,1,1,1,1,1,open,none,safe,civil,1,511.776122,974,preferred,4.0,0,4,1.1939,4
S01176,EIDW,53.59582,-6.575503,A320,narrow_body,2343,medical,611,critical,0.75,712.5,611.0,1007.087592,emergency,LFPG,4215,45,asphalt,ILS,1,1,advanced,1,major,1,1,1,1,1,1,1,open,none,safe,civil,1,813.161247,1872,extended,5.0,0,6,0.7514,1
S01176,EIDW,53.59582,-6.575503,A320,narrow_body,2343,medical,611,critical,0.75,712.5,611.0,1007.087592,emergency,EHAM,3800,60,asphalt,ILS,1,1,advanced,1,major,1,1,1,1,1,1,1,open,none,safe,civil,1,772.149306,1457,extended,6.0,0,5,0.7913,3
S01183,EGLL,51.369048,0.211218,CRJ900,regional_jet,1900,mechanical,490,critical,0.75,525.0,490.0,713.777725,emergency,EGLL,3901,50,asphalt,ILS,1,1,advanced,1,major,1,1,1,1,1,1,1,open,none,safe,civil,1,47.891413,2001,preferred,1.0,1,2,10.2315,3
S01183,EGLL,51.369048,0.211218,CRJ900,regional_jet,1900,mechanical,490,critical,0.75,525.0,490.0,713.777725,emergency,EGKK,3317,45,asphalt,ILS,1,1,advanced,1,major,1,1,1,1,1,1,1,open,none,safe,civil,1,36.920081,1417,preferred,2.0,0,1,13.2719,5
S01183,EGLL,51.369048,0.211218,CRJ900,regional_jet,1900,mechanical,490,critical,0.75,525.0,490.0,713.777725,emergency,LFPG,4215,45,asphalt,ILS,1,1,advanced,1,major,1,1,1,1,1,1,1,open,none,safe,civil,1,310.914845,2315,preferred,3.0,0,4,1.576,1
S01183,EGLL,51.369048,0.211218,CRJ900,regional_jet,1900,mechanical,490,critical,0.75,525.0,490.0,713.777725,emergency,EHAM,3800,60,asphalt,ILS,1,1,advanced,1,major,1,1,1,1,1,1,1,open,none,safe,civil,1,329.708147,1900,preferred,4.0,0,5,1.4862,4
S01183,EGLL,51.369048,0.211218,CRJ900,regional_jet,1900,mechanical,490,critical,0.75,525.0,490.0,713.777725,emergency,EGCC,3048,46,asphalt,ILS,1,1,advanced,1,major,1,1,1,1,1,1,1,open,none,safe,civil,1,277.820194,1148,preferred,5.0,0,3,1.7637,7
S01183,EGLL,51.369048,0.211218,CRJ900,regional_jet,1900,mechanical,490,critical,0.75,525.0,490.0,713.777725,emergency,EDDF,4000,60,asphalt,ILS,1,1,advanced,1,major,1,1,1,0,1,1,1,open,none,safe,civil,1,606.183212,2100,extended,6.0,0,7,0.8083,2
S01183,EGLL,51.369048,0.211218,CRJ900,regional_jet,1900,mechanical,490,critical,0.75,525.0,490.0,713.777725,emergency,EIDW,3110,45,concrete,ILS,1,1,advanced,1,major,1,1,1,1,1,1,1,open,none,safe,civil,0,495.065509,1210,extended,7.0,0,6,0.9898,6
S01184,OTHH,25.445009,51.305223,A320,narrow_body,2316,fuel,681,critical,0.75,712.5,681.0,1171.400199,emergency,OTHH,4850,60,asphalt,ILS,1,1,advanced,1,major,1,1,1,1,1,1,1,open,none,safe,civil,0,35.937372,2534,preferred,1.0,1,1,18.9496,1
S01184,OTHH,25.445009,51.305223,A320,narrow_body,2316,fuel,681,critical,0.75,712.5,681.0,1171.400199,emergency,OBBI,3956,60,asphalt,ILS,1,1,advanced,1,major,1,1,1,1,1,1,1,open,none,safe,civil,0,113.235885,1640,preferred,2.0,0,2,6.014,7
S01184,OTHH,25.445009,51.305223,A320,narrow_body,2316,fuel,681,critical,0.75,712.5,681.0,1171.400199,emergency,OMAA,4106,60,asphalt,ILS,1,1,advanced,1,major,1,1,1,1,1,1,1,open,none,safe,civil,0,355.144573,1790,preferred,3.0,0,3,1.9175,5
S01184,OTHH,25.445009,51.305223,A320,narrow_body,2316,fuel,681,critical,0.75,712.5,681.0,1171.400199,emergency,OMDB,4447,60,asphalt,ILS,1,1,advanced,1,major,1,1,1,1,1,1,1,open,none,safe,civil,1,409.129541,2131,preferred,4.0,0,4,1.6645,3
S01184,OTHH,25.445009,51.305223,A320,narrow_body,2316,fuel,681,critical,0.75,712.5,681.0,1171.400199,emergency,OERK,4205,60,asphalt,ILS,1,1,advanced,1,major,1,1,1,1,1,1,1,open,none,safe,civil,0,466.590788,1889,preferred,5.0,0,5,1.4595,4
S01184,OTHH,25.445009,51.305223,A320,narrow_body,2316,fuel,681,critical,0.75,712.5,681.0,1171.400199,emergency,OKKK,4580,60,asphalt,ILS,1,1,advanced,1,major,1,1,1,1,1,1,1,open,none,safe,civil,0,533.937292,2264,preferred,6.0,0,6,1.2754,2
S01184,OTHH,25.445009,51.305223,A320,narrow_body,2316,fuel,681,critical,0.75,712.5,681.0,1171.400199,emergency,OOMS,4080,45,asphalt,ILS,1,1,advanced,1,major,1,1,1,1,1,1,1,open,none,safe,civil,0,735.207221,1764,extended,7.0,0,7,0.9263,6
S01187,DNKN,12.090842,8.143471,B767-300ER,wide_body,2986,weather,1235,normal,1.0,1250.0,1235.0,2172.676579,emergency,DNKN,3200,46,asphalt,RNAV,0,0,none,1,basic,1,0,1,0,0,1,1,open,none,safe,joint,0,41.722997,214,preferred,1.0,1,1,29.6,4
S01187,DNKN,12.090842,8.143471,B767-300ER,wide_body,2986,weather,1235,normal,1.0,1250.0,1235.0,2172.676579,emergency,DNAA,3609,60,asphalt,RNAV,0,0,none,1,basic,1,0,1,1,1,1,1,open,none,safe,joint,0,356.173407,623,preferred,2.0,0,2,3.4674,2
S01187,DNKN,12.090842,8.143471,B767-300ER,wide_body,2986,weather,1235,normal,1.0,1250.0,1235.0,2172.676579,emergency,DNMM,3900,60,asphalt,ILS,1,1,advanced,1,major,1,1,1,1,1,1,1,open,none,caution,civil,0,809.679832,914,preferred,3.0,0,3,1.5253,1
S01187,DNKN,12.090842,8.143471,B767-300ER,wide_body,2986,weather,1235,normal,1.0,1250.0,1235.0,2172.676579,emergency,DGAA,3403,61,asphalt,RNAV,0,0,none,1,basic,1,0,1,1,1,1,0,open,none,safe,civil,0,1163.090898,417,preferred,4.0,0,4,1.0618,3
S01188,DNMM,6.268363,3.134179,E170,regional_jet,1678,technical,820,critical,0.75,525.0,525.0,801.02894,aircraft_fuel,DNMM,3900,60,asphalt,ILS,1,1,advanced,1,major,1,1,1,1,1,1,1,open,none,caution,civil,0,40.093385,2222,preferred,1.0,1,1,13.0944,1
S01188,DNMM,6.268363,3.134179,E170,regional_jet,1678,technical,820,critical,0.75,525.0,525.0,801.02894,aircraft_fuel,DGAA,3403,61,asphalt,RNAV,0,0,none,1,basic,1,0,1,1,1,1,0,open,none,safe,civil,0,372.452269,1725,preferred,2.0,0,2,1.4096,3
S01188,DNMM,6.268363,3.134179,E170,regional_jet,1678,technical,820,critical,0.75,525.0,525.0,801.02894,aircraft_fuel,DNAA,3609,60,asphalt,RNAV,0,0,none,1,basic,1,0,1,1,1,1,1,open,none,safe,joint,0,547.491487,1931,extended,3.0,0,3,0.9589,2
S01189,HELX,24.977185,32.548187,A321,narrow_body,2390,medical,867,normal,1.0,1000.0,867.0,1473.48429,emergency,HECA,4000,60,asphalt,ILS,1,1,basic,1,major,1,1,1,1,1,1,1,open,none,safe,civil,0,582.07814,1610,preferred,1.0,1,1,1.4895,2
S01189,HELX,24.977185,32.548187,A321,narrow_body,2390,medical,867,normal,1.0,1000.0,867.0,1473.48429,emergency,OJAI,3660,61,asphalt,ILS,1,1,advanced,1,major,1,1,1,1,1,1,1,open,none,safe,civil,0,822.18183,1270,preferred,2.0,0,2,1.0545,3
S01189,HELX,24.977185,32.548187,A321,narrow_body,2390,medical,867,normal,1.0,1000.0,867.0,1473.48429,emergency,OERK,4205,60,asphalt,ILS,1,1,advanced,1,major,1,1,1,1,1,1,1,open,none,safe,civil,0,1425.784569,1815,extended,3.0,0,3,0.6081,1
S01192,OOMS,23.952965,58.12754,B787-9,wide_body,3006,medical,472,normal,1.0,1400.0,472.0,792.94146,emergency,OOMS,4080,45,asphalt,ILS,1,1,advanced,1,major,1,1,1,1,1,1,1,open,none,safe,civil,0,42.380381,1074,preferred,1.0,1,1,11.1372,4
S01192,OOMS,23.952965,58.12754,B787-9,wide_body,3006,medical,472,normal,1.0,1400.0,472.0,792.94146,emergency,OMDB,4447,60,asphalt,ILS,1,1,advanced,1,major,1,1,1,1,1,1,1,open,none,safe,civil,1,313.774177,1441,preferred,2.0,0,2,1.5043,2
S01192,OOMS,23.952965,58.12754,B787-9,wide_body,3006,medical,472,normal,1.0,1400.0,472.0,792.94146,emergency,OMAA,4106,60,asphalt,ILS,1,1,advanced,1,major,1,1,1,1,1,1,1,open,none,safe,civil,0,356.926862,1100,preferred,3.0,0,3,1.3224,3
S01192,OOMS,23.952965,58.12754,B787-9,wide_body,3006,medical,472,normal,1.0,1400.0,472.0,792.94146,emergency,OTHH,4850,60,asphalt,ILS,1,1,advanced,1,major,1,1,1,1,1,1,1,open,none,safe,civil,0,675.132165,1844,extended,4.0,0,4,0.6991,1
S01193,VTBS,14.359868,100.147711,A321,narrow_body,2301,weather,928,normal,1.0,1000.0,928.0,1423.199551,emergency,VTBS,4000,60,asphalt,ILS,1,1,advanced,1,major,1,1,1,1,1,1,1,open,none,safe,civil,0,99.380576,1699,preferred,1.0,1,1,9.3378,2
S01193,VTBS,14.359868,100.147711,A321,narrow_body,2301,weather,928,normal,1.0,1000.0,928.0,1423.199551,emergency,WMKK,4124,60,asphalt,ILS,1,1,advanced,1,major,1,1,1,1,1,1,1,open,none,safe,civil,0,1302.783736,1823,extended,2.0,0,3,0.7123,1
S01193,VTBS,14.359868,100.147711,A321,narrow_body,2301,weather,928,normal,1.0,1000.0,928.0,1423.199551,emergency,WIMM,3000,60,asphalt,RNAV,1,1,basic,1,basic,1,0,1,1,0,1,1,open,none,safe,civil,0,1199.831865,699,extended,3.0,0,2,0.7734,3
S01194,ZBAA,40.675439,116.50062,B787-9,wide_body,2939,technical,832,low,0.9,1260.0,832.0,1461.520636,emergency,ZBAA,3810,60,asphalt,ILS,1,1,advanced,1,major,1,1,1,1,1,1,1,open,none,safe,civil,1,67.000744,871,preferred,1.0,1,1,12.4178,3
S01194,ZBAA,40.675439,116.50062,B787-9,wide_body,2939,technical,832,low,0.9,1260.0,832.0,1461.520636,emergency,RKSI,4000,60,asphalt,ILS,1,1,advanced,1,major,1,1,1,1,1,1,1,open,none,safe,civil,1,929.326313,1061,extended,2.0,0,2,0.8953,1
S01194,ZBAA,40.675439,116.50062,B787-9,wide_body,2939,technical,832,low,0.9,1260.0,832.0,1461.520636,emergency,ZSPD,4000,60,concrete,ILS,1,1,advanced,1,major,1,1,1,1,1,1,1,open,none,safe,civil,1,1161.991411,1061,extended,3.0,0,3,0.716,1
S01196,KORD,42.472538,-86.853024,B737 MAX 8,narrow_body,2376,security,1178,low,0.9,900.0,900.0,1434.299946,aircraft_fuel,KORD,3962,46,concrete,ILS,1,1,advanced,1,major,1,1,1,1,1,1,1,open,none,safe,civil,0,102.550045,1586,preferred,1.0,1,1,8.7762,2
S01196,KORD,42.472538,-86.853024,B737 MAX 8,narrow_body,2376,security,1178,low,0.9,900.0,900.0,1434.299946,aircraft_fuel,CYYZ,3389,61,asphalt,ILS,1,1,advanced,1,major,1,1,1,1,1,1,1,open,none,safe,civil,1,601.583842,1013,preferred,2.0,0,2,1.4961,4
S01196,KORD,42.472538,-86.853024,B737 MAX 8,narrow_body,2376,security,1178,low,0.9,900.0,900.0,1434.299946,aircraft_fuel,KJFK,4423,61,asphalt,ILS,1,1,advanced,1,major,1,1,1,1,1,1,1,open,none,safe,civil,1,1105.592146,2047,extended,3.0,0,4,0.814,1
S01196,KORD,42.472538,-86.853024,B737 MAX 8,narrow_body,2376,security,1178,low,0.9,900.0,900.0,1434.299946,aircraft_fuel,KATL,3776,46,concrete,ILS,1,1,advanced,1,major,1,1,1,1,1,1,1,open,none,safe,civil,0,1005.05239,1400,extended,4.0,0,3,0.8955,3
S01197,OKKK,29.254853,48.237683,A321,narrow_body,2327,security,519,normal,1.0,1000.0,519.0,875.82366,emergency,OKKK,4580,60,asphalt,ILS,1,1,advanced,1,major,1,1,1,1,1,1,1,open,none,safe,civil,0,26.209009,2253,preferred,1.0,1,1,19.8024,2
S01197,OKKK,29.254853,48.237683,A321,narrow_body,2327,security,519,normal,1.0,1000.0,519.0,875.82366,emergency,OBBI,3956,60,asphalt,ILS,1,1,advanced,1,major,1,1,1,1,1,1,1,open,none,safe,civil,0,407.551157,1629,preferred,2.0,0,2,1.2735,6
S01197,OKKK,29.254853,48.237683,A321,narrow_body,2327,security,519,normal,1.0,1000.0,519.0,875.82366,emergency,OERK,4205,60,asphalt,ILS,1,1,advanced,1,major,1,1,1,1,1,1,1,open,none,safe,civil,0,501.503906,1878,preferred,3.0,0,3,1.0349,4
S01197,OKKK,29.254853,48.237683,A321,narrow_body,2327,security,519,normal,1.0,1000.0,519.0,875.82366,emergency,OTHH,4850,60,asphalt,ILS,1,1,advanced,1,major,1,1,1,1,1,1,1,open,none,safe,civil,0,554.006878,2523,extended,4.0,0,4,0.9368,1
S01197,OKKK,29.254853,48.237683,A321,narrow_body,2327,security,519,normal,1.0,1000.0,519.0,875.82366,emergency,OMAA,4106,60,asphalt,ILS,1,1,advanced,1,major,1,1,1,1,1,1,1,open,none,safe,civil,0,831.035639,1779,extended,5.0,0,5,0.6245,5
S01197,OKKK,29.254853,48.237683,A321,narrow_body,2327,security,519,normal,1.0,1000.0,519.0,875.82366,emergency,OMDB,4447,60,asphalt,ILS,1,1,advanced,1,major,1,1,1,1,1,1,1,open,none,safe,civil,1,833.701306,2120,extended,6.0,0,6,0.6225,3
S01198,UUEE,55.558659,37.078855,B737 MAX 8,narrow_body,2451,fuel,696,low,0.9,900.0,696.0,1195.715131,emergency,UUEE,3700,60,concrete,ILS,1,1,advanced,1,major,1,1,1,1,1,1,1,open,none,caution,civil,0,50.937158,1249,preferred,1.0,1,1,13.6639,2
S01198,UUEE,55.558659,37.078855,B737 MAX 8,narrow_body,2451,fuel,696,low,0.9,900.0,696.0,1195.715131,emergency,ULLI,3780,60,concrete,ILS,1,1,advanced,1,major,1,1,1,1,1,1,1,open,none,caution,civil,0,621.205105,1329,preferred,2.0,0,2,1.1204,1
S01198,UUEE,55.558659,37.078855,B737 MAX 8,narrow_body,2451,fuel,696,low,0.9,900.0,696.0,1195.715131,emergency,EFHK,3440,60,asphalt,ILS,1,1,advanced,1,major,1,1,1,1,1,1,1,open,none,safe,civil,0,887.470983,989,extended,3.0,0,3,0.7843,3
S01199,OJAI,31.970626,35.699415,CRJ900,regional_jet,1705,technical,512,low,0.9,630.0,512.0,728.611586,emergency,OJAI,3660,61,asphalt,ILS,1,1,advanced,1,major,1,1,1,1,1,1,1,open,none,safe,civil,0,39.123449,1955,preferred,1.0,1,1,13.0868,2
S01199,OJAI,31.970626,35.699415,CRJ900,regional_jet,1705,technical,512,low,0.9,630.0,512.0,728.611586,emergency,HECA,4000,60,asphalt,ILS,1,1,basic,1,major,1,1,1,1,1,1,1,open,none,safe,civil,0,459.044852,2295,preferred,2.0,0,3,1.1154,1
S01199,OJAI,31.970626,35.699415,CRJ900,regional_jet,1705,technical,512,low,0.9,630.0,512.0,728.611586,emergency,LCLK,2987,45,asphalt,ILS,1,0,none,1,basic,1,0,1,1,1,1,1,open,none,safe,civil,0,375.968683,1282,preferred,3.0,0,2,1.3618,3
S01200,EGLL,51.953109,0.436573,CRJ900,regional_jet,1768,security,1139,normal,1.0,700.0,700.0,1105.013621,aircraft_fuel,EGLL,3901,50,asphalt,ILS,1,1,advanced,1,major,1,1,1,1,1,1,1,open,none,safe,civil,1,81.802694,2133,preferred,1.0,1,1,8.5572,3
S01200,EGLL,51.953109,0.436573,CRJ900,regional_jet,1768,security,1139,normal,1.0,700.0,700.0,1105.013621,aircraft_fuel,EGKK,3317,45,asphalt,ILS,1,1,advanced,1,major,1,1,1,1,1,1,1,open,none,safe,civil,1,99.252303,1549,preferred,2.0,0,2,7.0527,5
S01200,EGLL,51.953109,0.436573,CRJ900,regional_jet,1768,security,1139,normal,1.0,700.0,700.0,1105.013621,aircraft_fuel,EHAM,3800,60,asphalt,ILS,1,1,advanced,1,major,1,1,1,1,1,1,1,open,none,safe,civil,1,297.961694,2032,preferred,3.0,0,4,2.3493,4
S01200,EGLL,51.953109,0.436573,CRJ900,regional_jet,1768,security,1139,normal,1.0,700.0,700.0,1105.013621,aircraft_fuel,LFPG,4215,45,asphalt,ILS,1,1,advanced,1,major,1,1,1,1,1,1,1,open,none,safe,civil,1,359.993286,2447,preferred,4.0,0,5,1.9445,1
S01200,EGLL,51.953109,0.436573,CRJ900,regional_jet,1768,security,1139,normal,1.0,700.0,700.0,1105.013621,aircraft_fuel,EGCC,3048,46,asphalt,ILS,1,1,advanced,1,major,1,1,1,1,1,1,1,open,none,safe,civil,1,240.200249,1280,preferred,5.0,0,3,2.9142,7
S01200,EGLL,51.953109,0.436573,CRJ900,regional_jet,1768,security,1139,normal,1.0,700.0,700.0,1105.013621,aircraft_fuel,EDDF,4000,60,asphalt,ILS,1,1,advanced,1,major,1,1,1,0,1,1,1,open,none,safe,civil,1,607.073504,2232,preferred,6.0,0,7,1.1531,2
S01200,EGLL,51.953109,0.436573,CRJ900,regional_jet,1768,security,1139,normal,1.0,700.0,700.0,1105.013621,aircraft_fuel,EIDW,3110,45,concrete,ILS,1,1,advanced,1,major,1,1,1,1,1,1,1,open,none,safe,civil,0,480.137308,1342,preferred,7.0,0,6,1.4579,6
S01201,ZBAA,39.763352,116.498467,B767-300ER,wide_body,3175,technical,1059,critical,0.75,937.5,937.5,1470.080789,aircraft_fuel,ZBAA,3810,60,asphalt,ILS,1,1,advanced,1,major,1,1,1,1,1,1,1,open,none,safe,civil,1,35.905839,635,preferred,1.0,1,1,26.11,3
S01201,ZBAA,39.763352,116.498467,B767-300ER,wide_body,3175,technical,1059,critical,0.75,937.5,937.5,1470.080789,aircraft_fuel,RKSI,4000,60,asphalt,ILS,1,1,advanced,1,major,1,1,1,1,1,1,1,open,none,safe,civil,1,900.969131,825,preferred,2.0,0,2,1.0405,1
S01201,ZBAA,39.763352,116.498467,B767-300ER,wide_body,3175,technical,1059,critical,0.75,937.5,937.5,1470.080789,aircraft_fuel,ZSPD,4000,60,concrete,ILS,1,1,advanced,1,major,1,1,1,1,1,1,1,open,none,safe,civil,1,1071.721208,825,extended,3.0,0,3,0.8748,1
S01202,CYYZ,43.474643,-79.90579,A350-900,wide_body,2905,medical,528,low,0.9,1350.0,528.0,866.22253,emergency,CYYZ,3389,61,asphalt,ILS,1,1,advanced,1,major,1,1,1,1,1,1,1,open,none,safe,civil,1,31.569699,484,preferred,1.0,1,1,16.7249,3
S01202,CYYZ,43.474643,-79.90579,A350-900,wide_body,2905,medical,528,low,0.9,1350.0,528.0,866.22253,emergency,KJFK,4423,61,asphalt,ILS,1,1,advanced,1,major,1,1,1,1,1,1,1,open,none,safe,civil,1,595.762945,1518,extended,2.0,0,2,0.8863,1
S01202,CYYZ,43.474643,-79.90579,A350-900,wide_body,2905,medical,528,low,0.9,1350.0,528.0,866.22253,emergency,KORD,3962,46,concrete,ILS,1,1,advanced,1,major,1,1,1,1,1,1,1,open,none,safe,civil,0,673.932092,1057,extended,3.0,0,3,0.7835,2
S01203,LCLK,35.154724,33.684199,E175,regional_jet,1822,fuel,808,low,0.9,675.0,675.0,1085.384088,aircraft_fuel,LCLK,2987,45,asphalt,ILS,1,0,none,1,basic,1,0,1,1,1,1,1,open,none,safe,civil,0,31.558348,1165,preferred,1.0,1,1,21.389,7
S01203,LCLK,35.154724,33.684199,E175,regional_jet,1822,fuel,808,low,0.9,675.0,675.0,1085.384088,aircraft_fuel,OJAI,3660,61,asphalt,ILS,1,1,advanced,1,major,1,1,1,1,1,1,1,open,none,safe,civil,0,437.624149,1838,preferred,2.0,0,2,1.5424,5
S01203,LCLK,35.154724,33.684199,E175,regional_jet,1822,fuel,808,low,0.9,675.0,675.0,1085.384088,aircraft_fuel,HECA,4000,60,asphalt,ILS,1,1,basic,1,major,1,1,1,1,1,1,1,open,none,safe,civil,0,600.23942,2178,preferred,3.0,0,4,1.1246,2
S01203,LCLK,35.154724,33.684199,E175,regional_jet,1822,fuel,808,low,0.9,675.0,675.0,1085.384088,aircraft_fuel,LTAC,3750,45,asphalt,ILS,1,1,advanced,1,major,1,1,1,1,1,1,1,open,none,safe,joint,0,556.327069,1928,preferred,4.0,0,3,1.2133,4
S01203,LCLK,35.154724,33.684199,E175,regional_jet,1822,fuel,808,low,0.9,675.0,675.0,1085.384088,aircraft_fuel,LTFM,4100,60,asphalt,ILS,1,1,advanced,1,major,1,1,1,1,1,1,0,open,none,safe,civil,0,806.066815,2278,extended,5.0,0,5,0.8374,1
S01203,LCLK,35.154724,33.684199,E175,regional_jet,1822,fuel,808,low,0.9,675.0,675.0,1085.384088,aircraft_fuel,LGAV,4000,45,asphalt,ILS,1,1,advanced,1,major,1,1,1,1,1,1,1,open,none,safe,civil,0,922.848678,2178,extended,6.0,0,6,0.7314,2
S01203,LCLK,35.154724,33.684199,E175,regional_jet,1822,fuel,808,low,0.9,675.0,675.0,1085.384088,aircraft_fuel,HELX,3000,45,asphalt,RNAV,0,0,none,1,basic,1,0,1,0,0,1,1,open,none,safe,joint,0,1058.681389,1178,extended,7.0,0,7,0.6376,6
S01204,OERK,24.314681,46.983249,E175,regional_jet,1863,medical,977,normal,1.0,750.0,750.0,1184.144145,aircraft_fuel,OERK,4205,60,asphalt,ILS,1,1,advanced,1,major,1,1,1,1,1,1,1,open,none,safe,civil,0,77.053803,2342,preferred,1.0,1,1,9.7335,4
S01204,OERK,24.314681,46.983249,E175,regional_jet,1863,medical,977,normal,1.0,750.0,750.0,1184.144145,aircraft_fuel,OBBI,3956,60,asphalt,ILS,1,1,advanced,1,major,1,1,1,1,1,1,1,open,none,safe,civil,0,426.725632,2093,preferred,2.0,0,2,1.7576,7
S01204,OERK,24.314681,46.983249,E175,regional_jet,1863,medical,977,normal,1.0,750.0,750.0,1184.144145,aircraft_fuel,OTHH,4850,60,asphalt,ILS,1,1,advanced,1,major,1,1,1,1,1,1,1,open,none,safe,civil,0,478.830114,2987,preferred,3.0,0,3,1.5663,1
S01204,OERK,24.314681,46.983249,E175,regional_jet,1863,medical,977,normal,1.0,750.0,750.0,1184.144145,aircraft_fuel,OKKK,4580,60,asphalt,ILS,1,1,advanced,1,major,1,1,1,1,1,1,1,open,none,safe,civil,0,554.652213,2717,preferred,4.0,0,4,1.3522,2
S01204,OERK,24.314681,46.983249,E175,regional_jet,1863,medical,977,normal,1.0,750.0,750.0,1184.144145,aircraft_fuel,OMAA,4106,60,asphalt,ILS,1,1,advanced,1,major,1,1,1,1,1,1,1,open,none,safe,civil,0,776.448198,2243,extended,5.0,0,5,0.9659,5
S01204,OERK,24.314681,46.983249,E175,regional_jet,1863,medical,977,normal,1.0,750.0,750.0,1184.144145,aircraft_fuel,OMDB,4447,60,asphalt,ILS,1,1,advanced,1,major,1,1,1,1,1,1,1,open,none,safe,civil,1,852.994847,2584,extended,6.0,0,6,0.8793,3
S01204,OERK,24.314681,46.983249,E175,regional_jet,1863,medical,977,normal,1.0,750.0,750.0,1184.144145,aircraft_fuel,OOMS,4080,45,asphalt,ILS,1,1,advanced,1,major,1,1,1,1,1,1,1,open,none,safe,civil,0,1150.882132,2217,extended,7.0,0,7,0.6517,6
S01207,OMAA,24.264187,54.836093,A321,narrow_body,2539,mechanical,422,normal,1.0,1000.0,422.0,696.097554,emergency,OMAA,4106,60,asphalt,ILS,1,1,advanced,1,major,1,1,1,1,1,1,1,open,none,safe,civil,0,27.289059,1567,preferred,1.0,1,1,15.4641,3
S01207,OMAA,24.264187,54.836093,A321,narrow_body,2539,mechanical,422,normal,1.0,1000.0,422.0,696.097554,emergency,OMDB,4447,60,asphalt,ILS,1,1,advanced,1,major,1,1,1,1,1,1,1,open,none,safe,civil,1,122.180124,1908,preferred,2.0,0,2,3.4539,2
S01207,OMAA,24.264187,54.836093,A321,narrow_body,2539,mechanical,422,normal,1.0,1000.0,422.0,696.097554,emergency,OTHH,4850,60,asphalt,ILS,1,1,advanced,1,major,1,1,1,1,1,1,1,open,none,safe,civil,0,344.673533,2311,preferred,3.0,0,3,1.2243,1
S01207,OMAA,24.264187,54.836093,A321,narrow_body,2539,mechanical,422,normal,1.0,1000.0,422.0,696.097554,emergency,OOMS,4080,45,asphalt,ILS,1,1,advanced,1,major,1,1,1,1,1,1,1,open,none,safe,civil,0,358.235774,1541,preferred,4.0,0,4,1.178,4
S01207,OMAA,24.264187,54.836093,A321,narrow_body,2539,mechanical,422,normal,1.0,1000.0,422.0,696.097554,emergency,OBBI,3956,60,asphalt,ILS,1,1,advanced,1,major,1,1,1,1,1,1,1,open,none,safe,civil,0,477.292616,1417,extended,5.0,0,5,0.8842,5
S01210,OMDB,25.470535,55.252397,A330-300,wide_body,3069,fuel,493,normal,1.0,1300.0,493.0,899.595986,emergency,OMDB,4447,60,asphalt,ILS,1,1,advanced,1,major,1,1,1,1,1,1,1,open,none,safe,civil,1,27.285379,1378,preferred,1.0,1,1,18.0683,3
S01210,OMDB,25.470535,55.252397,A330-300,wide_body,3069,fuel,493,normal,1.0,1300.0,493.0,899.595986,emergency,OMAA,4106,60,asphalt,ILS,1,1,advanced,1,major,1,1,1,1,1,1,1,open,none,safe,civil,0,129.628599,1037,preferred,2.0,0,2,3.8032,5
S01210,OMDB,25.470535,55.252397,A330-300,wide_body,3069,fuel,493,normal,1.0,1300.0,493.0,899.595986,emergency,OTHH,4850,60,asphalt,ILS,1,1,advanced,1,major,1,1,1,1,1,1,1,open,none,safe,civil,0,366.792342,1781,preferred,3.0,0,3,1.3441,1
S01210,OMDB,25.470535,55.252397,A330-300,wide_body,3069,fuel,493,normal,1.0,1300.0,493.0,899.595986,emergency,OOMS,4080,45,asphalt,ILS,1,1,advanced,1,major,1,1,1,1,1,1,1,open,none,safe,civil,0,370.612227,1011,preferred,4.0,0,4,1.3302,6
S01210,OMDB,25.470535,55.252397,A330-300,wide_body,3069,fuel,493,normal,1.0,1300.0,493.0,899.595986,emergency,OBBI,3956,60,asphalt,ILS,1,1,advanced,1,major,1,1,1,1,1,1,1,open,none,safe,civil,0,470.111994,887,preferred,5.0,0,5,1.0487,7
S01210,OMDB,25.470535,55.252397,A330-300,wide_body,3069,fuel,493,normal,1.0,1300.0,493.0,899.595986,emergency,OKKK,4580,60,asphalt,ILS,1,1,advanced,1,major,1,1,1,1,1,1,1,open,none,safe,civil,0,831.339495,1511,extended,6.0,0,6,0.593,2
S01210,OMDB,25.470535,55.252397,A330-300,wide_body,3069,fuel,493,normal,1.0,1300.0,493.0,899.595986,emergency,OERK,4205,60,asphalt,ILS,1,1,advanced,1,major,1,1,1,1,1,1,1,open,none,safe,civil,0,862.235097,1136,extended,7.0,0,7,0.5718,4
S01211,VNKT,28.220028,85.159598,E175,regional_jet,1701,weather,769,normal,1.0,750.0,750.0,1124.767084,aircraft_fuel,VNKT,3350,45,asphalt,VOR,0,0,none,0,none,0,0,1,1,1,1,1,open,none,caution,civil,0,61.412347,1649,preferred,1.0,1,1,12.2125,3
S01211,VNKT,28.220028,85.159598,E175,regional_jet,1701,weather,769,normal,1.0,750.0,750.0,1124.767084,aircraft_fuel,VIDP,4430,60,asphalt,ILS,1,1,advanced,1,major,1,1,1,1,1,1,1,open,none,safe,civil,1,789.622917,2729,extended,2.0,0,2,0.9498,1
S01211,VNKT,28.220028,85.159598,E175,regional_jet,1701,weather,769,normal,1.0,750.0,750.0,1124.767084,aircraft_fuel,OPLA,3360,46,concrete,RNAV,0,0,none,1,basic,1,0,1,1,1,1,1,open,none,caution,civil,0,1099.554853,1659,extended,3.0,0,3,0.6821,2
S01213,WIMM,4.411354,99.713104,B737-800,narrow_body,2276,security,564,low,0.9,855.0,564.0,940.75532,emergency,WMKK,4124,60,asphalt,ILS,1,1,advanced,1,major,1,1,1,1,1,1,1,open,none,safe,civil,0,288.819562,1848,preferred,1.0,1,2,1.9528,1
S01213,WIMM,4.411354,99.713104,B737-800,narrow_body,2276,security,564,low,0.9,855.0,564.0,940.75532,emergency,WIMM,3000,60,asphalt,RNAV,1,1,basic,1,basic,1,0,1,1,0,1,1,open,none,safe,civil,0,125.533513,724,preferred,2.0,0,1,4.4928,3
S01213,WIMM,4.411354,99.713104,B737-800,narrow_body,2276,security,564,low,0.9,855.0,564.0,940.75532,emergency,WSSS,4000,60,asphalt,ILS,1,1,advanced,1,major,1,1,1,1,1,1,1,open,none,safe,civil,1,584.658324,1724,extended,3.0,0,3,0.9647,2
S01216,ESSA,59.487442,15.639577,A220-300,narrow_body,2131,fuel,900,normal,1.0,950.0,900.0,1432.411477,emergency,ESSA,3301,45,asphalt,ILS,1,1,advanced,1,major,1,1,1,1,1,1,1,open,none,safe,civil,0,130.166183,1170,preferred,1.0,1,1,6.9142,9
S01216,ESSA,59.487442,15.639577,A220-300,narrow_body,2131,fuel,900,normal,1.0,950.0,900.0,1432.411477,emergency,ENGM,3600,45,asphalt,ILS,1,1,advanced,1,major,1,1,1,1,1,1,1,open,none,safe,civil,0,265.407426,1469,preferred,2.0,0,2,3.391,6
S01216,ESSA,59.487442,15.639577,A220-300,narrow_body,2131,fuel,900,normal,1.0,950.0,900.0,1432.411477,emergency,EFHK,3440,60,asphalt,ILS,1,1,advanced,1,major,1,1,1,1,1,1,1,open,none,safe,civil,0,527.577121,1309,preferred,3.0,0,3,1.7059,7
S01216,ESSA,59.487442,15.639577,A220-300,narrow_body,2131,fuel,900,normal,1.0,950.0,900.0,1432.411477,emergency,ULLI,3780,60,concrete,ILS,1,1,advanced,1,major,1,1,1,1,1,1,1,open,none,caution,civil,0,820.799518,1649,preferred,4.0,0,4,1.0965,4
S01216,ESSA,59.487442,15.639577,A220-300,narrow_body,2131,fuel,900,normal,1.0,950.0,900.0,1432.411477,emergency,EHAM,3800,60,asphalt,ILS,1,1,advanced,1,major,1,1,1,1,1,1,1,open,none,safe,civil,1,1044.720912,1669,extended,5.0,0,5,0.8615,3
S01216,ESSA,59.487442,15.639577,A220-300,narrow_body,2131,fuel,900,normal,1.0,950.0,900.0,1432.411477,emergency,EDDF,4000,60,asphalt,ILS,1,1,advanced,1,major,1,1,1,0,1,1,1,open,none,safe,civil,1,1144.400032,1869,extended,6.0,0,6,0.7864,1
S01216,ESSA,59.487442,15.639577,A220-300,narrow_body,2131,fuel,900,normal,1.0,950.0,900.0,1432.411477,emergency,EGLL,3901,50,asphalt,ILS,1,1,advanced,1,major,1,1,1,1,1,1,1,open,none,safe,civil,1,1344.2231,1770,extended,7.0,0,9,0.6695,2
S01216,ESSA,59.487442,15.639577,A220-300,narrow_body,2131,fuel,900,normal,1.0,950.0,900.0,1432.411477,emergency,EGKK,3317,45,asphalt,ILS,1,1,advanced,1,major,1,1,1,1,1,1,1,open,none,safe,civil,1,1358.375488,1186,extended,8.0,0,10,0.6626,8
S01216,ESSA,59.487442,15.639577,A220-300,narrow_body,2131,fuel,900,normal,1.0,950.0,900.0,1432.411477,emergency,UUEE,3700,60,concrete,ILS,1,1,advanced,1,major,1,1,1,1,1,1,1,open,none,caution,civil,0,1343.140977,1569,extended,9.0,0,8,0.6701,5
S01216,ESSA,59.487442,15.639577,A220-300,narrow_body,2131,fuel,900,normal,1.0,950.0,900.0,1432.411477,emergency,EGCC,3048,46,asphalt,ILS,1,1,advanced,1,major,1,1,1,1,1,1,1,open,none,safe,civil,1,1289.634658,917,extended,10.0,0,7,0.6979,10
S01223,DNAA,8.669894,6.938993,A320,narrow_body,2312,security,1134,low,0.9,855.0,855.0,1401.481442,aircraft_fuel,DNAA,3609,60,asphalt,RNAV,0,0,none,1,basic,1,0,1,1,1,1,1,open,none,safe,joint,0,51.691697,1297,preferred,1.0,1,1,16.5404,2
S01223,DNAA,8.669894,6.938993,A320,narrow_body,2312,security,1134,low,0.9,855.0,855.0,1401.481442,aircraft_fuel,DNMM,3900,60,asphalt,ILS,1,1,advanced,1,major,1,1,1,1,1,1,1,open,none,caution,civil,0,461.632119,1588,preferred,2.0,0,3,1.8521,1
S01223,DNAA,8.669894,6.938993,A320,narrow_body,2312,security,1134,low,0.9,855.0,855.0,1401.481442,aircraft_fuel,DGAA,3403,61,asphalt,RNAV,0,0,none,1,basic,1,0,1,1,1,1,0,open,none,safe,civil,0,854.767091,1091,preferred,3.0,0,4,1.0003,3
S01223,DNAA,8.669894,6.938993,A320,narrow_body,2312,security,1134,low,0.9,855.0,855.0,1401.481442,aircraft_fuel,DNKN,3200,46,asphalt,RNAV,0,0,none,1,basic,1,0,1,0,0,1,1,open,none,safe,joint,0,413.684597,888,preferred,4.0,0,2,2.0668,4
S01224,DTTA,36.717775,10.831584,E175,regional_jet,1718,medical,512,low,0.9,675.0,512.0,740.49019,emergency,DTTA,3200,45,asphalt,RNAV,0,1,basic,1,basic,1,0,1,1,1,1,1,open,none,safe,civil,0,55.825025,1482,preferred,1.0,1,1,9.1715,3
S01224,DTTA,36.717775,10.831584,E175,regional_jet,1718,medical,512,low,0.9,675.0,512.0,740.49019,emergency,LIRF,3902,60,asphalt,ILS,1,1,basic,1,major,1,1,1,1,1,1,1,open,none,safe,civil,1,578.664714,2184,extended,2.0,0,2,0.8848,1
S01224,DTTA,36.717775,10.831584,E175,regional_jet,1718,medical,512,low,0.9,675.0,512.0,740.49019,emergency,DAAG,3500,60,asphalt,RNAV,0,1,basic,1,basic,1,1,1,1,1,1,0,open,none,safe,civil,0,678.86089,1782,extended,3.0,0,3,0.7542,2
S01225,DNMM,5.266288,3.272726,B777-300ER,wide_body,3284,weather,665,normal,1.0,1500.0,665.0,1091.299819,emergency,DNMM,3900,60,asphalt,ILS,1,1,advanced,1,major,1,1,1,1,1,1,1,open,none,caution,civil,0,145.884048,616,preferred,1.0,1,1,4.5584,1
S01225,DNMM,5.266288,3.272726,B777-300ER,wide_body,3284,weather,665,normal,1.0,1500.0,665.0,1091.299819,emergency,DGAA,3403,61,asphalt,RNAV,0,0,none,1,basic,1,0,1,1,1,1,0,open,none,safe,civil,0,382.595717,119,preferred,2.0,0,2,1.7381,3
S01225,DNMM,5.266288,3.272726,B777-300ER,wide_body,3284,weather,665,normal,1.0,1500.0,665.0,1091.299819,emergency,DNAA,3609,60,asphalt,RNAV,0,0,none,1,basic,1,0,1,1,1,1,1,open,none,safe,joint,0,605.61234,325,preferred,3.0,0,3,1.0981,2
S01227,OMDB,25.804696,55.925924,A330-300,wide_body,3002,technical,889,low,0.9,1170.0,889.0,1470.297947,emergency,OMDB,4447,60,asphalt,ILS,1,1,advanced,1,major,1,1,1,1,1,1,1,open,none,safe,civil,1,83.112342,1445,preferred,1.0,1,1,10.6964,3
S01227,OMDB,25.804696,55.925924,A330-300,wide_body,3002,technical,889,low,0.9,1170.0,889.0,1470.297947,emergency,OMAA,4106,60,asphalt,ILS,1,1,advanced,1,major,1,1,1,1,1,1,1,open,none,safe,civil,0,198.780252,1104,preferred,2.0,0,2,4.4723,5
S01227,OMDB,25.804696,55.925924,A330-300,wide_body,3002,technical,889,low,0.9,1170.0,889.0,1470.297947,emergency,OTHH,4850,60,asphalt,ILS,1,1,advanced,1,major,1,1,1,1,1,1,1,open,none,safe,civil,0,437.206758,1848,preferred,3.0,0,4,2.0334,1
S01227,OMDB,25.804696,55.925924,A330-300,wide_body,3002,technical,889,low,0.9,1170.0,889.0,1470.297947,emergency,OOMS,4080,45,asphalt,ILS,1,1,advanced,1,major,1,1,1,1,1,1,1,open,none,safe,civil,0,341.877345,1078,preferred,4.0,0,3,2.6003,6
S01227,OMDB,25.804696,55.925924,A330-300,wide_body,3002,technical,889,low,0.9,1170.0,889.0,1470.297947,emergency,OKKK,4580,60,asphalt,ILS,1,1,advanced,1,major,1,1,1,1,1,1,1,open,none,safe,civil,0,871.595863,1578,preferred,5.0,0,6,1.02,2
S01227,OMDB,25.804696,55.925924,A330-300,wide_body,3002,technical,889,low,0.9,1170.0,889.0,1470.297947,emergency,OBBI,3956,60,asphalt,ILS,1,1,advanced,1,major,1,1,1,1,1,1,1,open,none,safe,civil,0,530.815718,954,preferred,6.0,0,5,1.6748,7
S01227,OMDB,25.804696,55.925924,A330-300,wide_body,3002,technical,889,low,0.9,1170.0,889.0,1470.297947,emergency,OERK,4205,60,asphalt,ILS,1,1,advanced,1,major,1,1,1,1,1,1,1,open,none,safe,civil,0,931.55109,1203,extended,7.0,0,7,0.9543,4
S01227,OMDB,25.804696,55.925924,A330-300,wide_body,3002,technical,889,low,0.9,1170.0,889.0,1470.297947,emergency,OPKC,3400,46,concrete,RNAV,0,1,basic,1,basic,1,1,1,1,1,1,1,open,none,caution,civil,0,1132.975019,398,extended,8.0,0,8,0.7847,8
S01228,OMDB,25.404847,54.993896,B787-9,wide_body,2764,operational_constraints,1173,normal,1.0,1400.0,1173.0,2214.570975,emergency,OMDB,4447,60,asphalt,ILS,1,1,advanced,1,major,1,1,1,1,1,1,1,open,none,safe,civil,1,41.63809,1683,preferred,1.0,1,1,28.1713,3
S01228,OMDB,25.404847,54.993896,B787-9,wide_body,2764,operational_constraints,1173,normal,1.0,1400.0,1173.0,2214.570975,emergency,OMAA,4106,60,asphalt,ILS,1,1,advanced,1,major,1,1,1,1,1,1,1,open,none,safe,civil,0,112.672797,1342,preferred,2.0,0,2,10.4107,5
S01228,OMDB,25.404847,54.993896,B787-9,wide_body,2764,operational_constraints,1173,normal,1.0,1400.0,1173.0,2214.570975,emergency,OTHH,4850,60,asphalt,ILS,1,1,advanced,1,major,1,1,1,1,1,1,1,open,none,safe,civil,0,340.573212,2086,preferred,3.0,0,3,3.4442,1
S01228,OMDB,25.404847,54.993896,B787-9,wide_body,2764,operational_constraints,1173,normal,1.0,1400.0,1173.0,2214.570975,emergency,OOMS,4080,45,asphalt,ILS,1,1,advanced,1,major,1,1,1,1,1,1,1,open,none,safe,civil,0,388.782488,1316,preferred,4.0,0,4,3.0171,6
S01228,OMDB,25.404847,54.993896,B787-9,wide_body,2764,operational_constraints,1173,normal,1.0,1400.0,1173.0,2214.570975,emergency,OBBI,3956,60,asphalt,ILS,1,1,advanced,1,major,1,1,1,1,1,1,1,open,none,safe,civil,0,446.372237,1192,preferred,5.0,0,5,2.6279,7
S01228,OMDB,25.404847,54.993896,B787-9,wide_body,2764,operational_constraints,1173,normal,1.0,1400.0,1173.0,2214.570975,emergency,OKKK,4580,60,asphalt,ILS,1,1,advanced,1,major,1,1,1,1,1,1,1,open,none,safe,civil,0,813.33729,1816,preferred,6.0,0,6,1.4422,2
S01228,OMDB,25.404847,54.993896,B787-9,wide_body,2764,operational_constraints,1173,normal,1.0,1400.0,1173.0,2214.570975,emergency,OERK,4205,60,asphalt,ILS,1,1,advanced,1,major,1,1,1,1,1,1,1,open,none,safe,civil,0,836.061117,1441,preferred,7.0,0,7,1.403,4
S01228,OMDB,25.404847,54.993896,B787-9,wide_body,2764,operational_constraints,1173,normal,1.0,1400.0,1173.0,2214.570975,emergency,OJAI,3660,61,asphalt,ILS,1,1,advanced,1,major,1,1,1,1,1,1,1,open,none,safe,civil,0,1980.651245,896,extended,8.0,0,10,0.5922,8
S01228,OMDB,25.404847,54.993896,B787-9,wide_body,2764,operational_constraints,1173,normal,1.0,1400.0,1173.0,2214.570975,emergency,VABB,3509,60,asphalt,ILS,1,1,advanced,1,major,1,1,1,1,1,1,1,open,none,safe,civil,1,1966.745222,745,extended,9.0,0,9,0.5964,9
S01228,OMDB,25.404847,54.993896,B787-9,wide_body,2764,operational_constraints,1173,normal,1.0,1400.0,1173.0,2214.570975,emergency,OPKC,3400,46,concrete,RNAV,0,1,basic,1,basic,1,1,1,1,1,1,1,open,none,caution,civil,0,1225.41357,636,extended,10.0,0,8,0.9572,10
S01228,OMDB,25.404847,54.993896,B787-9,wide_body,2764,operational_constraints,1173,normal,1.0,1400.0,1173.0,2214.570975,emergency,OPLA,3360,46,concrete,RNAV,0,0,none,1,basic,1,0,1,1,1,1,1,open,none,caution,civil,0,2012.042091,596,extended,11.0,0,11,0.583,11
S01238,EIDW,54.454488,-4.633259,B737-800,narrow_body,2244,fuel,804,low,0.9,855.0,804.0,1305.511527,emergency,EGLL,3901,50,asphalt,ILS,1,1,advanced,1,major,1,1,1,1,1,1,1,open,none,safe,civil,1,433.673821,1657,preferred,1.0,1,3,1.8539,3
S01238,EIDW,54.454488,-4.633259,B737-800,narrow_body,2244,fuel,804,low,0.9,855.0,804.0,1305.511527,emergency,EIDW,3110,45,concrete,ILS,1,1,advanced,1,major,1,1,1,1,1,1,1,open,none,safe,civil,0,156.118559,866,preferred,2.0,0,1,5.1499,7
S01238,EIDW,54.454488,-4.633259,B737-800,narrow_body,2244,fuel,804,low,0.9,855.0,804.0,1305.511527,emergency,EHAM,3800,60,asphalt,ILS,1,1,advanced,1,major,1,1,1,1,1,1,1,open,none,safe,civil,1,666.74868,1556,preferred,3.0,0,5,1.2059,4
S01238,EIDW,54.454488,-4.633259,B737-800,narrow_body,2244,fuel,804,low,0.9,855.0,804.0,1305.511527,emergency,EGCC,3048,46,asphalt,ILS,1,1,advanced,1,major,1,1,1,1,1,1,1,open,none,safe,civil,1,197.082133,804,preferred,4.0,0,2,4.0795,8
S01238,EIDW,54.454488,-4.633259,B737-800,narrow_body,2244,fuel,804,low,0.9,855.0,804.0,1305.511527,emergency,LFPG,4215,45,asphalt,ILS,1,1,advanced,1,major,1,1,1,1,1,1,1,open,none,safe,civil,1,781.26928,1971,preferred,5.0,0,6,1.0291,1
S01238,EIDW,54.454488,-4.633259,B737-800,narrow_body,2244,fuel,804,low,0.9,855.0,804.0,1305.511527,emergency,EGKK,3317,45,asphalt,ILS,1,1,advanced,1,major,1,1,1,1,1,1,1,open,none,safe,civil,1,473.632866,1073,preferred,6.0,0,4,1.6975,6
S01238,EIDW,54.454488,-4.633259,B737-800,narrow_body,2244,fuel,804,low,0.9,855.0,804.0,1305.511527,emergency,EDDF,4000,60,asphalt,ILS,1,1,advanced,1,major,1,1,1,0,1,1,1,open,none,safe,civil,1,1022.036758,1756,extended,7.0,0,7,0.7867,2
S01238,EIDW,54.454488,-4.633259,B737-800,narrow_body,2244,fuel,804,low,0.9,855.0,804.0,1305.511527,emergency,ENGM,3600,45,asphalt,ILS,1,1,advanced,1,major,1,1,1,1,1,1,1,open,none,safe,civil,0,1135.465317,1356,extended,8.0,0,8,0.7081,5
S01240,ESSA,60.072538,17.149148,A220-300,narrow_body,2027,weather,470,normal,1.0,950.0,470.0,788.454167,emergency,ESSA,3301,45,asphalt,ILS,1,1,advanced,1,major,1,1,1,1,1,1,1,open,none,safe,civil,0,64.172776,1274,preferred,1.0,1,1,7.324,4
S01240,ESSA,60.072538,17.149148,A220-300,narrow_body,2027,weather,470,normal,1.0,950.0,470.0,788.454167,emergency,ENGM,3600,45,asphalt,ILS,1,1,advanced,1,major,1,1,1,1,1,1,1,open,none,safe,civil,0,335.094027,1573,preferred,2.0,0,2,1.4026,2
S01240,ESSA,60.072538,17.149148,A220-300,narrow_body,2027,weather,470,normal,1.0,950.0,470.0,788.454167,emergency,EFHK,3440,60,asphalt,ILS,1,1,advanced,1,major,1,1,1,1,1,1,1,open,none,safe,civil,0,432.489075,1413,preferred,3.0,0,3,1.0867,3
S01240,ESSA,60.072538,17.149148,A220-300,narrow_body,2027,weather,470,normal,1.0,950.0,470.0,788.454167,emergency,ULLI,3780,60,concrete,ILS,1,1,advanced,1,major,1,1,1,1,1,1,1,open,none,caution,civil,0,729.895994,1753,extended,4.0,0,4,0.6439,1
S01241,BIKF,64.03938,-23.496302,A321,narrow_body,2404,operational_constraints,975,normal,1.0,1000.0,975.0,1732.135201,emergency,BIKF,3065,60,asphalt,RNAV,0,1,basic,1,basic,1,0,1,1,1,1,1,open,none,safe,joint,0,43.816861,661,preferred,1.0,1,1,22.2517,2
S01241,BIKF,64.03938,-23.496302,A321,narrow_body,2404,operational_constraints,975,normal,1.0,1000.0,975.0,1732.135201,emergency,EIDW,3110,45,concrete,ILS,1,1,advanced,1,major,1,1,1,1,1,1,1,open,none,safe,civil,0,1532.985391,706,extended,2.0,0,2,0.636,1
S01241,BIKF,64.03938,-23.496302,A321,narrow_body,2404,operational_constraints,975,normal,1.0,1000.0,975.0,1732.135201,emergency,EGCC,3048,46,asphalt,ILS,1,1,advanced,1,major,1,1,1,1,1,1,1,open,none,safe,civil,1,1691.985552,644,extended,3.0,0,3,0.5762,3
S01242,OMAA,24.967032,54.266869,B767-300ER,wide_body,3092,fuel,529,critical,0.75,937.5,529.0,844.329408,emergency,OMDB,4447,60,asphalt,ILS,1,1,advanced,1,major,1,1,1,1,1,1,1,open,none,safe,civil,1,115.531707,1355,preferred,1.0,1,2,4.5788,3
S01242,OMAA,24.967032,54.266869,B767-300ER,wide_body,3092,fuel,529,critical,0.75,937.5,529.0,844.329408,emergency,OMAA,4106,60,asphalt,ILS,1,1,advanced,1,major,1,1,1,1,1,1,1,open,none,safe,civil,0,70.097989,1014,preferred,2.0,0,1,7.5466,5
S01242,OMAA,24.967032,54.266869,B767-300ER,wide_body,3092,fuel,529,critical,0.75,937.5,529.0,844.329408,emergency,OTHH,4850,60,asphalt,ILS,1,1,advanced,1,major,1,1,1,1,1,1,1,open,none,safe,civil,0,269.833742,1758,preferred,3.0,0,3,1.9605,1
S01242,OMAA,24.967032,54.266869,B767-300ER,wide_body,3092,fuel,529,critical,0.75,937.5,529.0,844.329408,emergency,OOMS,4080,45,asphalt,ILS,1,1,advanced,1,major,1,1,1,1,1,1,1,open,none,safe,civil,0,434.69577,988,preferred,4.0,0,5,1.2169,6
S01242,OMAA,24.967032,54.266869,B767-300ER,wide_body,3092,fuel,529,critical,0.75,937.5,529.0,844.329408,emergency,OBBI,3956,60,asphalt,ILS,1,1,advanced,1,major,1,1,1,1,1,1,1,open,none,safe,civil,0,391.532604,864,preferred,5.0,0,4,1.3511,7
S01242,OMAA,24.967032,54.266869,B767-300ER,wide_body,3092,fuel,529,critical,0.75,937.5,529.0,844.329408,emergency,OKKK,4580,60,asphalt,ILS,1,1,advanced,1,major,1,1,1,1,1,1,1,open,none,safe,civil,0,782.483701,1488,extended,6.0,0,7,0.6761,2
S01242,OMAA,24.967032,54.266869,B767-300ER,wide_body,3092,fuel,529,critical,0.75,937.5,529.0,844.329408,emergency,OERK,4205,60,asphalt,ILS,1,1,advanced,1,major,1,1,1,1,1,1,1,open,none,safe,civil,0,762.821638,1113,extended,7.0,0,6,0.6935,4
S01245,OJAI,31.230389,35.581937,B737-800,narrow_body,2294,weather,723,critical,0.75,712.5,712.5,1137.434573,aircraft_fuel,OJAI,3660,61,asphalt,ILS,1,1,advanced,1,major,1,1,1,1,1,1,1,open,none,safe,civil,0,67.205674,1366,preferred,1.0,1,1,10.6018,3
S01245,OJAI,31.230389,35.581937,B737-800,narrow_body,2294,weather,723,critical,0.75,712.5,712.5,1137.434573,aircraft_fuel,HECA,4000,60,asphalt,ILS,1,1,basic,1,major,1,1,1,1,1,1,1,open,none,safe,civil,0,419.1305,1706,preferred,2.0,0,2,1.6999,1
S01245,OJAI,31.230389,35.581937,B737-800,narrow_body,2294,weather,723,critical,0.75,712.5,712.5,1137.434573,aircraft_fuel,LCLK,2987,45,asphalt,ILS,1,0,none,1,basic,1,0,1,1,1,1,1,open,none,safe,civil,0,444.396533,693,preferred,3.0,0,3,1.6033,5
S01245,OJAI,31.230389,35.581937,B737-800,narrow_body,2294,weather,723,critical,0.75,712.5,712.5,1137.434573,aircraft_fuel,HELX,3000,45,asphalt,RNAV,0,0,none,1,basic,1,0,1,0,0,1,1,open,none,safe,joint,0,679.001691,706,preferred,4.0,0,4,1.0493,4
S01245,OJAI,31.230389,35.581937,B737-800,narrow_body,2294,weather,723,critical,0.75,712.5,712.5,1137.434573,aircraft_fuel,LTAC,3750,45,asphalt,ILS,1,1,advanced,1,major,1,1,1,1,1,1,1,open,none,safe,joint,0,1016.456386,1456,extended,5.0,0,5,0.701,2
S01246,OOMS,23.593598,58.017103,B777-300ER,wide_body,3210,security,1128,normal,1.0,1500.0,1128.0,1960.651059,emergency,OOMS,4080,45,asphalt,ILS,1,1,advanced,1,major,1,1,1,1,1,1,1,open,none,safe,civil,0,27.335196,870,preferred,1.0,1,1,41.2655,6
S01246,OOMS,23.593598,58.017103,B777-300ER,wide_body,3210,security,1128,normal,1.0,1500.0,1128.0,1960.651059,emergency,OMDB,4447,60,asphalt,ILS,1,1,advanced,1,major,1,1,1,1,1,1,1,open,none,safe,civil,1,325.083794,1237,preferred,2.0,0,2,3.4699,3
S01246,OOMS,23.593598,58.017103,B777-300ER,wide_body,3210,security,1128,normal,1.0,1500.0,1128.0,1960.651059,emergency,OTHH,4850,60,asphalt,ILS,1,1,advanced,1,major,1,1,1,1,1,1,1,open,none,safe,civil,0,675.078969,1640,preferred,3.0,0,4,1.6709,1
S01246,OOMS,23.593598,58.017103,B777-300ER,wide_body,3210,security,1128,normal,1.0,1500.0,1128.0,1960.651059,emergency,OMAA,4106,60,asphalt,ILS,1,1,advanced,1,major,1,1,1,1,1,1,1,open,none,safe,civil,0,354.794373,896,preferred,4.0,0,3,3.1793,5
S01246,OOMS,23.593598,58.017103,B777-300ER,wide_body,3210,security,1128,normal,1.0,1500.0,1128.0,1960.651059,emergency,OBBI,3956,60,asphalt,ILS,1,1,advanced,1,major,1,1,1,1,1,1,1,open,none,safe,civil,0,801.105568,746,preferred,5.0,0,5,1.4081,7
S01246,OOMS,23.593598,58.017103,B777-300ER,wide_body,3210,security,1128,normal,1.0,1500.0,1128.0,1960.651059,emergency,OKKK,4580,60,asphalt,ILS,1,1,advanced,1,major,1,1,1,1,1,1,1,open,none,safe,civil,0,1179.558199,1370,extended,6.0,0,8,0.9563,2
S01246,OOMS,23.593598,58.017103,B777-300ER,wide_body,3210,security,1128,normal,1.0,1500.0,1128.0,1960.651059,emergency,OERK,4205,60,asphalt,ILS,1,1,advanced,1,major,1,1,1,1,1,1,1,open,none,safe,civil,0,1156.881397,995,extended,7.0,0,7,0.975,4
S01246,OOMS,23.593598,58.017103,B777-300ER,wide_body,3210,security,1128,normal,1.0,1500.0,1128.0,1960.651059,emergency,OPKC,3400,46,concrete,RNAV,0,1,basic,1,basic,1,1,1,1,1,1,1,open,none,caution,civil,0,938.24592,190,preferred,8.0,0,6,1.2022,9
S01246,OOMS,23.593598,58.017103,B777-300ER,wide_body,3210,security,1128,normal,1.0,1500.0,1128.0,1960.651059,emergency,VABB,3509,60,asphalt,ILS,1,1,advanced,1,major,1,1,1,1,1,1,1,open,none,safe,civil,1,1616.519227,299,extended,9.0,0,9,0.6978,8
S01246,OOMS,23.593598,58.017103,B777-300ER,wide_body,3210,security,1128,normal,1.0,1500.0,1128.0,1960.651059,emergency,OPLA,3360,46,concrete,RNAV,0,0,none,1,basic,1,0,1,1,1,1,1,open,none,caution,civil,0,1837.158432,150,extended,10.0,0,10,0.614,10
S01247,RCTP,24.758119,120.549587,B777-300ER,wide_body,3204,operational_constraints,1160,normal,1.0,1500.0,1160.0,2055.484488,emergency,RCTP,3660,60,concrete,ILS,1,1,advanced,1,major,1,1,1,1,1,1,1,open,none,safe,civil,0,77.540307,456,preferred,1.0,1,1,14.96,5
S01247,RCTP,24.758119,120.549587,B777-300ER,wide_body,3204,operational_constraints,1160,normal,1.0,1500.0,1160.0,2055.484488,emergency,ZSPD,4000,60,concrete,ILS,1,1,advanced,1,major,1,1,1,1,1,1,1,open,none,safe,civil,1,720.619205,796,preferred,2.0,0,2,1.6097,1
S01247,RCTP,24.758119,120.549587,B777-300ER,wide_body,3204,operational_constraints,1160,normal,1.0,1500.0,1160.0,2055.484488,emergency,RKSI,4000,60,asphalt,ILS,1,1,advanced,1,major,1,1,1,1,1,1,1,open,none,safe,civil,1,1520.041783,796,extended,3.0,0,4,0.7631,1
S01247,RCTP,24.758119,120.549587,B777-300ER,wide_body,3204,operational_constraints,1160,normal,1.0,1500.0,1160.0,2055.484488,emergency,RPLL,3737,60,concrete,ILS,1,1,basic,1,basic,1,1,1,1,1,1,1,open,none,caution,civil,0,1140.754918,533,preferred,4.0,0,3,1.0169,4
S01247,RCTP,24.758119,120.549587,B777-300ER,wide_body,3204,operational_constraints,1160,normal,1.0,1500.0,1160.0,2055.484488,emergency,ZBAA,3810,60,asphalt,ILS,1,1,advanced,1,major,1,1,1,1,1,1,1,open,none,safe,civil,1,1742.836797,606,extended,5.0,0,5,0.6656,3
S01251,DAAG,36.477609,2.627246,E170,regional_jet,1611,fuel,496,low,0.9,630.0,496.0,761.459234,emergency,DAAG,3500,60,asphalt,RNAV,0,1,basic,1,basic,1,1,1,1,1,1,0,open,none,safe,civil,0,57.687814,1889,preferred,1.0,1,1,8.598,2
S01251,DAAG,36.477609,2.627246,E170,regional_jet,1611,fuel,496,low,0.9,630.0,496.0,761.459234,emergency,DTTA,3200,45,asphalt,RNAV,0,1,basic,1,basic,1,0,1,1,1,1,1,open,none,safe,civil,0,678.966207,1589,extended,2.0,0,2,0.7305,3
S01251,DAAG,36.477609,2.627246,E170,regional_jet,1611,fuel,496,low,0.9,630.0,496.0,761.459234,emergency,LEMD,4350,60,asphalt,ILS,1,1,advanced,1,major,1,1,1,1,1,1,1,open,none,safe,civil,1,700.077785,2739,extended,3.0,0,3,0.7085,1
S01255,OOMS,22.85537,58.851357,B787-9,wide_body,2919,medical,824,normal,1.0,1400.0,824.0,1517.528744,emergency,OOMS,4080,45,asphalt,ILS,1,1,advanced,1,major,1,1,1,1,1,1,1,open,none,safe,civil,0,101.022574,1161,preferred,1.0,1,1,8.1566,6
S01255,OOMS,22.85537,58.851357,B787-9,wide_body,2919,medical,824,normal,1.0,1400.0,824.0,1517.528744,emergency,OMDB,4447,60,asphalt,ILS,1,1,advanced,1,major,1,1,1,1,1,1,1,open,none,safe,civil,1,442.426636,1528,preferred,2.0,0,2,1.8625,3
S01255,OOMS,22.85537,58.851357,B787-9,wide_body,2919,medical,824,normal,1.0,1400.0,824.0,1517.528744,emergency,OTHH,4850,60,asphalt,ILS,1,1,advanced,1,major,1,1,1,1,1,1,1,open,none,safe,civil,0,782.856502,1931,preferred,3.0,0,4,1.0526,1
S01255,OOMS,22.85537,58.851357,B787-9,wide_body,2919,medical,824,normal,1.0,1400.0,824.0,1517.528744,emergency,OMAA,4106,60,asphalt,ILS,1,1,advanced,1,major,1,1,1,1,1,1,1,open,none,safe,civil,0,462.873978,1187,preferred,4.0,0,3,1.7802,5
S01255,OOMS,22.85537,58.851357,B787-9,wide_body,2919,medical,824,normal,1.0,1400.0,824.0,1517.528744,emergency,OKKK,4580,60,asphalt,ILS,1,1,advanced,1,major,1,1,1,1,1,1,1,open,none,safe,civil,0,1296.408639,1661,extended,5.0,0,8,0.6356,2
S01255,OOMS,22.85537,58.851357,B787-9,wide_body,2919,medical,824,normal,1.0,1400.0,824.0,1517.528744,emergency,OERK,4205,60,asphalt,ILS,1,1,advanced,1,major,1,1,1,1,1,1,1,open,none,safe,civil,0,1256.809862,1286,extended,6.0,0,7,0.6556,4
S01255,OOMS,22.85537,58.851357,B787-9,wide_body,2919,medical,824,normal,1.0,1400.0,824.0,1517.528744,emergency,OBBI,3956,60,asphalt,ILS,1,1,advanced,1,major,1,1,1,1,1,1,1,open,none,safe,civil,0,912.926122,1037,extended,7.0,0,6,0.9026,7
S01255,OOMS,22.85537,58.851357,B787-9,wide_body,2919,medical,824,normal,1.0,1400.0,824.0,1517.528744,emergency,VABB,3509,60,asphalt,ILS,1,1,advanced,1,major,1,1,1,1,1,1,1,open,none,safe,civil,1,1513.57911,590,extended,8.0,0,9,0.5444,8
S01255,OOMS,22.85537,58.851357,B787-9,wide_body,2919,medical,824,normal,1.0,1400.0,824.0,1517.528744,emergency,OPKC,3400,46,concrete,RNAV,0,1,basic,1,basic,1,1,1,1,1,1,1,open,none,caution,civil,0,874.922603,481,extended,9.0,0,5,0.9418,9
S01258,UUEE,56.986336,36.870953,B737-800,narrow_body,2275,operational_constraints,1040,critical,0.75,712.5,712.5,1220.815815,aircraft_fuel,UUEE,3700,60,concrete,ILS,1,1,advanced,1,major,1,1,1,1,1,1,1,open,none,caution,civil,0,117.0471,1425,preferred,1.0,1,1,6.0873,2
S01258,UUEE,56.986336,36.870953,B737-800,narrow_body,2275,operational_constraints,1040,critical,0.75,712.5,712.5,1220.815815,aircraft_fuel,ULLI,3780,60,concrete,ILS,1,1,advanced,1,major,1,1,1,1,1,1,1,open,none,caution,civil,0,495.813834,1505,preferred,2.0,0,2,1.437,1
S01258,UUEE,56.986336,36.870953,B737-800,narrow_body,2275,operational_constraints,1040,critical,0.75,712.5,712.5,1220.815815,aircraft_fuel,EFHK,3440,60,asphalt,ILS,1,1,advanced,1,major,1,1,1,1,1,1,1,open,none,safe,civil,0,780.567382,1165,extended,3.0,0,3,0.9128,3
S01258,UUEE,56.986336,36.870953,B737-800,narrow_body,2275,operational_constraints,1040,critical,0.75,712.5,712.5,1220.815815,aircraft_fuel,ESSA,3301,45,asphalt,ILS,1,1,advanced,1,major,1,1,1,1,1,1,1,open,none,safe,civil,0,1140.776969,1026,extended,4.0,0,4,0.6246,4
S01259,WSSS,1.516422,103.463782,A320,narrow_body,2459,weather,505,normal,1.0,950.0,505.0,867.338711,emergency,WSSS,4000,60,asphalt,ILS,1,1,advanced,1,major,1,1,1,1,1,1,1,open,none,safe,civil,1,61.769887,1541,preferred,1.0,1,1,8.1755,2
S01259,WSSS,1.516422,103.463782,A320,narrow_body,2459,weather,505,normal,1.0,950.0,505.0,867.338711,emergency,WMKK,4124,60,asphalt,ILS,1,1,advanced,1,major,1,1,1,1,1,1,1,open,none,safe,civil,0,238.025014,1665,preferred,2.0,0,2,2.1216,1
S01259,WSSS,1.516422,103.463782,A320,narrow_body,2459,weather,505,normal,1.0,950.0,505.0,867.338711,emergency,WIMM,3000,60,asphalt,RNAV,1,1,basic,1,basic,1,0,1,1,0,1,1,open,none,safe,civil,0,560.78568,541,extended,3.0,0,3,0.9005,3
S01260,ZBAA,40.386096,116.006474,B737-800,narrow_body,2304,weather,1200,normal,1.0,950.0,950.0,1638.46659,aircraft_fuel,ZBAA,3810,60,asphalt,ILS,1,1,advanced,1,major,1,1,1,1,1,1,1,open,none,safe,civil,1,60.73781,1506,preferred,1.0,1,1,15.641,3
S01260,ZBAA,40.386096,116.006474,B737-800,narrow_body,2304,weather,1200,normal,1.0,950.0,950.0,1638.46659,aircraft_fuel,RKSI,4000,60,asphalt,ILS,1,1,advanced,1,major,1,1,1,1,1,1,1,open,none,safe,civil,1,959.203988,1696,extended,2.0,0,2,0.9904,1
S01260,ZBAA,40.386096,116.006474,B737-800,narrow_body,2304,weather,1200,normal,1.0,950.0,950.0,1638.46659,aircraft_fuel,ZSPD,4000,60,concrete,ILS,1,1,advanced,1,major,1,1,1,1,1,1,1,open,none,safe,civil,1,1152.548402,1696,extended,3.0,0,3,0.8243,1
S01262,LCLK,35.550338,34.068135,A320,narrow_body,2396,mechanical,1118,low,0.9,855.0,855.0,1406.157992,aircraft_fuel,LCLK,2987,45,asphalt,ILS,1,0,none,1,basic,1,0,1,1,1,1,1,open,none,safe,civil,0,85.198944,591,preferred,1.0,1,1,10.0353,7
S01262,LCLK,35.550338,34.068135,A320,narrow_body,2396,mechanical,1118,low,0.9,855.0,855.0,1406.157992,aircraft_fuel,HECA,4000,60,asphalt,ILS,1,1,basic,1,major,1,1,1,1,1,1,1,open,none,safe,civil,0,654.169076,1604,preferred,2.0,0,4,1.307,2
S01262,LCLK,35.550338,34.068135,A320,narrow_body,2396,mechanical,1118,low,0.9,855.0,855.0,1406.157992,aircraft_fuel,OJAI,3660,61,asphalt,ILS,1,1,advanced,1,major,1,1,1,1,1,1,1,open,none,safe,civil,0,461.399608,1264,preferred,3.0,0,2,1.8531,5
S01262,LCLK,35.550338,34.068135,A320,narrow_body,2396,mechanical,1118,low,0.9,855.0,855.0,1406.157992,aircraft_fuel,LTFM,4100,60,asphalt,ILS,1,1,advanced,1,major,1,1,1,1,1,1,0,open,none,safe,civil,0,787.874557,1704,preferred,4.0,0,5,1.0852,1
S01262,LCLK,35.550338,34.068135,A320,narrow_body,2396,mechanical,1118,low,0.9,855.0,855.0,1406.157992,aircraft_fuel,LTAC,3750,45,asphalt,ILS,1,1,advanced,1,major,1,1,1,1,1,1,1,open,none,safe,joint,0,517.659198,1354,preferred,5.0,0,3,1.6517,4
S01262,LCLK,35.550338,34.068135,A320,narrow_body,2396,mechanical,1118,low,0.9,855.0,855.0,1406.157992,aircraft_fuel,LGAV,4000,45,asphalt,ILS,1,1,advanced,1,major,1,1,1,1,1,1,1,open,none,safe,civil,0,939.68559,1604,extended,6.0,0,6,0.9099,2
S01262,LCLK,35.550338,34.068135,A320,narrow_body,2396,mechanical,1118,low,0.9,855.0,855.0,1406.157992,aircraft_fuel,HELX,3000,45,asphalt,RNAV,0,0,none,1,basic,1,0,1,0,0,1,1,open,none,safe,joint,0,1106.193574,604,extended,7.0,0,7,0.7729,6
S01263,OPLA,31.757465,73.946449,A320,narrow_body,2278,weather,1238,normal,1.0,950.0,950.0,1539.920838,aircraft_fuel,VIDP,4430,60,asphalt,ILS,1,1,advanced,1,major,1,1,1,1,1,1,1,open,none,safe,civil,1,467.281035,2152,preferred,1.0,1,2,2.033,2
S01263,OPLA,31.757465,73.946449,A320,narrow_body,2278,weather,1238,normal,1.0,950.0,950.0,1539.920838,aircraft_fuel,OPLA,3360,46,concrete,RNAV,0,0,none,1,basic,1,0,1,1,1,1,1,open,none,caution,civil,0,50.604282,1082,preferred,2.0,0,1,18.7731,5
S01263,OPLA,31.757465,73.946449,A320,narrow_body,2278,weather,1238,normal,1.0,950.0,950.0,1539.920838,aircraft_fuel,UAAA,4500,45,asphalt,RNAV,0,1,basic,1,basic,1,1,1,1,1,1,1,open,none,safe,civil,0,1317.805555,2222,extended,3.0,0,5,0.7209,1
S01263,OPLA,31.757465,73.946449,A320,narrow_body,2278,weather,1238,normal,1.0,950.0,950.0,1539.920838,aircraft_fuel,VABB,3509,60,asphalt,ILS,1,1,advanced,1,major,1,1,1,1,1,1,1,open,none,safe,civil,1,1412.832132,1231,extended,4.0,0,6,0.6724,3
S01263,OPLA,31.757465,73.946449,A320,narrow_body,2278,weather,1238,normal,1.0,950.0,950.0,1539.920838,aircraft_fuel,OPKC,3400,46,concrete,RNAV,0,1,basic,1,basic,1,1,1,1,1,1,1,open,none,caution,civil,0,1010.107882,1122,extended,5.0,0,3,0.9405,4
S01263,OPLA,31.757465,73.946449,A320,narrow_body,2278,weather,1238,normal,1.0,950.0,950.0,1539.920838,aircraft_fuel,VNKT,3350,45,asphalt,VOR,0,0,none,0,none,0,0,1,1,1,1,1,open,none,caution,civil,0,1190.105258,1072,extended,6.0,0,4,0.7982,6
S01264,DGAA,5.656471,-0.355707,B737-800,narrow_body,2456,security,782,normal,1.0,950.0,782.0,1244.658631,emergency,DGAA,3403,61,asphalt,RNAV,0,0,none,1,basic,1,0,1,1,1,1,0,open,none,safe,civil,0,21.6694,947,preferred,1.0,1,1,36.0878,3
S01264,DGAA,5.656471,-0.355707,B737-800,narrow_body,2456,security,782,normal,1.0,950.0,782.0,1244.658631,emergency,DNMM,3900,60,asphalt,ILS,1,1,advanced,1,major,1,1,1,1,1,1,1,open,none,caution,civil,0,419.21446,1444,preferred,2.0,0,2,1.8654,1
S01264,DGAA,5.656471,-0.355707,B737-800,narrow_body,2456,security,782,normal,1.0,950.0,782.0,1244.658631,emergency,DNAA,3609,60,asphalt,RNAV,0,0,none,1,basic,1,0,1,1,1,1,1,open,none,safe,joint,0,919.012273,1153,extended,3.0,0,3,0.8509,2
S01264,DGAA,5.656471,-0.355707,B737-800,narrow_body,2456,security,782,normal,1.0,950.0,782.0,1244.658631,emergency,DNKN,3200,46,asphalt,RNAV,0,0,none,1,basic,1,0,1,0,0,1,1,open,none,safe,joint,0,1206.605668,744,extended,4.0,0,4,0.6481,4
S01267,RJTT,34.739874,139.492839,B737-800,narrow_body,2347,medical,677,normal,1.0,950.0,677.0,1155.454764,emergency,RJAA,4000,60,asphalt,ILS,1,1,advanced,1,major,1,1,1,0,1,1,1,open,none,safe,civil,1,140.360948,1653,preferred,1.0,1,2,4.8233,1
S01267,RJTT,34.739874,139.492839,B737-800,narrow_body,2347,medical,677,normal,1.0,950.0,677.0,1155.454764,emergency,RJTT,3360,61,asphalt,ILS,1,1,advanced,1,major,1,1,1,1,1,1,1,open,none,safe,civil,1,93.93312,1013,preferred,2.0,0,1,7.2073,2
S01267,RJTT,34.739874,139.492839,B737-800,narrow_body,2347,medical,677,normal,1.0,950.0,677.0,1155.454764,emergency,RJCC,3000,61,asphalt,RNAV,0,1,basic,1,basic,1,1,1,1,1,1,1,open,none,safe,joint,0,913.435701,653,extended,3.0,0,3,0.7412,3
S01277,DAAG,36.554158,3.496153,A350-900,wide_body,2915,weather,756,low,0.9,1350.0,756.0,1286.901149,emergency,DAAG,3500,60,asphalt,RNAV,0,1,basic,1,basic,1,1,1,1,1,1,0,open,none,safe,civil,0,29.547139,585,preferred,1.0,1,1,25.5862,5
S01277,DAAG,36.554158,3.496153,A350-900,wide_body,2915,weather,756,low,0.9,1350.0,756.0,1286.901149,emergency,LEMD,4350,60,asphalt,ILS,1,1,advanced,1,major,1,1,1,1,1,1,1,open,none,safe,civil,1,754.555242,1435,preferred,2.0,0,3,1.0019,1
S01277,DAAG,36.554158,3.496153,A350-900,wide_body,2915,weather,756,low,0.9,1350.0,756.0,1286.901149,emergency,DTTA,3200,45,asphalt,RNAV,0,1,basic,1,basic,1,0,1,1,1,1,1,open,none,safe,civil,0,600.857627,285,preferred,3.0,0,2,1.2582,6
S01277,DAAG,36.554158,3.496153,A350-900,wide_body,2915,weather,756,low,0.9,1350.0,756.0,1286.901149,emergency,LIRF,3902,60,asphalt,ILS,1,1,basic,1,major,1,1,1,1,1,1,1,open,none,safe,civil,1,953.306755,987,extended,4.0,0,4,0.793,2
S01277,DAAG,36.554158,3.496153,A350-900,wide_body,2915,weather,756,low,0.9,1350.0,756.0,1286.901149,emergency,GMMN,3720,45,asphalt,ILS,1,1,advanced,1,major,1,1,1,1,1,1,1,open,none,safe,civil,0,1069.814434,805,extended,5.0,0,5,0.7067,3
S01277,DAAG,36.554158,3.496153,A350-900,wide_body,2915,weather,756,low,0.9,1350.0,756.0,1286.901149,emergency,LPPT,3707,45,asphalt,ILS,1,1,advanced,1,major,1,1,1,1,1,1,1,open,none,safe,civil,0,1138.085936,792,extended,6.0,0,6,0.6643,4
S01280,ZBAA,39.790419,117.182652,E175,regional_jet,1840,technical,875,normal,1.0,750.0,750.0,1111.318395,aircraft_fuel,ZBAA,3810,60,asphalt,ILS,1,1,advanced,1,major,1,1,1,1,1,1,1,open,none,safe,civil,1,59.278008,1970,preferred,1.0,1,1,12.6522,3
S01280,ZBAA,39.790419,117.182652,E175,regional_jet,1840,technical,875,normal,1.0,750.0,750.0,1111.318395,aircraft_fuel,RKSI,4000,60,asphalt,ILS,1,1,advanced,1,major,1,1,1,1,1,1,1,open,none,safe,civil,1,844.981453,2160,extended,2.0,0,2,0.8876,1
S01280,ZBAA,39.790419,117.182652,E175,regional_jet,1840,technical,875,normal,1.0,750.0,750.0,1111.318395,aircraft_fuel,ZSPD,4000,60,concrete,ILS,1,1,advanced,1,major,1,1,1,1,1,1,1,open,none,safe,civil,1,1048.26314,2160,extended,3.0,0,3,0.7155,1
S01282,VABB,19.075355,72.670083,B737-800,narrow_body,2394,fuel,743,normal,1.0,950.0,743.0,1150.331274,emergency,VABB,3509,60,asphalt,ILS,1,1,advanced,1,major,1,1,1,1,1,1,1,open,none,safe,civil,1,20.840158,1115,preferred,1.0,1,1,35.6523,2
S01282,VABB,19.075355,72.670083,B737-800,narrow_body,2394,fuel,743,normal,1.0,950.0,743.0,1150.331274,emergency,VIDP,4430,60,asphalt,ILS,1,1,advanced,1,major,1,1,1,1,1,1,1,open,none,safe,civil,1,1145.921813,2036,extended,2.0,0,3,0.6484,1
S01282,VABB,19.075355,72.670083,B737-800,narrow_body,2394,fuel,743,normal,1.0,950.0,743.0,1150.331274,emergency,OPKC,3400,46,concrete,RNAV,0,1,basic,1,basic,1,1,1,1,1,1,1,open,none,caution,civil,0,861.757839,1006,extended,3.0,0,2,0.8622,3
S01283,GMMN,33.523928,-7.399072,B787-9,wide_body,2788,medical,996,low,0.9,1260.0,996.0,1757.667478,emergency,GMMN,3720,45,asphalt,ILS,1,1,advanced,1,major,1,1,1,1,1,1,1,open,none,safe,civil,0,24.824623,932,preferred,1.0,1,1,40.1215,2
S01283,GMMN,33.523928,-7.399072,B787-9,wide_body,2788,medical,996,low,0.9,1260.0,996.0,1757.667478,emergency,LEMD,4350,60,asphalt,ILS,1,1,advanced,1,major,1,1,1,1,1,1,1,open,none,safe,civil,1,845.956373,1562,preferred,2.0,0,3,1.1774,1
S01283,GMMN,33.523928,-7.399072,B787-9,wide_body,2788,medical,996,low,0.9,1260.0,996.0,1757.667478,emergency,LPPT,3707,45,asphalt,ILS,1,1,advanced,1,major,1,1,1,1,1,1,1,open,none,safe,civil,0,604.997331,919,preferred,3.0,0,2,1.6463,3
S01283,GMMN,33.523928,-7.399072,B787-9,wide_body,2788,medical,996,low,0.9,1260.0,996.0,1757.667478,emergency,DAAG,3500,60,asphalt,RNAV,0,1,basic,1,basic,1,1,1,1,1,1,0,open,none,safe,civil,0,1027.072804,712,extended,4.0,0,4,0.9697,4
S01283,GMMN,33.523928,-7.399072,B787-9,wide_body,2788,medical,996,low,0.9,1260.0,996.0,1757.667478,emergency,DTTA,3200,45,asphalt,RNAV,0,1,basic,1,basic,1,0,1,1,1,1,1,open,none,safe,civil,0,1641.375552,412,extended,5.0,0,5,0.6068,5
S01284,OBBI,25.937804,50.511582,B737-800,narrow_body,2242,weather,929,critical,0.75,712.5,712.5,1188.109093,aircraft_fuel,OBBI,3956,60,asphalt,ILS,1,1,advanced,1,major,1,1,1,1,1,1,1,open,none,safe,civil,0,38.739704,1714,preferred,1.0,1,1,18.392,7
S01284,OBBI,25.937804,50.511582,B737-800,narrow_body,2242,weather,929,critical,0.75,712.5,712.5,1188.109093,aircraft_fuel,OTHH,4850,60,asphalt,ILS,1,1,advanced,1,major,1,1,1,1,1,1,1,open,none,safe,civil,0,132.484146,2608,preferred,2.0,0,2,5.378,1
S01284,OBBI,25.937804,50.511582,B737-800,narrow_body,2242,weather,929,critical,0.75,712.5,712.5,1188.109093,aircraft_fuel,OERK,4205,60,asphalt,ILS,1,1,advanced,1,major,1,1,1,1,1,1,1,open,none,safe,civil,0,398.021649,1963,preferred,3.0,0,3,1.7901,4
S01284,OBBI,25.937804,50.511582,B737-800,narrow_body,2242,weather,929,critical,0.75,712.5,712.5,1188.109093,aircraft_fuel,OKKK,4580,60,asphalt,ILS,1,1,advanced,1,major,1,1,1,1,1,1,1,open,none,safe,civil,0,443.041507,2338,preferred,4.0,0,4,1.6082,2
S01284,OBBI,25.937804,50.511582,B737-800,narrow_body,2242,weather,929,critical,0.75,712.5,712.5,1188.109093,aircraft_fuel,OMAA,4106,60,asphalt,ILS,1,1,advanced,1,major,1,1,1,1,1,1,1,open,none,safe,civil,0,448.338176,1864,preferred,5.0,0,5,1.5892,5
S01284,OBBI,25.937804,50.511582,B737-800,narrow_body,2242,weather,929,critical,0.75,712.5,712.5,1188.109093,aircraft_fuel,OMDB,4447,60,asphalt,ILS,1,1,advanced,1,major,1,1,1,1,1,1,1,open,none,safe,civil,1,493.259716,2205,preferred,6.0,0,6,1.4445,3
S01284,OBBI,25.937804,50.511582,B737-800,narrow_body,2242,weather,929,critical,0.75,712.5,712.5,1188.109093,aircraft_fuel,OOMS,4080,45,asphalt,ILS,1,1,advanced,1,major,1,1,1,1,1,1,1,open,none,safe,civil,0,826.609394,1838,extended,7.0,0,7,0.862,6
S01286,ESSA,58.540705,19.837641,A319,narrow_body,2141,weather,1120,critical,0.75,675.0,675.0,1116.489432,aircraft_fuel,ESSA,3301,45,asphalt,ILS,1,1,advanced,1,major,1,1,1,1,1,1,1,open,none,safe,civil,0,164.479874,1160,preferred,1.0,1,1,4.1038,5
S01286,ESSA,58.540705,19.837641,A319,narrow_body,2141,weather,1120,critical,0.75,675.0,675.0,1116.489432,aircraft_fuel,EFHK,3440,60,asphalt,ILS,1,1,advanced,1,major,1,1,1,1,1,1,1,open,none,safe,civil,0,350.70506,1299,preferred,2.0,0,2,1.9247,4
S01286,ESSA,58.540705,19.837641,A319,narrow_body,2141,weather,1120,critical,0.75,675.0,675.0,1116.489432,aircraft_fuel,ENGM,3600,45,asphalt,ILS,1,1,advanced,1,major,1,1,1,1,1,1,1,open,none,safe,civil,0,527.572566,1459,preferred,3.0,0,3,1.2794,3
S01286,ESSA,58.540705,19.837641,A319,narrow_body,2141,weather,1120,critical,0.75,675.0,675.0,1116.489432,aircraft_fuel,ULLI,3780,60,concrete,ILS,1,1,advanced,1,major,1,1,1,1,1,1,1,open,none,caution,civil,0,609.657635,1639,preferred,4.0,0,4,1.1072,1
S01286,ESSA,58.540705,19.837641,A319,narrow_body,2141,weather,1120,critical,0.75,675.0,675.0,1116.489432,aircraft_fuel,UUEE,3700,60,concrete,ILS,1,1,advanced,1,major,1,1,1,1,1,1,1,open,none,caution,civil,0,1091.100132,1559,extended,5.0,0,5,0.6186,2
S01288,HELX,25.780569,33.241561,B737-800,narrow_body,2207,operational_constraints,809,normal,1.0,950.0,809.0,1295.192092,emergency,HECA,4000,60,asphalt,ILS,1,1,basic,1,major,1,1,1,1,1,1,1,open,none,safe,civil,0,514.520358,1793,preferred,1.0,1,2,1.5723,1
S01288,HELX,25.780569,33.241561,B737-800,narrow_body,2207,operational_constraints,809,normal,1.0,950.0,809.0,1295.192092,emergency,HELX,3000,45,asphalt,RNAV,0,0,none,1,basic,1,0,1,0,0,1,1,open,none,safe,joint,0,54.956379,793,preferred,2.0,0,1,14.7208,3
S01288,HELX,25.780569,33.241561,B737-800,narrow_body,2207,operational_constraints,809,normal,1.0,950.0,809.0,1295.192092,emergency,OJAI,3660,61,asphalt,ILS,1,1,advanced,1,major,1,1,1,1,1,1,1,open,none,safe,civil,0,713.011952,1453,preferred,3.0,0,3,1.1346,2
S01288,HELX,25.780569,33.241561,B737-800,narrow_body,2207,operational_constraints,809,normal,1.0,950.0,809.0,1295.192092,emergency,LCLK,2987,45,asphalt,ILS,1,0,none,1,basic,1,0,1,1,1,1,1,open,none,safe,civil,0,1011.931817,780,extended,4.0,0,4,0.7995,4
S01290,RJTT,35.227483,139.880259,A330-300,wide_body,2931,fuel,969,low,0.9,1170.0,969.0,1825.139719,emergency,RJAA,4000,60,asphalt,ILS,1,1,advanced,1,major,1,1,1,0,1,1,1,open,none,safe,civil,1,75.754518,1069,preferred,1.0,1,2,12.7913,1
S01290,RJTT,35.227483,139.880259,A330-300,wide_body,2931,fuel,969,low,0.9,1170.0,969.0,1825.139719,emergency,RJTT,3360,61,asphalt,ILS,1,1,advanced,1,major,1,1,1,1,1,1,1,open,none,safe,civil,1,36.811258,429,preferred,2.0,0,1,26.3235,4
S01290,RJTT,35.227483,139.880259,A330-300,wide_body,2931,fuel,969,low,0.9,1170.0,969.0,1825.139719,emergency,RKSI,4000,60,asphalt,ILS,1,1,advanced,1,major,1,1,1,1,1,1,1,open,none,safe,civil,1,1227.129116,1069,extended,3.0,0,4,0.7896,1
S01290,RJTT,35.227483,139.880259,A330-300,wide_body,2931,fuel,969,low,0.9,1170.0,969.0,1825.139719,emergency,ZSPD,4000,60,concrete,ILS,1,1,advanced,1,major,1,1,1,1,1,1,1,open,none,safe,civil,1,1739.480152,1069,extended,4.0,0,5,0.5571,1
S01290,RJTT,35.227483,139.880259,A330-300,wide_body,2931,fuel,969,low,0.9,1170.0,969.0,1825.139719,emergency,RJCC,3000,61,asphalt,RNAV,0,1,basic,1,basic,1,1,1,1,1,1,1,open,none,safe,joint,0,853.609315,69,preferred,5.0,0,3,1.1352,5
S01294,LIRF,41.372221,12.047907,E175,regional_jet,1827,mechanical,826,normal,1.0,750.0,750.0,1197.236995,aircraft_fuel,LIRF,3902,60,asphalt,ILS,1,1,basic,1,major,1,1,1,1,1,1,1,open,none,safe,civil,1,50.979366,2075,preferred,1.0,1,1,14.7118,4
S01294,LIRF,41.372221,12.047907,E175,regional_jet,1827,mechanical,826,normal,1.0,750.0,750.0,1197.236995,aircraft_fuel,DTTA,3200,45,asphalt,RNAV,0,1,basic,1,basic,1,0,1,1,1,1,1,open,none,safe,civil,0,526.6702,1373,preferred,2.0,0,2,1.424,6
S01294,LIRF,41.372221,12.047907,E175,regional_jet,1827,mechanical,826,normal,1.0,750.0,750.0,1197.236995,aircraft_fuel,DAAG,3500,60,asphalt,RNAV,0,1,basic,1,basic,1,1,1,1,1,1,0,open,none,safe,civil,0,922.675137,1673,extended,3.0,0,3,0.8129,5
S01294,LIRF,41.372221,12.047907,E175,regional_jet,1827,mechanical,826,normal,1.0,750.0,750.0,1197.236995,aircraft_fuel,EDDF,4000,60,asphalt,ILS,1,1,advanced,1,major,1,1,1,0,1,1,1,open,none,safe,civil,1,999.469165,2173,extended,4.0,0,4,0.7504,2
S01294,LIRF,41.372221,12.047907,E175,regional_jet,1827,mechanical,826,normal,1.0,750.0,750.0,1197.236995,aircraft_fuel,LGAV,4000,45,asphalt,ILS,1,1,advanced,1,major,1,1,1,1,1,1,1,open,none,safe,civil,0,1086.628164,2173,extended,5.0,0,5,0.6902,2
S01294,LIRF,41.372221,12.047907,E175,regional_jet,1827,mechanical,826,normal,1.0,750.0,750.0,1197.236995,aircraft_fuel,LFPG,4215,45,asphalt,ILS,1,1,advanced,1,major,1,1,1,1,1,1,1,open,none,safe,civil,1,1127.224726,2388,extended,6.0,0,6,0.6654,1
S01297,WIMM,4.272661,99.307103,A220-300,narrow_body,2146,mechanical,911,normal,1.0,950.0,911.0,1604.500648,emergency,WMKK,4124,60,asphalt,ILS,1,1,advanced,1,major,1,1,1,1,1,1,1,open,none,safe,civil,0,316.151776,1978,preferred,1.0,1,2,2.8815,1
S01297,WIMM,4.272661,99.307103,A220-300,narrow_body,2146,mechanical,911,normal,1.0,950.0,911.0,1604.500648,emergency,WIMM,3000,60,asphalt,RNAV,1,1,basic,1,basic,1,0,1,1,0,1,1,open,none,safe,civil,0,84.345903,854,preferred,2.0,0,1,10.8008,4
S01297,WIMM,4.272661,99.307103,A220-300,narrow_body,2146,mechanical,911,normal,1.0,950.0,911.0,1604.500648,emergency,WSSS,4000,60,asphalt,ILS,1,1,advanced,1,major,1,1,1,1,1,1,1,open,none,safe,civil,1,613.592551,1854,preferred,3.0,0,3,1.4847,2
S01297,WIMM,4.272661,99.307103,A220-300,narrow_body,2146,mechanical,911,normal,1.0,950.0,911.0,1604.500648,emergency,VTBS,4000,60,asphalt,ILS,1,1,advanced,1,major,1,1,1,1,1,1,1,open,none,safe,civil,0,1058.02813,1854,extended,4.0,0,4,0.861,2
S01299,DGAA,5.250846,0.099223,B787-9,wide_body,2871,weather,715,normal,1.0,1400.0,715.0,1266.210259,emergency,DGAA,3403,61,asphalt,RNAV,0,0,none,1,basic,1,0,1,1,1,1,0,open,none,safe,civil,0,49.188775,532,preferred,1.0,1,1,14.5358,3
S01299,DGAA,5.250846,0.099223,B787-9,wide_body,2871,weather,715,normal,1.0,1400.0,715.0,1266.210259,emergency,DNMM,3900,60,asphalt,ILS,1,1,advanced,1,major,1,1,1,1,1,1,1,open,none,caution,civil,0,385.669,1029,preferred,2.0,0,2,1.8539,1
S01299,DGAA,5.250846,0.099223,B787-9,wide_body,2871,weather,715,normal,1.0,1400.0,715.0,1266.210259,emergency,DNAA,3609,60,asphalt,RNAV,0,0,none,1,basic,1,0,1,1,1,1,1,open,none,safe,joint,0,893.85005,738,extended,3.0,0,3,0.7999,2
S01299,DGAA,5.250846,0.099223,B787-9,wide_body,2871,weather,715,normal,1.0,1400.0,715.0,1266.210259,emergency,DNKN,3200,46,asphalt,RNAV,0,0,none,1,basic,1,0,1,0,0,1,1,open,none,safe,joint,0,1194.959355,329,extended,4.0,0,4,0.5983,4
S01301,ESSA,59.295317,16.827178,A320,narrow_body,2230,medical,1073,low,0.9,855.0,855.0,1463.687001,aircraft_fuel,ESSA,3301,45,asphalt,ILS,1,1,advanced,1,major,1,1,1,1,1,1,1,open,none,safe,civil,0,73.578923,1071,preferred,1.0,1,1,11.6202,9
S01301,ESSA,59.295317,16.827178,A320,narrow_body,2230,medical,1073,low,0.9,855.0,855.0,1463.687001,aircraft_fuel,ENGM,3600,45,asphalt,ILS,1,1,advanced,1,major,1,1,1,1,1,1,1,open,none,safe,civil,0,335.921467,1370,preferred,2.0,0,2,2.5452,6
S01301,ESSA,59.295317,16.827178,A320,narrow_body,2230,medical,1073,low,0.9,855.0,855.0,1463.687001,aircraft_fuel,EFHK,3440,60,asphalt,ILS,1,1,advanced,1,major,1,1,1,1,1,1,1,open,none,safe,civil,0,468.659286,1210,preferred,3.0,0,3,1.8244,7
S01301,ESSA,59.295317,16.827178,A320,narrow_body,2230,medical,1073,low,0.9,855.0,855.0,1463.687001,aircraft_fuel,ULLI,3780,60,concrete,ILS,1,1,advanced,1,major,1,1,1,1,1,1,1,open,none,caution,civil,0,757.926284,1550,preferred,4.0,0,4,1.1281,4
S01301,ESSA,59.295317,16.827178,A320,narrow_body,2230,medical,1073,low,0.9,855.0,855.0,1463.687001,aircraft_fuel,EHAM,3800,60,asphalt,ILS,1,1,advanced,1,major,1,1,1,1,1,1,1,open,none,safe,civil,1,1079.46545,1570,extended,5.0,0,5,0.7921,3
S01301,ESSA,59.295317,16.827178,A320,narrow_body,2230,medical,1073,low,0.9,855.0,855.0,1463.687001,aircraft_fuel,EDDF,4000,60,asphalt,ILS,1,1,advanced,1,major,1,1,1,0,1,1,1,open,none,safe,civil,1,1157.751592,1770,extended,6.0,0,6,0.7385,1
S01301,ESSA,59.295317,16.827178,A320,narrow_body,2230,medical,1073,low,0.9,855.0,855.0,1463.687001,aircraft_fuel,EGLL,3901,50,asphalt,ILS,1,1,advanced,1,major,1,1,1,1,1,1,1,open,none,safe,civil,1,1389.179711,1671,extended,7.0,0,9,0.6155,2
S01301,ESSA,59.295317,16.827178,A320,narrow_body,2230,medical,1073,low,0.9,855.0,855.0,1463.687001,aircraft_fuel,EGKK,3317,45,asphalt,ILS,1,1,advanced,1,major,1,1,1,1,1,1,1,open,none,safe,civil,1,1401.786654,1087,extended,8.0,0,10,0.6099,8
S01301,ESSA,59.295317,16.827178,A320,narrow_body,2230,medical,1073,low,0.9,855.0,855.0,1463.687001,aircraft_fuel,UUEE,3700,60,concrete,ILS,1,1,advanced,1,major,1,1,1,1,1,1,1,open,none,caution,civil,0,1273.66394,1470,extended,9.0,0,7,0.6713,5
S01301,ESSA,59.295317,16.827178,A320,narrow_body,2230,medical,1073,low,0.9,855.0,855.0,1463.687001,aircraft_fuel,EGCC,3048,46,asphalt,ILS,1,1,advanced,1,major,1,1,1,1,1,1,1,open,none,safe,civil,1,1343.541213,818,extended,10.0,0,8,0.6364,10
S01302,RJTT,35.332162,139.36627,E190,regional_jet,1839,weather,1049,normal,1.0,800.0,800.0,1252.85492,aircraft_fuel,RJTT,3360,61,asphalt,ILS,1,1,advanced,1,major,1,1,1,1,1,1,1,open,none,safe,civil,1,45.137967,1521,preferred,1.0,1,1,17.7234,3
S01302,RJTT,35.332162,139.36627,E190,regional_jet,1839,weather,1049,normal,1.0,800.0,800.0,1252.85492,aircraft_fuel,RJAA,4000,60,asphalt,ILS,1,1,advanced,1,major,1,1,1,0,1,1,1,open,none,safe,civil,1,104.454939,2161,preferred,2.0,0,2,7.6588,1
S01302,RJTT,35.332162,139.36627,E190,regional_jet,1839,weather,1049,normal,1.0,800.0,800.0,1252.85492,aircraft_fuel,RKSI,4000,60,asphalt,ILS,1,1,advanced,1,major,1,1,1,1,1,1,1,open,none,safe,civil,1,1179.059789,2161,extended,3.0,0,4,0.6785,1
S01302,RJTT,35.332162,139.36627,E190,regional_jet,1839,weather,1049,normal,1.0,800.0,800.0,1252.85492,aircraft_fuel,RJCC,3000,61,asphalt,RNAV,0,1,basic,1,basic,1,1,1,1,1,1,1,open,none,safe,joint,0,851.463987,1161,extended,4.0,0,3,0.9396,4
S01304,DNMM,6.730529,3.738895,B767-300ER,wide_body,2934,weather,641,low,0.9,1125.0,641.0,1086.446661,emergency,DNMM,3900,60,asphalt,ILS,1,1,advanced,1,major,1,1,1,1,1,1,1,open,none,caution,civil,0,49.17999,966,preferred,1.0,1,1,13.0338,1
S01304,DNMM,6.730529,3.738895,B767-300ER,wide_body,2934,weather,641,low,0.9,1125.0,641.0,1086.446661,emergency,DGAA,3403,61,asphalt,RNAV,0,0,none,1,basic,1,0,1,1,1,1,0,open,none,safe,civil,0,449.536638,469,preferred,2.0,0,2,1.4259,3
S01304,DNMM,6.730529,3.738895,B767-300ER,wide_body,2934,weather,641,low,0.9,1125.0,641.0,1086.446661,emergency,DNAA,3609,60,asphalt,RNAV,0,0,none,1,basic,1,0,1,1,1,1,1,open,none,safe,joint,0,463.395056,675,preferred,3.0,0,3,1.3833,2
S01304,DNMM,6.730529,3.738895,B767-300ER,wide_body,2934,weather,641,low,0.9,1125.0,641.0,1086.446661,emergency,DNKN,3200,46,asphalt,RNAV,0,0,none,1,basic,1,0,1,0,0,1,1,open,none,safe,joint,0,790.557636,266,extended,4.0,0,4,0.8108,4
S01305,DTTA,35.45234,9.435651,B737 MAX 8,narrow_body,2488,mechanical,913,normal,1.0,1000.0,913.0,1435.774127,emergency,DTTA,3200,45,asphalt,RNAV,0,1,basic,1,basic,1,0,1,1,1,1,1,open,none,safe,civil,0,170.991037,712,preferred,1.0,1,1,5.3395,5
S01305,DTTA,35.45234,9.435651,B737 MAX 8,narrow_body,2488,mechanical,913,normal,1.0,1000.0,913.0,1435.774127,emergency,LIRF,3902,60,asphalt,ILS,1,1,basic,1,major,1,1,1,1,1,1,1,open,none,safe,civil,1,747.377176,1414,preferred,2.0,0,3,1.2216,3
S01305,DTTA,35.45234,9.435651,B737 MAX 8,narrow_body,2488,mechanical,913,normal,1.0,1000.0,913.0,1435.774127,emergency,DAAG,3500,60,asphalt,RNAV,0,1,basic,1,basic,1,1,1,1,1,1,0,open,none,safe,civil,0,575.795113,1012,preferred,3.0,0,2,1.5856,4
S01305,DTTA,35.45234,9.435651,B737 MAX 8,narrow_body,2488,mechanical,913,normal,1.0,1000.0,913.0,1435.774127,emergency,LEMD,4350,60,asphalt,ILS,1,1,advanced,1,major,1,1,1,1,1,1,1,open,none,safe,civil,1,1268.776038,1862,extended,4.0,0,4,0.7196,1
S01305,DTTA,35.45234,9.435651,B737 MAX 8,narrow_body,2488,mechanical,913,normal,1.0,1000.0,913.0,1435.774127,emergency,LGAV,4000,45,asphalt,ILS,1,1,advanced,1,major,1,1,1,1,1,1,1,open,none,safe,civil,0,1321.292057,1512,extended,5.0,0,5,0.691,2
S01310,EIDW,52.821925,-5.885321,B777-300ER,wide_body,3327,mechanical,909,low,0.9,1350.0,909.0,1619.001616,emergency,EGLL,3901,50,asphalt,ILS,1,1,advanced,1,major,1,1,1,1,1,1,1,open,none,safe,civil,1,399.398839,574,preferred,1.0,1,1,2.2759,4
S01310,EIDW,52.821925,-5.885321,B777-300ER,wide_body,3327,mechanical,909,low,0.9,1350.0,909.0,1619.001616,emergency,LFPG,4215,45,asphalt,ILS,1,1,advanced,1,major,1,1,1,1,1,1,1,open,none,safe,civil,1,727.12163,888,preferred,2.0,0,3,1.2501,2
S01310,EIDW,52.821925,-5.885321,B777-300ER,wide_body,3327,mechanical,909,low,0.9,1350.0,909.0,1619.001616,emergency,EHAM,3800,60,asphalt,ILS,1,1,advanced,1,major,1,1,1,1,1,1,1,open,none,safe,civil,1,721.380242,473,preferred,3.0,0,2,1.2601,5
S01310,EIDW,52.821925,-5.885321,B777-300ER,wide_body,3327,mechanical,909,low,0.9,1350.0,909.0,1619.001616,emergency,LEMD,4350,60,asphalt,ILS,1,1,advanced,1,major,1,1,1,1,1,1,1,open,none,safe,civil,1,1381.996851,1023,extended,4.0,0,6,0.6577,1
S01310,EIDW,52.821925,-5.885321,B777-300ER,wide_body,3327,mechanical,909,low,0.9,1350.0,909.0,1619.001616,emergency,EDDF,4000,60,asphalt,ILS,1,1,advanced,1,major,1,1,1,0,1,1,1,open,none,safe,civil,1,1046.487649,673,extended,5.0,0,4,0.8686,3
S01310,EIDW,52.821925,-5.885321,B777-300ER,wide_body,3327,mechanical,909,low,0.9,1350.0,909.0,1619.001616,emergency,LPPT,3707,45,asphalt,ILS,1,1,advanced,1,major,1,1,1,1,1,1,1,open,none,safe,civil,0,1581.026694,380,extended,6.0,0,7,0.5749,6
S01310,EIDW,52.821925,-5.885321,B777-300ER,wide_body,3327,mechanical,909,low,0.9,1350.0,909.0,1619.001616,emergency,ENGM,3600,45,asphalt,ILS,1,1,advanced,1,major,1,1,1,1,1,1,1,open,none,safe,civil,0,1319.44489,273,extended,7.0,0,5,0.6889,7
S01311,ENGM,59.601447,11.387209,A220-300,narrow_body,2064,security,873,normal,1.0,950.0,873.0,1320.394578,emergency,ENGM,3600,45,asphalt,ILS,1,1,advanced,1,major,1,1,1,1,1,1,1,open,none,safe,civil,0,67.791717,1536,preferred,1.0,1,1,12.8777,6
S01311,ENGM,59.601447,11.387209,A220-300,narrow_body,2064,security,873,normal,1.0,950.0,873.0,1320.394578,emergency,ESSA,3301,45,asphalt,ILS,1,1,advanced,1,major,1,1,1,1,1,1,1,open,none,safe,civil,0,367.701351,1237,preferred,2.0,0,2,2.3742,9
S01311,ENGM,59.601447,11.387209,A220-300,narrow_body,2064,security,873,normal,1.0,950.0,873.0,1320.394578,emergency,EFHK,3440,60,asphalt,ILS,1,1,advanced,1,major,1,1,1,1,1,1,1,open,none,safe,civil,0,758.538578,1376,preferred,3.0,0,3,1.1509,7
S01311,ENGM,59.601447,11.387209,A220-300,narrow_body,2064,security,873,normal,1.0,950.0,873.0,1320.394578,emergency,EHAM,3800,60,asphalt,ILS,1,1,advanced,1,major,1,1,1,1,1,1,1,open,none,safe,civil,1,908.700407,1736,extended,4.0,0,4,0.9607,4
S01311,ENGM,59.601447,11.387209,A220-300,narrow_body,2064,security,873,normal,1.0,950.0,873.0,1320.394578,emergency,EDDF,4000,60,asphalt,ILS,1,1,advanced,1,major,1,1,1,0,1,1,1,open,none,safe,civil,1,1079.730048,1936,extended,5.0,0,6,0.8085,2
S01311,ENGM,59.601447,11.387209,A220-300,narrow_body,2064,security,873,normal,1.0,950.0,873.0,1320.394578,emergency,EGLL,3901,50,asphalt,ILS,1,1,advanced,1,major,1,1,1,1,1,1,1,open,none,safe,civil,1,1168.282063,1837,extended,6.0,0,8,0.7473,3
S01311,ENGM,59.601447,11.387209,A220-300,narrow_body,2064,security,873,normal,1.0,950.0,873.0,1320.394578,emergency,LFPG,4215,45,asphalt,ILS,1,1,advanced,1,major,1,1,1,1,1,1,1,open,none,safe,civil,1,1307.245943,2151,extended,7.0,0,11,0.6678,1
S01311,ENGM,59.601447,11.387209,A220-300,narrow_body,2064,security,873,normal,1.0,950.0,873.0,1320.394578,emergency,EGKK,3317,45,asphalt,ILS,1,1,advanced,1,major,1,1,1,1,1,1,1,open,none,safe,civil,1,1187.326763,1253,extended,8.0,0,9,0.7353,8
S01311,ENGM,59.601447,11.387209,A220-300,narrow_body,2064,security,873,normal,1.0,950.0,873.0,1320.394578,emergency,EGCC,3048,46,asphalt,ILS,1,1,advanced,1,major,1,1,1,1,1,1,1,open,none,safe,civil,1,1085.693893,984,extended,9.0,0,7,0.8041,11
S01311,ENGM,59.601447,11.387209,A220-300,narrow_body,2064,security,873,normal,1.0,950.0,873.0,1320.394578,emergency,EIDW,3110,45,concrete,ILS,1,1,advanced,1,major,1,1,1,1,1,1,1,open,none,safe,civil,0,1275.982635,1046,extended,10.0,0,10,0.6842,10
S01311,ENGM,59.601447,11.387209,A220-300,narrow_body,2064,security,873,normal,1.0,950.0,873.0,1320.394578,emergency,ULLI,3780,60,concrete,ILS,1,1,advanced,1,major,1,1,1,1,1,1,1,open,none,caution,civil,0,1055.54413,1716,extended,11.0,0,5,0.8271,5
S01312,EGKK,50.049617,-0.787085,A330-300,wide_body,2819,fuel,512,low,0.9,1170.0,512.0,843.411204,emergency,LFPG,4215,45,asphalt,ILS,1,1,advanced,1,major,1,1,1,1,1,1,1,open,none,safe,civil,1,267.435351,1396,preferred,1.0,1,3,1.9145,1
S01312,EGKK,50.049617,-0.787085,A330-300,wide_body,2819,fuel,512,low,0.9,1170.0,512.0,843.411204,emergency,EGLL,3901,50,asphalt,ILS,1,1,advanced,1,major,1,1,1,1,1,1,1,open,none,safe,civil,1,159.689001,1082,preferred,2.0,0,2,3.2062,3
S01312,EGKK,50.049617,-0.787085,A330-300,wide_body,2819,fuel,512,low,0.9,1170.0,512.0,843.411204,emergency,EGKK,3317,45,asphalt,ILS,1,1,advanced,1,major,1,1,1,1,1,1,1,open,none,safe,civil,1,129.376116,498,preferred,3.0,0,1,3.9575,5
S01312,EGKK,50.049617,-0.787085,A330-300,wide_body,2819,fuel,512,low,0.9,1170.0,512.0,843.411204,emergency,EHAM,3800,60,asphalt,ILS,1,1,advanced,1,major,1,1,1,1,1,1,1,open,none,safe,civil,1,461.126618,981,preferred,4.0,0,5,1.1103,4
S01312,EGKK,50.049617,-0.787085,A330-300,wide_body,2819,fuel,512,low,0.9,1170.0,512.0,843.411204,emergency,EDDF,4000,60,asphalt,ILS,1,1,advanced,1,major,1,1,1,0,1,1,1,open,none,safe,civil,1,667.001807,1181,extended,5.0,0,7,0.7676,2
S01312,EGKK,50.049617,-0.787085,A330-300,wide_body,2819,fuel,512,low,0.9,1170.0,512.0,843.411204,emergency,EGCC,3048,46,asphalt,ILS,1,1,advanced,1,major,1,1,1,1,1,1,1,open,none,safe,civil,1,381.418902,229,preferred,6.0,0,4,1.3424,7
S01312,EGKK,50.049617,-0.787085,A330-300,wide_body,2819,fuel,512,low,0.9,1170.0,512.0,843.411204,emergency,EIDW,3110,45,concrete,ILS,1,1,advanced,1,major,1,1,1,1,1,1,1,open,none,safe,civil,0,531.973704,291,extended,7.0,0,6,0.9625,6
S01314,DNMM,6.814884,3.452101,B737 MAX 8,narrow_body,2310,mechanical,868,low,0.9,900.0,868.0,1321.377624,emergency,DNMM,3900,60,asphalt,ILS,1,1,advanced,1,major,1,1,1,1,1,1,1,open,none,caution,civil,0,30.11008,1590,preferred,1.0,1,1,28.8276,1
S01314,DNMM,6.814884,3.452101,B737 MAX 8,narrow_body,2310,mechanical,868,low,0.9,900.0,868.0,1321.377624,emergency,DGAA,3403,61,asphalt,RNAV,0,0,none,1,basic,1,0,1,1,1,1,0,open,none,safe,civil,0,422.041621,1093,preferred,2.0,0,2,2.0567,3
S01314,DNMM,6.814884,3.452101,B737 MAX 8,narrow_body,2310,mechanical,868,low,0.9,900.0,868.0,1321.377624,emergency,DNAA,3609,60,asphalt,RNAV,0,0,none,1,basic,1,0,1,1,1,1,1,open,none,safe,joint,0,485.345596,1299,preferred,3.0,0,3,1.7884,2
S01314,DNMM,6.814884,3.452101,B737 MAX 8,narrow_body,2310,mechanical,868,low,0.9,900.0,868.0,1321.377624,emergency,DNKN,3200,46,asphalt,RNAV,0,0,none,1,basic,1,0,1,0,0,1,1,open,none,safe,joint,0,804.928217,890,preferred,4.0,0,4,1.0784,4
S01315,EIDW,53.663122,-5.385384,A380-800,very_large,3511,operational_constraints,1056,normal,1.0,1600.0,1056.0,1937.076211,emergency,EGLL,3901,50,asphalt,ILS,1,1,advanced,1,major,1,1,1,1,1,1,1,open,none,safe,civil,1,412.465746,390,preferred,1.0,1,1,2.5602,5
S01315,EIDW,53.663122,-5.385384,A380-800,very_large,3511,operational_constraints,1056,normal,1.0,1600.0,1056.0,1937.076211,emergency,LFPG,4215,45,asphalt,ILS,1,1,advanced,1,major,1,1,1,1,1,1,1,open,none,safe,civil,1,755.504086,704,preferred,2.0,0,3,1.3977,2
S01315,EIDW,53.663122,-5.385384,A380-800,very_large,3511,operational_constraints,1056,normal,1.0,1600.0,1056.0,1937.076211,emergency,EHAM,3800,60,asphalt,ILS,1,1,advanced,1,major,1,1,1,1,1,1,1,open,none,safe,civil,1,695.24379,289,preferred,3.0,0,2,1.5189,6
S01315,EIDW,53.663122,-5.385384,A380-800,very_large,3511,operational_constraints,1056,normal,1.0,1600.0,1056.0,1937.076211,emergency,EDDF,4000,60,asphalt,ILS,1,1,advanced,1,major,1,1,1,0,1,1,1,open,none,safe,civil,1,1037.50106,489,preferred,4.0,0,4,1.0178,3
S01315,EIDW,53.663122,-5.385384,A380-800,very_large,3511,operational_constraints,1056,normal,1.0,1600.0,1056.0,1937.076211,emergency,LEMD,4350,60,asphalt,ILS,1,1,advanced,1,major,1,1,1,1,1,1,1,open,none,safe,civil,1,1470.700809,839,extended,5.0,0,6,0.718,1
S01315,EIDW,53.663122,-5.385384,A380-800,very_large,3511,operational_constraints,1056,normal,1.0,1600.0,1056.0,1937.076211,emergency,LIRF,3902,60,asphalt,ILS,1,1,basic,1,major,1,1,1,1,1,1,1,open,none,safe,civil,1,1855.336803,391,extended,6.0,0,8,0.5692,4
S01315,EIDW,53.663122,-5.385384,A380-800,very_large,3511,operational_constraints,1056,normal,1.0,1600.0,1056.0,1937.076211,emergency,ENGM,3600,45,asphalt,ILS,1,1,advanced,1,major,1,1,1,1,1,1,1,open,none,safe,civil,0,1230.609658,89,extended,7.0,0,5,0.8581,8
S01315,EIDW,53.663122,-5.385384,A380-800,very_large,3511,operational_constraints,1056,normal,1.0,1600.0,1056.0,1937.076211,emergency,LPPT,3707,45,asphalt,ILS,1,1,advanced,1,major,1,1,1,1,1,1,1,open,none,safe,civil,0,1679.14793,196,extended,8.0,0,7,0.6289,7
S01316,EFHK,60.530675,23.69726,B737-800,narrow_body,2447,security,433,normal,1.0,950.0,433.0,727.367707,emergency,EFHK,3440,60,asphalt,ILS,1,1,advanced,1,major,1,1,1,1,1,1,1,open,none,safe,civil,0,73.385184,993,preferred,1.0,1,1,5.9004,3
S01316,EFHK,60.530675,23.69726,B737-800,narrow_body,2447,security,433,normal,1.0,950.0,433.0,727.367707,emergency,ESSA,3301,45,asphalt,ILS,1,1,advanced,1,major,1,1,1,1,1,1,1,open,none,safe,civil,0,334.418431,854,preferred,2.0,0,2,1.2948,4
S01316,EFHK,60.530675,23.69726,B737-800,narrow_body,2447,security,433,normal,1.0,950.0,433.0,727.367707,emergency,ULLI,3780,60,concrete,ILS,1,1,advanced,1,major,1,1,1,1,1,1,1,open,none,caution,civil,0,371.982599,1333,preferred,3.0,0,3,1.164,1
S01316,EFHK,60.530675,23.69726,B737-800,narrow_body,2447,security,433,normal,1.0,950.0,433.0,727.367707,emergency,ENGM,3600,45,asphalt,ILS,1,1,advanced,1,major,1,1,1,1,1,1,1,open,none,safe,civil,0,692.617438,1153,extended,4.0,0,4,0.6252,2
S01320,WSSS,1.412836,103.82919,A321,narrow_body,2356,technical,991,normal,1.0,1000.0,991.0,1642.372244,emergency,WSSS,4000,60,asphalt,ILS,1,1,advanced,1,major,1,1,1,1,1,1,1,open,none,safe,civil,1,19.600627,1644,preferred,1.0,1,1,50.5596,2
S01320,WSSS,1.412836,103.82919,A321,narrow_body,2356,technical,991,normal,1.0,1000.0,991.0,1642.372244,emergency,WMKK,4124,60,asphalt,ILS,1,1,advanced,1,major,1,1,1,1,1,1,1,open,none,safe,civil,0,278.233212,1768,preferred,2.0,0,2,3.5618,1
S01320,WSSS,1.412836,103.82919,A321,narrow_body,2356,technical,991,normal,1.0,1000.0,991.0,1642.372244,emergency,WIMM,3000,60,asphalt,RNAV,1,1,basic,1,basic,1,0,1,1,0,1,1,open,none,safe,civil,0,602.501857,644,preferred,3.0,0,3,1.6448,4
S01320,WSSS,1.412836,103.82919,A321,narrow_body,2356,technical,991,normal,1.0,1000.0,991.0,1642.372244,emergency,VTBS,4000,60,asphalt,ILS,1,1,advanced,1,major,1,1,1,1,1,1,1,open,none,safe,civil,0,1405.675796,1644,extended,4.0,0,4,0.705,2
S01321,UAAA,43.488799,77.217743,B787-9,wide_body,2876,mechanical,1138,normal,1.0,1400.0,1138.0,2056.572767,emergency,UAAA,4500,45,asphalt,RNAV,0,1,basic,1,basic,1,1,1,1,1,1,1,open,none,safe,civil,0,20.575241,1624,preferred,1.0,1,1,55.3092,1
S01321,UAAA,43.488799,77.217743,B787-9,wide_body,2876,mechanical,1138,normal,1.0,1400.0,1138.0,2056.572767,emergency,VIDP,4430,60,asphalt,ILS,1,1,advanced,1,major,1,1,1,1,1,1,1,open,none,safe,civil,1,1660.528672,1554,extended,2.0,0,4,0.6853,2
S01321,UAAA,43.488799,77.217743,B787-9,wide_body,2876,mechanical,1138,normal,1.0,1400.0,1138.0,2056.572767,emergency,UACC,3500,45,asphalt,RNAV,0,1,basic,1,basic,1,1,1,1,1,1,1,open,none,safe,civil,0,943.205308,624,preferred,3.0,0,2,1.2065,3
S01321,UAAA,43.488799,77.217743,B787-9,wide_body,2876,mechanical,1138,normal,1.0,1400.0,1138.0,2056.572767,emergency,OPLA,3360,46,concrete,RNAV,0,0,none,1,basic,1,0,1,1,1,1,1,open,none,caution,civil,0,1353.416451,484,extended,4.0,0,3,0.8408,4
S01321,UAAA,43.488799,77.217743,B787-9,wide_body,2876,mechanical,1138,normal,1.0,1400.0,1138.0,2056.572767,emergency,VNKT,3350,45,asphalt,VOR,0,0,none,0,none,0,0,1,1,1,1,1,open,none,caution,civil,0,1901.694747,474,extended,5.0,0,5,0.5984,5
S01323,LTFM,40.286387,29.188424,E190,regional_jet,1920,security,1165,normal,1.0,800.0,800.0,1182.345677,aircraft_fuel,LTFM,4100,60,asphalt,ILS,1,1,advanced,1,major,1,1,1,1,1,1,0,open,none,safe,civil,0,116.435099,2180,preferred,1.0,1,1,6.8708,1
S01323,LTFM,40.286387,29.188424,E190,regional_jet,1920,security,1165,normal,1.0,800.0,800.0,1182.345677,aircraft_fuel,LGAV,4000,45,asphalt,ILS,1,1,advanced,1,major,1,1,1,1,1,1,1,open,none,safe,civil,0,522.339485,2080,preferred,2.0,0,3,1.5316,2
S01323,LTFM,40.286387,29.188424,E190,regional_jet,1920,security,1165,normal,1.0,800.0,800.0,1182.345677,aircraft_fuel,LTAC,3750,45,asphalt,ILS,1,1,advanced,1,major,1,1,1,1,1,1,1,open,none,safe,joint,0,323.720921,1830,preferred,3.0,0,2,2.4713,4
S01323,LTFM,40.286387,29.188424,E190,regional_jet,1920,security,1165,normal,1.0,800.0,800.0,1182.345677,aircraft_fuel,LCLK,2987,45,asphalt,ILS,1,0,none,1,basic,1,0,1,1,1,1,1,open,none,safe,civil,0,717.320657,1067,preferred,4.0,0,4,1.1153,6
S01323,LTFM,40.286387,29.188424,E190,regional_jet,1920,security,1165,normal,1.0,800.0,800.0,1182.345677,aircraft_fuel,OJAI,3660,61,asphalt,ILS,1,1,advanced,1,major,1,1,1,1,1,1,1,open,none,safe,civil,0,1131.151677,1740,extended,5.0,0,5,0.7072,5
S01323,LTFM,40.286387,29.188424,E190,regional_jet,1920,security,1165,normal,1.0,800.0,800.0,1182.345677,aircraft_fuel,HECA,4000,60,asphalt,ILS,1,1,basic,1,major,1,1,1,1,1,1,1,open,none,safe,civil,0,1148.931224,2080,extended,6.0,0,6,0.6963,2
S01324,RKSI,37.013093,126.302292,E190,regional_jet,1919,mechanical,847,normal,1.0,800.0,800.0,1207.444509,aircraft_fuel,RKSI,4000,60,asphalt,ILS,1,1,advanced,1,major,1,1,1,1,1,1,1,open,none,safe,civil,1,52.386566,2081,preferred,1.0,1,1,15.2711,1
S01324,RKSI,37.013093,126.302292,E190,regional_jet,1919,mechanical,847,normal,1.0,800.0,800.0,1207.444509,aircraft_fuel,ZSPD,4000,60,concrete,ILS,1,1,advanced,1,major,1,1,1,1,1,1,1,open,none,safe,civil,1,772.766859,2081,preferred,2.0,0,2,1.0352,1
S01324,RKSI,37.013093,126.302292,E190,regional_jet,1919,mechanical,847,normal,1.0,800.0,800.0,1207.444509,aircraft_fuel,ZBAA,3810,60,asphalt,ILS,1,1,advanced,1,major,1,1,1,1,1,1,1,open,none,safe,civil,1,909.612534,1891,extended,3.0,0,3,0.8795,3
S01325,EGKK,51.937682,0.559073,A350-900,wide_body,2932,security,535,normal,1.0,1500.0,535.0,914.687071,emergency,EGLL,3901,50,asphalt,ILS,1,1,advanced,1,major,1,1,1,1,1,1,1,open,none,safe,civil,1,87.327399,969,preferred,1.0,1,1,6.1264,3
S01325,EGKK,51.937682,0.559073,A350-900,wide_body,2932,security,535,normal,1.0,1500.0,535.0,914.687071,emergency,LFPG,4215,45,asphalt,ILS,1,1,advanced,1,major,1,1,1,1,1,1,1,open,none,safe,civil,1,354.912332,1283,preferred,2.0,0,5,1.5074,1
S01325,EGKK,51.937682,0.559073,A350-900,wide_body,2932,security,535,normal,1.0,1500.0,535.0,914.687071,emergency,EHAM,3800,60,asphalt,ILS,1,1,advanced,1,major,1,1,1,1,1,1,1,open,none,safe,civil,1,289.967765,868,preferred,3.0,0,4,1.845,4
S01325,EGKK,51.937682,0.559073,A350-900,wide_body,2932,security,535,normal,1.0,1500.0,535.0,914.687071,emergency,EGKK,3317,45,asphalt,ILS,1,1,advanced,1,major,1,1,1,1,1,1,1,open,none,safe,civil,1,101.727949,385,preferred,4.0,0,2,5.2591,5
S01325,EGKK,51.937682,0.559073,A350-900,wide_body,2932,security,535,normal,1.0,1500.0,535.0,914.687071,emergency,EGCC,3048,46,asphalt,ILS,1,1,advanced,1,major,1,1,1,1,1,1,1,open,none,safe,civil,1,247.659873,116,preferred,5.0,0,3,2.1602,7
S01325,EGKK,51.937682,0.559073,A350-900,wide_body,2932,security,535,normal,1.0,1500.0,535.0,914.687071,emergency,EDDF,4000,60,asphalt,ILS,1,1,advanced,1,major,1,1,1,0,1,1,1,open,none,safe,civil,1,598.550635,1068,extended,6.0,0,7,0.8938,2
S01325,EGKK,51.937682,0.559073,A350-900,wide_body,2932,security,535,normal,1.0,1500.0,535.0,914.687071,emergency,EIDW,3110,45,concrete,ILS,1,1,advanced,1,major,1,1,1,1,1,1,1,open,none,safe,civil,0,488.549078,178,preferred,7.0,0,6,1.0951,6
S01326,WIMM,3.726473,98.743975,A321,narrow_body,2454,mechanical,899,normal,1.0,1000.0,899.0,1529.907679,emergency,WMKK,4124,60,asphalt,ILS,1,1,advanced,1,major,1,1,1,1,1,1,1,open,none,safe,civil,0,346.871039,1670,preferred,1.0,1,2,2.5917,1
S01326,WIMM,3.726473,98.743975,A321,narrow_body,2454,mechanical,899,normal,1.0,1000.0,899.0,1529.907679,emergency,WIMM,3000,60,asphalt,RNAV,1,1,basic,1,basic,1,0,1,1,0,1,1,open,none,safe,civil,0,18.297479,546,preferred,2.0,0,1,49.1325,4
S01326,WIMM,3.726473,98.743975,A321,narrow_body,2454,mechanical,899,normal,1.0,1000.0,899.0,1529.907679,emergency,WSSS,4000,60,asphalt,ILS,1,1,advanced,1,major,1,1,1,1,1,1,1,open,none,safe,civil,1,640.230302,1546,preferred,3.0,0,3,1.4042,2
S01326,WIMM,3.726473,98.743975,A321,narrow_body,2454,mechanical,899,normal,1.0,1000.0,899.0,1529.907679,emergency,VTBS,4000,60,asphalt,ILS,1,1,advanced,1,major,1,1,1,1,1,1,1,open,none,safe,civil,0,1128.52864,1546,extended,4.0,0,4,0.7966,2
S01330,UAAA,42.68878,77.769321,A330-300,wide_body,3103,weather,1213,normal,1.0,1300.0,1213.0,2235.363316,emergency,UAAA,4500,45,asphalt,RNAV,0,1,basic,1,basic,1,1,1,1,1,1,1,open,none,safe,civil,0,94.676877,1397,preferred,1.0,1,1,12.812,1
S01330,UAAA,42.68878,77.769321,A330-300,wide_body,3103,weather,1213,normal,1.0,1300.0,1213.0,2235.363316,emergency,VIDP,4430,60,asphalt,ILS,1,1,advanced,1,major,1,1,1,1,1,1,1,open,none,safe,civil,1,1572.700151,1327,extended,2.0,0,4,0.7713,2
S01330,UAAA,42.68878,77.769321,A330-300,wide_body,3103,weather,1213,normal,1.0,1300.0,1213.0,2235.363316,emergency,UACC,3500,45,asphalt,RNAV,0,1,basic,1,basic,1,1,1,1,1,1,1,open,none,safe,civil,0,1042.766604,397,preferred,3.0,0,2,1.1633,3
S01330,UAAA,42.68878,77.769321,A330-300,wide_body,3103,weather,1213,normal,1.0,1300.0,1213.0,2235.363316,emergency,OPLA,3360,46,concrete,RNAV,0,0,none,1,basic,1,0,1,1,1,1,1,open,none,caution,civil,0,1276.798009,257,extended,4.0,0,3,0.95,5
S01330,UAAA,42.68878,77.769321,A330-300,wide_body,3103,weather,1213,normal,1.0,1300.0,1213.0,2235.363316,emergency,OPKC,3400,46,concrete,RNAV,0,1,basic,1,basic,1,1,1,1,1,1,1,open,none,caution,civil,0,2202.635127,297,extended,5.0,0,6,0.5507,4
S01330,UAAA,42.68878,77.769321,A330-300,wide_body,3103,weather,1213,normal,1.0,1300.0,1213.0,2235.363316,emergency,VNKT,3350,45,asphalt,VOR,0,0,none,0,none,0,0,1,1,1,1,1,open,none,caution,civil,0,1802.142245,247,extended,6.0,0,5,0.6731,6
S01331,RJCC,42.884429,141.101209,B737-800,narrow_body,2330,medical,880,critical,0.75,712.5,712.5,1200.192658,aircraft_fuel,RJCC,3000,61,asphalt,RNAV,0,1,basic,1,basic,1,1,1,1,1,1,1,open,none,safe,joint,0,49.571908,670,preferred,1.0,1,1,14.3731,3
S01331,RJCC,42.884429,141.101209,B737-800,narrow_body,2330,medical,880,critical,0.75,712.5,712.5,1200.192658,aircraft_fuel,RJAA,4000,60,asphalt,ILS,1,1,advanced,1,major,1,1,1,0,1,1,1,open,none,safe,civil,1,793.606942,1670,extended,2.0,0,2,0.8978,1
S01331,RJCC,42.884429,141.101209,B737-800,narrow_body,2330,medical,880,critical,0.75,712.5,712.5,1200.192658,aircraft_fuel,RJTT,3360,61,asphalt,ILS,1,1,advanced,1,major,1,1,1,1,1,1,1,open,none,safe,civil,1,823.376363,1030,extended,3.0,0,3,0.8653,2
S01332,OMAA,24.331194,53.959446,A320,narrow_body,2324,weather,798,low,0.9,855.0,798.0,1267.601612,emergency,OMAA,4106,60,asphalt,ILS,1,1,advanced,1,major,1,1,1,1,1,1,1,open,none,safe,civil,0,70.916538,1782,preferred,1.0,1,1,11.2527,5
S01332,OMAA,24.331194,53.959446,A320,narrow_body,2324,weather,798,low,0.9,855.0,798.0,1267.601612,emergency,OMDB,4447,60,asphalt,ILS,1,1,advanced,1,major,1,1,1,1,1,1,1,open,none,safe,civil,1,175.31834,2123,preferred,2.0,0,2,4.5517,3
S01332,OMAA,24.331194,53.959446,A320,narrow_body,2324,weather,798,low,0.9,855.0,798.0,1267.601612,emergency,OTHH,4850,60,asphalt,ILS,1,1,advanced,1,major,1,1,1,1,1,1,1,open,none,safe,civil,0,259.41858,2526,preferred,3.0,0,3,3.0761,1
S01332,OMAA,24.331194,53.959446,A320,narrow_body,2324,weather,798,low,0.9,855.0,798.0,1267.601612,emergency,OBBI,3956,60,asphalt,ILS,1,1,advanced,1,major,1,1,1,1,1,1,1,open,none,safe,civil,0,397.291795,1632,preferred,4.0,0,4,2.0086,7
S01332,OMAA,24.331194,53.959446,A320,narrow_body,2324,weather,798,low,0.9,855.0,798.0,1267.601612,emergency,OOMS,4080,45,asphalt,ILS,1,1,advanced,1,major,1,1,1,1,1,1,1,open,none,safe,civil,0,446.97155,1756,preferred,5.0,0,5,1.7853,6
S01332,OMAA,24.331194,53.959446,A320,narrow_body,2324,weather,798,low,0.9,855.0,798.0,1267.601612,emergency,OERK,4205,60,asphalt,ILS,1,1,advanced,1,major,1,1,1,1,1,1,1,open,none,safe,civil,0,737.015794,1881,preferred,6.0,0,6,1.0827,4
S01332,OMAA,24.331194,53.959446,A320,narrow_body,2324,weather,798,low,0.9,855.0,798.0,1267.601612,emergency,OKKK,4580,60,asphalt,ILS,1,1,advanced,1,major,1,1,1,1,1,1,1,open,none,safe,civil,0,805.699349,2256,extended,7.0,0,7,0.9904,2
S01333,OPKC,24.79609,67.014524,A321,narrow_body,2441,fuel,720,low,0.9,900.0,720.0,1276.832669,emergency,OPKC,3400,46,concrete,RNAV,0,1,basic,1,basic,1,1,1,1,1,1,1,open,none,caution,civil,0,19.197531,959,preferred,1.0,1,1,37.5048,6
S01333,OPKC,24.79609,67.014524,A321,narrow_body,2441,fuel,720,low,0.9,900.0,720.0,1276.832669,emergency,OOMS,4080,45,asphalt,ILS,1,1,advanced,1,major,1,1,1,1,1,1,1,open,none,safe,civil,0,895.123451,1639,extended,2.0,0,3,0.8044,4
S01333,OPKC,24.79609,67.014524,A321,narrow_body,2441,fuel,720,low,0.9,900.0,720.0,1276.832669,emergency,VIDP,4430,60,asphalt,ILS,1,1,advanced,1,major,1,1,1,1,1,1,1,open,none,safe,civil,1,1084.815056,1989,extended,3.0,0,5,0.6637,2
S01333,OPKC,24.79609,67.014524,A321,narrow_body,2441,fuel,720,low,0.9,900.0,720.0,1276.832669,emergency,OMDB,4447,60,asphalt,ILS,1,1,advanced,1,major,1,1,1,1,1,1,1,open,none,safe,civil,1,1173.896155,2006,extended,4.0,0,6,0.6133,1
S01333,OPKC,24.79609,67.014524,A321,narrow_body,2441,fuel,720,low,0.9,900.0,720.0,1276.832669,emergency,OMAA,4106,60,asphalt,ILS,1,1,advanced,1,major,1,1,1,1,1,1,1,open,none,safe,civil,0,1250.173545,1665,extended,5.0,0,7,0.5759,3
S01333,OPKC,24.79609,67.014524,A321,narrow_body,2441,fuel,720,low,0.9,900.0,720.0,1276.832669,emergency,VABB,3509,60,asphalt,ILS,1,1,advanced,1,major,1,1,1,1,1,1,1,open,none,safe,civil,1,875.636978,1068,extended,6.0,0,2,0.8223,5
S01333,OPKC,24.79609,67.014524,A321,narrow_body,2441,fuel,720,low,0.9,900.0,720.0,1276.832669,emergency,OPLA,3360,46,concrete,RNAV,0,0,none,1,basic,1,0,1,1,1,1,1,open,none,caution,civil,0,1040.535879,919,extended,7.0,0,4,0.692,7
S01334,LCLK,34.609809,33.49536,CRJ900,regional_jet,1706,technical,708,normal,1.0,700.0,700.0,994.309355,aircraft_fuel,LCLK,2987,45,asphalt,ILS,1,0,none,1,basic,1,0,1,1,1,1,1,open,none,safe,civil,0,31.784955,1281,preferred,1.0,1,1,22.023,6
S01334,LCLK,34.609809,33.49536,CRJ900,regional_jet,1706,technical,708,normal,1.0,700.0,700.0,994.309355,aircraft_fuel,OJAI,3660,61,asphalt,ILS,1,1,advanced,1,major,1,1,1,1,1,1,1,open,none,safe,civil,0,396.352572,1954,preferred,2.0,0,2,1.7661,5
S01334,LCLK,34.609809,33.49536,CRJ900,regional_jet,1706,technical,708,normal,1.0,700.0,700.0,994.309355,aircraft_fuel,HECA,4000,60,asphalt,ILS,1,1,basic,1,major,1,1,1,1,1,1,1,open,none,safe,civil,0,537.583514,2294,preferred,3.0,0,3,1.3021,2
S01334,LCLK,34.609809,33.49536,CRJ900,regional_jet,1706,technical,708,normal,1.0,700.0,700.0,994.309355,aircraft_fuel,LTAC,3750,45,asphalt,ILS,1,1,advanced,1,major,1,1,1,1,1,1,1,open,none,safe,joint,0,615.193204,2044,preferred,4.0,0,4,1.1379,4
S01334,LCLK,34.609809,33.49536,CRJ900,regional_jet,1706,technical,708,normal,1.0,700.0,700.0,994.309355,aircraft_fuel,LTFM,4100,60,asphalt,ILS,1,1,advanced,1,major,1,1,1,1,1,1,0,open,none,safe,civil,0,850.374044,2394,extended,5.0,0,5,0.8232,1
S01334,LCLK,34.609809,33.49536,CRJ900,regional_jet,1706,technical,708,normal,1.0,700.0,700.0,994.309355,aircraft_fuel,LGAV,4000,45,asphalt,ILS,1,1,advanced,1,major,1,1,1,1,1,1,1,open,none,safe,civil,0,932.075594,2294,extended,6.0,0,6,0.751,2
S01341,EGCC,53.695022,-1.959485,A321,narrow_body,2438,weather,485,critical,0.75,750.0,485.0,761.696349,emergency,EGLL,3901,50,asphalt,ILS,1,1,advanced,1,major,1,1,1,1,1,1,1,open,none,safe,civil,1,267.260018,1463,preferred,1.0,1,2,1.8147,2
S01341,EGCC,53.695022,-1.959485,A321,narrow_body,2438,weather,485,critical,0.75,750.0,485.0,761.696349,emergency,EGCC,3048,46,asphalt,ILS,1,1,advanced,1,major,1,1,1,1,1,1,1,open,none,safe,civil,1,43.300545,610,preferred,2.0,0,1,11.2008,6
S01341,EGCC,53.695022,-1.959485,A321,narrow_body,2438,weather,485,critical,0.75,750.0,485.0,761.696349,emergency,EHAM,3800,60,asphalt,ILS,1,1,advanced,1,major,1,1,1,1,1,1,1,open,none,safe,civil,1,475.359921,1362,preferred,3.0,0,5,1.0203,3
S01341,EGCC,53.695022,-1.959485,A321,narrow_body,2438,weather,485,critical,0.75,750.0,485.0,761.696349,emergency,EGKK,3317,45,asphalt,ILS,1,1,advanced,1,major,1,1,1,1,1,1,1,open,none,safe,civil,1,307.598046,879,preferred,4.0,0,4,1.5767,4
S01341,EGCC,53.695022,-1.959485,A321,narrow_body,2438,weather,485,critical,0.75,750.0,485.0,761.696349,emergency,EIDW,3110,45,concrete,ILS,1,1,advanced,1,major,1,1,1,1,1,1,1,open,none,safe,civil,0,285.660487,672,preferred,5.0,0,3,1.6978,5
S01341,EGCC,53.695022,-1.959485,A321,narrow_body,2438,weather,485,critical,0.75,750.0,485.0,761.696349,emergency,LFPG,4215,45,asphalt,ILS,1,1,advanced,1,major,1,1,1,1,1,1,1,open,none,safe,civil,1,607.796422,1777,extended,6.0,0,6,0.798,1
S01342,KJFK,40.824436,-74.469038,B767-300ER,wide_body,3120,fuel,755,low,0.9,1125.0,755.0,1182.16297,emergency,KJFK,4423,61,asphalt,ILS,1,1,advanced,1,major,1,1,1,1,1,1,1,open,none,safe,civil,1,61.648753,1303,preferred,1.0,1,1,12.2468,1
S01342,KJFK,40.824436,-74.469038,B767-300ER,wide_body,3120,fuel,755,low,0.9,1125.0,755.0,1182.16297,emergency,CYYZ,3389,61,asphalt,ILS,1,1,advanced,1,major,1,1,1,1,1,1,1,open,none,safe,civil,1,529.86423,269,preferred,2.0,0,2,1.4249,3
S01342,KJFK,40.824436,-74.469038,B767-300ER,wide_body,3120,fuel,755,low,0.9,1125.0,755.0,1182.16297,emergency,KORD,3962,46,concrete,ILS,1,1,advanced,1,major,1,1,1,1,1,1,1,open,none,safe,civil,0,1126.7744,842,extended,3.0,0,3,0.6701,2
S01344,EGLL,51.298087,-1.245936,E175,regional_jet,1821,weather,952,normal,1.0,750.0,750.0,1163.473486,aircraft_fuel,EGLL,3901,50,asphalt,ILS,1,1,advanced,1,major,1,1,1,1,1,1,1,open,none,safe,civil,1,57.826812,2080,preferred,1.0,1,1,12.9698,3
S01344,EGLL,51.298087,-1.245936,E175,regional_jet,1821,weather,952,normal,1.0,750.0,750.0,1163.473486,aircraft_fuel,EGKK,3317,45,asphalt,ILS,1,1,advanced,1,major,1,1,1,1,1,1,1,open,none,safe,civil,1,75.675591,1496,preferred,2.0,0,2,9.9107,5
S01344,EGLL,51.298087,-1.245936,E175,regional_jet,1821,weather,952,normal,1.0,750.0,750.0,1163.473486,aircraft_fuel,LFPG,4215,45,asphalt,ILS,1,1,advanced,1,major,1,1,1,1,1,1,1,open,none,safe,civil,1,371.513807,2394,preferred,3.0,0,4,2.0188,1
S01344,EGLL,51.298087,-1.245936,E175,regional_jet,1821,weather,952,normal,1.0,750.0,750.0,1163.473486,aircraft_fuel,EGCC,3048,46,asphalt,ILS,1,1,advanced,1,major,1,1,1,1,1,1,1,open,none,safe,civil,1,239.02985,1227,preferred,4.0,0,3,3.1377,7
S01344,EGLL,51.298087,-1.245936,E175,regional_jet,1821,weather,952,normal,1.0,750.0,750.0,1163.473486,aircraft_fuel,EHAM,3800,60,asphalt,ILS,1,1,advanced,1,major,1,1,1,1,1,1,1,open,none,safe,civil,1,428.089598,1979,preferred,5.0,0,6,1.752,4
S01344,EGLL,51.298087,-1.245936,E175,regional_jet,1821,weather,952,normal,1.0,750.0,750.0,1163.473486,aircraft_fuel,EIDW,3110,45,concrete,ILS,1,1,advanced,1,major,1,1,1,1,1,1,1,open,none,safe,civil,0,414.745062,1289,preferred,6.0,0,5,1.8083,6
S01344,EGLL,51.298087,-1.245936,E175,regional_jet,1821,weather,952,normal,1.0,750.0,750.0,1163.473486,aircraft_fuel,EDDF,4000,60,asphalt,ILS,1,1,advanced,1,major,1,1,1,0,1,1,1,open,none,safe,civil,1,704.798625,2179,preferred,7.0,0,7,1.0641,2
S01345,DTTA,36.160338,9.917952,E175,regional_jet,1828,mechanical,814,normal,1.0,750.0,750.0,1165.482865,aircraft_fuel,DTTA,3200,45,asphalt,RNAV,0,1,basic,1,basic,1,0,1,1,1,1,1,open,none,safe,civil,0,81.620653,1372,preferred,1.0,1,1,9.1889,3
S01345,DTTA,36.160338,9.917952,E175,regional_jet,1828,mechanical,814,normal,1.0,750.0,750.0,1165.482865,aircraft_fuel,DAAG,3500,60,asphalt,RNAV,0,1,basic,1,basic,1,1,1,1,1,1,0,open,none,safe,civil,0,602.548967,1672,preferred,2.0,0,2,1.2447,2
S01345,DTTA,36.160338,9.917952,E175,regional_jet,1828,mechanical,814,normal,1.0,750.0,750.0,1165.482865,aircraft_fuel,LIRF,3902,60,asphalt,ILS,1,1,basic,1,major,1,1,1,1,1,1,1,open,none,safe,civil,1,659.15894,2074,preferred,3.0,0,3,1.1378,1
S01346,RJTT,35.836033,139.899669,A320,narrow_body,2331,security,716,critical,0.75,712.5,712.5,1168.734667,aircraft_fuel,RJAA,4000,60,asphalt,ILS,1,1,advanced,1,major,1,1,1,0,1,1,1,open,none,safe,civil,1,44.736997,1669,preferred,1.0,1,2,15.9264,1
S01346,RJTT,35.836033,139.899669,A320,narrow_body,2331,security,716,critical,0.75,712.5,712.5,1168.734667,aircraft_fuel,RJTT,3360,61,asphalt,ILS,1,1,advanced,1,major,1,1,1,1,1,1,1,open,none,safe,civil,1,33.428553,1029,preferred,2.0,0,1,21.3141,2
S01346,RJTT,35.836033,139.899669,A320,narrow_body,2331,security,716,critical,0.75,712.5,712.5,1168.734667,aircraft_fuel,RJCC,3000,61,asphalt,RNAV,0,1,basic,1,basic,1,1,1,1,1,1,1,open,none,safe,joint,0,786.72835,669,extended,3.0,0,3,0.9056,3
S01348,LTFM,42.031735,27.570111,A320,narrow_body,2351,mechanical,923,low,0.9,855.0,855.0,1452.513612,aircraft_fuel,LTFM,4100,60,asphalt,ILS,1,1,advanced,1,major,1,1,1,1,1,1,0,open,none,safe,civil,0,128.073883,1749,preferred,1.0,1,1,6.6758,1
S01348,LTFM,42.031735,27.570111,A320,narrow_body,2351,mechanical,923,low,0.9,855.0,855.0,1452.513612,aircraft_fuel,LGAV,4000,45,asphalt,ILS,1,1,advanced,1,major,1,1,1,1,1,1,1,open,none,safe,civil,0,550.138629,1649,preferred,2.0,0,3,1.5542,2
S01348,LTFM,42.031735,27.570111,A320,narrow_body,2351,mechanical,923,low,0.9,855.0,855.0,1452.513612,aircraft_fuel,LTAC,3750,45,asphalt,ILS,1,1,advanced,1,major,1,1,1,1,1,1,1,open,none,safe,joint,0,501.437699,1399,preferred,3.0,0,2,1.7051,5
S01348,LTFM,42.031735,27.570111,A320,narrow_body,2351,mechanical,923,low,0.9,855.0,855.0,1452.513612,aircraft_fuel,LIRF,3902,60,asphalt,ILS,1,1,basic,1,major,1,1,1,1,1,1,1,open,none,safe,civil,1,1265.981717,1551,extended,4.0,0,5,0.6754,4
S01348,LTFM,42.031735,27.570111,A320,narrow_body,2351,mechanical,923,low,0.9,855.0,855.0,1452.513612,aircraft_fuel,HECA,4000,60,asphalt,ILS,1,1,basic,1,major,1,1,1,1,1,1,1,open,none,safe,civil,0,1368.947623,1649,extended,5.0,0,7,0.6246,2
S01348,LTFM,42.031735,27.570111,A320,narrow_body,2351,mechanical,923,low,0.9,855.0,855.0,1452.513612,aircraft_fuel,OJAI,3660,61,asphalt,ILS,1,1,advanced,1,major,1,1,1,1,1,1,1,open,none,safe,civil,0,1367.820312,1309,extended,6.0,0,6,0.6251,6
S01348,LTFM,42.031735,27.570111,A320,narrow_body,2351,mechanical,923,low,0.9,855.0,855.0,1452.513612,aircraft_fuel,LCLK,2987,45,asphalt,ILS,1,0,none,1,basic,1,0,1,1,1,1,1,open,none,safe,civil,0,953.994236,636,extended,7.0,0,4,0.8962,7
S01349,EGCC,53.467801,-2.809936,B767-300ER,wide_body,2978,weather,877,normal,1.0,1250.0,877.0,1331.496943,emergency,EGLL,3901,50,asphalt,ILS,1,1,advanced,1,major,1,1,1,1,1,1,1,open,none,safe,civil,1,273.192869,923,preferred,1.0,1,3,3.2102,3
S01349,EGCC,53.467801,-2.809936,B767-300ER,wide_body,2978,weather,877,normal,1.0,1250.0,877.0,1331.496943,emergency,LFPG,4215,45,asphalt,ILS,1,1,advanced,1,major,1,1,1,1,1,1,1,open,none,safe,civil,1,620.328982,1237,preferred,2.0,0,6,1.4138,1
S01349,EGCC,53.467801,-2.809936,B767-300ER,wide_body,2978,weather,877,normal,1.0,1250.0,877.0,1331.496943,emergency,EGCC,3048,46,asphalt,ILS,1,1,advanced,1,major,1,1,1,1,1,1,1,open,none,safe,civil,1,37.658615,70,preferred,3.0,0,1,23.2882,8
S01349,EGCC,53.467801,-2.809936,B767-300ER,wide_body,2978,weather,877,normal,1.0,1250.0,877.0,1331.496943,emergency,EHAM,3800,60,asphalt,ILS,1,1,advanced,1,major,1,1,1,1,1,1,1,open,none,safe,civil,1,523.955411,822,preferred,4.0,0,5,1.6738,4
S01349,EGCC,53.467801,-2.809936,B767-300ER,wide_body,2978,weather,877,normal,1.0,1250.0,877.0,1331.496943,emergency,EDDF,4000,60,asphalt,ILS,1,1,advanced,1,major,1,1,1,0,1,1,1,open,none,safe,civil,1,869.840962,1022,preferred,5.0,0,7,1.0082,2
S01349,EGCC,53.467801,-2.809936,B767-300ER,wide_body,2978,weather,877,normal,1.0,1250.0,877.0,1331.496943,emergency,EGKK,3317,45,asphalt,ILS,1,1,advanced,1,major,1,1,1,1,1,1,1,open,none,safe,civil,1,313.521234,339,preferred,6.0,0,4,2.7973,6
S01349,EGCC,53.467801,-2.809936,B767-300ER,wide_body,2978,weather,877,normal,1.0,1250.0,877.0,1331.496943,emergency,EIDW,3110,45,concrete,ILS,1,1,advanced,1,major,1,1,1,1,1,1,1,open,none,safe,civil,0,228.629467,132,preferred,7.0,0,2,3.8359,7
S01349,EGCC,53.467801,-2.809936,B767-300ER,wide_body,2978,weather,877,normal,1.0,1250.0,877.0,1331.496943,emergency,ENGM,3600,45,asphalt,ILS,1,1,advanced,1,major,1,1,1,1,1,1,1,open,none,safe,civil,0,1125.367339,622,extended,8.0,0,8,0.7793,5
S01350,ENGM,60.788694,11.532705,CRJ900,regional_jet,1733,mechanical,1093,low,0.9,630.0,630.0,931.957788,aircraft_fuel,ENGM,3600,45,asphalt,ILS,1,1,advanced,1,major,1,1,1,1,1,1,1,open,none,safe,civil,0,70.248036,1867,preferred,1.0,1,1,8.9682,1
S01350,ENGM,60.788694,11.532705,CRJ900,regional_jet,1733,mechanical,1093,low,0.9,630.0,630.0,931.957788,aircraft_fuel,ESSA,3301,45,asphalt,ILS,1,1,advanced,1,major,1,1,1,1,1,1,1,open,none,safe,civil,0,375.132827,1568,preferred,2.0,0,2,1.6794,3
S01350,ENGM,60.788694,11.532705,CRJ900,regional_jet,1733,mechanical,1093,low,0.9,630.0,630.0,931.957788,aircraft_fuel,EFHK,3440,60,asphalt,ILS,1,1,advanced,1,major,1,1,1,1,1,1,1,open,none,safe,civil,0,734.746342,1707,extended,3.0,0,3,0.8574,2
S01351,DTTA,37.082488,10.159032,CRJ900,regional_jet,1872,medical,810,normal,1.0,700.0,700.0,1091.746866,aircraft_fuel,DTTA,3200,45,asphalt,RNAV,0,1,basic,1,basic,1,0,1,1,1,1,1,open,none,safe,civil,0,26.442942,1328,preferred,1.0,1,1,26.4721,3
S01351,DTTA,37.082488,10.159032,CRJ900,regional_jet,1872,medical,810,normal,1.0,700.0,700.0,1091.746866,aircraft_fuel,LIRF,3902,60,asphalt,ILS,1,1,basic,1,major,1,1,1,1,1,1,1,open,none,safe,civil,1,554.922974,2030,preferred,2.0,0,2,1.2614,1
S01351,DTTA,37.082488,10.159032,CRJ900,regional_jet,1872,medical,810,normal,1.0,700.0,700.0,1091.746866,aircraft_fuel,DAAG,3500,60,asphalt,RNAV,0,1,basic,1,basic,1,1,1,1,1,1,0,open,none,safe,civil,0,618.977282,1628,preferred,3.0,0,3,1.1309,2
S01352,RJCC,42.898026,141.672899,B737-800,narrow_body,2280,mechanical,725,low,0.9,855.0,725.0,1110.654205,emergency,RJCC,3000,61,asphalt,RNAV,0,1,basic,1,basic,1,1,1,1,1,1,1,open,none,safe,joint,0,13.781531,720,preferred,1.0,1,1,52.6066,3
S01352,RJCC,42.898026,141.672899,B737-800,narrow_body,2280,mechanical,725,low,0.9,855.0,725.0,1110.654205,emergency,RJAA,4000,60,asphalt,ILS,1,1,advanced,1,major,1,1,1,0,1,1,1,open,none,safe,civil,1,800.385297,1720,extended,2.0,0,2,0.9058,1
S01352,RJCC,42.898026,141.672899,B737-800,narrow_body,2280,mechanical,725,low,0.9,855.0,725.0,1110.654205,emergency,RJTT,3360,61,asphalt,ILS,1,1,advanced,1,major,1,1,1,1,1,1,1,open,none,safe,civil,1,833.026561,1080,extended,3.0,0,3,0.8703,2
S01356,RJCC,42.975245,141.093894,A319,narrow_body,2186,mechanical,875,normal,1.0,900.0,875.0,1354.903886,emergency,RJCC,3000,61,asphalt,RNAV,0,1,basic,1,basic,1,1,1,1,1,1,1,open,none,safe,joint,0,53.477575,814,preferred,1.0,1,1,16.362,3
S01356,RJCC,42.975245,141.093894,A319,narrow_body,2186,mechanical,875,normal,1.0,900.0,875.0,1354.903886,emergency,RJAA,4000,60,asphalt,ILS,1,1,advanced,1,major,1,1,1,0,1,1,1,open,none,safe,civil,1,803.624801,1814,preferred,2.0,0,2,1.0888,1
S01356,RJCC,42.975245,141.093894,A319,narrow_body,2186,mechanical,875,normal,1.0,900.0,875.0,1354.903886,emergency,RJTT,3360,61,asphalt,ILS,1,1,advanced,1,major,1,1,1,1,1,1,1,open,none,safe,civil,1,833.284589,1174,preferred,3.0,0,3,1.0501,2
S01357,ULLI,59.794577,27.664703,E190,regional_jet,1942,security,988,critical,0.75,600.0,600.0,932.627303,aircraft_fuel,EFHK,3440,60,asphalt,ILS,1,1,advanced,1,major,1,1,1,1,1,1,1,open,none,safe,civil,0,160.832838,1498,preferred,1.0,1,2,3.7306,4
S01357,ULLI,59.794577,27.664703,E190,regional_jet,1942,security,988,critical,0.75,600.0,600.0,932.627303,aircraft_fuel,ULLI,3780,60,concrete,ILS,1,1,advanced,1,major,1,1,1,1,1,1,1,open,none,caution,civil,0,145.306582,1838,preferred,2.0,0,1,4.1292,1
S01357,ULLI,59.794577,27.664703,E190,regional_jet,1942,security,988,critical,0.75,600.0,600.0,932.627303,aircraft_fuel,ESSA,3301,45,asphalt,ILS,1,1,advanced,1,major,1,1,1,1,1,1,1,open,none,safe,civil,0,545.590542,1359,preferred,3.0,0,3,1.0997,5
S01357,ULLI,59.794577,27.664703,E190,regional_jet,1942,security,988,critical,0.75,600.0,600.0,932.627303,aircraft_fuel,ENGM,3600,45,asphalt,ILS,1,1,advanced,1,major,1,1,1,1,1,1,1,open,none,safe,civil,0,919.738821,1658,extended,4.0,0,5,0.6524,3
S01357,ULLI,59.794577,27.664703,E190,regional_jet,1942,security,988,critical,0.75,600.0,600.0,932.627303,aircraft_fuel,UUEE,3700,60,concrete,ILS,1,1,advanced,1,major,1,1,1,1,1,1,1,open,none,caution,civil,0,714.502353,1758,extended,5.0,0,4,0.8397,2
S01358,LTAC,41.117281,33.683292,CRJ900,regional_jet,1819,weather,866,low,0.9,630.0,630.0,899.632907,aircraft_fuel,LTAC,3750,45,asphalt,ILS,1,1,advanced,1,major,1,1,1,1,1,1,1,open,none,safe,joint,0,124.384434,1931,preferred,1.0,1,1,5.0649,2
S01358,LTAC,41.117281,33.683292,CRJ900,regional_jet,1819,weather,866,low,0.9,630.0,630.0,899.632907,aircraft_fuel,LTFM,4100,60,asphalt,ILS,1,1,advanced,1,major,1,1,1,1,1,1,0,open,none,safe,civil,0,414.576055,2281,preferred,2.0,0,2,1.5196,1
S01358,LTAC,41.117281,33.683292,CRJ900,regional_jet,1819,weather,866,low,0.9,630.0,630.0,899.632907,aircraft_fuel,LCLK,2987,45,asphalt,ILS,1,0,none,1,basic,1,0,1,1,1,1,1,open,none,safe,civil,0,694.117776,1168,extended,3.0,0,3,0.9076,3
S01361,RCTP,24.929221,121.534916,A319,narrow_body,2137,medical,781,normal,1.0,900.0,781.0,1351.312594,emergency,RCTP,3660,60,concrete,ILS,1,1,advanced,1,major,1,1,1,1,1,1,1,open,none,safe,civil,0,34.616007,1523,preferred,1.0,1,1,22.5618,3
S01361,RCTP,24.929221,121.534916,A319,narrow_body,2137,medical,781,normal,1.0,900.0,781.0,1351.312594,emergency,ZSPD,4000,60,concrete,ILS,1,1,advanced,1,major,1,1,1,1,1,1,1,open,none,safe,civil,1,691.492516,1863,preferred,2.0,0,2,1.1294,1
S01361,RCTP,24.929221,121.534916,A319,narrow_body,2137,medical,781,normal,1.0,900.0,781.0,1351.312594,emergency,RPLL,3737,60,concrete,ILS,1,1,basic,1,basic,1,1,1,1,1,1,1,open,none,caution,civil,0,1159.968296,1600,extended,3.0,0,3,0.6733,2
S01362,ZBAA,40.405287,116.69515,A220-300,narrow_body,2068,weather,1212,normal,1.0,950.0,950.0,1625.354838,aircraft_fuel,ZBAA,3810,60,asphalt,ILS,1,1,advanced,1,major,1,1,1,1,1,1,1,open,none,safe,civil,1,37.410204,1742,preferred,1.0,1,1,25.3941,3
S01362,ZBAA,40.405287,116.69515,A220-300,narrow_body,2068,weather,1212,normal,1.0,950.0,950.0,1625.354838,aircraft_fuel,RKSI,4000,60,asphalt,ILS,1,1,advanced,1,major,1,1,1,1,1,1,1,open,none,safe,civil,1,904.127017,1932,preferred,2.0,0,2,1.0507,1
S01362,ZBAA,40.405287,116.69515,A220-300,narrow_body,2068,weather,1212,normal,1.0,950.0,950.0,1625.354838,aircraft_fuel,ZSPD,4000,60,concrete,ILS,1,1,advanced,1,major,1,1,1,1,1,1,1,open,none,safe,civil,1,1127.793135,1932,extended,3.0,0,3,0.8424,1
S01363,KJFK,40.071683,-72.702201,A321,narrow_body,2461,security,1094,normal,1.0,1000.0,1000.0,1630.205995,aircraft_fuel,KJFK,4423,61,asphalt,ILS,1,1,advanced,1,major,1,1,1,1,1,1,1,open,none,safe,civil,1,110.975271,1962,preferred,1.0,1,1,9.011,1
S01363,KJFK,40.071683,-72.702201,A321,narrow_body,2461,security,1094,normal,1.0,1000.0,1000.0,1630.205995,aircraft_fuel,CYYZ,3389,61,asphalt,ILS,1,1,advanced,1,major,1,1,1,1,1,1,1,open,none,safe,civil,1,699.313509,928,preferred,2.0,0,2,1.43,4
S01363,KJFK,40.071683,-72.702201,A321,narrow_body,2461,security,1094,normal,1.0,1000.0,1000.0,1630.205995,aircraft_fuel,KORD,3962,46,concrete,ILS,1,1,advanced,1,major,1,1,1,1,1,1,1,open,none,safe,civil,0,1291.034679,1501,extended,3.0,0,4,0.7746,2
S01363,KJFK,40.071683,-72.702201,A321,narrow_body,2461,security,1094,normal,1.0,1000.0,1000.0,1630.205995,aircraft_fuel,KATL,3776,46,concrete,ILS,1,1,advanced,1,major,1,1,1,1,1,1,1,open,none,safe,civil,0,1263.340466,1315,extended,4.0,0,3,0.7916,3
S01364,EIDW,52.809188,-5.931755,CRJ900,regional_jet,1753,mechanical,1049,normal,1.0,700.0,700.0,1089.798951,aircraft_fuel,EIDW,3110,45,concrete,ILS,1,1,advanced,1,major,1,1,1,1,1,1,1,open,none,safe,civil,0,72.329726,1357,preferred,1.0,1,1,9.6779,6
S01364,EIDW,52.809188,-5.931755,CRJ900,regional_jet,1753,mechanical,1049,normal,1.0,700.0,700.0,1089.798951,aircraft_fuel,EGCC,3048,46,asphalt,ILS,1,1,advanced,1,major,1,1,1,1,1,1,1,open,none,safe,civil,1,251.609258,1295,preferred,2.0,0,2,2.7821,7
S01364,EIDW,52.809188,-5.931755,CRJ900,regional_jet,1753,mechanical,1049,normal,1.0,700.0,700.0,1089.798951,aircraft_fuel,EGLL,3901,50,asphalt,ILS,1,1,advanced,1,major,1,1,1,1,1,1,1,open,none,safe,civil,1,401.857573,2148,preferred,3.0,0,3,1.7419,3
S01364,EIDW,52.809188,-5.931755,CRJ900,regional_jet,1753,mechanical,1049,normal,1.0,700.0,700.0,1089.798951,aircraft_fuel,EGKK,3317,45,asphalt,ILS,1,1,advanced,1,major,1,1,1,1,1,1,1,open,none,safe,civil,1,434.539761,1564,preferred,4.0,0,4,1.6109,5
S01364,EIDW,52.809188,-5.931755,CRJ900,regional_jet,1753,mechanical,1049,normal,1.0,700.0,700.0,1089.798951,aircraft_fuel,EHAM,3800,60,asphalt,ILS,1,1,advanced,1,major,1,1,1,1,1,1,1,open,none,safe,civil,1,724.495505,2047,extended,5.0,0,5,0.9662,4
S01364,EIDW,52.809188,-5.931755,CRJ900,regional_jet,1753,mechanical,1049,normal,1.0,700.0,700.0,1089.798951,aircraft_fuel,LFPG,4215,45,asphalt,ILS,1,1,advanced,1,major,1,1,1,1,1,1,1,open,none,safe,civil,1,729.009434,2462,extended,6.0,0,6,0.9602,1
S01364,EIDW,52.809188,-5.931755,CRJ900,regional_jet,1753,mechanical,1049,normal,1.0,700.0,700.0,1089.798951,aircraft_fuel,EDDF,4000,60,asphalt,ILS,1,1,advanced,1,major,1,1,1,0,1,1,1,open,none,safe,civil,1,1049.265917,2247,extended,7.0,0,7,0.6671,2
S01365,DAAG,36.481602,2.960291,CRJ900,regional_jet,1816,weather,1034,critical,0.75,525.0,525.0,795.824371,aircraft_fuel,DAAG,3500,60,asphalt,RNAV,0,1,basic,1,basic,1,1,1,1,1,1,0,open,none,safe,civil,0,32.748328,1684,preferred,1.0,1,1,16.0314,2
S01365,DAAG,36.481602,2.960291,CRJ900,regional_jet,1816,weather,1034,critical,0.75,525.0,525.0,795.824371,aircraft_fuel,LEMD,4350,60,asphalt,ILS,1,1,advanced,1,major,1,1,1,1,1,1,1,open,none,safe,civil,1,722.326796,2534,extended,2.0,0,3,0.7268,1
S01365,DAAG,36.481602,2.960291,CRJ900,regional_jet,1816,weather,1034,critical,0.75,525.0,525.0,795.824371,aircraft_fuel,DTTA,3200,45,asphalt,RNAV,0,1,basic,1,basic,1,0,1,1,1,1,1,open,none,safe,civil,0,649.295927,1384,extended,3.0,0,2,0.8086,3
S01366,VNKT,27.388342,84.232728,A321,narrow_body,2495,security,978,normal,1.0,1000.0,978.0,1622.485454,emergency,VIDP,4430,60,asphalt,ILS,1,1,advanced,1,major,1,1,1,1,1,1,1,open,none,safe,civil,1,712.736583,1935,preferred,1.0,1,2,1.3722,1
S01366,VNKT,27.388342,84.232728,A321,narrow_body,2495,security,978,normal,1.0,1000.0,978.0,1622.485454,emergency,VNKT,3350,45,asphalt,VOR,0,0,none,0,none,0,0,1,1,1,1,1,open,none,caution,civil,0,116.221314,855,preferred,2.0,0,1,8.415,4
S01366,VNKT,27.388342,84.232728,A321,narrow_body,2495,security,978,normal,1.0,1000.0,978.0,1622.485454,emergency,VABB,3509,60,asphalt,ILS,1,1,advanced,1,major,1,1,1,1,1,1,1,open,none,safe,civil,1,1481.789773,1014,extended,3.0,0,4,0.66,2
S01366,VNKT,27.388342,84.232728,A321,narrow_body,2495,security,978,normal,1.0,1000.0,978.0,1622.485454,emergency,OPLA,3360,46,concrete,RNAV,0,0,none,1,basic,1,0,1,1,1,1,1,open,none,caution,civil,0,1056.225083,865,extended,4.0,0,3,0.9259,3
S01367,OOMS,23.35483,57.246091,B737-800,narrow_body,2407,technical,529,low,0.9,855.0,529.0,819.847576,emergency,OOMS,4080,45,asphalt,ILS,1,1,advanced,1,major,1,1,1,1,1,1,1,open,none,safe,civil,0,109.441144,1673,preferred,1.0,1,1,4.8336,4
S01367,OOMS,23.35483,57.246091,B737-800,narrow_body,2407,technical,529,low,0.9,855.0,529.0,819.847576,emergency,OMDB,4447,60,asphalt,ILS,1,1,advanced,1,major,1,1,1,1,1,1,1,open,none,safe,civil,1,283.729647,2040,preferred,2.0,0,2,1.8645,2
S01367,OOMS,23.35483,57.246091,B737-800,narrow_body,2407,technical,529,low,0.9,855.0,529.0,819.847576,emergency,OMAA,4106,60,asphalt,ILS,1,1,advanced,1,major,1,1,1,1,1,1,1,open,none,safe,civil,0,290.306038,1699,preferred,3.0,0,3,1.8222,3
S01367,OOMS,23.35483,57.246091,B737-800,narrow_body,2407,technical,529,low,0.9,855.0,529.0,819.847576,emergency,OTHH,4850,60,asphalt,ILS,1,1,advanced,1,major,1,1,1,1,1,1,1,open,none,safe,civil,0,609.756125,2443,extended,4.0,0,4,0.8676,1
S01367,OOMS,23.35483,57.246091,B737-800,narrow_body,2407,technical,529,low,0.9,855.0,529.0,819.847576,emergency,OBBI,3956,60,asphalt,ILS,1,1,advanced,1,major,1,1,1,1,1,1,1,open,none,safe,civil,0,741.298436,1549,extended,5.0,0,5,0.7136,5
S01376,OOMS,23.654435,57.874587,A321,narrow_body,2451,medical,676,normal,1.0,1000.0,676.0,1133.114646,emergency,OOMS,4080,45,asphalt,ILS,1,1,advanced,1,major,1,1,1,1,1,1,1,open,none,safe,civil,0,42.269676,1629,preferred,1.0,1,1,15.9926,4
S01376,OOMS,23.654435,57.874587,A321,narrow_body,2451,medical,676,normal,1.0,1000.0,676.0,1133.114646,emergency,OMDB,4447,60,asphalt,ILS,1,1,advanced,1,major,1,1,1,1,1,1,1,open,none,safe,civil,1,309.323862,1996,preferred,2.0,0,2,2.1854,2
S01376,OOMS,23.654435,57.874587,A321,narrow_body,2451,medical,676,normal,1.0,1000.0,676.0,1133.114646,emergency,OMAA,4106,60,asphalt,ILS,1,1,advanced,1,major,1,1,1,1,1,1,1,open,none,safe,civil,0,338.980005,1655,preferred,3.0,0,3,1.9942,3
S01376,OOMS,23.654435,57.874587,A321,narrow_body,2451,medical,676,normal,1.0,1000.0,676.0,1133.114646,emergency,OTHH,4850,60,asphalt,ILS,1,1,advanced,1,major,1,1,1,1,1,1,1,open,none,safe,civil,0,659.20712,2399,preferred,4.0,0,4,1.0255,1
S01376,OOMS,23.654435,57.874587,A321,narrow_body,2451,medical,676,normal,1.0,1000.0,676.0,1133.114646,emergency,OBBI,3956,60,asphalt,ILS,1,1,advanced,1,major,1,1,1,1,1,1,1,open,none,safe,civil,0,785.095201,1505,extended,5.0,0,5,0.861,5
S01376,OOMS,23.654435,57.874587,A321,narrow_body,2451,medical,676,normal,1.0,1000.0,676.0,1133.114646,emergency,OPKC,3400,46,concrete,RNAV,0,1,basic,1,basic,1,1,1,1,1,1,1,open,none,caution,civil,0,951.279406,949,extended,6.0,0,6,0.7106,6
S01379,OPKC,25.182548,66.878299,A350-900,wide_body,2811,weather,1258,normal,1.0,1500.0,1258.0,2265.970134,emergency,VIDP,4430,60,asphalt,ILS,1,1,advanced,1,major,1,1,1,1,1,1,1,open,none,safe,civil,1,1080.097889,1619,preferred,1.0,1,5,1.1647,5
S01379,OPKC,25.182548,66.878299,A350-900,wide_body,2811,weather,1258,normal,1.0,1500.0,1258.0,2265.970134,emergency,OMDB,4447,60,asphalt,ILS,1,1,advanced,1,major,1,1,1,1,1,1,1,open,none,safe,civil,1,1157.291191,1636,preferred,2.0,0,6,1.087,4
S01379,OPKC,25.182548,66.878299,A350-900,wide_body,2811,weather,1258,normal,1.0,1500.0,1258.0,2265.970134,emergency,OPKC,3400,46,concrete,RNAV,0,1,basic,1,basic,1,1,1,1,1,1,1,open,none,caution,civil,0,41.858083,589,preferred,3.0,0,1,30.0539,11
S01379,OPKC,25.182548,66.878299,A350-900,wide_body,2811,weather,1258,normal,1.0,1500.0,1258.0,2265.970134,emergency,OOMS,4080,45,asphalt,ILS,1,1,advanced,1,major,1,1,1,1,1,1,1,open,none,safe,civil,0,887.647437,1269,preferred,4.0,0,2,1.4172,8
S01379,OPKC,25.182548,66.878299,A350-900,wide_body,2811,weather,1258,normal,1.0,1500.0,1258.0,2265.970134,emergency,OMAA,4106,60,asphalt,ILS,1,1,advanced,1,major,1,1,1,1,1,1,1,open,none,safe,civil,0,1236.611653,1295,preferred,5.0,0,7,1.0173,7
S01379,OPKC,25.182548,66.878299,A350-900,wide_body,2811,weather,1258,normal,1.0,1500.0,1258.0,2265.970134,emergency,VABB,3509,60,asphalt,ILS,1,1,advanced,1,major,1,1,1,1,1,1,1,open,none,safe,civil,1,916.055424,698,preferred,6.0,0,3,1.3733,10
S01379,OPKC,25.182548,66.878299,A350-900,wide_body,2811,weather,1258,normal,1.0,1500.0,1258.0,2265.970134,emergency,OTHH,4850,60,asphalt,ILS,1,1,advanced,1,major,1,1,1,1,1,1,1,open,none,safe,civil,0,1535.223602,2039,extended,7.0,0,8,0.8194,1
S01379,OPKC,25.182548,66.878299,A350-900,wide_body,2811,weather,1258,normal,1.0,1500.0,1258.0,2265.970134,emergency,OKKK,4580,60,asphalt,ILS,1,1,advanced,1,major,1,1,1,1,1,1,1,open,none,safe,civil,0,1920.799918,1769,extended,8.0,0,11,0.6549,2
S01379,OPKC,25.182548,66.878299,A350-900,wide_body,2811,weather,1258,normal,1.0,1500.0,1258.0,2265.970134,emergency,UAAA,4500,45,asphalt,RNAV,0,1,basic,1,basic,1,1,1,1,1,1,1,open,none,safe,civil,0,2221.923646,1689,extended,9.0,0,13,0.5662,3
S01379,OPKC,25.182548,66.878299,A350-900,wide_body,2811,weather,1258,normal,1.0,1500.0,1258.0,2265.970134,emergency,OERK,4205,60,asphalt,ILS,1,1,advanced,1,major,1,1,1,1,1,1,1,open,none,safe,civil,0,2030.711662,1394,extended,10.0,0,12,0.6195,6
S01379,OPKC,25.182548,66.878299,A350-900,wide_body,2811,weather,1258,normal,1.0,1500.0,1258.0,2265.970134,emergency,OBBI,3956,60,asphalt,ILS,1,1,advanced,1,major,1,1,1,1,1,1,1,open,none,safe,civil,0,1630.289377,1145,extended,11.0,0,9,0.7716,9
S01379,OPKC,25.182548,66.878299,A350-900,wide_body,2811,weather,1258,normal,1.0,1500.0,1258.0,2265.970134,emergency,OPLA,3360,46,concrete,RNAV,0,0,none,1,basic,1,0,1,1,1,1,1,open,none,caution,civil,0,1018.78151,549,preferred,12.0,0,4,1.2348,12
S01379,OPKC,25.182548,66.878299,A350-900,wide_body,2811,weather,1258,normal,1.0,1500.0,1258.0,2265.970134,emergency,VNKT,3350,45,asphalt,VOR,0,0,none,0,none,0,0,1,1,1,1,1,open,none,caution,civil,0,1859.313754,539,extended,13.0,0,10,0.6766,13
S01380,UUEE,56.462988,36.746605,A321,narrow_body,2303,fuel,670,critical,0.75,750.0,670.0,1066.375655,emergency,UUEE,3700,60,concrete,ILS,1,1,advanced,1,major,1,1,1,1,1,1,1,open,none,caution,civil,0,67.898464,1397,preferred,1.0,1,1,9.8677,2
S01380,UUEE,56.462988,36.746605,A321,narrow_body,2303,fuel,670,critical,0.75,750.0,670.0,1066.375655,emergency,ULLI,3780,60,concrete,ILS,1,1,advanced,1,major,1,1,1,1,1,1,1,open,none,caution,civil,0,531.173566,1477,preferred,2.0,0,2,1.2614,1
S01380,UUEE,56.462988,36.746605,A321,narrow_body,2303,fuel,670,critical,0.75,750.0,670.0,1066.375655,emergency,EFHK,3440,60,asphalt,ILS,1,1,advanced,1,major,1,1,1,1,1,1,1,open,none,safe,civil,0,807.828642,1137,extended,3.0,0,3,0.8294,3
S01387,OOMS,24.248456,58.561278,CRJ900,regional_jet,1799,medical,1005,low,0.9,630.0,630.0,926.280466,aircraft_fuel,OOMS,4080,45,asphalt,ILS,1,1,advanced,1,major,1,1,1,1,1,1,1,open,none,safe,civil,0,77.347604,2281,preferred,1.0,1,1,8.145,4
S01387,OOMS,24.248456,58.561278,CRJ900,regional_jet,1799,medical,1005,low,0.9,630.0,630.0,926.280466,aircraft_fuel,OMDB,4447,60,asphalt,ILS,1,1,advanced,1,major,1,1,1,1,1,1,1,open,none,safe,civil,1,340.845321,2648,preferred,2.0,0,2,1.8483,2
S01387,OOMS,24.248456,58.561278,CRJ900,regional_jet,1799,medical,1005,low,0.9,630.0,630.0,926.280466,aircraft_fuel,OMAA,4106,60,asphalt,ILS,1,1,advanced,1,major,1,1,1,1,1,1,1,open,none,safe,civil,0,396.884113,2307,preferred,3.0,0,3,1.5874,3
S01387,OOMS,24.248456,58.561278,CRJ900,regional_jet,1799,medical,1005,low,0.9,630.0,630.0,926.280466,aircraft_fuel,OTHH,4850,60,asphalt,ILS,1,1,advanced,1,major,1,1,1,1,1,1,1,open,none,safe,civil,0,711.176062,3051,extended,4.0,0,4,0.8859,1
S01387,OOMS,24.248456,58.561278,CRJ900,regional_jet,1799,medical,1005,low,0.9,630.0,630.0,926.280466,aircraft_fuel,OBBI,3956,60,asphalt,ILS,1,1,advanced,1,major,1,1,1,1,1,1,1,open,none,safe,civil,0,827.674736,2157,extended,5.0,0,5,0.7612,5
S01387,OOMS,24.248456,58.561278,CRJ900,regional_jet,1799,medical,1005,low,0.9,630.0,630.0,926.280466,aircraft_fuel,OPKC,3400,46,concrete,RNAV,0,1,basic,1,basic,1,1,1,1,1,1,1,open,none,caution,civil,0,872.51311,1601,extended,6.0,0,6,0.7221,6
S01389,OMAA,24.520449,54.426754,B737 MAX 8,narrow_body,2412,technical,485,normal,1.0,1000.0,485.0,795.51061,emergency,OMAA,4106,60,asphalt,ILS,1,1,advanced,1,major,1,1,1,1,1,1,1,open,none,safe,civil,0,24.18751,1694,preferred,1.0,1,1,20.0517,4
S01389,OMAA,24.520449,54.426754,B737 MAX 8,narrow_body,2412,technical,485,normal,1.0,1000.0,485.0,795.51061,emergency,OMDB,4447,60,asphalt,ILS,1,1,advanced,1,major,1,1,1,1,1,1,1,open,none,safe,civil,1,125.094485,2035,preferred,2.0,0,2,3.8771,2
S01389,OMAA,24.520449,54.426754,B737 MAX 8,narrow_body,2412,technical,485,normal,1.0,1000.0,485.0,795.51061,emergency,OTHH,4850,60,asphalt,ILS,1,1,advanced,1,major,1,1,1,1,1,1,1,open,none,safe,civil,0,296.350679,2438,preferred,3.0,0,3,1.6366,1
S01389,OMAA,24.520449,54.426754,B737 MAX 8,narrow_body,2412,technical,485,normal,1.0,1000.0,485.0,795.51061,emergency,OOMS,4080,45,asphalt,ILS,1,1,advanced,1,major,1,1,1,1,1,1,1,open,none,safe,civil,0,404.894211,1668,preferred,4.0,0,4,1.1978,5
S01389,OMAA,24.520449,54.426754,B737 MAX 8,narrow_body,2412,technical,485,normal,1.0,1000.0,485.0,795.51061,emergency,OBBI,3956,60,asphalt,ILS,1,1,advanced,1,major,1,1,1,1,1,1,1,open,none,safe,civil,0,427.286531,1544,preferred,5.0,0,5,1.1351,6
S01389,OMAA,24.520449,54.426754,B737 MAX 8,narrow_body,2412,technical,485,normal,1.0,1000.0,485.0,795.51061,emergency,OERK,4205,60,asphalt,ILS,1,1,advanced,1,major,1,1,1,1,1,1,1,open,none,safe,civil,0,781.850515,1793,extended,6.0,0,6,0.6203,3
S01390,OBBI,26.102665,50.087299,B787-9,wide_body,2917,technical,862,normal,1.0,1400.0,862.0,1520.279036,emergency,OTHH,4850,60,asphalt,ILS,1,1,advanced,1,major,1,1,1,1,1,1,1,open,none,safe,civil,0,178.131786,1933,preferred,1.0,1,2,4.8391,1
S01390,OBBI,26.102665,50.087299,B787-9,wide_body,2917,technical,862,normal,1.0,1400.0,862.0,1520.279036,emergency,OBBI,3956,60,asphalt,ILS,1,1,advanced,1,major,1,1,1,1,1,1,1,open,none,safe,civil,0,57.88567,1039,preferred,2.0,0,1,14.8914,7
S01390,OBBI,26.102665,50.087299,B787-9,wide_body,2917,technical,862,normal,1.0,1400.0,862.0,1520.279036,emergency,OKKK,4580,60,asphalt,ILS,1,1,advanced,1,major,1,1,1,1,1,1,1,open,none,safe,civil,0,404.92898,1663,preferred,3.0,0,4,2.1288,2
S01390,OBBI,26.102665,50.087299,B787-9,wide_body,2917,technical,862,normal,1.0,1400.0,862.0,1520.279036,emergency,OERK,4205,60,asphalt,ILS,1,1,advanced,1,major,1,1,1,1,1,1,1,open,none,safe,civil,0,363.036055,1288,preferred,4.0,0,3,2.3744,4
S01390,OBBI,26.102665,50.087299,B787-9,wide_body,2917,technical,862,normal,1.0,1400.0,862.0,1520.279036,emergency,OMDB,4447,60,asphalt,ILS,1,1,advanced,1,major,1,1,1,1,1,1,1,open,none,safe,civil,1,537.889006,1530,preferred,5.0,0,6,1.6026,3
S01390,OBBI,26.102665,50.087299,B787-9,wide_body,2917,technical,862,normal,1.0,1400.0,862.0,1520.279036,emergency,OMAA,4106,60,asphalt,ILS,1,1,advanced,1,major,1,1,1,1,1,1,1,open,none,safe,civil,0,494.485436,1189,preferred,6.0,0,5,1.7432,5
S01390,OBBI,26.102665,50.087299,B787-9,wide_body,2917,technical,862,normal,1.0,1400.0,862.0,1520.279036,emergency,OOMS,4080,45,asphalt,ILS,1,1,advanced,1,major,1,1,1,1,1,1,1,open,none,safe,civil,0,872.490098,1163,extended,7.0,0,7,0.988,6
S01390,OBBI,26.102665,50.087299,B787-9,wide_body,2917,technical,862,normal,1.0,1400.0,862.0,1520.279036,emergency,OJAI,3660,61,asphalt,ILS,1,1,advanced,1,major,1,1,1,1,1,1,1,open,none,safe,civil,0,1505.779981,743,extended,8.0,0,8,0.5725,8
S01392,ULLI,60.837475,31.279631,B787-9,wide_body,2859,operational_constraints,1032,low,0.9,1260.0,1032.0,1737.69556,emergency,ULLI,3780,60,concrete,ILS,1,1,advanced,1,major,1,1,1,1,1,1,1,open,none,caution,civil,0,128.203552,921,preferred,1.0,1,1,8.0497,1
S01392,ULLI,60.837475,31.279631,B787-9,wide_body,2859,operational_constraints,1032,low,0.9,1260.0,1032.0,1737.69556,emergency,EFHK,3440,60,asphalt,ILS,1,1,advanced,1,major,1,1,1,1,1,1,1,open,none,safe,civil,0,349.669227,581,preferred,2.0,0,2,2.9514,4
S01392,ULLI,60.837475,31.279631,B787-9,wide_body,2859,operational_constraints,1032,low,0.9,1260.0,1032.0,1737.69556,emergency,ESSA,3301,45,asphalt,ILS,1,1,advanced,1,major,1,1,1,1,1,1,1,open,none,safe,civil,0,747.209355,442,preferred,3.0,0,4,1.3811,5
S01392,ULLI,60.837475,31.279631,B787-9,wide_body,2859,operational_constraints,1032,low,0.9,1260.0,1032.0,1737.69556,emergency,UUEE,3700,60,concrete,ILS,1,1,advanced,1,major,1,1,1,1,1,1,1,open,none,caution,civil,0,647.241011,841,preferred,4.0,0,3,1.5945,2
S01392,ULLI,60.837475,31.279631,B787-9,wide_body,2859,operational_constraints,1032,low,0.9,1260.0,1032.0,1737.69556,emergency,ENGM,3600,45,asphalt,ILS,1,1,advanced,1,major,1,1,1,1,1,1,1,open,none,safe,civil,0,1102.311228,741,extended,5.0,0,5,0.9362,3
S01393,EFHK,60.217326,23.581452,A330-300,wide_body,2893,security,488,low,0.9,1170.0,488.0,842.08367,emergency,EFHK,3440,60,asphalt,ILS,1,1,advanced,1,major,1,1,1,1,1,1,1,open,none,safe,civil,0,77.028821,547,preferred,1.0,1,1,6.3353,3
S01393,EFHK,60.217326,23.581452,A330-300,wide_body,2893,security,488,low,0.9,1170.0,488.0,842.08367,emergency,ESSA,3301,45,asphalt,ILS,1,1,advanced,1,major,1,1,1,1,1,1,1,open,none,safe,civil,0,321.091745,408,preferred,2.0,0,2,1.5198,4
S01393,EFHK,60.217326,23.581452,A330-300,wide_body,2893,security,488,low,0.9,1170.0,488.0,842.08367,emergency,ULLI,3780,60,concrete,ILS,1,1,advanced,1,major,1,1,1,1,1,1,1,open,none,caution,civil,0,374.069647,887,preferred,3.0,0,3,1.3046,1
S01393,EFHK,60.217326,23.581452,A330-300,wide_body,2893,security,488,low,0.9,1170.0,488.0,842.08367,emergency,ENGM,3600,45,asphalt,ILS,1,1,advanced,1,major,1,1,1,1,1,1,1,open,none,safe,civil,0,688.574523,707,extended,4.0,0,4,0.7087,2
S01394,ZSPD,30.279755,122.145079,A321,narrow_body,2435,operational_constraints,954,low,0.9,900.0,900.0,1475.1628,aircraft_fuel,ZSPD,4000,60,concrete,ILS,1,1,advanced,1,major,1,1,1,1,1,1,1,open,none,safe,civil,1,101.38678,1565,preferred,1.0,1,1,8.8769,1
S01394,ZSPD,30.279755,122.145079,A321,narrow_body,2435,operational_constraints,954,low,0.9,900.0,900.0,1475.1628,aircraft_fuel,RKSI,4000,60,asphalt,ILS,1,1,advanced,1,major,1,1,1,1,1,1,1,open,none,safe,civil,1,892.51664,1565,preferred,2.0,0,3,1.0084,1
S01394,ZSPD,30.279755,122.145079,A321,narrow_body,2435,operational_constraints,954,low,0.9,900.0,900.0,1475.1628,aircraft_fuel,RCTP,3660,60,concrete,ILS,1,1,advanced,1,major,1,1,1,1,1,1,1,open,none,safe,civil,0,585.364371,1225,preferred,3.0,0,2,1.5375,4
S01394,ZSPD,30.279755,122.145079,A321,narrow_body,2435,operational_constraints,954,low,0.9,900.0,900.0,1475.1628,aircraft_fuel,ZBAA,3810,60,asphalt,ILS,1,1,advanced,1,major,1,1,1,1,1,1,1,open,none,safe,civil,1,1199.818149,1375,extended,4.0,0,4,0.7501,3
S01395,RJAA,35.888327,139.907579,B777-300ER,wide_body,3280,operational_constraints,842,normal,1.0,1500.0,842.0,1490.596219,emergency,RJAA,4000,60,asphalt,ILS,1,1,advanced,1,major,1,1,1,0,1,1,1,open,none,safe,civil,1,45.373822,720,preferred,1.0,1,2,18.557,1
S01395,RJAA,35.888327,139.907579,B777-300ER,wide_body,3280,operational_constraints,842,normal,1.0,1500.0,842.0,1490.596219,emergency,RJTT,3360,61,asphalt,ILS,1,1,advanced,1,major,1,1,1,1,1,1,1,open,none,safe,civil,1,39.19894,80,preferred,2.0,0,1,21.4802,3
S01395,RJAA,35.888327,139.907579,B777-300ER,wide_body,3280,operational_constraints,842,normal,1.0,1500.0,842.0,1490.596219,emergency,RKSI,4000,60,asphalt,ILS,1,1,advanced,1,major,1,1,1,1,1,1,1,open,none,safe,civil,1,1211.759564,720,extended,3.0,0,3,0.6949,1
S01397,EDDF,50.467991,9.112854,A319,narrow_body,2046,mechanical,426,low,0.9,810.0,426.0,689.511269,emergency,EDDF,4000,60,asphalt,ILS,1,1,advanced,1,major,1,1,1,0,1,1,1,open,none,safe,civil,1,62.946886,1954,preferred,1.0,1,1,6.7676,2
S01397,EDDF,50.467991,9.112854,A319,narrow_body,2046,mechanical,426,low,0.9,810.0,426.0,689.511269,emergency,EHAM,3800,60,asphalt,ILS,1,1,advanced,1,major,1,1,1,1,1,1,1,open,none,safe,civil,1,364.53383,1754,preferred,2.0,0,2,1.1686,4
S01397,EDDF,50.467991,9.112854,A319,narrow_body,2046,mechanical,426,low,0.9,810.0,426.0,689.511269,emergency,LFPG,4215,45,asphalt,ILS,1,1,advanced,1,major,1,1,1,1,1,1,1,open,none,safe,civil,1,498.265357,2169,extended,3.0,0,3,0.855,1
S01397,EDDF,50.467991,9.112854,A319,narrow_body,2046,mechanical,426,low,0.9,810.0,426.0,689.511269,emergency,EGLL,3901,50,asphalt,ILS,1,1,advanced,1,major,1,1,1,1,1,1,1,open,none,safe,civil,1,679.016531,1855,extended,4.0,0,5,0.6274,3
S01397,EDDF,50.467991,9.112854,A319,narrow_body,2046,mechanical,426,low,0.9,810.0,426.0,689.511269,emergency,EGKK,3317,45,asphalt,ILS,1,1,advanced,1,major,1,1,1,1,1,1,1,open,none,safe,civil,1,657.294701,1271,extended,5.0,0,4,0.6481,5
S01398,OERK,24.63431,46.43706,B737-800,narrow_body,2265,weather,953,normal,1.0,950.0,950.0,1654.256339,aircraft_fuel,OERK,4205,60,asphalt,ILS,1,1,advanced,1,major,1,1,1,1,1,1,1,open,none,safe,civil,0,44.613141,1940,preferred,1.0,1,1,21.2942,4
S01398,OERK,24.63431,46.43706,B737-800,narrow_body,2265,weather,953,normal,1.0,950.0,950.0,1654.256339,aircraft_fuel,OBBI,3956,60,asphalt,ILS,1,1,advanced,1,major,1,1,1,1,1,1,1,open,none,safe,civil,0,459.14424,1691,preferred,2.0,0,2,2.0691,8
S01398,OERK,24.63431,46.43706,B737-800,narrow_body,2265,weather,953,normal,1.0,950.0,950.0,1654.256339,aircraft_fuel,OTHH,4850,60,asphalt,ILS,1,1,advanced,1,major,1,1,1,1,1,1,1,open,none,safe,civil,0,526.093316,2585,preferred,3.0,0,3,1.8058,1
S01398,OERK,24.63431,46.43706,B737-800,narrow_body,2265,weather,953,normal,1.0,950.0,950.0,1654.256339,aircraft_fuel,OKKK,4580,60,asphalt,ILS,1,1,advanced,1,major,1,1,1,1,1,1,1,open,none,safe,civil,0,532.522553,2315,preferred,4.0,0,4,1.784,2
S01398,OERK,24.63431,46.43706,B737-800,narrow_body,2265,weather,953,normal,1.0,950.0,950.0,1654.256339,aircraft_fuel,OMAA,4106,60,asphalt,ILS,1,1,advanced,1,major,1,1,1,1,1,1,1,open,none,safe,civil,0,830.839125,1841,preferred,5.0,0,5,1.1434,5
S01398,OERK,24.63431,46.43706,B737-800,narrow_body,2265,weather,953,normal,1.0,950.0,950.0,1654.256339,aircraft_fuel,OMDB,4447,60,asphalt,ILS,1,1,advanced,1,major,1,1,1,1,1,1,1,open,none,safe,civil,1,903.184424,2182,preferred,6.0,0,6,1.0518,3
S01398,OERK,24.63431,46.43706,B737-800,narrow_body,2265,weather,953,normal,1.0,950.0,950.0,1654.256339,aircraft_fuel,OOMS,4080,45,asphalt,ILS,1,1,advanced,1,major,1,1,1,1,1,1,1,open,none,safe,civil,0,1207.56283,1815,extended,7.0,0,7,0.7867,6
S01398,OERK,24.63431,46.43706,B737-800,narrow_body,2265,weather,953,normal,1.0,950.0,950.0,1654.256339,aircraft_fuel,HECA,4000,60,asphalt,ILS,1,1,basic,1,major,1,1,1,1,1,1,1,open,none,safe,civil,0,1603.400719,1735,extended,8.0,0,10,0.5925,7
S01398,OERK,24.63431,46.43706,B737-800,narrow_body,2265,weather,953,normal,1.0,950.0,950.0,1654.256339,aircraft_fuel,OJAI,3660,61,asphalt,ILS,1,1,advanced,1,major,1,1,1,1,1,1,1,open,none,safe,civil,0,1290.731509,1395,extended,9.0,0,8,0.736,9
S01398,OERK,24.63431,46.43706,B737-800,narrow_body,2265,weather,953,normal,1.0,950.0,950.0,1654.256339,aircraft_fuel,HELX,3000,45,asphalt,RNAV,0,0,none,1,basic,1,0,1,0,0,1,1,open,none,safe,joint,0,1386.158173,735,extended,10.0,0,9,0.6853,10
S01401,OTHH,25.445034,52.035612,E190,regional_jet,1979,fuel,462,normal,1.0,800.0,462.0,712.753972,emergency,OTHH,4850,60,asphalt,ILS,1,1,advanced,1,major,1,1,1,1,1,1,1,open,none,safe,civil,0,47.024829,2871,preferred,1.0,1,1,9.8246,1
S01401,OTHH,25.445034,52.035612,E190,regional_jet,1979,fuel,462,normal,1.0,800.0,462.0,712.753972,emergency,OBBI,3956,60,asphalt,ILS,1,1,advanced,1,major,1,1,1,1,1,1,1,open,none,safe,civil,0,167.113612,1977,preferred,2.0,0,2,2.7646,7
S01401,OTHH,25.445034,52.035612,E190,regional_jet,1979,fuel,462,normal,1.0,800.0,462.0,712.753972,emergency,OMAA,4106,60,asphalt,ILS,1,1,advanced,1,major,1,1,1,1,1,1,1,open,none,safe,civil,0,286.182004,2127,preferred,3.0,0,3,1.6144,5
S01401,OTHH,25.445034,52.035612,E190,regional_jet,1979,fuel,462,normal,1.0,800.0,462.0,712.753972,emergency,OMDB,4447,60,asphalt,ILS,1,1,advanced,1,major,1,1,1,1,1,1,1,open,none,safe,civil,1,335.865907,2468,preferred,4.0,0,4,1.3755,3
S01401,OTHH,25.445034,52.035612,E190,regional_jet,1979,fuel,462,normal,1.0,800.0,462.0,712.753972,emergency,OERK,4205,60,asphalt,ILS,1,1,advanced,1,major,1,1,1,1,1,1,1,open,none,safe,civil,0,539.633461,2226,extended,5.0,0,5,0.8561,4
S01401,OTHH,25.445034,52.035612,E190,regional_jet,1979,fuel,462,normal,1.0,800.0,462.0,712.753972,emergency,OKKK,4580,60,asphalt,ILS,1,1,advanced,1,major,1,1,1,1,1,1,1,open,none,safe,civil,0,581.196812,2601,extended,6.0,0,6,0.7949,2
S01401,OTHH,25.445034,52.035612,E190,regional_jet,1979,fuel,462,normal,1.0,800.0,462.0,712.753972,emergency,OOMS,4080,45,asphalt,ILS,1,1,advanced,1,major,1,1,1,1,1,1,1,open,none,safe,civil,0,664.597655,2101,extended,7.0,0,7,0.6952,6
S01406,RJTT,35.708042,139.710536,B777-300ER,wide_body,3071,security,1020,normal,1.0,1500.0,1020.0,1748.307731,emergency,RJAA,4000,60,asphalt,ILS,1,1,advanced,1,major,1,1,1,0,1,1,1,open,none,safe,civil,1,61.57865,929,preferred,1.0,1,2,16.5642,1
S01406,RJTT,35.708042,139.710536,B777-300ER,wide_body,3071,security,1020,normal,1.0,1500.0,1020.0,1748.307731,emergency,RJTT,3360,61,asphalt,ILS,1,1,advanced,1,major,1,1,1,1,1,1,1,open,none,safe,civil,1,18.915428,289,preferred,2.0,0,1,53.9242,4
S01406,RJTT,35.708042,139.710536,B777-300ER,wide_body,3071,security,1020,normal,1.0,1500.0,1020.0,1748.307731,emergency,RKSI,4000,60,asphalt,ILS,1,1,advanced,1,major,1,1,1,1,1,1,1,open,none,safe,civil,1,1198.879278,929,extended,3.0,0,3,0.8508,1
S01406,RJTT,35.708042,139.710536,B777-300ER,wide_body,3071,security,1020,normal,1.0,1500.0,1020.0,1748.307731,emergency,ZSPD,4000,60,concrete,ILS,1,1,advanced,1,major,1,1,1,1,1,1,1,open,none,safe,civil,1,1734.536116,929,extended,4.0,0,4,0.5881,1
S01407,WIMM,3.461619,98.380343,A320,narrow_body,2215,operational_constraints,552,normal,1.0,950.0,552.0,863.434733,emergency,WIMM,3000,60,asphalt,RNAV,1,1,basic,1,basic,1,0,1,1,0,1,1,open,none,safe,civil,0,59.499418,785,preferred,1.0,1,1,9.2774,3
S01407,WIMM,3.461619,98.380343,A320,narrow_body,2215,operational_constraints,552,normal,1.0,950.0,552.0,863.434733,emergency,WMKK,4124,60,asphalt,ILS,1,1,advanced,1,major,1,1,1,1,1,1,1,open,none,safe,civil,0,378.171778,1909,preferred,2.0,0,2,1.4597,1
S01407,WIMM,3.461619,98.380343,A320,narrow_body,2215,operational_constraints,552,normal,1.0,950.0,552.0,863.434733,emergency,WSSS,4000,60,asphalt,ILS,1,1,advanced,1,major,1,1,1,1,1,1,1,open,none,safe,civil,1,666.355064,1785,extended,3.0,0,3,0.8284,2
S01408,WSSS,1.920796,103.945642,B737-800,narrow_body,2255,medical,706,normal,1.0,950.0,706.0,1198.906476,emergency,WSSS,4000,60,asphalt,ILS,1,1,advanced,1,major,1,1,1,1,1,1,1,open,none,safe,civil,1,63.675779,1745,preferred,1.0,1,1,11.0874,2
S01408,WSSS,1.920796,103.945642,B737-800,narrow_body,2255,medical,706,normal,1.0,950.0,706.0,1198.906476,emergency,WMKK,4124,60,asphalt,ILS,1,1,advanced,1,major,1,1,1,1,1,1,1,open,none,safe,civil,0,264.774641,1869,preferred,2.0,0,2,2.6664,1
S01408,WSSS,1.920796,103.945642,B737-800,narrow_body,2255,medical,706,normal,1.0,950.0,706.0,1198.906476,emergency,WIMM,3000,60,asphalt,RNAV,1,1,basic,1,basic,1,0,1,1,0,1,1,open,none,safe,civil,0,593.687028,745,preferred,3.0,0,3,1.1892,3
S01412,LCLK,34.934136,33.373459,A321,narrow_body,2343,mechanical,901,low,0.9,900.0,900.0,1553.502169,aircraft_fuel,LCLK,2987,45,asphalt,ILS,1,0,none,1,basic,1,0,1,1,1,1,1,open,none,safe,civil,0,23.850599,644,preferred,1.0,1,1,37.7349,8
S01412,LCLK,34.934136,33.373459,A321,narrow_body,2343,mechanical,901,low,0.9,900.0,900.0,1553.502169,aircraft_fuel,HECA,4000,60,asphalt,ILS,1,1,basic,1,major,1,1,1,1,1,1,1,open,none,safe,civil,0,567.332469,1657,preferred,2.0,0,3,1.5864,3
S01412,LCLK,34.934136,33.373459,A321,narrow_body,2343,mechanical,901,low,0.9,900.0,900.0,1553.502169,aircraft_fuel,OJAI,3660,61,asphalt,ILS,1,1,advanced,1,major,1,1,1,1,1,1,1,open,none,safe,civil,0,432.118409,1317,preferred,3.0,0,2,2.0828,6
S01412,LCLK,34.934136,33.373459,A321,narrow_body,2343,mechanical,901,low,0.9,900.0,900.0,1553.502169,aircraft_fuel,LTFM,4100,60,asphalt,ILS,1,1,advanced,1,major,1,1,1,1,1,1,0,open,none,safe,civil,0,813.335548,1757,preferred,4.0,0,5,1.1066,2
S01412,LCLK,34.934136,33.373459,A321,narrow_body,2343,mechanical,901,low,0.9,900.0,900.0,1553.502169,aircraft_fuel,LTAC,3750,45,asphalt,ILS,1,1,advanced,1,major,1,1,1,1,1,1,1,open,none,safe,joint,0,578.503622,1407,preferred,5.0,0,4,1.5557,5
S01412,LCLK,34.934136,33.373459,A321,narrow_body,2343,mechanical,901,low,0.9,900.0,900.0,1553.502169,aircraft_fuel,LGAV,4000,45,asphalt,ILS,1,1,advanced,1,major,1,1,1,1,1,1,1,open,none,safe,civil,0,906.619641,1657,extended,6.0,0,6,0.9927,3
S01412,LCLK,34.934136,33.373459,A321,narrow_body,2343,mechanical,901,low,0.9,900.0,900.0,1553.502169,aircraft_fuel,OKKK,4580,60,asphalt,ILS,1,1,advanced,1,major,1,1,1,1,1,1,1,open,none,safe,civil,0,1512.616537,2237,extended,7.0,0,8,0.595,1
S01412,LCLK,34.934136,33.373459,A321,narrow_body,2343,mechanical,901,low,0.9,900.0,900.0,1553.502169,aircraft_fuel,HELX,3000,45,asphalt,RNAV,0,0,none,1,basic,1,0,1,0,0,1,1,open,none,safe,joint,0,1031.992618,657,extended,8.0,0,7,0.8721,7
S01417,EIDW,53.165791,-6.534515,A321,narrow_body,2468,mechanical,1023,normal,1.0,1000.0,1000.0,1660.596628,aircraft_fuel,EIDW,3110,45,concrete,ILS,1,1,advanced,1,major,1,1,1,1,1,1,1,open,none,safe,civil,0,34.386297,642,preferred,1.0,1,1,29.0814,10
S01417,EIDW,53.165791,-6.534515,A321,narrow_body,2468,mechanical,1023,normal,1.0,1000.0,1000.0,1660.596628,aircraft_fuel,EGLL,3901,50,asphalt,ILS,1,1,advanced,1,major,1,1,1,1,1,1,1,open,none,safe,civil,1,453.687108,1433,preferred,2.0,0,3,2.2042,4
S01417,EIDW,53.165791,-6.534515,A321,narrow_body,2468,mechanical,1023,normal,1.0,1000.0,1000.0,1660.596628,aircraft_fuel,LFPG,4215,45,asphalt,ILS,1,1,advanced,1,major,1,1,1,1,1,1,1,open,none,safe,civil,1,784.291705,1747,preferred,3.0,0,6,1.275,2
S01417,EIDW,53.165791,-6.534515,A321,narrow_body,2468,mechanical,1023,normal,1.0,1000.0,1000.0,1660.596628,aircraft_fuel,EHAM,3800,60,asphalt,ILS,1,1,advanced,1,major,1,1,1,1,1,1,1,open,none,safe,civil,1,765.799089,1332,preferred,4.0,0,5,1.3058,5
S01417,EIDW,53.165791,-6.534515,A321,narrow_body,2468,mechanical,1023,normal,1.0,1000.0,1000.0,1660.596628,aircraft_fuel,EGCC,3048,46,asphalt,ILS,1,1,advanced,1,major,1,1,1,1,1,1,1,open,none,safe,civil,1,284.05394,580,preferred,5.0,0,2,3.5205,12
S01417,EIDW,53.165791,-6.534515,A321,narrow_body,2468,mechanical,1023,normal,1.0,1000.0,1000.0,1660.596628,aircraft_fuel,EGKK,3317,45,asphalt,ILS,1,1,advanced,1,major,1,1,1,1,1,1,1,open,none,safe,civil,1,487.486456,849,preferred,6.0,0,4,2.0513,8
S01417,EIDW,53.165791,-6.534515,A321,narrow_body,2468,mechanical,1023,normal,1.0,1000.0,1000.0,1660.596628,aircraft_fuel,EDDF,4000,60,asphalt,ILS,1,1,advanced,1,major,1,1,1,0,1,1,1,open,none,safe,civil,1,1096.935499,1532,extended,7.0,0,7,0.9116,3
S01417,EIDW,53.165791,-6.534515,A321,narrow_body,2468,mechanical,1023,normal,1.0,1000.0,1000.0,1660.596628,aircraft_fuel,LEMD,4350,60,asphalt,ILS,1,1,advanced,1,major,1,1,1,1,1,1,1,open,none,safe,civil,1,1426.688759,1882,extended,8.0,0,9,0.7009,1
S01417,EIDW,53.165791,-6.534515,A321,narrow_body,2468,mechanical,1023,normal,1.0,1000.0,1000.0,1660.596628,aircraft_fuel,LPPT,3707,45,asphalt,ILS,1,1,advanced,1,major,1,1,1,1,1,1,1,open,none,safe,civil,0,1611.787144,1239,extended,9.0,0,11,0.6204,6
S01417,EIDW,53.165791,-6.534515,A321,narrow_body,2468,mechanical,1023,normal,1.0,1000.0,1000.0,1660.596628,aircraft_fuel,ENGM,3600,45,asphalt,ILS,1,1,advanced,1,major,1,1,1,1,1,1,1,open,none,safe,civil,0,1324.038526,1132,extended,10.0,0,8,0.7553,7
S01417,EIDW,53.165791,-6.534515,A321,narrow_body,2468,mechanical,1023,normal,1.0,1000.0,1000.0,1660.596628,aircraft_fuel,ESSA,3301,45,asphalt,ILS,1,1,advanced,1,major,1,1,1,1,1,1,1,open,none,safe,civil,0,1655.942791,833,extended,11.0,0,12,0.6039,9
S01417,EIDW,53.165791,-6.534515,A321,narrow_body,2468,mechanical,1023,normal,1.0,1000.0,1000.0,1660.596628,aircraft_fuel,BIKF,3065,60,asphalt,RNAV,0,1,basic,1,basic,1,0,1,1,1,1,1,open,none,safe,joint,0,1512.597702,597,extended,12.0,0,10,0.6611,11
S01419,VIDP,28.343914,77.52057,E170,regional_jet,1679,operational_constraints,1168,normal,1.0,700.0,700.0,1155.989506,aircraft_fuel,VIDP,4430,60,asphalt,ILS,1,1,advanced,1,major,1,1,1,1,1,1,1,open,none,safe,civil,1,47.788724,2751,preferred,1.0,1,1,14.6478,1
S01419,VIDP,28.343914,77.52057,E170,regional_jet,1679,operational_constraints,1168,normal,1.0,700.0,700.0,1155.989506,aircraft_fuel,OPLA,3360,46,concrete,RNAV,0,0,none,1,basic,1,0,1,1,1,1,1,open,none,caution,civil,0,463.697451,1681,preferred,2.0,0,2,1.5096,4
S01419,VIDP,28.343914,77.52057,E170,regional_jet,1679,operational_constraints,1168,normal,1.0,700.0,700.0,1155.989506,aircraft_fuel,VABB,3509,60,asphalt,ILS,1,1,advanced,1,major,1,1,1,1,1,1,1,open,none,safe,civil,1,1132.554323,1830,extended,3.0,0,5,0.6181,2
S01419,VIDP,28.343914,77.52057,E170,regional_jet,1679,operational_constraints,1168,normal,1.0,700.0,700.0,1155.989506,aircraft_fuel,OPKC,3400,46,concrete,RNAV,0,1,basic,1,basic,1,1,1,1,1,1,1,open,none,caution,civil,0,1097.92428,1721,extended,4.0,0,4,0.6376,3
S01419,VIDP,28.343914,77.52057,E170,regional_jet,1679,operational_constraints,1168,normal,1.0,700.0,700.0,1155.989506,aircraft_fuel,VNKT,3350,45,asphalt,VOR,0,0,none,0,none,0,0,1,1,1,1,1,open,none,caution,civil,0,772.656345,1671,extended,5.0,0,3,0.906,5
S01420,LIRF,41.96779,12.478779,B747-8,very_large,3572,medical,804,normal,1.0,1550.0,804.0,1548.484806,emergency,LIRF,3902,60,asphalt,ILS,1,1,basic,1,major,1,1,1,1,1,1,1,open,none,safe,civil,1,26.114818,330,preferred,1.0,1,1,30.7871,6
S01420,LIRF,41.96779,12.478779,B747-8,very_large,3572,medical,804,normal,1.0,1550.0,804.0,1548.484806,emergency,LEMD,4350,60,asphalt,ILS,1,1,advanced,1,major,1,1,1,1,1,1,1,open,none,safe,civil,1,1350.229762,778,extended,2.0,0,6,0.5955,1
S01420,LIRF,41.96779,12.478779,B747-8,very_large,3572,medical,804,normal,1.0,1550.0,804.0,1548.484806,emergency,LFPG,4215,45,asphalt,ILS,1,1,advanced,1,major,1,1,1,1,1,1,1,open,none,safe,civil,1,1098.953352,643,extended,3.0,0,4,0.7316,2
S01420,LIRF,41.96779,12.478779,B747-8,very_large,3572,medical,804,normal,1.0,1550.0,804.0,1548.484806,emergency,EDDF,4000,60,asphalt,ILS,1,1,advanced,1,major,1,1,1,0,1,1,1,open,none,safe,civil,1,945.552018,428,extended,4.0,0,2,0.8503,4
S01420,LIRF,41.96779,12.478779,B747-8,very_large,3572,medical,804,normal,1.0,1550.0,804.0,1548.484806,emergency,LGAV,4000,45,asphalt,ILS,1,1,advanced,1,major,1,1,1,1,1,1,1,open,none,safe,civil,0,1074.055148,428,extended,5.0,0,3,0.7486,4
S01420,LIRF,41.96779,12.478779,B747-8,very_large,3572,medical,804,normal,1.0,1550.0,804.0,1548.484806,emergency,LTFM,4100,60,asphalt,ILS,1,1,advanced,1,major,1,1,1,1,1,1,0,open,none,safe,civil,0,1351.205954,528,extended,6.0,0,7,0.595,3
S01420,LIRF,41.96779,12.478779,B747-8,very_large,3572,medical,804,normal,1.0,1550.0,804.0,1548.484806,emergency,EGLL,3901,50,asphalt,ILS,1,1,advanced,1,major,1,1,1,1,1,1,1,open,none,safe,civil,1,1441.343548,329,extended,7.0,0,8,0.5578,7
S01420,LIRF,41.96779,12.478779,B747-8,very_large,3572,medical,804,normal,1.0,1550.0,804.0,1548.484806,emergency,EHAM,3800,60,asphalt,ILS,1,1,advanced,1,major,1,1,1,1,1,1,1,open,none,safe,civil,1,1287.72558,228,extended,8.0,0,5,0.6244,8
S01421,CYYZ,44.719293,-80.38451,B737-800,narrow_body,2222,security,737,critical,0.75,712.5,712.5,1184.869422,aircraft_fuel,CYYZ,3389,61,asphalt,ILS,1,1,advanced,1,major,1,1,1,1,1,1,1,open,none,safe,civil,1,130.7014,1167,preferred,1.0,1,1,5.4514,3
S01421,CYYZ,44.719293,-80.38451,B737-800,narrow_body,2222,security,737,critical,0.75,712.5,712.5,1184.869422,aircraft_fuel,KORD,3962,46,concrete,ILS,1,1,advanced,1,major,1,1,1,1,1,1,1,open,none,safe,civil,0,679.80386,1740,preferred,2.0,0,2,1.0481,2
S01421,CYYZ,44.719293,-80.38451,B737-800,narrow_body,2222,security,737,critical,0.75,712.5,712.5,1184.869422,aircraft_fuel,KJFK,4423,61,asphalt,ILS,1,1,advanced,1,major,1,1,1,1,1,1,1,open,none,safe,civil,1,704.814258,2201,preferred,3.0,0,3,1.0109,1
S01422,LFPG,49.598706,3.50014,A320,narrow_body,2290,operational_constraints,864,normal,1.0,950.0,864.0,1494.679803,emergency,LFPG,4215,45,asphalt,ILS,1,1,advanced,1,major,1,1,1,1,1,1,1,open,none,safe,civil,1,94.893317,1925,preferred,1.0,1,1,9.105,2
S01422,LFPG,49.598706,3.50014,A320,narrow_body,2290,operational_constraints,864,normal,1.0,950.0,864.0,1494.679803,emergency,EHAM,3800,60,asphalt,ILS,1,1,advanced,1,major,1,1,1,1,1,1,1,open,none,safe,civil,1,314.047038,1510,preferred,2.0,0,3,2.7512,6
S01422,LFPG,49.598706,3.50014,A320,narrow_body,2290,operational_constraints,864,normal,1.0,950.0,864.0,1494.679803,emergency,EGLL,3901,50,asphalt,ILS,1,1,advanced,1,major,1,1,1,1,1,1,1,open,none,safe,civil,1,348.725314,1611,preferred,3.0,0,4,2.4776,5
S01422,LFPG,49.598706,3.50014,A320,narrow_body,2290,operational_constraints,864,normal,1.0,950.0,864.0,1494.679803,emergency,EDDF,4000,60,asphalt,ILS,1,1,advanced,1,major,1,1,1,0,1,1,1,open,none,safe,civil,1,365.975046,1710,preferred,4.0,0,5,2.3608,3
S01422,LFPG,49.598706,3.50014,A320,narrow_body,2290,operational_constraints,864,normal,1.0,950.0,864.0,1494.679803,emergency,EGKK,3317,45,asphalt,ILS,1,1,advanced,1,major,1,1,1,1,1,1,1,open,none,safe,civil,1,313.044712,1027,preferred,5.0,0,2,2.76,9
S01422,LFPG,49.598706,3.50014,A320,narrow_body,2290,operational_constraints,864,normal,1.0,950.0,864.0,1494.679803,emergency,EGCC,3048,46,asphalt,ILS,1,1,advanced,1,major,1,1,1,1,1,1,1,open,none,safe,civil,1,577.840752,758,preferred,6.0,0,6,1.4952,12
S01422,LFPG,49.598706,3.50014,A320,narrow_body,2290,operational_constraints,864,normal,1.0,950.0,864.0,1494.679803,emergency,EIDW,3110,45,concrete,ILS,1,1,advanced,1,major,1,1,1,1,1,1,1,open,none,safe,civil,0,797.546009,820,preferred,7.0,0,7,1.0833,11
S01422,LFPG,49.598706,3.50014,A320,narrow_body,2290,operational_constraints,864,normal,1.0,950.0,864.0,1494.679803,emergency,LIRF,3902,60,asphalt,ILS,1,1,basic,1,major,1,1,1,1,1,1,1,open,none,safe,civil,1,1099.83079,1612,extended,8.0,0,8,0.7856,4
S01422,LFPG,49.598706,3.50014,A320,narrow_body,2290,operational_constraints,864,normal,1.0,950.0,864.0,1494.679803,emergency,LEMD,4350,60,asphalt,ILS,1,1,advanced,1,major,1,1,1,1,1,1,1,open,none,safe,civil,1,1153.690575,2060,extended,9.0,0,9,0.7489,1
S01422,LFPG,49.598706,3.50014,A320,narrow_body,2290,operational_constraints,864,normal,1.0,950.0,864.0,1494.679803,emergency,ENGM,3600,45,asphalt,ILS,1,1,advanced,1,major,1,1,1,1,1,1,1,open,none,safe,civil,0,1272.469168,1310,extended,10.0,0,10,0.679,7
S01422,LFPG,49.598706,3.50014,A320,narrow_body,2290,operational_constraints,864,normal,1.0,950.0,864.0,1494.679803,emergency,DAAG,3500,60,asphalt,RNAV,0,1,basic,1,basic,1,1,1,1,1,1,0,open,none,safe,civil,0,1435.134697,1210,extended,11.0,0,11,0.602,8
S01422,LFPG,49.598706,3.50014,A320,narrow_body,2290,operational_constraints,864,normal,1.0,950.0,864.0,1494.679803,emergency,ESSA,3301,45,asphalt,ILS,1,1,advanced,1,major,1,1,1,1,1,1,1,open,none,safe,civil,0,1446.768116,1011,extended,12.0,0,12,0.5972,10
S01424,OMAA,24.754832,54.615165,B777-300ER,wide_body,3166,security,1036,normal,1.0,1500.0,1036.0,1786.402089,emergency,OMDB,4447,60,asphalt,ILS,1,1,advanced,1,major,1,1,1,1,1,1,1,open,none,safe,civil,1,93.971294,1281,preferred,1.0,1,2,11.0246,3
S01424,OMAA,24.754832,54.615165,B777-300ER,wide_body,3166,security,1036,normal,1.0,1500.0,1036.0,1786.402089,emergency,OMAA,4106,60,asphalt,ILS,1,1,advanced,1,major,1,1,1,1,1,1,1,open,none,safe,civil,0,35.069904,940,preferred,2.0,0,1,29.541,5
S01424,OMAA,24.754832,54.615165,B777-300ER,wide_body,3166,security,1036,normal,1.0,1500.0,1036.0,1786.402089,emergency,OTHH,4850,60,asphalt,ILS,1,1,advanced,1,major,1,1,1,1,1,1,1,open,none,safe,civil,0,308.435222,1684,preferred,3.0,0,3,3.3589,1
S01424,OMAA,24.754832,54.615165,B777-300ER,wide_body,3166,security,1036,normal,1.0,1500.0,1036.0,1786.402089,emergency,OKKK,4580,60,asphalt,ILS,1,1,advanced,1,major,1,1,1,1,1,1,1,open,none,safe,civil,0,824.66897,1414,preferred,4.0,0,7,1.2563,2
S01424,OMAA,24.754832,54.615165,B777-300ER,wide_body,3166,security,1036,normal,1.0,1500.0,1036.0,1786.402089,emergency,OOMS,4080,45,asphalt,ILS,1,1,advanced,1,major,1,1,1,1,1,1,1,open,none,safe,civil,0,393.794727,914,preferred,5.0,0,4,2.6308,6
S01424,OMAA,24.754832,54.615165,B777-300ER,wide_body,3166,security,1036,normal,1.0,1500.0,1036.0,1786.402089,emergency,OBBI,3956,60,asphalt,ILS,1,1,advanced,1,major,1,1,1,1,1,1,1,open,none,safe,civil,0,433.110286,790,preferred,6.0,0,5,2.392,7
S01424,OMAA,24.754832,54.615165,B777-300ER,wide_body,3166,security,1036,normal,1.0,1500.0,1036.0,1786.402089,emergency,OERK,4205,60,asphalt,ILS,1,1,advanced,1,major,1,1,1,1,1,1,1,open,none,safe,civil,0,798.922417,1039,preferred,7.0,0,6,1.2967,4
S01424,OMAA,24.754832,54.615165,B777-300ER,wide_body,3166,security,1036,normal,1.0,1500.0,1036.0,1786.402089,emergency,OPKC,3400,46,concrete,RNAV,0,1,basic,1,basic,1,1,1,1,1,1,1,open,none,caution,civil,0,1265.709889,234,extended,8.0,0,8,0.8185,8
S01425,ZBAA,40.461569,116.66993,B787-9,wide_body,2851,mechanical,1098,normal,1.0,1400.0,1098.0,1919.919536,emergency,ZBAA,3810,60,asphalt,ILS,1,1,advanced,1,major,1,1,1,1,1,1,1,open,none,safe,civil,1,43.172691,959,preferred,1.0,1,1,25.4327,3
S01425,ZBAA,40.461569,116.66993,B787-9,wide_body,2851,mechanical,1098,normal,1.0,1400.0,1098.0,1919.919536,emergency,RKSI,4000,60,asphalt,ILS,1,1,advanced,1,major,1,1,1,1,1,1,1,open,none,safe,civil,1,908.10861,1149,preferred,2.0,0,2,1.2091,1
S01425,ZBAA,40.461569,116.66993,B787-9,wide_body,2851,mechanical,1098,normal,1.0,1400.0,1098.0,1919.919536,emergency,ZSPD,4000,60,concrete,ILS,1,1,advanced,1,major,1,1,1,1,1,1,1,open,none,safe,civil,1,1134.358824,1149,extended,3.0,0,3,0.9679,1
S01425,ZBAA,40.461569,116.66993,B787-9,wide_body,2851,mechanical,1098,normal,1.0,1400.0,1098.0,1919.919536,emergency,RCTP,3660,60,concrete,ILS,1,1,advanced,1,major,1,1,1,1,1,1,1,open,none,safe,civil,0,1762.303086,809,extended,4.0,0,4,0.623,4
S01426,LPPT,38.009949,-9.689628,A330-300,wide_body,2968,fuel,815,normal,1.0,1300.0,815.0,1504.28014,emergency,LPPT,3707,45,asphalt,ILS,1,1,advanced,1,major,1,1,1,1,1,1,1,open,none,safe,civil,0,98.412096,739,preferred,1.0,1,1,8.2815,3
S01426,LPPT,38.009949,-9.689628,A330-300,wide_body,2968,fuel,815,normal,1.0,1300.0,815.0,1504.28014,emergency,LEMD,4350,60,asphalt,ILS,1,1,advanced,1,major,1,1,1,1,1,1,1,open,none,safe,civil,1,594.544288,1382,preferred,2.0,0,3,1.3708,1
S01426,LPPT,38.009949,-9.689628,A330-300,wide_body,2968,fuel,815,normal,1.0,1300.0,815.0,1504.28014,emergency,GMMN,3720,45,asphalt,ILS,1,1,advanced,1,major,1,1,1,1,1,1,1,open,none,safe,civil,0,549.896261,752,preferred,3.0,0,2,1.4821,2
S01426,LPPT,38.009949,-9.689628,A330-300,wide_body,2968,fuel,815,normal,1.0,1300.0,815.0,1504.28014,emergency,DAAG,3500,60,asphalt,RNAV,0,1,basic,1,basic,1,1,1,1,1,1,0,open,none,safe,civil,0,1149.016312,532,extended,4.0,0,4,0.7093,4
S01427,OERK,25.088343,46.265907,CRJ900,regional_jet,1910,fuel,588,low,0.9,630.0,588.0,847.075629,emergency,OERK,4205,60,asphalt,ILS,1,1,advanced,1,major,1,1,1,1,1,1,1,open,none,safe,civil,0,45.976299,2295,preferred,1.0,1,1,12.7892,3
S01427,OERK,25.088343,46.265907,CRJ900,regional_jet,1910,fuel,588,low,0.9,630.0,588.0,847.075629,emergency,OBBI,3956,60,asphalt,ILS,1,1,advanced,1,major,1,1,1,1,1,1,1,open,none,safe,civil,0,457.269443,2046,preferred,2.0,0,2,1.2859,4
S01427,OERK,25.088343,46.265907,CRJ900,regional_jet,1910,fuel,588,low,0.9,630.0,588.0,847.075629,emergency,OKKK,4580,60,asphalt,ILS,1,1,advanced,1,major,1,1,1,1,1,1,1,open,none,safe,civil,0,489.817697,2670,preferred,3.0,0,3,1.2004,2
S01427,OERK,25.088343,46.265907,CRJ900,regional_jet,1910,fuel,588,low,0.9,630.0,588.0,847.075629,emergency,OTHH,4850,60,asphalt,ILS,1,1,advanced,1,major,1,1,1,1,1,1,1,open,none,safe,civil,0,537.927007,2940,preferred,4.0,0,4,1.0931,1
S01434,ZSPD,30.891943,121.745991,B777-300ER,wide_body,3252,security,970,normal,1.0,1500.0,970.0,1625.894387,emergency,ZSPD,4000,60,concrete,ILS,1,1,advanced,1,major,1,1,1,1,1,1,1,open,none,safe,civil,1,28.520591,748,preferred,1.0,1,1,34.0105,1
S01434,ZSPD,30.891943,121.745991,B777-300ER,wide_body,3252,security,970,normal,1.0,1500.0,970.0,1625.894387,emergency,RKSI,4000,60,asphalt,ILS,1,1,advanced,1,major,1,1,1,1,1,1,1,open,none,safe,civil,1,849.508609,748,preferred,2.0,0,3,1.1418,1
S01434,ZSPD,30.891943,121.745991,B777-300ER,wide_body,3252,security,970,normal,1.0,1500.0,970.0,1625.894387,emergency,RCTP,3660,60,concrete,ILS,1,1,advanced,1,major,1,1,1,1,1,1,1,open,none,safe,civil,0,648.470571,408,preferred,3.0,0,2,1.4958,4
S01434,ZSPD,30.891943,121.745991,B777-300ER,wide_body,3252,security,970,normal,1.0,1500.0,970.0,1625.894387,emergency,ZBAA,3810,60,asphalt,ILS,1,1,advanced,1,major,1,1,1,1,1,1,1,open,none,safe,civil,1,1122.204419,558,extended,4.0,0,4,0.8644,3
S01437,DNAA,8.385878,6.83884,B787-9,wide_body,2844,mechanical,1113,low,0.9,1260.0,1113.0,2034.171359,emergency,DNAA,3609,60,asphalt,RNAV,0,0,none,1,basic,1,0,1,1,1,1,1,open,none,safe,joint,0,83.319776,765,preferred,1.0,1,1,13.3582,2
S01437,DNAA,8.385878,6.83884,B787-9,wide_body,2844,mechanical,1113,low,0.9,1260.0,1113.0,2034.171359,emergency,DNMM,3900,60,asphalt,ILS,1,1,advanced,1,major,1,1,1,1,1,1,1,open,none,caution,civil,0,436.839773,1056,preferred,2.0,0,2,2.5478,1
S01437,DNAA,8.385878,6.83884,B787-9,wide_body,2844,mechanical,1113,low,0.9,1260.0,1113.0,2034.171359,emergency,DGAA,3403,61,asphalt,RNAV,0,0,none,1,basic,1,0,1,1,1,1,0,open,none,safe,civil,0,832.64291,559,preferred,3.0,0,4,1.3367,3
S01437,DNAA,8.385878,6.83884,B787-9,wide_body,2844,mechanical,1113,low,0.9,1260.0,1113.0,2034.171359,emergency,DNKN,3200,46,asphalt,RNAV,0,0,none,1,basic,1,0,1,0,0,1,1,open,none,safe,joint,0,446.992823,356,preferred,4.0,0,3,2.49,4
S01438,LFPG,48.879048,2.901377,A320,narrow_body,2245,technical,759,critical,0.75,712.5,712.5,1182.183169,aircraft_fuel,LFPG,4215,45,asphalt,ILS,1,1,advanced,1,major,1,1,1,1,1,1,1,open,none,safe,civil,1,29.186708,1970,preferred,1.0,1,1,24.4118,2
S01438,LFPG,48.879048,2.901377,A320,narrow_body,2245,technical,759,critical,0.75,712.5,712.5,1182.183169,aircraft_fuel,EGLL,3901,50,asphalt,ILS,1,1,advanced,1,major,1,1,1,1,1,1,1,open,none,safe,civil,1,374.549373,1656,preferred,2.0,0,3,1.9023,5
S01438,LFPG,48.879048,2.901377,A320,narrow_body,2245,technical,759,critical,0.75,712.5,712.5,1182.183169,aircraft_fuel,EHAM,3800,60,asphalt,ILS,1,1,advanced,1,major,1,1,1,1,1,1,1,open,none,safe,civil,1,403.339367,1555,preferred,3.0,0,4,1.7665,6
S01438,LFPG,48.879048,2.901377,A320,narrow_body,2245,technical,759,critical,0.75,712.5,712.5,1182.183169,aircraft_fuel,EDDF,4000,60,asphalt,ILS,1,1,advanced,1,major,1,1,1,0,1,1,1,open,none,safe,civil,1,428.238834,1755,preferred,4.0,0,5,1.6638,3
S01438,LFPG,48.879048,2.901377,A320,narrow_body,2245,technical,759,critical,0.75,712.5,712.5,1182.183169,aircraft_fuel,EGKK,3317,45,asphalt,ILS,1,1,advanced,1,major,1,1,1,1,1,1,1,open,none,safe,civil,1,335.13161,1072,preferred,5.0,0,2,2.126,7
S01438,LFPG,48.879048,2.901377,A320,narrow_body,2245,technical,759,critical,0.75,712.5,712.5,1182.183169,aircraft_fuel,EGCC,3048,46,asphalt,ILS,1,1,advanced,1,major,1,1,1,1,1,1,1,open,none,safe,civil,1,614.566656,803,preferred,6.0,0,6,1.1594,9
S01438,LFPG,48.879048,2.901377,A320,narrow_body,2245,technical,759,critical,0.75,712.5,712.5,1182.183169,aircraft_fuel,LEMD,4350,60,asphalt,ILS,1,1,advanced,1,major,1,1,1,1,1,1,1,open,none,safe,civil,1,1062.724819,2105,extended,7.0,0,8,0.6704,1
S01438,LFPG,48.879048,2.901377,A320,narrow_body,2245,technical,759,critical,0.75,712.5,712.5,1182.183169,aircraft_fuel,LIRF,3902,60,asphalt,ILS,1,1,basic,1,major,1,1,1,1,1,1,1,open,none,safe,civil,1,1072.163918,1657,extended,8.0,0,9,0.6645,4
S01438,LFPG,48.879048,2.901377,A320,narrow_body,2245,technical,759,critical,0.75,712.5,712.5,1182.183169,aircraft_fuel,EIDW,3110,45,concrete,ILS,1,1,advanced,1,major,1,1,1,1,1,1,1,open,none,safe,civil,0,814.037422,865,extended,9.0,0,7,0.8753,8
S01445,OERK,24.586176,46.994132,B737 MAX 8,narrow_body,2489,mechanical,564,low,0.9,900.0,564.0,892.228475,emergency,OERK,4205,60,asphalt,ILS,1,1,advanced,1,major,1,1,1,1,1,1,1,open,none,safe,civil,0,50.939382,1716,preferred,1.0,1,1,11.072,4
S01445,OERK,24.586176,46.994132,B737 MAX 8,narrow_body,2489,mechanical,564,low,0.9,900.0,564.0,892.228475,emergency,OBBI,3956,60,asphalt,ILS,1,1,advanced,1,major,1,1,1,1,1,1,1,open,none,safe,civil,0,410.851331,1467,preferred,2.0,0,2,1.3728,6
S01445,OERK,24.586176,46.994132,B737 MAX 8,narrow_body,2489,mechanical,564,low,0.9,900.0,564.0,892.228475,emergency,OTHH,4850,60,asphalt,ILS,1,1,advanced,1,major,1,1,1,1,1,1,1,open,none,safe,civil,0,471.443707,2361,preferred,3.0,0,3,1.1963,1
S01445,OERK,24.586176,46.994132,B737 MAX 8,narrow_body,2489,mechanical,564,low,0.9,900.0,564.0,892.228475,emergency,OKKK,4580,60,asphalt,ILS,1,1,advanced,1,major,1,1,1,1,1,1,1,open,none,safe,civil,0,524.743596,2091,preferred,4.0,0,4,1.0748,2
S01445,OERK,24.586176,46.994132,B737 MAX 8,narrow_body,2489,mechanical,564,low,0.9,900.0,564.0,892.228475,emergency,OMAA,4106,60,asphalt,ILS,1,1,advanced,1,major,1,1,1,1,1,1,1,open,none,safe,civil,0,774.552118,1617,extended,5.0,0,5,0.7282,5
S01445,OERK,24.586176,46.994132,B737 MAX 8,narrow_body,2489,mechanical,564,low,0.9,900.0,564.0,892.228475,emergency,OMDB,4447,60,asphalt,ILS,1,1,advanced,1,major,1,1,1,1,1,1,1,open,none,safe,civil,1,847.831708,1958,extended,6.0,0,6,0.6652,3
S01450,HECA,30.418782,30.963949,B737 MAX 8,narrow_body,2468,weather,825,low,0.9,900.0,825.0,1369.090199,emergency,HECA,4000,60,asphalt,ILS,1,1,basic,1,major,1,1,1,1,1,1,1,open,none,safe,civil,0,53.800321,1532,preferred,1.0,1,1,15.3345,2
S01450,HECA,30.418782,30.963949,B737 MAX 8,narrow_body,2468,weather,825,low,0.9,900.0,825.0,1369.090199,emergency,OJAI,3660,61,asphalt,ILS,1,1,advanced,1,major,1,1,1,1,1,1,1,open,none,safe,civil,0,500.39508,1192,preferred,2.0,0,2,1.6487,5
S01450,HECA,30.418782,30.963949,B737 MAX 8,narrow_body,2468,weather,825,low,0.9,900.0,825.0,1369.090199,emergency,LGAV,4000,45,asphalt,ILS,1,1,advanced,1,major,1,1,1,1,1,1,1,open,none,safe,civil,0,1055.528213,1532,extended,3.0,0,5,0.7816,2
S01450,HECA,30.418782,30.963949,B737 MAX 8,narrow_body,2468,weather,825,low,0.9,900.0,825.0,1369.090199,emergency,LTFM,4100,60,asphalt,ILS,1,1,advanced,1,major,1,1,1,1,1,1,0,open,none,safe,civil,0,1223.660481,1632,extended,4.0,0,7,0.6742,1
S01450,HECA,30.418782,30.963949,B737 MAX 8,narrow_body,2468,weather,825,low,0.9,900.0,825.0,1369.090199,emergency,LCLK,2987,45,asphalt,ILS,1,0,none,1,basic,1,0,1,1,1,1,1,open,none,safe,civil,0,554.559705,519,preferred,5.0,0,3,1.4877,7
S01450,HECA,30.418782,30.963949,B737 MAX 8,narrow_body,2468,weather,825,low,0.9,900.0,825.0,1369.090199,emergency,HELX,3000,45,asphalt,RNAV,0,0,none,1,basic,1,0,1,0,0,1,1,open,none,safe,joint,0,554.910781,532,preferred,6.0,0,4,1.4867,6
S01450,HECA,30.418782,30.963949,B737 MAX 8,narrow_body,2468,weather,825,low,0.9,900.0,825.0,1369.090199,emergency,LTAC,3750,45,asphalt,ILS,1,1,advanced,1,major,1,1,1,1,1,1,1,open,none,safe,joint,0,1095.165928,1282,extended,7.0,0,6,0.7533,4
S01452,VABB,19.664788,73.062272,A330-300,wide_body,2959,technical,843,low,0.9,1170.0,843.0,1633.279266,emergency,VABB,3509,60,asphalt,ILS,1,1,advanced,1,major,1,1,1,1,1,1,1,open,none,safe,civil,1,67.224751,550,preferred,1.0,1,1,12.54,3
S01452,VABB,19.664788,73.062272,A330-300,wide_body,2959,technical,843,low,0.9,1170.0,843.0,1633.279266,emergency,VIDP,4430,60,asphalt,ILS,1,1,advanced,1,major,1,1,1,1,1,1,1,open,none,safe,civil,1,1069.74489,1471,extended,2.0,0,3,0.788,1
S01452,VABB,19.664788,73.062272,A330-300,wide_body,2959,technical,843,low,0.9,1170.0,843.0,1633.279266,emergency,OOMS,4080,45,asphalt,ILS,1,1,advanced,1,major,1,1,1,1,1,1,1,open,none,safe,civil,0,1587.866467,1121,extended,3.0,0,6,0.5309,2
S01452,VABB,19.664788,73.062272,A330-300,wide_body,2959,technical,843,low,0.9,1170.0,843.0,1633.279266,emergency,OPKC,3400,46,concrete,RNAV,0,1,basic,1,basic,1,1,1,1,1,1,1,open,none,caution,civil,0,841.410587,441,preferred,4.0,0,2,1.0019,4
S01452,VABB,19.664788,73.062272,A330-300,wide_body,2959,technical,843,low,0.9,1170.0,843.0,1633.279266,emergency,OPLA,3360,46,concrete,RNAV,0,0,none,1,basic,1,0,1,1,1,1,1,open,none,caution,civil,0,1325.220568,401,extended,5.0,0,4,0.6361,5
S01452,VABB,19.664788,73.062272,A330-300,wide_body,2959,technical,843,low,0.9,1170.0,843.0,1633.279266,emergency,VNKT,3350,45,asphalt,VOR,0,0,none,0,none,0,0,1,1,1,1,1,open,none,caution,civil,0,1536.4325,391,extended,6.0,0,5,0.5487,6
S01458,RJCC,42.673781,142.506703,B767-300ER,wide_body,2929,technical,970,normal,1.0,1250.0,970.0,1640.054079,emergency,RJAA,4000,60,asphalt,ILS,1,1,advanced,1,major,1,1,1,0,1,1,1,open,none,safe,civil,1,789.125393,1071,preferred,1.0,1,2,1.2292,1
S01458,RJCC,42.673781,142.506703,B767-300ER,wide_body,2929,technical,970,normal,1.0,1250.0,970.0,1640.054079,emergency,RJCC,3000,61,asphalt,RNAV,0,1,basic,1,basic,1,1,1,1,1,1,1,open,none,safe,joint,0,67.618415,71,preferred,2.0,0,1,14.3452,4
S01458,RJCC,42.673781,142.506703,B767-300ER,wide_body,2929,technical,970,normal,1.0,1250.0,970.0,1640.054079,emergency,RJTT,3360,61,asphalt,ILS,1,1,advanced,1,major,1,1,1,1,1,1,1,open,none,safe,civil,1,826.057326,431,preferred,3.0,0,3,1.1743,3
S01458,RJCC,42.673781,142.506703,B767-300ER,wide_body,2929,technical,970,normal,1.0,1250.0,970.0,1640.054079,emergency,RKSI,4000,60,asphalt,ILS,1,1,advanced,1,major,1,1,1,1,1,1,1,open,none,safe,civil,1,1480.654537,1071,extended,4.0,0,4,0.6551,1
S01462,WSSS,1.174579,104.212523,E170,regional_jet,1784,operational_constraints,897,critical,0.75,525.0,525.0,754.41059,aircraft_fuel,WSSS,4000,60,asphalt,ILS,1,1,advanced,1,major,1,1,1,1,1,1,1,open,none,safe,civil,1,31.167722,2216,preferred,1.0,1,1,16.8443,2
S01462,WSSS,1.174579,104.212523,E170,regional_jet,1784,operational_constraints,897,critical,0.75,525.0,525.0,754.41059,aircraft_fuel,WMKK,4124,60,asphalt,ILS,1,1,advanced,1,major,1,1,1,1,1,1,1,open,none,safe,civil,0,328.410214,2340,preferred,2.0,0,2,1.5986,1
S01462,WSSS,1.174579,104.212523,E170,regional_jet,1784,operational_constraints,897,critical,0.75,525.0,525.0,754.41059,aircraft_fuel,WIMM,3000,60,asphalt,RNAV,1,1,basic,1,basic,1,0,1,1,0,1,1,open,none,safe,civil,0,652.284914,1216,extended,3.0,0,3,0.8049,3
S01463,OBBI,26.219245,50.239373,A330-300,wide_body,2840,medical,699,low,0.9,1170.0,699.0,1149.73956,emergency,OBBI,3956,60,asphalt,ILS,1,1,advanced,1,major,1,1,1,1,1,1,1,open,none,safe,civil,0,40.078268,1116,preferred,1.0,1,1,17.4409,7
S01463,OBBI,26.219245,50.239373,A330-300,wide_body,2840,medical,699,low,0.9,1170.0,699.0,1149.73956,emergency,OTHH,4850,60,asphalt,ILS,1,1,advanced,1,major,1,1,1,1,1,1,1,open,none,safe,civil,0,172.800731,2010,preferred,2.0,0,2,4.0451,1
S01463,OBBI,26.219245,50.239373,A330-300,wide_body,2840,medical,699,low,0.9,1170.0,699.0,1149.73956,emergency,OKKK,4580,60,asphalt,ILS,1,1,advanced,1,major,1,1,1,1,1,1,1,open,none,safe,civil,0,401.934819,1740,preferred,3.0,0,4,1.7391,2
S01463,OBBI,26.219245,50.239373,A330-300,wide_body,2840,medical,699,low,0.9,1170.0,699.0,1149.73956,emergency,OERK,4205,60,asphalt,ILS,1,1,advanced,1,major,1,1,1,1,1,1,1,open,none,safe,civil,0,381.767996,1365,preferred,4.0,0,3,1.831,4
S01463,OBBI,26.219245,50.239373,A330-300,wide_body,2840,medical,699,low,0.9,1170.0,699.0,1149.73956,emergency,OMDB,4447,60,asphalt,ILS,1,1,advanced,1,major,1,1,1,1,1,1,1,open,none,safe,civil,1,525.154537,1607,preferred,5.0,0,6,1.331,3
S01463,OBBI,26.219245,50.239373,A330-300,wide_body,2840,medical,699,low,0.9,1170.0,699.0,1149.73956,emergency,OMAA,4106,60,asphalt,ILS,1,1,advanced,1,major,1,1,1,1,1,1,1,open,none,safe,civil,0,485.274184,1266,preferred,6.0,0,5,1.4404,5
S01463,OBBI,26.219245,50.239373,A330-300,wide_body,2840,medical,699,low,0.9,1170.0,699.0,1149.73956,emergency,OOMS,4080,45,asphalt,ILS,1,1,advanced,1,major,1,1,1,1,1,1,1,open,none,safe,civil,0,861.89053,1240,extended,7.0,0,7,0.811,6
S01464,DGAA,6.029905,-0.291183,A321,narrow_body,2458,security,863,low,0.9,900.0,863.0,1393.318986,emergency,DGAA,3403,61,asphalt,RNAV,0,0,none,1,basic,1,0,1,1,1,1,0,open,none,safe,civil,0,49.190201,945,preferred,1.0,1,1,17.5441,3
S01464,DGAA,6.029905,-0.291183,A321,narrow_body,2458,security,863,low,0.9,900.0,863.0,1393.318986,emergency,DNMM,3900,60,asphalt,ILS,1,1,advanced,1,major,1,1,1,1,1,1,1,open,none,caution,civil,0,403.857686,1442,preferred,2.0,0,2,2.1369,1
S01464,DGAA,6.029905,-0.291183,A321,narrow_body,2458,security,863,low,0.9,900.0,863.0,1393.318986,emergency,DNAA,3609,60,asphalt,RNAV,0,0,none,1,basic,1,0,1,1,1,1,1,open,none,safe,joint,0,896.057302,1151,extended,3.0,0,3,0.9631,2
S01464,DGAA,6.029905,-0.291183,A321,narrow_body,2458,security,863,low,0.9,900.0,863.0,1393.318986,emergency,DNKN,3200,46,asphalt,RNAV,0,0,none,1,basic,1,0,1,0,0,1,1,open,none,safe,joint,0,1176.430418,742,extended,4.0,0,4,0.7336,4
S01465,LTAC,40.604053,32.830502,A320,narrow_body,2354,mechanical,599,critical,0.75,712.5,599.0,995.668475,emergency,LTAC,3750,45,asphalt,ILS,1,1,advanced,1,major,1,1,1,1,1,1,1,open,none,safe,joint,0,54.729766,1396,preferred,1.0,1,1,10.9447,3
S01465,LTAC,40.604053,32.830502,A320,narrow_body,2354,mechanical,599,critical,0.75,712.5,599.0,995.668475,emergency,LTFM,4100,60,asphalt,ILS,1,1,advanced,1,major,1,1,1,1,1,1,0,open,none,safe,civil,0,352.201572,1746,preferred,2.0,0,2,1.7007,1
S01465,LTAC,40.604053,32.830502,A320,narrow_body,2354,mechanical,599,critical,0.75,712.5,599.0,995.668475,emergency,LGAV,4000,45,asphalt,ILS,1,1,advanced,1,major,1,1,1,1,1,1,1,open,none,safe,civil,0,819.959608,1646,extended,3.0,0,4,0.7305,2
S01465,LTAC,40.604053,32.830502,A320,narrow_body,2354,mechanical,599,critical,0.75,712.5,599.0,995.668475,emergency,LCLK,2987,45,asphalt,ILS,1,0,none,1,basic,1,0,1,1,1,1,1,open,none,safe,civil,0,640.84021,633,extended,4.0,0,3,0.9347,4
S01466,EGCC,52.95533,-4.164195,B737-800,narrow_body,2260,medical,897,low,0.9,855.0,855.0,1339.091318,aircraft_fuel,EGLL,3901,50,asphalt,ILS,1,1,advanced,1,major,1,1,1,1,1,1,1,open,none,safe,civil,1,301.515679,1641,preferred,1.0,1,3,2.8357,3
S01466,EGCC,52.95533,-4.164195,B737-800,narrow_body,2260,medical,897,low,0.9,855.0,855.0,1339.091318,aircraft_fuel,EIDW,3110,45,concrete,ILS,1,1,advanced,1,major,1,1,1,1,1,1,1,open,none,safe,civil,0,149.341952,850,preferred,2.0,0,2,5.7251,7
S01466,EGCC,52.95533,-4.164195,B737-800,narrow_body,2260,medical,897,low,0.9,855.0,855.0,1339.091318,aircraft_fuel,EGCC,3048,46,asphalt,ILS,1,1,advanced,1,major,1,1,1,1,1,1,1,open,none,safe,civil,1,133.530713,788,preferred,3.0,0,1,6.403,8
S01466,EGCC,52.95533,-4.164195,B737-800,narrow_body,2260,medical,897,low,0.9,855.0,855.0,1339.091318,aircraft_fuel,EHAM,3800,60,asphalt,ILS,1,1,advanced,1,major,1,1,1,1,1,1,1,open,none,safe,civil,1,606.411119,1540,preferred,4.0,0,5,1.4099,4
S01466,EGCC,52.95533,-4.164195,B737-800,narrow_body,2260,medical,897,low,0.9,855.0,855.0,1339.091318,aircraft_fuel,LFPG,4215,45,asphalt,ILS,1,1,advanced,1,major,1,1,1,1,1,1,1,open,none,safe,civil,1,642.737141,1955,preferred,5.0,0,6,1.3302,1
S01466,EGCC,52.95533,-4.164195,B737-800,narrow_body,2260,medical,897,low,0.9,855.0,855.0,1339.091318,aircraft_fuel,EGKK,3317,45,asphalt,ILS,1,1,advanced,1,major,1,1,1,1,1,1,1,open,none,safe,civil,1,338.091876,1057,preferred,6.0,0,4,2.5289,6
S01466,EGCC,52.95533,-4.164195,B737-800,narrow_body,2260,medical,897,low,0.9,855.0,855.0,1339.091318,aircraft_fuel,EDDF,4000,60,asphalt,ILS,1,1,advanced,1,major,1,1,1,0,1,1,1,open,none,safe,civil,1,937.546358,1740,extended,7.0,0,7,0.912,2
S01466,EGCC,52.95533,-4.164195,B737-800,narrow_body,2260,medical,897,low,0.9,855.0,855.0,1339.091318,aircraft_fuel,ENGM,3600,45,asphalt,ILS,1,1,advanced,1,major,1,1,1,1,1,1,1,open,none,safe,civil,0,1228.52949,1340,extended,8.0,0,8,0.696,5
S01467,EHAM,52.740009,5.477185,B737-800,narrow_body,2207,mechanical,1004,low,0.9,855.0,855.0,1301.196309,aircraft_fuel,EHAM,3800,60,asphalt,ILS,1,1,advanced,1,major,1,1,1,1,1,1,1,open,none,safe,civil,1,68.042763,1593,preferred,1.0,1,1,12.5656,4
S01467,EHAM,52.740009,5.477185,B737-800,narrow_body,2207,mechanical,1004,low,0.9,855.0,855.0,1301.196309,aircraft_fuel,EDDF,4000,60,asphalt,ILS,1,1,advanced,1,major,1,1,1,0,1,1,1,open,none,safe,civil,1,369.718741,1793,preferred,2.0,0,2,2.3126,2
S01467,EHAM,52.740009,5.477185,B737-800,narrow_body,2207,mechanical,1004,low,0.9,855.0,855.0,1301.196309,aircraft_fuel,EGLL,3901,50,asphalt,ILS,1,1,advanced,1,major,1,1,1,1,1,1,1,open,none,safe,civil,1,429.193409,1694,preferred,3.0,0,4,1.9921,3
S01467,EHAM,52.740009,5.477185,B737-800,narrow_body,2207,mechanical,1004,low,0.9,855.0,855.0,1301.196309,aircraft_fuel,LFPG,4215,45,asphalt,ILS,1,1,advanced,1,major,1,1,1,1,1,1,1,open,none,safe,civil,1,462.708199,2008,preferred,4.0,0,5,1.8478,1
S01467,EHAM,52.740009,5.477185,B737-800,narrow_body,2207,mechanical,1004,low,0.9,855.0,855.0,1301.196309,aircraft_fuel,EGKK,3317,45,asphalt,ILS,1,1,advanced,1,major,1,1,1,1,1,1,1,open,none,safe,civil,1,426.427315,1110,preferred,5.0,0,3,2.005,6
S01467,EHAM,52.740009,5.477185,B737-800,narrow_body,2207,mechanical,1004,low,0.9,855.0,855.0,1301.196309,aircraft_fuel,EGCC,3048,46,asphalt,ILS,1,1,advanced,1,major,1,1,1,1,1,1,1,open,none,safe,civil,1,522.408715,841,preferred,6.0,0,6,1.6366,9
S01467,EHAM,52.740009,5.477185,B737-800,narrow_body,2207,mechanical,1004,low,0.9,855.0,855.0,1301.196309,aircraft_fuel,EIDW,3110,45,concrete,ILS,1,1,advanced,1,major,1,1,1,1,1,1,1,open,none,safe,civil,0,786.872068,903,preferred,7.0,0,7,1.0866,8
S01467,EHAM,52.740009,5.477185,B737-800,narrow_body,2207,mechanical,1004,low,0.9,855.0,855.0,1301.196309,aircraft_fuel,ENGM,3600,45,asphalt,ILS,1,1,advanced,1,major,1,1,1,1,1,1,1,open,none,safe,civil,0,897.157375,1393,extended,8.0,0,8,0.953,5
S01467,EHAM,52.740009,5.477185,B737-800,narrow_body,2207,mechanical,1004,low,0.9,855.0,855.0,1301.196309,aircraft_fuel,ESSA,3301,45,asphalt,ILS,1,1,advanced,1,major,1,1,1,1,1,1,1,open,none,safe,civil,0,1084.618218,1094,extended,9.0,0,9,0.7883,7
S01468,LFPG,48.399208,2.670487,A319,narrow_body,2096,medical,693,low,0.9,810.0,693.0,1154.239145,emergency,LFPG,4215,45,asphalt,ILS,1,1,advanced,1,major,1,1,1,1,1,1,1,open,none,safe,civil,1,68.336967,2119,preferred,1.0,1,1,10.1409,2
S01468,LFPG,48.399208,2.670487,A319,narrow_body,2096,medical,693,low,0.9,810.0,693.0,1154.239145,emergency,EGLL,3901,50,asphalt,ILS,1,1,advanced,1,major,1,1,1,1,1,1,1,open,none,safe,civil,1,408.382063,1805,preferred,2.0,0,3,1.6969,5
S01468,LFPG,48.399208,2.670487,A319,narrow_body,2096,medical,693,low,0.9,810.0,693.0,1154.239145,emergency,EHAM,3800,60,asphalt,ILS,1,1,advanced,1,major,1,1,1,1,1,1,1,open,none,safe,civil,1,459.324781,1704,preferred,3.0,0,4,1.5087,6
S01468,LFPG,48.399208,2.670487,A319,narrow_body,2096,medical,693,low,0.9,810.0,693.0,1154.239145,emergency,EDDF,4000,60,asphalt,ILS,1,1,advanced,1,major,1,1,1,0,1,1,1,open,none,safe,civil,1,464.228724,1904,preferred,4.0,0,5,1.4928,3
S01468,LFPG,48.399208,2.670487,A319,narrow_body,2096,medical,693,low,0.9,810.0,693.0,1154.239145,emergency,EGKK,3317,45,asphalt,ILS,1,1,advanced,1,major,1,1,1,1,1,1,1,open,none,safe,civil,1,368.096551,1221,preferred,5.0,0,2,1.8827,7
S01468,LFPG,48.399208,2.670487,A319,narrow_body,2096,medical,693,low,0.9,810.0,693.0,1154.239145,emergency,EGCC,3048,46,asphalt,ILS,1,1,advanced,1,major,1,1,1,1,1,1,1,open,none,safe,civil,1,650.732537,952,preferred,6.0,0,6,1.065,9
S01468,LFPG,48.399208,2.670487,A319,narrow_body,2096,medical,693,low,0.9,810.0,693.0,1154.239145,emergency,LEMD,4350,60,asphalt,ILS,1,1,advanced,1,major,1,1,1,1,1,1,1,open,none,safe,civil,1,1008.335702,2254,extended,7.0,0,8,0.6873,1
S01468,LFPG,48.399208,2.670487,A319,narrow_body,2096,medical,693,low,0.9,810.0,693.0,1154.239145,emergency,LIRF,3902,60,asphalt,ILS,1,1,basic,1,major,1,1,1,1,1,1,1,open,none,safe,civil,1,1048.848601,1806,extended,8.0,0,9,0.6607,4
S01468,LFPG,48.399208,2.670487,A319,narrow_body,2096,medical,693,low,0.9,810.0,693.0,1154.239145,emergency,EIDW,3110,45,concrete,ILS,1,1,advanced,1,major,1,1,1,1,1,1,1,open,none,safe,civil,0,838.489448,1014,extended,9.0,0,7,0.8265,8
S01469,LPPT,38.659347,-8.740068,A380-800,very_large,3678,mechanical,901,low,0.9,1440.0,901.0,1659.922365,emergency,LPPT,3707,45,asphalt,ILS,1,1,advanced,1,major,1,1,1,1,1,1,1,open,none,safe,civil,0,36.922547,29,preferred,1.0,1,1,24.4024,5
S01469,LPPT,38.659347,-8.740068,A380-800,very_large,3678,mechanical,901,low,0.9,1440.0,901.0,1659.922365,emergency,LEMD,4350,60,asphalt,ILS,1,1,advanced,1,major,1,1,1,1,1,1,1,open,none,safe,civil,1,487.503261,672,preferred,2.0,0,2,1.8482,1
S01469,LPPT,38.659347,-8.740068,A380-800,very_large,3678,mechanical,901,low,0.9,1440.0,901.0,1659.922365,emergency,GMMN,3720,45,asphalt,ILS,1,1,advanced,1,major,1,1,1,1,1,1,1,open,none,safe,civil,0,597.433316,42,preferred,3.0,0,3,1.5081,4
S01469,LPPT,38.659347,-8.740068,A380-800,very_large,3678,mechanical,901,low,0.9,1440.0,901.0,1659.922365,emergency,LFPG,4215,45,asphalt,ILS,1,1,advanced,1,major,1,1,1,1,1,1,1,open,none,safe,civil,1,1461.291399,537,extended,4.0,0,4,0.6166,2
S01469,LPPT,38.659347,-8.740068,A380-800,very_large,3678,mechanical,901,low,0.9,1440.0,901.0,1659.922365,emergency,EGLL,3901,50,asphalt,ILS,1,1,advanced,1,major,1,1,1,1,1,1,1,open,none,safe,civil,1,1563.588298,223,extended,5.0,0,5,0.5762,3
S01474,RKSI,36.902662,126.995526,B767-300ER,wide_body,2978,technical,956,normal,1.0,1250.0,956.0,1601.170493,emergency,RKSI,4000,60,asphalt,ILS,1,1,advanced,1,major,1,1,1,1,1,1,1,open,none,safe,civil,1,79.334629,1022,preferred,1.0,1,1,12.0502,1
S01474,RKSI,36.902662,126.995526,B767-300ER,wide_body,2978,technical,956,normal,1.0,1250.0,956.0,1601.170493,emergency,ZSPD,4000,60,concrete,ILS,1,1,advanced,1,major,1,1,1,1,1,1,1,open,none,safe,civil,1,799.020487,1022,preferred,2.0,0,2,1.1965,1
S01474,RKSI,36.902662,126.995526,B767-300ER,wide_body,2978,technical,956,normal,1.0,1250.0,956.0,1601.170493,emergency,RJAA,4000,60,asphalt,ILS,1,1,advanced,1,major,1,1,1,0,1,1,1,open,none,safe,civil,1,1205.285524,1022,extended,3.0,0,5,0.7932,1
S01474,RKSI,36.902662,126.995526,B767-300ER,wide_body,2978,technical,956,normal,1.0,1250.0,956.0,1601.170493,emergency,ZBAA,3810,60,asphalt,ILS,1,1,advanced,1,major,1,1,1,1,1,1,1,open,none,safe,civil,1,970.698716,832,extended,4.0,0,3,0.9849,4
S01474,RKSI,36.902662,126.995526,B767-300ER,wide_body,2978,technical,956,normal,1.0,1250.0,956.0,1601.170493,emergency,RCTP,3660,60,concrete,ILS,1,1,advanced,1,major,1,1,1,1,1,1,1,open,none,safe,civil,0,1424.192337,682,extended,5.0,0,7,0.6713,5
S01474,RKSI,36.902662,126.995526,B767-300ER,wide_body,2978,technical,956,normal,1.0,1250.0,956.0,1601.170493,emergency,RJTT,3360,61,asphalt,ILS,1,1,advanced,1,major,1,1,1,1,1,1,1,open,none,safe,civil,1,1156.314383,382,extended,6.0,0,4,0.8268,6
S01474,RKSI,36.902662,126.995526,B767-300ER,wide_body,2978,technical,956,normal,1.0,1250.0,956.0,1601.170493,emergency,RJCC,3000,61,asphalt,RNAV,0,1,basic,1,basic,1,1,1,1,1,1,1,open,none,safe,joint,0,1411.635873,22,extended,7.0,0,6,0.6772,7
S01475,RJTT,36.093602,139.859888,B777-300ER,wide_body,3328,operational_constraints,955,low,0.9,1350.0,955.0,1719.099655,emergency,RJAA,4000,60,asphalt,ILS,1,1,advanced,1,major,1,1,1,0,1,1,1,open,none,safe,civil,1,59.776471,672,preferred,1.0,1,1,15.9762,1
S01475,RJTT,36.093602,139.859888,B777-300ER,wide_body,3328,operational_constraints,955,low,0.9,1350.0,955.0,1719.099655,emergency,RJTT,3360,61,asphalt,ILS,1,1,advanced,1,major,1,1,1,1,1,1,1,open,none,safe,civil,1,60.837972,32,preferred,2.0,0,2,15.6974,3
S01475,RJTT,36.093602,139.859888,B777-300ER,wide_body,3328,operational_constraints,955,low,0.9,1350.0,955.0,1719.099655,emergency,RKSI,4000,60,asphalt,ILS,1,1,advanced,1,major,1,1,1,1,1,1,1,open,none,safe,civil,1,1202.888034,672,extended,3.0,0,3,0.7939,1
S01476,DNKN,12.211845,9.369812,E190,regional_jet,1899,technical,1009,normal,1.0,800.0,800.0,1272.099119,aircraft_fuel,DNKN,3200,46,asphalt,RNAV,0,0,none,1,basic,1,0,1,0,0,1,1,open,none,safe,joint,0,93.680277,1301,preferred,1.0,1,1,8.5397,3
S01476,DNKN,12.211845,9.369812,E190,regional_jet,1899,technical,1009,normal,1.0,800.0,800.0,1272.099119,aircraft_fuel,DNAA,3609,60,asphalt,RNAV,0,0,none,1,basic,1,0,1,1,1,1,1,open,none,safe,joint,0,424.272884,1710,preferred,2.0,0,2,1.8856,2
S01476,DNKN,12.211845,9.369812,E190,regional_jet,1899,technical,1009,normal,1.0,800.0,800.0,1272.099119,aircraft_fuel,DNMM,3900,60,asphalt,ILS,1,1,advanced,1,major,1,1,1,1,1,1,1,open,none,caution,civil,0,912.386101,2001,extended,3.0,0,3,0.8768,1
S01480,EFHK,60.595032,26.436823,E175,regional_jet,1818,fuel,699,critical,0.75,562.5,562.5,853.014406,aircraft_fuel,EFHK,3440,60,asphalt,ILS,1,1,advanced,1,major,1,1,1,1,1,1,1,open,none,safe,civil,0,86.445214,1622,preferred,1.0,1,1,6.507,4
S01480,EFHK,60.595032,26.436823,E175,regional_jet,1818,fuel,699,critical,0.75,562.5,562.5,853.014406,aircraft_fuel,ESSA,3301,45,asphalt,ILS,1,1,advanced,1,major,1,1,1,1,1,1,1,open,none,safe,civil,0,482.519893,1483,preferred,2.0,0,3,1.1658,5
S01480,EFHK,60.595032,26.436823,E175,regional_jet,1818,fuel,699,critical,0.75,562.5,562.5,853.014406,aircraft_fuel,ULLI,3780,60,concrete,ILS,1,1,advanced,1,major,1,1,1,1,1,1,1,open,none,caution,civil,0,229.107714,1962,preferred,3.0,0,2,2.4552,1
S01480,EFHK,60.595032,26.436823,E175,regional_jet,1818,fuel,699,critical,0.75,562.5,562.5,853.014406,aircraft_fuel,ENGM,3600,45,asphalt,ILS,1,1,advanced,1,major,1,1,1,1,1,1,1,open,none,safe,civil,0,841.739925,1782,extended,4.0,0,5,0.6683,3
S01480,EFHK,60.595032,26.436823,E175,regional_jet,1818,fuel,699,critical,0.75,562.5,562.5,853.014406,aircraft_fuel,UUEE,3700,60,concrete,ILS,1,1,advanced,1,major,1,1,1,1,1,1,1,open,none,caution,civil,0,819.952722,1882,extended,5.0,0,4,0.686,2
S01481,RCTP,24.878555,121.927626,B787-9,wide_body,2770,weather,1212,normal,1.0,1400.0,1212.0,2146.664074,emergency,RCTP,3660,60,concrete,ILS,1,1,advanced,1,major,1,1,1,1,1,1,1,open,none,safe,civil,0,73.432681,890,preferred,1.0,1,1,16.5049,6
S01481,RCTP,24.878555,121.927626,B787-9,wide_body,2770,weather,1212,normal,1.0,1400.0,1212.0,2146.664074,emergency,ZSPD,4000,60,concrete,ILS,1,1,advanced,1,major,1,1,1,1,1,1,1,open,none,safe,civil,1,696.722795,1230,preferred,2.0,0,2,1.7396,1
S01481,RCTP,24.878555,121.927626,B787-9,wide_body,2770,weather,1212,normal,1.0,1400.0,1212.0,2146.664074,emergency,RKSI,4000,60,asphalt,ILS,1,1,advanced,1,major,1,1,1,1,1,1,1,open,none,safe,civil,1,1464.110049,1230,extended,3.0,0,4,0.8278,1
S01481,RCTP,24.878555,121.927626,B787-9,wide_body,2770,weather,1212,normal,1.0,1400.0,1212.0,2146.664074,emergency,RJAA,4000,60,asphalt,ILS,1,1,advanced,1,major,1,1,1,0,1,1,1,open,none,safe,civil,1,2140.064424,1230,extended,4.0,0,7,0.5663,1
S01481,RCTP,24.878555,121.927626,B787-9,wide_body,2770,weather,1212,normal,1.0,1400.0,1212.0,2146.664074,emergency,RPLL,3737,60,concrete,ILS,1,1,basic,1,basic,1,1,1,1,1,1,1,open,none,caution,civil,0,1156.980093,967,preferred,5.0,0,3,1.0476,5
S01481,RCTP,24.878555,121.927626,B787-9,wide_body,2770,weather,1212,normal,1.0,1400.0,1212.0,2146.664074,emergency,ZBAA,3810,60,asphalt,ILS,1,1,advanced,1,major,1,1,1,1,1,1,1,open,none,safe,civil,1,1761.517815,1040,extended,6.0,0,5,0.688,4
S01481,RCTP,24.878555,121.927626,B787-9,wide_body,2770,weather,1212,normal,1.0,1400.0,1212.0,2146.664074,emergency,RJTT,3360,61,asphalt,ILS,1,1,advanced,1,major,1,1,1,1,1,1,1,open,none,safe,civil,1,2080.771953,590,extended,7.0,0,6,0.5825,7
S01483,OKKK,28.769587,48.13565,B767-300ER,wide_body,2986,technical,938,normal,1.0,1250.0,938.0,1611.634307,emergency,OKKK,4580,60,asphalt,ILS,1,1,advanced,1,major,1,1,1,1,1,1,1,open,none,safe,civil,0,53.091689,1594,preferred,1.0,1,1,17.6675,2
S01483,OKKK,28.769587,48.13565,B767-300ER,wide_body,2986,technical,938,normal,1.0,1250.0,938.0,1611.634307,emergency,OTHH,4850,60,asphalt,ILS,1,1,advanced,1,major,1,1,1,1,1,1,1,open,none,safe,civil,0,519.039142,1864,preferred,2.0,0,4,1.8072,1
S01483,OKKK,28.769587,48.13565,B767-300ER,wide_body,2986,technical,938,normal,1.0,1250.0,938.0,1611.634307,emergency,OERK,4205,60,asphalt,ILS,1,1,advanced,1,major,1,1,1,1,1,1,1,open,none,safe,civil,0,447.179875,1219,preferred,3.0,0,3,2.0976,4
S01483,OKKK,28.769587,48.13565,B767-300ER,wide_body,2986,technical,938,normal,1.0,1250.0,938.0,1611.634307,emergency,OMDB,4447,60,asphalt,ILS,1,1,advanced,1,major,1,1,1,1,1,1,1,open,none,safe,civil,1,816.412791,1461,preferred,4.0,0,6,1.1489,3
S01483,OKKK,28.769587,48.13565,B767-300ER,wide_body,2986,technical,938,normal,1.0,1250.0,938.0,1611.634307,emergency,OBBI,3956,60,asphalt,ILS,1,1,advanced,1,major,1,1,1,1,1,1,1,open,none,safe,civil,0,371.854945,970,preferred,5.0,0,2,2.5225,7
S01483,OKKK,28.769587,48.13565,B767-300ER,wide_body,2986,technical,938,normal,1.0,1250.0,938.0,1611.634307,emergency,OMAA,4106,60,asphalt,ILS,1,1,advanced,1,major,1,1,1,1,1,1,1,open,none,safe,civil,0,806.595986,1120,preferred,6.0,0,5,1.1629,5
S01483,OKKK,28.769587,48.13565,B767-300ER,wide_body,2986,technical,938,normal,1.0,1250.0,938.0,1611.634307,emergency,OOMS,4080,45,asphalt,ILS,1,1,advanced,1,major,1,1,1,1,1,1,1,open,none,safe,civil,0,1163.774293,1094,extended,7.0,0,7,0.806,6
S01483,OKKK,28.769587,48.13565,B767-300ER,wide_body,2986,technical,938,normal,1.0,1250.0,938.0,1611.634307,emergency,OJAI,3660,61,asphalt,ILS,1,1,advanced,1,major,1,1,1,1,1,1,1,open,none,safe,civil,0,1210.931751,674,extended,8.0,0,8,0.7746,8
S01483,OKKK,28.769587,48.13565,B767-300ER,wide_body,2986,technical,938,normal,1.0,1250.0,938.0,1611.634307,emergency,LCLK,2987,45,asphalt,ILS,1,0,none,1,basic,1,0,1,1,1,1,1,open,none,safe,civil,0,1527.702091,1,extended,9.0,0,9,0.614,10
S01483,OKKK,28.769587,48.13565,B767-300ER,wide_body,2986,technical,938,normal,1.0,1250.0,938.0,1611.634307,emergency,HELX,3000,45,asphalt,RNAV,0,0,none,1,basic,1,0,1,0,0,1,1,open,none,safe,joint,0,1562.783612,14,extended,10.0,0,10,0.6002,9
S01485,EHAM,52.211839,5.105889,B737-800,narrow_body,2273,operational_constraints,537,low,0.9,855.0,537.0,829.941986,emergency,EHAM,3800,60,asphalt,ILS,1,1,advanced,1,major,1,1,1,1,1,1,1,open,none,safe,civil,1,25.642805,1527,preferred,1.0,1,1,20.9415,4
S01485,EHAM,52.211839,5.105889,B737-800,narrow_body,2273,operational_constraints,537,low,0.9,855.0,537.0,829.941986,emergency,EDDF,4000,60,asphalt,ILS,1,1,advanced,1,major,1,1,1,0,1,1,1,open,none,safe,civil,1,342.1324,1727,preferred,2.0,0,2,1.5696,2
S01485,EHAM,52.211839,5.105889,B737-800,narrow_body,2273,operational_constraints,537,low,0.9,855.0,537.0,829.941986,emergency,EGLL,3901,50,asphalt,ILS,1,1,advanced,1,major,1,1,1,1,1,1,1,open,none,safe,civil,1,391.047886,1628,preferred,3.0,0,4,1.3732,3
S01485,EHAM,52.211839,5.105889,B737-800,narrow_body,2273,operational_constraints,537,low,0.9,855.0,537.0,829.941986,emergency,LFPG,4215,45,asphalt,ILS,1,1,advanced,1,major,1,1,1,1,1,1,1,open,none,safe,civil,1,399.012912,1942,preferred,4.0,0,5,1.3458,1
S01485,EHAM,52.211839,5.105889,B737-800,narrow_body,2273,operational_constraints,537,low,0.9,855.0,537.0,829.941986,emergency,EGKK,3317,45,asphalt,ILS,1,1,advanced,1,major,1,1,1,1,1,1,1,open,none,safe,civil,1,383.40613,1044,preferred,5.0,0,3,1.4006,5
S01485,EHAM,52.211839,5.105889,B737-800,narrow_body,2273,operational_constraints,537,low,0.9,855.0,537.0,829.941986,emergency,EGCC,3048,46,asphalt,ILS,1,1,advanced,1,major,1,1,1,1,1,1,1,open,none,safe,civil,1,512.119961,775,preferred,6.0,0,6,1.0486,7
S01485,EHAM,52.211839,5.105889,B737-800,narrow_body,2273,operational_constraints,537,low,0.9,855.0,537.0,829.941986,emergency,EIDW,3110,45,concrete,ILS,1,1,advanced,1,major,1,1,1,1,1,1,1,open,none,safe,civil,0,774.915614,837,extended,7.0,0,7,0.693,6
S01486,EIDW,53.693981,-6.72811,B787-9,wide_body,3006,medical,668,normal,1.0,1400.0,668.0,1227.76351,emergency,EIDW,3110,45,concrete,ILS,1,1,advanced,1,major,1,1,1,1,1,1,1,open,none,safe,civil,0,42.628852,104,preferred,1.0,1,1,15.6701,6
S01486,EIDW,53.693981,-6.72811,B787-9,wide_body,3006,medical,668,normal,1.0,1400.0,668.0,1227.76351,emergency,EGLL,3901,50,asphalt,ILS,1,1,advanced,1,major,1,1,1,1,1,1,1,open,none,safe,civil,1,490.123494,895,preferred,2.0,0,3,1.3629,3
S01486,EIDW,53.693981,-6.72811,B787-9,wide_body,3006,medical,668,normal,1.0,1400.0,668.0,1227.76351,emergency,LFPG,4215,45,asphalt,ILS,1,1,advanced,1,major,1,1,1,1,1,1,1,open,none,safe,civil,1,827.672598,1209,extended,3.0,0,6,0.8071,1
S01486,EIDW,53.693981,-6.72811,B787-9,wide_body,3006,medical,668,normal,1.0,1400.0,668.0,1227.76351,emergency,EGCC,3048,46,asphalt,ILS,1,1,advanced,1,major,1,1,1,1,1,1,1,open,none,safe,civil,1,296.742543,42,preferred,4.0,0,2,2.2511,7
S01486,EIDW,53.693981,-6.72811,B787-9,wide_body,3006,medical,668,normal,1.0,1400.0,668.0,1227.76351,emergency,EGKK,3317,45,asphalt,ILS,1,1,advanced,1,major,1,1,1,1,1,1,1,open,none,safe,civil,1,525.923738,311,preferred,5.0,0,4,1.2701,5
S01486,EIDW,53.693981,-6.72811,B787-9,wide_body,3006,medical,668,normal,1.0,1400.0,668.0,1227.76351,emergency,EDDF,4000,60,asphalt,ILS,1,1,advanced,1,major,1,1,1,0,1,1,1,open,none,safe,civil,1,1123.390816,994,extended,6.0,0,7,0.5946,2
S01486,EIDW,53.693981,-6.72811,B787-9,wide_body,3006,medical,668,normal,1.0,1400.0,668.0,1227.76351,emergency,EHAM,3800,60,asphalt,ILS,1,1,advanced,1,major,1,1,1,1,1,1,1,open,none,safe,civil,1,783.362661,794,extended,7.0,0,5,0.8527,4
S01490,DNKN,13.013413,8.823939,A330-300,wide_body,2857,fuel,738,critical,0.75,975.0,738.0,1355.206103,emergency,DNKN,3200,46,asphalt,RNAV,0,0,none,1,basic,1,0,1,0,0,1,1,open,none,safe,joint,0,112.200424,343,preferred,1.0,1,1,6.5775,4
S01490,DNKN,13.013413,8.823939,A330-300,wide_body,2857,fuel,738,critical,0.75,975.0,738.0,1355.206103,emergency,DNAA,3609,60,asphalt,RNAV,0,0,none,1,basic,1,0,1,1,1,1,1,open,none,safe,joint,0,476.961512,752,preferred,2.0,0,2,1.5473,2
S01490,DNKN,13.013413,8.823939,A330-300,wide_body,2857,fuel,738,critical,0.75,975.0,738.0,1355.206103,emergency,DNMM,3900,60,asphalt,ILS,1,1,advanced,1,major,1,1,1,1,1,1,1,open,none,caution,civil,0,935.574466,1043,extended,3.0,0,3,0.7888,1
S01490,DNKN,13.013413,8.823939,A330-300,wide_body,2857,fuel,738,critical,0.75,975.0,738.0,1355.206103,emergency,DGAA,3403,61,asphalt,RNAV,0,0,none,1,basic,1,0,1,1,1,1,0,open,none,safe,civil,0,1284.65926,546,extended,4.0,0,4,0.5745,3
S01491,OMDB,25.353479,55.261388,E175,regional_jet,1784,security,829,normal,1.0,750.0,750.0,1112.038072,aircraft_fuel,OMDB,4447,60,asphalt,ILS,1,1,advanced,1,major,1,1,1,1,1,1,1,open,none,safe,civil,1,15.947918,2663,preferred,1.0,1,1,47.0281,3
S01491,OMDB,25.353479,55.261388,E175,regional_jet,1784,security,829,normal,1.0,750.0,750.0,1112.038072,aircraft_fuel,OMAA,4106,60,asphalt,ILS,1,1,advanced,1,major,1,1,1,1,1,1,1,open,none,safe,civil,0,118.77486,2322,preferred,2.0,0,2,6.3145,5
S01491,OMDB,25.353479,55.261388,E175,regional_jet,1784,security,829,normal,1.0,750.0,750.0,1112.038072,aircraft_fuel,OOMS,4080,45,asphalt,ILS,1,1,advanced,1,major,1,1,1,1,1,1,1,open,none,safe,civil,0,362.823254,2296,preferred,3.0,0,3,2.0671,6
S01491,OMDB,25.353479,55.261388,E175,regional_jet,1784,security,829,normal,1.0,750.0,750.0,1112.038072,aircraft_fuel,OTHH,4850,60,asphalt,ILS,1,1,advanced,1,major,1,1,1,1,1,1,1,open,none,safe,civil,0,367.324482,3066,preferred,4.0,0,4,2.0418,1
S01491,OMDB,25.353479,55.261388,E175,regional_jet,1784,security,829,normal,1.0,750.0,750.0,1112.038072,aircraft_fuel,OBBI,3956,60,asphalt,ILS,1,1,advanced,1,major,1,1,1,1,1,1,1,open,none,safe,civil,0,473.837965,2172,preferred,5.0,0,5,1.5828,7
S01491,OMDB,25.353479,55.261388,E175,regional_jet,1784,security,829,normal,1.0,750.0,750.0,1112.038072,aircraft_fuel,OKKK,4580,60,asphalt,ILS,1,1,advanced,1,major,1,1,1,1,1,1,1,open,none,safe,civil,0,839.026257,2796,extended,6.0,0,6,0.8939,2
S01491,OMDB,25.353479,55.261388,E175,regional_jet,1784,security,829,normal,1.0,750.0,750.0,1112.038072,aircraft_fuel,OERK,4205,60,asphalt,ILS,1,1,advanced,1,major,1,1,1,1,1,1,1,open,none,safe,civil,0,862.790702,2421,extended,7.0,0,7,0.8693,4
S01492,LCLK,34.605527,33.384887,A320,narrow_body,2361,fuel,898,critical,0.75,712.5,712.5,1267.715164,aircraft_fuel,LCLK,2987,45,asphalt,ILS,1,0,none,1,basic,1,0,1,1,1,1,1,open,none,safe,civil,0,37.141186,626,preferred,1.0,1,1,19.1836,7
S01492,LCLK,34.605527,33.384887,A320,narrow_body,2361,fuel,898,critical,0.75,712.5,712.5,1267.715164,aircraft_fuel,HECA,4000,60,asphalt,ILS,1,1,basic,1,major,1,1,1,1,1,1,1,open,none,safe,civil,0,533.426075,1639,preferred,2.0,0,3,1.3357,2
S01492,LCLK,34.605527,33.384887,A320,narrow_body,2361,fuel,898,critical,0.75,712.5,712.5,1267.715164,aircraft_fuel,OJAI,3660,61,asphalt,ILS,1,1,advanced,1,major,1,1,1,1,1,1,1,open,none,safe,civil,0,402.091031,1299,preferred,3.0,0,2,1.772,5
S01492,LCLK,34.605527,33.384887,A320,narrow_body,2361,fuel,898,critical,0.75,712.5,712.5,1267.715164,aircraft_fuel,LTAC,3750,45,asphalt,ILS,1,1,advanced,1,major,1,1,1,1,1,1,1,open,none,safe,joint,0,615.045561,1389,preferred,4.0,0,4,1.1585,4
S01492,LCLK,34.605527,33.384887,A320,narrow_body,2361,fuel,898,critical,0.75,712.5,712.5,1267.715164,aircraft_fuel,LTFM,4100,60,asphalt,ILS,1,1,advanced,1,major,1,1,1,1,1,1,0,open,none,safe,civil,0,846.097447,1739,extended,5.0,0,5,0.8421,1
S01492,LCLK,34.605527,33.384887,A320,narrow_body,2361,fuel,898,critical,0.75,712.5,712.5,1267.715164,aircraft_fuel,LGAV,4000,45,asphalt,ILS,1,1,advanced,1,major,1,1,1,1,1,1,1,open,none,safe,civil,0,923.21952,1639,extended,6.0,0,6,0.7718,2
S01492,LCLK,34.605527,33.384887,A320,narrow_body,2361,fuel,898,critical,0.75,712.5,712.5,1267.715164,aircraft_fuel,HELX,3000,45,asphalt,RNAV,0,0,none,1,basic,1,0,1,0,0,1,1,open,none,safe,joint,0,995.604252,639,extended,7.0,0,7,0.7156,6
S01493,EGLL,52.082833,-0.920633,A319,narrow_body,2112,medical,620,critical,0.75,675.0,620.0,957.012603,emergency,EGLL,3901,50,asphalt,ILS,1,1,advanced,1,major,1,1,1,1,1,1,1,open,none,safe,civil,1,75.079531,1789,preferred,1.0,1,1,8.2579,3
S01493,EGLL,52.082833,-0.920633,A319,narrow_body,2112,medical,620,critical,0.75,675.0,620.0,957.012603,emergency,EGKK,3317,45,asphalt,ILS,1,1,advanced,1,major,1,1,1,1,1,1,1,open,none,safe,civil,1,115.59572,1205,preferred,2.0,0,2,5.3635,5
S01493,EGLL,52.082833,-0.920633,A319,narrow_body,2112,medical,620,critical,0.75,675.0,620.0,957.012603,emergency,EHAM,3800,60,asphalt,ILS,1,1,advanced,1,major,1,1,1,1,1,1,1,open,none,safe,civil,1,388.161751,1688,preferred,3.0,0,4,1.5973,4
S01493,EGLL,52.082833,-0.920633,A319,narrow_body,2112,medical,620,critical,0.75,675.0,620.0,957.012603,emergency,LFPG,4215,45,asphalt,ILS,1,1,advanced,1,major,1,1,1,1,1,1,1,open,none,safe,civil,1,420.737307,2103,preferred,4.0,0,6,1.4736,1
S01493,EGLL,52.082833,-0.920633,A319,narrow_body,2112,medical,620,critical,0.75,675.0,620.0,957.012603,emergency,EGCC,3048,46,asphalt,ILS,1,1,advanced,1,major,1,1,1,1,1,1,1,open,none,safe,civil,1,168.195411,936,preferred,5.0,0,3,3.6862,7
S01493,EGLL,52.082833,-0.920633,A319,narrow_body,2112,medical,620,critical,0.75,675.0,620.0,957.012603,emergency,EIDW,3110,45,concrete,ILS,1,1,advanced,1,major,1,1,1,1,1,1,1,open,none,safe,civil,0,389.249643,998,preferred,6.0,0,5,1.5928,6
S01493,EGLL,52.082833,-0.920633,A319,narrow_body,2112,medical,620,critical,0.75,675.0,620.0,957.012603,emergency,EDDF,4000,60,asphalt,ILS,1,1,advanced,1,major,1,1,1,0,1,1,1,open,none,safe,civil,1,700.248853,1888,extended,7.0,0,7,0.8854,2
S01500,OMDB,25.390936,55.381141,A220-300,narrow_body,2076,fuel,637,low,0.9,855.0,637.0,1014.629691,emergency,OMDB,4447,60,asphalt,ILS,1,1,advanced,1,major,1,1,1,1,1,1,1,open,none,safe,civil,1,15.727836,2371,preferred,1.0,1,1,40.5014,3
S01500,OMDB,25.390936,55.381141,A220-300,narrow_body,2076,fuel,637,low,0.9,855.0,637.0,1014.629691,emergency,OMAA,4106,60,asphalt,ILS,1,1,advanced,1,major,1,1,1,1,1,1,1,open,none,safe,civil,0,128.863052,2030,preferred,2.0,0,2,4.9432,5
S01500,OMDB,25.390936,55.381141,A220-300,narrow_body,2076,fuel,637,low,0.9,855.0,637.0,1014.629691,emergency,OOMS,4080,45,asphalt,ILS,1,1,advanced,1,major,1,1,1,1,1,1,1,open,none,safe,civil,0,354.946068,2004,preferred,3.0,0,3,1.7946,6
S01500,OMDB,25.390936,55.381141,A220-300,narrow_body,2076,fuel,637,low,0.9,855.0,637.0,1014.629691,emergency,OTHH,4850,60,asphalt,ILS,1,1,advanced,1,major,1,1,1,1,1,1,1,open,none,safe,civil,0,379.419579,2774,preferred,4.0,0,4,1.6789,1
S01500,OMDB,25.390936,55.381141,A220-300,narrow_body,2076,fuel,637,low,0.9,855.0,637.0,1014.629691,emergency,OBBI,3956,60,asphalt,ILS,1,1,advanced,1,major,1,1,1,1,1,1,1,open,none,safe,civil,0,484.623928,1880,preferred,5.0,0,5,1.3144,7
S01500,OMDB,25.390936,55.381141,A220-300,narrow_body,2076,fuel,637,low,0.9,855.0,637.0,1014.629691,emergency,OKKK,4580,60,asphalt,ILS,1,1,advanced,1,major,1,1,1,1,1,1,1,open,none,safe,civil,0,846.991683,2504,extended,6.0,0,6,0.7521,2
S01500,OMDB,25.390936,55.381141,A220-300,narrow_body,2076,fuel,637,low,0.9,855.0,637.0,1014.629691,emergency,OERK,4205,60,asphalt,ILS,1,1,advanced,1,major,1,1,1,1,1,1,1,open,none,safe,civil,0,874.906729,2129,extended,7.0,0,7,0.7281,4
S01509,OBBI,26.069322,51.053947,E170,regional_jet,1768,mechanical,1073,normal,1.0,700.0,700.0,1135.644854,aircraft_fuel,OBBI,3956,60,asphalt,ILS,1,1,advanced,1,major,1,1,1,1,1,1,1,open,none,safe,civil,0,47.01813,2188,preferred,1.0,1,1,14.8879,7
S01509,OBBI,26.069322,51.053947,E170,regional_jet,1768,mechanical,1073,normal,1.0,700.0,700.0,1135.644854,aircraft_fuel,OTHH,4850,60,asphalt,ILS,1,1,advanced,1,major,1,1,1,1,1,1,1,open,none,safe,civil,0,104.514263,3082,preferred,2.0,0,2,6.6977,1
S01509,OBBI,26.069322,51.053947,E170,regional_jet,1768,mechanical,1073,normal,1.0,700.0,700.0,1135.644854,aircraft_fuel,OMAA,4106,60,asphalt,ILS,1,1,advanced,1,major,1,1,1,1,1,1,1,open,none,safe,civil,0,404.3414,2338,preferred,3.0,0,3,1.7312,5
S01509,OBBI,26.069322,51.053947,E170,regional_jet,1768,mechanical,1073,normal,1.0,700.0,700.0,1135.644854,aircraft_fuel,OMDB,4447,60,asphalt,ILS,1,1,advanced,1,major,1,1,1,1,1,1,1,open,none,safe,civil,1,442.161001,2679,preferred,4.0,0,4,1.5831,3
S01509,OBBI,26.069322,51.053947,E170,regional_jet,1768,mechanical,1073,normal,1.0,700.0,700.0,1135.644854,aircraft_fuel,OERK,4205,60,asphalt,ILS,1,1,advanced,1,major,1,1,1,1,1,1,1,open,none,safe,civil,0,454.162625,2437,preferred,5.0,0,5,1.5413,4
S01509,OBBI,26.069322,51.053947,E170,regional_jet,1768,mechanical,1073,normal,1.0,700.0,700.0,1135.644854,aircraft_fuel,OKKK,4580,60,asphalt,ILS,1,1,advanced,1,major,1,1,1,1,1,1,1,open,none,safe,civil,0,464.031527,2812,preferred,6.0,0,6,1.5085,2
S01509,OBBI,26.069322,51.053947,E170,regional_jet,1768,mechanical,1073,normal,1.0,700.0,700.0,1135.644854,aircraft_fuel,OOMS,4080,45,asphalt,ILS,1,1,advanced,1,major,1,1,1,1,1,1,1,open,none,safe,civil,0,779.499376,2312,extended,7.0,0,7,0.898,6
S01512,ULLI,59.245765,29.594137,B787-9,wide_body,2878,weather,567,normal,1.0,1400.0,567.0,998.953221,emergency,ULLI,3780,60,concrete,ILS,1,1,advanced,1,major,1,1,1,1,1,1,1,open,none,caution,civil,0,72.269344,902,preferred,1.0,1,1,7.8457,1
S01512,ULLI,59.245765,29.594137,B787-9,wide_body,2878,weather,567,normal,1.0,1400.0,567.0,998.953221,emergency,EFHK,3440,60,asphalt,ILS,1,1,advanced,1,major,1,1,1,1,1,1,1,open,none,safe,civil,0,285.200559,562,preferred,2.0,0,2,1.9881,3
S01512,ULLI,59.245765,29.594137,B787-9,wide_body,2878,weather,567,normal,1.0,1400.0,567.0,998.953221,emergency,ESSA,3301,45,asphalt,ILS,1,1,advanced,1,major,1,1,1,1,1,1,1,open,none,safe,civil,0,660.03348,423,extended,3.0,0,4,0.859,4
S01512,ULLI,59.245765,29.594137,B787-9,wide_body,2878,weather,567,normal,1.0,1400.0,567.0,998.953221,emergency,UUEE,3700,60,concrete,ILS,1,1,advanced,1,major,1,1,1,1,1,1,1,open,none,caution,civil,0,590.062698,822,extended,4.0,0,3,0.9609,2
S01516,EGKK,49.991555,-0.843024,E170,regional_jet,1681,mechanical,1071,normal,1.0,700.0,700.0,1157.034955,aircraft_fuel,EGKK,3317,45,asphalt,ILS,1,1,advanced,1,major,1,1,1,1,1,1,1,open,none,safe,civil,1,136.789137,1636,preferred,1.0,1,1,5.1174,6
S01516,EGKK,49.991555,-0.843024,E170,regional_jet,1681,mechanical,1071,normal,1.0,700.0,700.0,1157.034955,aircraft_fuel,EGLL,3901,50,asphalt,ILS,1,1,advanced,1,major,1,1,1,1,1,1,1,open,none,safe,civil,1,166.673681,2220,preferred,2.0,0,2,4.1998,4
S01516,EGKK,49.991555,-0.843024,E170,regional_jet,1681,mechanical,1071,normal,1.0,700.0,700.0,1157.034955,aircraft_fuel,LFPG,4215,45,asphalt,ILS,1,1,advanced,1,major,1,1,1,1,1,1,1,open,none,safe,civil,1,268.521807,2534,preferred,3.0,0,3,2.6069,2
S01516,EGKK,49.991555,-0.843024,E170,regional_jet,1681,mechanical,1071,normal,1.0,700.0,700.0,1157.034955,aircraft_fuel,EHAM,3800,60,asphalt,ILS,1,1,advanced,1,major,1,1,1,1,1,1,1,open,none,safe,civil,1,468.120919,2119,preferred,4.0,0,5,1.4953,5
S01516,EGKK,49.991555,-0.843024,E170,regional_jet,1681,mechanical,1071,normal,1.0,700.0,700.0,1157.034955,aircraft_fuel,EGCC,3048,46,asphalt,ILS,1,1,advanced,1,major,1,1,1,1,1,1,1,open,none,safe,civil,1,386.657058,1367,preferred,5.0,0,4,1.8104,8
S01516,EGKK,49.991555,-0.843024,E170,regional_jet,1681,mechanical,1071,normal,1.0,700.0,700.0,1157.034955,aircraft_fuel,EIDW,3110,45,concrete,ILS,1,1,advanced,1,major,1,1,1,1,1,1,1,open,none,safe,civil,0,534.021036,1429,preferred,6.0,0,6,1.3108,7
S01516,EGKK,49.991555,-0.843024,E170,regional_jet,1681,mechanical,1071,normal,1.0,700.0,700.0,1157.034955,aircraft_fuel,EDDF,4000,60,asphalt,ILS,1,1,advanced,1,major,1,1,1,0,1,1,1,open,none,safe,civil,1,671.401482,2319,preferred,7.0,0,7,1.0426,3
S01516,EGKK,49.991555,-0.843024,E170,regional_jet,1681,mechanical,1071,normal,1.0,700.0,700.0,1157.034955,aircraft_fuel,LEMD,4350,60,asphalt,ILS,1,1,advanced,1,major,1,1,1,1,1,1,1,open,none,safe,civil,1,1077.346016,2669,extended,8.0,0,8,0.6497,1
S01518,LCLK,35.142825,33.891432,B777-300ER,wide_body,3105,security,1045,normal,1.0,1500.0,1045.0,2023.924879,emergency,HECA,4000,60,asphalt,ILS,1,1,basic,1,major,1,1,1,1,1,1,1,open,none,safe,civil,0,606.209337,895,preferred,1.0,1,3,1.7238,5
S01518,LCLK,35.142825,33.891432,B777-300ER,wide_body,3105,security,1045,normal,1.0,1500.0,1045.0,2023.924879,emergency,LTFM,4100,60,asphalt,ILS,1,1,advanced,1,major,1,1,1,1,1,1,0,open,none,safe,civil,0,817.018755,995,preferred,2.0,0,4,1.279,4
S01518,LCLK,35.142825,33.891432,B777-300ER,wide_body,3105,security,1045,normal,1.0,1500.0,1045.0,2023.924879,emergency,OJAI,3660,61,asphalt,ILS,1,1,advanced,1,major,1,1,1,1,1,1,1,open,none,safe,civil,0,427.373673,555,preferred,3.0,0,1,2.4452,10
S01518,LCLK,35.142825,33.891432,B777-300ER,wide_body,3105,security,1045,normal,1.0,1500.0,1045.0,2023.924879,emergency,LGAV,4000,45,asphalt,ILS,1,1,advanced,1,major,1,1,1,1,1,1,1,open,none,safe,civil,0,940.782304,895,preferred,4.0,0,5,1.1108,5
S01518,LCLK,35.142825,33.891432,B777-300ER,wide_body,3105,security,1045,normal,1.0,1500.0,1045.0,2023.924879,emergency,OKKK,4580,60,asphalt,ILS,1,1,advanced,1,major,1,1,1,1,1,1,1,open,none,safe,civil,0,1477.336488,1475,extended,5.0,0,6,0.7074,2
S01518,LCLK,35.142825,33.891432,B777-300ER,wide_body,3105,security,1045,normal,1.0,1500.0,1045.0,2023.924879,emergency,OTHH,4850,60,asphalt,ILS,1,1,advanced,1,major,1,1,1,1,1,1,1,open,none,safe,civil,0,2020.520092,1745,extended,6.0,0,10,0.5172,1
S01518,LCLK,35.142825,33.891432,B777-300ER,wide_body,3105,security,1045,normal,1.0,1500.0,1045.0,2023.924879,emergency,LTAC,3750,45,asphalt,ILS,1,1,advanced,1,major,1,1,1,1,1,1,1,open,none,safe,joint,0,559.918391,645,preferred,7.0,0,2,1.8663,9
S01518,LCLK,35.142825,33.891432,B777-300ER,wide_body,3105,security,1045,normal,1.0,1500.0,1045.0,2023.924879,emergency,OERK,4205,60,asphalt,ILS,1,1,advanced,1,major,1,1,1,1,1,1,1,open,none,safe,civil,0,1671.096784,1100,extended,8.0,0,7,0.6253,3
S01518,LCLK,35.142825,33.891432,B777-300ER,wide_body,3105,security,1045,normal,1.0,1500.0,1045.0,2023.924879,emergency,OBBI,3956,60,asphalt,ILS,1,1,advanced,1,major,1,1,1,1,1,1,1,open,none,safe,civil,0,1876.691551,851,extended,9.0,0,8,0.5568,7
S01518,LCLK,35.142825,33.891432,B777-300ER,wide_body,3105,security,1045,normal,1.0,1500.0,1045.0,2023.924879,emergency,LIRF,3902,60,asphalt,ILS,1,1,basic,1,major,1,1,1,1,1,1,1,open,none,safe,civil,1,2017.266845,797,extended,10.0,0,9,0.518,8
S01520,LFPG,48.676843,2.820214,A321,narrow_body,2305,technical,649,normal,1.0,1000.0,649.0,1069.484717,emergency,LFPG,4215,45,asphalt,ILS,1,1,advanced,1,major,1,1,1,1,1,1,1,open,none,safe,civil,1,41.749235,1910,preferred,1.0,1,1,15.5452,2
S01520,LFPG,48.676843,2.820214,A321,narrow_body,2305,technical,649,normal,1.0,1000.0,649.0,1069.484717,emergency,EGLL,3901,50,asphalt,ILS,1,1,advanced,1,major,1,1,1,1,1,1,1,open,none,safe,civil,1,388.901843,1596,preferred,2.0,0,3,1.6688,5
S01520,LFPG,48.676843,2.820214,A321,narrow_body,2305,technical,649,normal,1.0,1000.0,649.0,1069.484717,emergency,EHAM,3800,60,asphalt,ILS,1,1,advanced,1,major,1,1,1,1,1,1,1,open,none,safe,civil,1,426.556699,1495,preferred,3.0,0,4,1.5215,6
S01520,LFPG,48.676843,2.820214,A321,narrow_body,2305,technical,649,normal,1.0,1000.0,649.0,1069.484717,emergency,EDDF,4000,60,asphalt,ILS,1,1,advanced,1,major,1,1,1,0,1,1,1,open,none,safe,civil,1,441.76727,1695,preferred,4.0,0,5,1.4691,3
S01520,LFPG,48.676843,2.820214,A321,narrow_body,2305,technical,649,normal,1.0,1000.0,649.0,1069.484717,emergency,EGKK,3317,45,asphalt,ILS,1,1,advanced,1,major,1,1,1,1,1,1,1,open,none,safe,civil,1,349.04674,1012,preferred,5.0,0,2,1.8593,7
S01520,LFPG,48.676843,2.820214,A321,narrow_body,2305,technical,649,normal,1.0,1000.0,649.0,1069.484717,emergency,EGCC,3048,46,asphalt,ILS,1,1,advanced,1,major,1,1,1,1,1,1,1,open,none,safe,civil,1,630.116091,743,preferred,6.0,0,6,1.03,9
S01520,LFPG,48.676843,2.820214,A321,narrow_body,2305,technical,649,normal,1.0,1000.0,649.0,1069.484717,emergency,LEMD,4350,60,asphalt,ILS,1,1,advanced,1,major,1,1,1,1,1,1,1,open,none,safe,civil,1,1040.416142,2045,extended,7.0,0,8,0.6238,1
S01520,LFPG,48.676843,2.820214,A321,narrow_body,2305,technical,649,normal,1.0,1000.0,649.0,1069.484717,emergency,LIRF,3902,60,asphalt,ILS,1,1,basic,1,major,1,1,1,1,1,1,1,open,none,safe,civil,1,1061.137714,1597,extended,8.0,0,9,0.6116,4
S01520,LFPG,48.676843,2.820214,A321,narrow_body,2305,technical,649,normal,1.0,1000.0,649.0,1069.484717,emergency,EIDW,3110,45,concrete,ILS,1,1,advanced,1,major,1,1,1,1,1,1,1,open,none,safe,civil,0,824.863976,805,extended,9.0,0,7,0.7868,8
S01525,CYYZ,43.446077,-78.754423,A321,narrow_body,2460,weather,969,low,0.9,900.0,900.0,1509.412937,aircraft_fuel,CYYZ,3389,61,asphalt,ILS,1,1,advanced,1,major,1,1,1,1,1,1,1,open,none,safe,civil,1,74.99357,929,preferred,1.0,1,1,12.001,4
S01525,CYYZ,43.446077,-78.754423,A321,narrow_body,2460,weather,969,low,0.9,900.0,900.0,1509.412937,aircraft_fuel,KJFK,4423,61,asphalt,ILS,1,1,advanced,1,major,1,1,1,1,1,1,1,open,none,safe,civil,1,515.769827,1963,preferred,2.0,0,2,1.745,1
S01525,CYYZ,43.446077,-78.754423,A321,narrow_body,2460,weather,969,low,0.9,900.0,900.0,1509.412937,aircraft_fuel,KORD,3962,46,concrete,ILS,1,1,advanced,1,major,1,1,1,1,1,1,1,open,none,safe,civil,0,764.780883,1502,preferred,3.0,0,3,1.1768,2
S01525,CYYZ,43.446077,-78.754423,A321,narrow_body,2460,weather,969,low,0.9,900.0,900.0,1509.412937,aircraft_fuel,KATL,3776,46,concrete,ILS,1,1,advanced,1,major,1,1,1,1,1,1,1,open,none,safe,civil,0,1196.423296,1316,extended,4.0,0,4,0.7522,3
S01529,OTHH,24.737441,51.40464,A220-300,narrow_body,2004,medical,439,normal,1.0,950.0,439.0,749.273817,emergency,OTHH,4850,60,asphalt,ILS,1,1,advanced,1,major,1,1,1,1,1,1,1,open,none,safe,civil,0,62.986582,2846,preferred,1.0,1,1,6.9697,1
S01529,OTHH,24.737441,51.40464,A220-300,narrow_body,2004,medical,439,normal,1.0,950.0,439.0,749.273817,emergency,OBBI,3956,60,asphalt,ILS,1,1,advanced,1,major,1,1,1,1,1,1,1,open,none,safe,civil,0,186.716141,1952,preferred,2.0,0,2,2.3512,7
S01529,OTHH,24.737441,51.40464,A220-300,narrow_body,2004,medical,439,normal,1.0,950.0,439.0,749.273817,emergency,OMAA,4106,60,asphalt,ILS,1,1,advanced,1,major,1,1,1,1,1,1,1,open,none,safe,civil,0,329.709034,2102,preferred,3.0,0,3,1.3315,5
S01529,OTHH,24.737441,51.40464,A220-300,narrow_body,2004,medical,439,normal,1.0,950.0,439.0,749.273817,emergency,OMDB,4447,60,asphalt,ILS,1,1,advanced,1,major,1,1,1,1,1,1,1,open,none,safe,civil,1,403.760172,2443,preferred,4.0,0,4,1.0873,3
S01529,OTHH,24.737441,51.40464,A220-300,narrow_body,2004,medical,439,normal,1.0,950.0,439.0,749.273817,emergency,OERK,4205,60,asphalt,ILS,1,1,advanced,1,major,1,1,1,1,1,1,1,open,none,safe,civil,0,475.433191,2201,extended,5.0,0,5,0.9234,4
S01529,OTHH,24.737441,51.40464,A220-300,narrow_body,2004,medical,439,normal,1.0,950.0,439.0,749.273817,emergency,OKKK,4580,60,asphalt,ILS,1,1,advanced,1,major,1,1,1,1,1,1,1,open,none,safe,civil,0,603.881962,2576,extended,6.0,0,6,0.727,2
S01529,OTHH,24.737441,51.40464,A220-300,narrow_body,2004,medical,439,normal,1.0,950.0,439.0,749.273817,emergency,OOMS,4080,45,asphalt,ILS,1,1,advanced,1,major,1,1,1,1,1,1,1,open,none,safe,civil,0,709.299594,2076,extended,7.0,0,7,0.6189,6
S01530,LCLK,34.962679,33.895509,E190,regional_jet,1933,weather,598,low,0.9,720.0,598.0,916.820757,emergency,LCLK,2987,45,asphalt,ILS,1,0,none,1,basic,1,0,1,1,1,1,1,open,none,safe,civil,0,26.525236,1054,preferred,1.0,1,1,22.5446,5
S01530,LCLK,34.962679,33.895509,E190,regional_jet,1933,weather,598,low,0.9,720.0,598.0,916.820757,emergency,OJAI,3660,61,asphalt,ILS,1,1,advanced,1,major,1,1,1,1,1,1,1,open,none,safe,civil,0,409.569546,1727,preferred,2.0,0,2,1.4601,4
S01530,LCLK,34.962679,33.895509,E190,regional_jet,1933,weather,598,low,0.9,720.0,598.0,916.820757,emergency,HECA,4000,60,asphalt,ILS,1,1,basic,1,major,1,1,1,1,1,1,1,open,none,safe,civil,0,588.023711,2067,preferred,3.0,0,4,1.017,2
S01530,LCLK,34.962679,33.895509,E190,regional_jet,1933,weather,598,low,0.9,720.0,598.0,916.820757,emergency,LTAC,3750,45,asphalt,ILS,1,1,advanced,1,major,1,1,1,1,1,1,1,open,none,safe,joint,0,579.818266,1817,preferred,4.0,0,3,1.0314,3
S01530,LCLK,34.962679,33.895509,E190,regional_jet,1933,weather,598,low,0.9,720.0,598.0,916.820757,emergency,LTFM,4100,60,asphalt,ILS,1,1,advanced,1,major,1,1,1,1,1,1,0,open,none,safe,civil,0,834.283781,2167,extended,5.0,0,5,0.7168,1
S01532,OOMS,22.813302,58.87803,A330-300,wide_body,2908,operational_constraints,527,critical,0.75,975.0,527.0,928.249546,emergency,OOMS,4080,45,asphalt,ILS,1,1,advanced,1,major,1,1,1,1,1,1,1,open,none,safe,civil,0,106.424479,1172,preferred,1.0,1,1,4.9519,4
S01532,OOMS,22.813302,58.87803,A330-300,wide_body,2908,operational_constraints,527,critical,0.75,975.0,527.0,928.249546,emergency,OMDB,4447,60,asphalt,ILS,1,1,advanced,1,major,1,1,1,1,1,1,1,open,none,safe,civil,1,447.454531,1539,preferred,2.0,0,2,1.1778,2
S01532,OOMS,22.813302,58.87803,A330-300,wide_body,2908,operational_constraints,527,critical,0.75,975.0,527.0,928.249546,emergency,OMAA,4106,60,asphalt,ILS,1,1,advanced,1,major,1,1,1,1,1,1,1,open,none,safe,civil,0,467.241739,1198,preferred,3.0,0,3,1.1279,3
S01532,OOMS,22.813302,58.87803,A330-300,wide_body,2908,operational_constraints,527,critical,0.75,975.0,527.0,928.249546,emergency,OTHH,4850,60,asphalt,ILS,1,1,advanced,1,major,1,1,1,1,1,1,1,open,none,safe,civil,0,787.123469,1942,extended,4.0,0,4,0.6695,1
S01532,OOMS,22.813302,58.87803,A330-300,wide_body,2908,operational_constraints,527,critical,0.75,975.0,527.0,928.249546,emergency,OBBI,3956,60,asphalt,ILS,1,1,advanced,1,major,1,1,1,1,1,1,1,open,none,safe,civil,0,917.449994,1048,extended,5.0,0,6,0.5744,5
S01532,OOMS,22.813302,58.87803,A330-300,wide_body,2908,operational_constraints,527,critical,0.75,975.0,527.0,928.249546,emergency,OPKC,3400,46,concrete,RNAV,0,1,basic,1,basic,1,1,1,1,1,1,1,open,none,caution,civil,0,873.66998,492,extended,6.0,0,5,0.6032,6
S01535,GMMN,32.891657,-7.976192,A320,narrow_body,2299,fuel,801,critical,0.75,712.5,712.5,1141.671116,aircraft_fuel,GMMN,3720,45,asphalt,ILS,1,1,advanced,1,major,1,1,1,1,1,1,1,open,none,safe,civil,0,63.976832,1421,preferred,1.0,1,1,11.1368,2
S01535,GMMN,32.891657,-7.976192,A320,narrow_body,2299,fuel,801,critical,0.75,712.5,712.5,1141.671116,aircraft_fuel,LPPT,3707,45,asphalt,ILS,1,1,advanced,1,major,1,1,1,1,1,1,1,open,none,safe,civil,0,663.1715,1408,preferred,2.0,0,2,1.0744,3
S01535,GMMN,32.891657,-7.976192,A320,narrow_body,2299,fuel,801,critical,0.75,712.5,712.5,1141.671116,aircraft_fuel,LEMD,4350,60,asphalt,ILS,1,1,advanced,1,major,1,1,1,1,1,1,1,open,none,safe,civil,1,931.690037,2051,extended,3.0,0,3,0.7647,1
S01535,GMMN,32.891657,-7.976192,A320,narrow_body,2299,fuel,801,critical,0.75,712.5,712.5,1141.671116,aircraft_fuel,DAAG,3500,60,asphalt,RNAV,0,1,basic,1,basic,1,1,1,1,1,1,0,open,none,safe,civil,0,1104.98101,1201,extended,4.0,0,4,0.6448,4
S01537,LTFM,41.325862,29.539475,B767-300ER,wide_body,3096,medical,541,normal,1.0,1250.0,541.0,926.886617,emergency,LTFM,4100,60,asphalt,ILS,1,1,advanced,1,major,1,1,1,1,1,1,0,open,none,safe,civil,0,67.679746,1004,preferred,1.0,1,1,7.9935,1
S01537,LTFM,41.325862,29.539475,B767-300ER,wide_body,3096,medical,541,normal,1.0,1250.0,541.0,926.886617,emergency,LTAC,3750,45,asphalt,ILS,1,1,advanced,1,major,1,1,1,1,1,1,1,open,none,safe,joint,0,320.17326,654,preferred,2.0,0,2,1.6897,3
S01537,LTFM,41.325862,29.539475,B767-300ER,wide_body,3096,medical,541,normal,1.0,1250.0,541.0,926.886617,emergency,LGAV,4000,45,asphalt,ILS,1,1,advanced,1,major,1,1,1,1,1,1,1,open,none,safe,civil,0,609.383815,904,extended,3.0,0,3,0.8878,2
S01543,EGLL,51.198423,0.024303,A321,narrow_body,2453,weather,558,low,0.9,900.0,558.0,869.5883,emergency,EGLL,3901,50,asphalt,ILS,1,1,advanced,1,major,1,1,1,1,1,1,1,open,none,safe,civil,1,45.26044,1448,preferred,1.0,1,2,12.3286,3
S01543,EGLL,51.198423,0.024303,A321,narrow_body,2453,weather,558,low,0.9,900.0,558.0,869.5883,emergency,EGKK,3317,45,asphalt,ILS,1,1,advanced,1,major,1,1,1,1,1,1,1,open,none,safe,civil,1,15.650411,864,preferred,2.0,0,1,35.654,5
S01543,EGLL,51.198423,0.024303,A321,narrow_body,2453,weather,558,low,0.9,900.0,558.0,869.5883,emergency,LFPG,4215,45,asphalt,ILS,1,1,advanced,1,major,1,1,1,1,1,1,1,open,none,safe,civil,1,302.987441,1762,preferred,3.0,0,4,1.8417,1
S01543,EGLL,51.198423,0.024303,A321,narrow_body,2453,weather,558,low,0.9,900.0,558.0,869.5883,emergency,EHAM,3800,60,asphalt,ILS,1,1,advanced,1,major,1,1,1,1,1,1,1,open,none,safe,civil,1,348.740682,1347,preferred,4.0,0,5,1.6,4
S01543,EGLL,51.198423,0.024303,A321,narrow_body,2453,weather,558,low,0.9,900.0,558.0,869.5883,emergency,EGCC,3048,46,asphalt,ILS,1,1,advanced,1,major,1,1,1,1,1,1,1,open,none,safe,civil,1,286.16164,595,preferred,5.0,0,3,1.9499,7
S01543,EGLL,51.198423,0.024303,A321,narrow_body,2453,weather,558,low,0.9,900.0,558.0,869.5883,emergency,EDDF,4000,60,asphalt,ILS,1,1,advanced,1,major,1,1,1,0,1,1,1,open,none,safe,civil,1,615.714987,1547,extended,6.0,0,7,0.9063,2
S01543,EGLL,51.198423,0.024303,A321,narrow_body,2453,weather,558,low,0.9,900.0,558.0,869.5883,emergency,EIDW,3110,45,concrete,ILS,1,1,advanced,1,major,1,1,1,1,1,1,1,open,none,safe,civil,0,493.828196,657,preferred,7.0,0,6,1.1299,6
S01546,DGAA,5.799764,-0.642925,CRJ900,regional_jet,1786,weather,1151,normal,1.0,700.0,700.0,1110.454295,aircraft_fuel,DGAA,3403,61,asphalt,RNAV,0,0,none,1,basic,1,0,1,1,1,1,0,open,none,safe,civil,0,56.951874,1617,preferred,1.0,1,1,12.2911,3
S01546,DGAA,5.799764,-0.642925,CRJ900,regional_jet,1786,weather,1151,normal,1.0,700.0,700.0,1110.454295,aircraft_fuel,DNMM,3900,60,asphalt,ILS,1,1,advanced,1,major,1,1,1,1,1,1,1,open,none,caution,civil,0,446.661997,2114,preferred,2.0,0,2,1.5672,1
S01546,DGAA,5.799764,-0.642925,CRJ900,regional_jet,1786,weather,1151,normal,1.0,700.0,700.0,1110.454295,aircraft_fuel,DNAA,3609,60,asphalt,RNAV,0,0,none,1,basic,1,0,1,1,1,1,1,open,none,safe,joint,0,941.782797,1823,extended,3.0,0,3,0.7433,2
S01551,DNMM,6.159365,3.212363,B737-800,narrow_body,2379,weather,1260,normal,1.0,950.0,950.0,1520.449664,aircraft_fuel,DNMM,3900,60,asphalt,ILS,1,1,advanced,1,major,1,1,1,1,1,1,1,open,none,caution,civil,0,48.009854,1521,preferred,1.0,1,1,19.7876,1
S01551,DNMM,6.159365,3.212363,B737-800,narrow_body,2379,weather,1260,normal,1.0,950.0,950.0,1520.449664,aircraft_fuel,DGAA,3403,61,asphalt,RNAV,0,0,none,1,basic,1,0,1,1,1,1,0,open,none,safe,civil,0,378.809323,1024,preferred,2.0,0,2,2.5079,3
S01551,DNMM,6.159365,3.212363,B737-800,narrow_body,2379,weather,1260,normal,1.0,950.0,950.0,1520.449664,aircraft_fuel,DNAA,3609,60,asphalt,RNAV,0,0,none,1,basic,1,0,1,1,1,1,1,open,none,safe,joint,0,547.31743,1230,preferred,3.0,0,3,1.7357,2
S01551,DNMM,6.159365,3.212363,B737-800,narrow_body,2379,weather,1260,normal,1.0,950.0,950.0,1520.449664,aircraft_fuel,DNKN,3200,46,asphalt,RNAV,0,0,none,1,basic,1,0,1,0,0,1,1,open,none,safe,joint,0,876.667242,821,preferred,4.0,0,4,1.0836,4
